COUNT 252
STATE 01f3666f3a23802f6cadcc4d3d285b6c2d111b3a559a52bd5404358116e2fd02 6003 24 28
LABELS 1 0 0 0 0 0 0 0 0 0 0 0 0 0 0 0 0 1 0 0 0 0 0 0
MASSES 25 31 8 10 30 18 27 11 14 25 23 2 19 21 25 26 31 24 22 6 25 13 1 24
QUERY_IDS 0 1 2 3 7 8 9 10 11 12 13 14 15 16 19 20 21 22 23 24 25 26 27 30 31 32 33 34
RESPONSES 0 0 0 0 0 0 0 0 0 0 0 0 0 0 0 0 0 1 1 1 0 0 0 0 0 0 0 0
RESPONSES 0 0 1 1 1 1 1 1 1 1 1 1 1 1 1 1 1 1 1 1 1 1 1 1 1 1 1 1
RESPONSES 1 1 1 1 1 1 1 1 1 1 1 1 0 0 1 1 1 1 1 1 1 1 1 1 1 1 1 1
RESPONSES 1 1 1 1 1 1 1 1 0 1 1 1 0 1 1 1 1 1 1 1 0 0 1 1 1 1 1 1
RESPONSES 1 1 1 1 1 1 1 1 1 1 1 1 1 1 1 1 1 1 1 1 0 1 1 1 1 1 1 1
RESPONSES 0 0 1 1 1 1 1 1 0 1 1 1 1 1 1 1 1 0 0 0 0 1 1 1 1 1 1 1
RESPONSES 0 0 0 1 1 1 1 1 1 1 1 1 1 1 1 1 1 1 1 1 0 0 1 1 1 1 1 1
RESPONSES 0 1 1 1 1 1 1 1 1 1 1 1 1 1 1 1 1 1 1 1 1 1 1 1 1 1 1 1
RESPONSES 0 1 1 1 1 1 1 1 1 1 1 1 1 1 1 1 1 1 1 1 1 1 1 1 1 1 1 1
RESPONSES 0 1 1 1 1 1 1 1 1 1 1 1 1 1 1 1 1 1 1 1 1 1 1 1 1 1 1 1
RESPONSES 1 1 1 1 1 1 1 1 1 1 1 1 1 1 1 1 1 1 1 1 0 0 1 1 1 1 1 1
RESPONSES 1 1 1 1 1 1 1 1 1 1 1 1 1 1 1 1 1 1 1 1 0 0 1 1 1 1 1 1
RESPONSES 0 0 0 1 1 1 1 1 1 1 1 1 0 0 1 1 1 1 1 1 0 1 1 1 1 1 1 1
RESPONSES 0 1 1 1 1 1 1 1 1 1 1 1 1 1 0 1 1 1 1 1 0 1 1 1 1 1 1 1
RESPONSES 0 0 1 1 1 1 1 1 1 1 1 1 1 1 1 1 1 0 0 0 0 0 1 1 1 1 1 1
RESPONSES 0 0 0 1 1 1 1 1 1 1 1 1 1 1 1 1 1 1 1 1 1 1 1 0 1 1 1 1
RESPONSES 0 0 1 1 1 1 1 1 1 1 1 1 1 1 1 1 1 1 1 1 0 0 1 1 1 1 1 1
RESPONSES 0 0 0 0 0 0 0 1 0 0 1 1 0 1 0 0 1 0 1 1 0 0 0 0 1 1 1 1
RESPONSES 0 1 1 1 0 0 1 1 1 1 1 1 1 1 0 0 1 1 1 1 1 1 1 1 1 1 1 1
RESPONSES 0 0 0 0 1 1 1 1 1 1 1 1 1 1 1 1 1 1 1 1 0 1 1 1 1 1 1 1
RESPONSES 0 0 0 0 1 1 1 1 1 1 1 1 0 1 1 1 1 1 1 1 0 1 1 1 1 1 1 1
RESPONSES 1 1 1 1 1 1 1 1 0 1 1 1 1 1 1 1 1 1 1 1 0 1 1 1 1 1 1 1
RESPONSES 0 0 0 1 1 1 1 1 1 1 1 1 1 1 1 1 1 1 1 1 1 1 1 1 1 1 1 1
RESPONSES 0 1 1 1 1 1 1 1 1 1 1 1 1 1 1 1 1 1 1 1 0 0 1 1 1 1 1 1
COSTS 13 17 12 5 7 11 15 10 4 8 7 11 12 13 5 9 17 17 19 10 19 7 13 10 10 8 16 1
COSTS 13 17 11 4 7 12 15 11 5 6 5 12 9 15 4 9 13 17 19 10 19 11 10 11 8 9 13 4
COSTS 14 17 11 4 7 12 15 11 5 6 5 12 12 13 4 9 13 17 19 10 19 11 10 11 8 9 13 4
COSTS 14 17 11 4 7 12 15 11 4 6 5 12 12 15 4 9 13 17 19 10 19 7 10 11 8 9 13 4
COSTS 14 17 11 4 7 12 15 11 5 6 5 12 9 15 4 9 13 17 19 10 19 11 10 11 8 9 13 4
COSTS 13 17 11 4 7 12 15 11 4 6 5 12 9 15 4 9 13 16 16 9 19 11 10 11 8 9 13 4
COSTS 13 17 12 4 7 12 15 11 5 6 5 12 9 15 4 9 13 17 19 10 19 7 10 11 8 9 13 4
COSTS 13 17 11 4 7 12 15 11 5 6 5 12 9 15 4 9 13 17 19 10 19 11 10 11 8 9 13 4
COSTS 13 17 11 4 7 12 15 11 5 6 5 12 9 15 4 9 13 17 19 10 19 11 10 11 8 9 13 4
COSTS 13 17 11 4 7 12 15 11 5 6 5 12 9 15 4 9 13 17 19 10 19 11 10 11 8 9 13 4
COSTS 14 17 11 4 7 12 15 11 5 6 5 12 9 15 4 9 13 17 19 10 19 7 10 11 8 9 13 4
COSTS 14 17 11 4 7 12 15 11 5 6 5 12 9 15 4 9 13 17 19 10 19 7 10 11 8 9 13 4
COSTS 13 17 12 4 7 12 15 11 5 6 5 12 12 13 4 9 13 17 19 10 19 11 10 11 8 9 13 4
COSTS 13 17 11 4 7 12 15 11 5 6 5 12 9 15 5 9 13 17 19 10 19 11 10 11 8 9 13 4
COSTS 13 17 11 4 7 12 15 11 5 6 5 12 9 15 4 9 13 16 16 9 19 7 10 11 8 9 13 4
COSTS 13 17 12 4 7 12 15 11 5 6 5 12 9 15 4 9 13 17 19 10 19 11 10 10 8 9 13 4
COSTS 13 17 11 4 7 12 15 11 5 6 5 12 9 15 4 9 13 17 19 10 19 7 10 11 8 9 13 4
COSTS 13 17 12 5 7 11 15 11 4 8 5 12 12 15 5 9 13 16 19 10 19 7 13 10 8 9 13 4
COSTS 13 17 11 4 7 11 15 11 5 6 5 12 9 15 5 9 13 17 19 10 19 11 10 11 8 9 13 4
COSTS 13 17 12 5 7 12 15 11 5 6 5 12 9 15 4 9 13 17 19 10 19 11 10 11 8 9 13 4
COSTS 13 17 12 5 7 12 15 11 5 6 5 12 12 15 4 9 13 17 19 10 19 11 10 11 8 9 13 4
COSTS 14 17 11 4 7 12 15 11 4 6 5 12 9 15 4 9 13 17 19 10 19 11 10 11 8 9 13 4
COSTS 13 17 12 4 7 12 15 11 5 6 5 12 9 15 4 9 13 17 19 10 19 11 10 11 8 9 13 4
COSTS 13 17 11 4 7 12 15 11 5 6 5 12 9 15 4 9 13 17 19 10 19 7 10 11 8 9 13 4
END
STATE 032e0675c6d9d72f801292f176416060913e13e405d0991f22177fb3f5dd91e9 6002 24 37
LABELS 0 0 0 0 0 0 0 0 0 0 0 0 0 0 0 0 0 0 0 0 0 0 0 0
MASSES 20 18 30 23 4 5 26 30 26 5 12 4 1 16 27 11 21 3 7 11 19 27 21 6
QUERY_IDS 0 1 2 3 7 8 10 16 18 19 22 24 25 26 27 28 29 30 31 32 33 34 35 36 39 40 41 42 43 51 52 53 54 55 56 57 60
RESPONSES 0 1 1 1 1 0 0 0 0 0 0 0 0 0 0 0 0 0 0 0 0 0 0 0 0 0 0 0 0 0 0 0 0 0 0 0 1
RESPONSES 0 1 1 1 1 0 0 0 0 0 0 0 0 0 0 0 0 0 0 0 0 0 0 0 0 0 0 0 0 0 0 0 0 0 0 0 1
RESPONSES 1 1 1 1 1 0 1 0 0 0 0 0 0 0 0 0 0 0 0 0 0 0 0 0 0 0 0 0 0 0 0 0 0 0 0 0 1
RESPONSES 0 1 1 1 1 0 0 0 0 0 0 0 0 0 0 0 0 0 0 0 0 0 0 0 0 0 0 0 0 0 0 0 0 0 0 0 1
RESPONSES 0 0 0 0 1 0 0 0 0 0 0 0 0 0 0 0 1 0 0 0 0 1 1 0 0 0 0 0 0 0 0 0 0 0 0 0 1
RESPONSES 0 0 0 0 1 0 0 1 0 0 0 0 0 0 0 0 0 0 0 0 0 0 0 0 0 0 0 0 0 0 0 0 0 0 0 0 1
RESPONSES 0 0 0 0 1 0 0 1 0 0 0 0 0 0 0 0 0 0 0 0 0 0 0 0 0 0 0 0 0 0 0 0 0 0 0 0 1
RESPONSES 0 0 0 0 1 0 0 1 0 0 0 0 0 0 0 0 0 0 0 0 0 0 0 0 0 0 0 0 0 0 0 0 0 0 0 0 1
RESPONSES 0 0 1 1 1 0 0 0 0 0 0 0 0 0 0 0 0 0 0 0 0 0 0 0 0 0 0 0 0 0 0 0 0 0 0 0 1
RESPONSES 0 0 1 1 1 0 0 0 0 0 0 0 0 0 0 0 0 0 0 0 0 0 0 0 0 0 0 0 0 0 0 0 0 0 0 0 1
RESPONSES 0 0 1 1 1 0 0 0 0 0 0 0 0 0 0 0 0 0 0 0 0 0 0 0 0 0 0 0 0 0 0 0 0 0 0 0 1
RESPONSES 1 1 1 1 1 0 0 0 0 0 0 0 0 0 0 0 1 0 1 1 1 1 1 1 1 1 1 1 1 0 0 0 0 0 0 0 1
RESPONSES 0 0 0 1 1 0 0 0 0 0 0 0 0 0 0 0 0 0 0 0 0 0 0 0 0 0 0 0 0 0 0 0 0 0 0 0 1
RESPONSES 0 1 1 1 2 0 0 0 0 0 1 1 1 1 1 1 1 1 1 1 1 1 1 1 0 0 1 1 1 1 1 1 1 1 1 1 0
RESPONSES 0 0 0 1 2 0 0 0 0 0 0 0 0 0 0 0 0 0 0 0 0 0 0 0 0 0 0 0 0 0 0 0 0 0 0 0 1
RESPONSES 0 0 1 1 1 0 0 0 0 0 0 0 0 0 0 0 0 0 0 0 0 0 0 0 0 0 0 0 0 0 0 0 0 0 0 0 1
RESPONSES 0 0 1 1 1 0 0 0 0 0 0 0 0 0 0 0 0 0 0 0 0 0 0 0 0 0 0 0 0 0 0 0 0 0 0 0 1
RESPONSES 1 1 1 1 1 0 0 0 0 1 0 0 0 0 0 0 0 0 0 0 0 0 0 0 0 0 0 0 0 0 0 0 0 0 0 0 1
RESPONSES 0 0 0 0 0 0 0 0 0 0 0 0 0 0 0 0 0 0 0 0 0 0 0 0 0 0 0 0 0 0 0 0 0 0 0 0 1
RESPONSES 0 0 1 1 1 0 0 0 1 1 0 0 0 0 0 0 0 0 0 0 0 0 0 0 0 0 0 0 0 0 0 0 0 0 0 0 1
RESPONSES 1 1 1 1 1 0 0 0 0 0 0 0 0 0 0 0 0 0 0 0 0 0 0 0 0 0 0 0 0 0 0 0 0 0 0 0 1
RESPONSES 0 0 0 0 2 1 0 1 0 0 1 0 0 0 0 0 1 1 1 1 1 1 1 1 0 0 1 1 1 0 0 0 0 0 0 0 1
RESPONSES 1 1 1 1 1 0 1 1 0 0 0 0 0 0 0 0 0 0 0 0 0 0 0 0 0 0 0 0 0 0 0 0 0 0 0 0 1
RESPONSES 1 1 1 1 1 0 1 1 0 0 0 0 0 0 0 0 0 0 0 0 0 0 0 0 0 0 0 0 0 0 0 0 0 0 0 0 1
COSTS 10 6 7 6 14 6 18 3 17 11 6 11 12 5 9 4 6 2 9 17 1 11 8 15 13 15 14 16 13 13 15 9 7 8 7 12 5
COSTS 10 6 7 6 14 6 18 3 17 11 6 11 12 5 9 4 6 2 9 17 1 11 8 15 13 15 14 16 13 13 15 9 7 8 7 12 5
COSTS 7 6 7 6 14 6 19 3 17 11 6 11 12 5 9 4 6 2 9 17 1 11 8 15 13 15 14 16 13 13 15 9 7 8 7 12 5
COSTS 10 6 7 6 14 6 18 3 17 11 6 11 12 5 9 4 6 2 9 17 1 11 8 15 13 15 14 16 13 13 15 9 7 8 7 12 5
COSTS 10 8 8 5 14 6 18 3 17 11 6 11 12 5 9 4 5 2 9 17 1 13 8 15 13 15 14 16 13 13 15 9 7 8 7 12 5
COSTS 10 8 8 5 14 6 18 1 17 11 6 11 12 5 9 4 6 2 9 17 1 11 8 15 13 15 14 16 13 13 15 9 7 8 7 12 5
COSTS 10 8 8 5 14 6 18 1 17 11 6 11 12 5 9 4 6 2 9 17 1 11 8 15 13 15 14 16 13 13 15 9 7 8 7 12 5
COSTS 10 8 8 5 14 6 18 1 17 11 6 11 12 5 9 4 6 2 9 17 1 11 8 15 13 15 14 16 13 13 15 9 7 8 7 12 5
COSTS 10 8 7 6 14 6 18 3 17 11 6 11 12 5 9 4 6 2 9 17 1 11 8 15 13 15 14 16 13 13 15 9 7 8 7 12 5
COSTS 10 8 7 6 14 6 18 3 17 11 6 11 12 5 9 4 6 2 9 17 1 11 8 15 13 15 14 16 13 13 15 9 7 8 7 12 5
COSTS 10 8 7 6 14 6 18 3 17 11 6 11 12 5 9 4 6 2 9 17 1 11 8 15 13 15 14 16 13 13 15 9 7 8 7 12 5
COSTS 7 6 7 6 14 6 18 3 17 11 6 11 12 5 9 4 5 2 9 13 3 13 8 13 13 12 11 18 11 13 15 9 7 8 7 12 5
COSTS 10 8 8 6 14 6 18 3 17 11 6 11 12 5 9 4 6 2 9 17 1 11 8 15 13 15 14 16 13 13 15 9 7 8 7 12 5
COSTS 10 6 7 6 16 6 18 3 17 11 2 12 16 8 12 3 5 3 9 13 3 13 8 13 13 15 11 18 11 14 16 6 9 5 7 10 3
COSTS 10 8 8 6 16 6 18 3 17 11 6 11 12 5 9 4 6 2 9 17 1 11 8 15 13 15 14 16 13 13 15 9 7 8 7 12 5
COSTS 10 8 7 6 14 6 18 3 17 11 6 11 12 5 9 4 6 2 9 17 1 11 8 15 13 15 14 16 13 13 15 9 7 8 7 12 5
COSTS 10 8 7 6 14 6 18 3 17 11 6 11 12 5 9 4 6 2 9 17 1 11 8 15 13 15 14 16 13 13 15 9 7 8 7 12 5
COSTS 7 6 7 6 14 6 18 3 17 10 6 11 12 5 9 4 6 2 9 17 1 11 8 15 13 15 14 16 13 13 15 9 7 8 7 12 5
COSTS 10 8 8 5 18 6 18 3 17 11 6 11 12 5 9 4 6 2 9 17 1 11 8 15 13 15 14 16 13 13 15 9 7 8 7 12 5
COSTS 10 8 7 6 14 6 18 3 14 10 6 11 12 5 9 4 6 2 9 17 1 11 8 15 13 15 14 16 13 13 15 9 7 8 7 12 5
COSTS 7 6 7 6 14 6 18 3 17 11 6 11 12 5 9 4 6 2 9 17 1 11 8 15 13 15 14 16 13 13 15 9 7 8 7 12 5
COSTS 10 8 8 5 16 5 18 1 17 11 2 11 12 5 9 4 5 3 9 13 3 13 8 13 13 15 11 18 11 13 15 9 7 8 7 12 5
COSTS 7 6 7 6 14 6 19 1 17 11 6 11 12 5 9 4 6 2 9 17 1 11 8 15 13 15 14 16 13 13 15 9 7 8 7 12 5
COSTS 7 6 7 6 14 6 19 1 17 11 6 11 12 5 9 4 6 2 9 17 1 11 8 15 13 15 14 16 13 13 15 9 7 8 7 12 5
END
STATE 04c311072cf583725bc785f735e2c4595b0d398c8899a236ae95806a1bc80ff8 6003 16 13
LABELS 1 1 1 1 1 1 1 1 1 0 1 1 1 1 1 1
MASSES 12 2 26 10 22 3 29 21 24 24 22 13 28 5 17 13
QUERY_IDS 0 1 3 4 5 7 8 9 10 11 12 13 14
RESPONSES 1 1 1 2 1 0 0 0 2 2 1 1 0
RESPONSES 0 2 1 2 1 0 0 1 2 2 1 1 0
RESPONSES 1 2 1 2 1 0 0 1 2 1 1 0 0
RESPONSES 0 1 1 2 1 0 0 1 1 2 1 1 0
RESPONSES 0 1 1 2 1 0 0 1 1 2 1 1 0
RESPONSES 0 1 1 2 1 0 0 0 1 2 1 1 0
RESPONSES 0 1 1 2 1 0 0 0 1 2 1 1 0
RESPONSES 0 1 1 2 1 0 0 0 1 2 1 1 0
RESPONSES 1 2 1 2 1 0 0 1 1 2 1 1 0
RESPONSES 1 2 0 1 0 1 1 0 2 1 0 0 1
RESPONSES 1 1 1 2 1 0 0 1 1 0 1 1 0
RESPONSES 0 2 1 0 1 0 0 1 1 2 1 1 0
RESPONSES 0 2 1 2 1 0 0 0 1 0 1 1 0
RESPONSES 0 2 1 2 0 0 0 0 0 0 1 1 0
RESPONSES 0 1 1 2 0 0 0 1 1 2 1 1 0
RESPONSES 0 0 1 2 1 0 0 1 1 2 1 1 0
COSTS 4 3 15 15 12 17 14 12 6 11 8 6 4
COSTS 4 3 15 15 12 17 14 13 6 11 8 6 4
COSTS 4 3 15 15 12 17 14 13 6 9 8 6 4
COSTS 4 3 15 15 12 17 14 13 3 11 8 6 4
COSTS 4 3 15 15 12 17 14 13 3 11 8 6 4
COSTS 4 3 15 15 12 17 14 12 3 11 8 6 4
COSTS 4 3 15 15 12 17 14 12 3 11 8 6 4
COSTS 4 3 15 15 12 17 14 12 3 11 8 6 4
COSTS 4 3 15 15 12 17 14 13 3 11 8 6 4
COSTS 4 3 13 12 14 17 16 12 6 9 6 6 5
COSTS 4 3 15 15 12 17 14 13 3 11 8 6 4
COSTS 4 3 15 15 12 17 14 13 3 11 8 6 4
COSTS 4 3 15 15 12 17 14 12 3 11 8 6 4
COSTS 4 3 15 15 14 17 14 12 3 11 8 6 4
COSTS 4 3 15 15 14 17 14 13 3 11 8 6 4
COSTS 4 3 15 15 12 17 14 13 3 11 8 6 4
END
STATE 05d73254103c1d4b83d117894874ec0a5fd5f1b67bb2bb847db3276106966eb3 6001 24 28
LABELS 1 0 0 0 1 0 0 0 0 0 0 0 0 0 0 1 0 0 0 1 0 0 0 0
MASSES 12 31 22 21 25 7 10 17 24 28 25 20 3 8 22 26 12 18 4 14 23 14 27 3
QUERY_IDS 1 2 3 4 6 7 8 9 10 11 12 13 14 15 16 17 19 22 23 24 27 28 29 30 31 32 33 34
RESPONSES 0 1 1 1 1 0 0 0 1 0 0 0 1 0 0 0 0 0 0 0 0 1 1 0 0 1 1 1
RESPONSES 1 1 1 1 1 1 1 1 1 1 1 1 1 1 1 1 1 1 1 1 1 1 1 1 1 1 1 1
RESPONSES 1 1 1 1 1 1 1 1 1 1 1 1 1 1 1 1 1 1 1 1 1 1 1 1 1 1 1 1
RESPONSES 1 1 1 1 1 1 1 1 1 1 1 1 1 1 1 1 1 1 1 1 1 1 1 1 1 1 1 1
RESPONSES 0 0 0 0 0 0 0 0 1 0 0 0 1 0 0 0 0 0 1 1 0 0 0 0 0 0 1 1
RESPONSES 0 0 1 1 1 1 1 1 1 1 1 1 1 1 1 1 1 1 1 1 1 1 1 1 1 1 1 1
RESPONSES 0 0 1 1 1 1 1 1 1 1 1 1 1 1 1 1 1 1 1 1 1 1 1 1 1 1 1 1
RESPONSES 0 0 1 1 1 1 1 1 1 1 1 1 1 1 1 1 1 1 1 1 1 1 1 1 1 1 1 1
RESPONSES 0 0 0 0 1 1 1 1 1 0 1 1 1 0 0 1 1 1 1 1 1 1 1 1 1 1 1 1
RESPONSES 0 0 0 1 1 1 1 1 1 1 1 1 1 1 1 1 1 1 1 1 1 1 1 1 1 1 1 1
RESPONSES 0 0 0 1 1 1 1 1 1 1 1 1 1 1 1 1 1 1 1 1 1 1 1 1 1 1 1 1
RESPONSES 1 1 1 1 1 1 1 1 1 1 1 1 1 1 1 1 1 1 1 1 1 1 1 1 1 1 1 1
RESPONSES 1 1 1 1 1 1 1 1 1 1 1 1 1 1 1 1 1 1 1 1 1 1 1 1 1 1 1 1
RESPONSES 1 1 1 1 1 1 1 1 1 0 1 1 1 1 1 1 1 0 0 0 1 1 1 1 1 1 1 1
RESPONSES 1 1 1 1 1 1 1 1 1 0 1 1 1 1 1 1 1 1 1 1 1 1 1 1 1 1 1 1
RESPONSES 0 0 0 0 1 0 0 0 0 0 0 0 0 0 0 0 0 0 1 1 0 0 1 0 1 1 0 0
RESPONSES 0 1 1 1 1 1 1 1 1 1 1 1 1 1 1 1 1 1 1 1 1 1 1 1 1 1 1 1
RESPONSES 0 1 1 1 1 1 1 1 1 1 1 1 1 1 1 1 1 1 1 1 1 1 1 1 1 1 1 1
RESPONSES 0 0 0 0 1 1 1 1 1 1 1 1 1 1 1 1 1 1 1 1 1 1 1 1 1 1 1 1
RESPONSES 0 0 0 0 0 1 1 1 1 1 1 1 1 1 1 1 1 0 1 1 0 1 1 0 0 1 1 1
RESPONSES 0 0 1 1 1 0 0 1 1 1 1 1 1 1 1 1 1 1 1 1 0 1 1 0 0 1 1 1
RESPONSES 1 1 1 1 1 1 1 1 1 1 1 1 1 1 1 1 1 1 1 1 1 1 1 1 1 1 1 1
RESPONSES 1 1 1 1 1 1 1 1 1 0 1 1 1 1 1 1 1 1 1 1 1 1 1 1 1 1 1 1
RESPONSES 1 1 1 1 1 1 1 1 1 1 1 1 1 1 1 1 1 1 1 1 1 1 1 1 1 1 1 1
COSTS 8 6 9 11 12 6 13 15 4 8 7 2 18 14 10 3 14 14 13 14 12 10 12 6 10 14 14 6
COSTS 6 6 9 11 12 7 15 17 4 7 8 2 18 14 9 4 13 14 10 15 8 10 12 9 14 14 14 6
COSTS 6 6 9 11 12 7 15 17 4 7 8 2 18 14 9 4 13 14 10 15 8 10 12 9 14 14 14 6
COSTS 6 6 9 11 12 7 15 17 4 7 8 2 18 14 9 4 13 14 10 15 8 10 12 9 14 14 14 6
COSTS 8 7 5 10 11 6 13 15 4 8 7 2 18 14 10 3 14 14 10 15 12 7 12 6 10 15 14 6
COSTS 8 7 9 11 12 7 15 17 4 7 8 2 18 14 9 4 13 14 10 15 8 10 12 9 14 14 14 6
COSTS 8 7 9 11 12 7 15 17 4 7 8 2 18 14 9 4 13 14 10 15 8 10 12 9 14 14 14 6
COSTS 8 7 9 11 12 7 15 17 4 7 8 2 18 14 9 4 13 14 10 15 8 10 12 9 14 14 14 6
COSTS 8 7 5 10 12 7 15 17 4 8 8 2 18 14 10 4 13 14 10 15 8 10 12 9 14 14 14 6
COSTS 8 7 5 11 12 7 15 17 4 7 8 2 18 14 9 4 13 14 10 15 8 10 12 9 14 14 14 6
COSTS 8 7 5 11 12 7 15 17 4 7 8 2 18 14 9 4 13 14 10 15 8 10 12 9 14 14 14 6
COSTS 6 6 9 11 12 7 15 17 4 7 8 2 18 14 9 4 13 14 10 15 8 10 12 9 14 14 14 6
COSTS 6 6 9 11 12 7 15 17 4 7 8 2 18 14 9 4 13 14 10 15 8 10 12 9 14 14 14 6
COSTS 6 6 9 11 12 7 15 17 4 8 8 2 18 14 9 4 13 14 13 14 8 10 12 9 14 14 14 6
COSTS 6 6 9 11 12 7 15 17 4 8 8 2 18 14 9 4 13 14 10 15 8 10 12 9 14 14 14 6
COSTS 8 7 5 10 12 6 13 15 6 8 7 2 19 14 10 3 14 14 10 15 12 7 12 6 14 14 14 9
COSTS 8 6 9 11 12 7 15 17 4 7 8 2 18 14 9 4 13 14 10 15 8 10 12 9 14 14 14 6
COSTS 8 6 9 11 12 7 15 17 4 7 8 2 18 14 9 4 13 14 10 15 8 10 12 9 14 14 14 6
COSTS 8 7 5 10 12 7 15 17 4 7 8 2 18 14 9 4 13 14 10 15 8 10 12 9 14 14 14 6
COSTS 8 7 5 10 11 7 15 17 4 7 8 2 18 14 9 4 13 14 10 15 12 10 12 6 10 14 14 6
COSTS 8 7 9 11 12 6 13 17 4 7 8 2 18 14 9 4 13 14 10 15 12 10 12 6 10 14 14 6
COSTS 6 6 9 11 12 7 15 17 4 7 8 2 18 14 9 4 13 14 10 15 8 10 12 9 14 14 14 6
COSTS 6 6 9 11 12 7 15 17 4 8 8 2 18 14 9 4 13 14 10 15 8 10 12 9 14 14 14 6
COSTS 6 6 9 11 12 7 15 17 4 7 8 2 18 14 9 4 13 14 10 15 8 10 12 9 14 14 14 6
END
STATE 060d0b1202932bd339b613415da97dcfba6d303b44d723e2f4dab2150e57aaa1 6001 24 32
LABELS 2 0 1 1 3 1 1 3 4 2 1 3 2 3 1 3 1 1 1 3 2 1 0 3
MASSES 7 21 3 13 20 3 12 15 26 30 27 10 7 25 24 9 4 11 9 24 24 5 23 3
QUERY_IDS 0 2 3 4 6 11 16 17 20 21 22 23 24 25 26 27 28 30 31 32 33 34 44 45 46 51 56 57 61 62 67 77
RESPONSES 0 0 0 0 0 1 0 0 0 1 1 0 0 0 0 1 1 0 0 0 0 1 0 0 0 1 1 1 1 1 1 0
RESPONSES 1 0 0 0 1 1 0 0 1 1 1 0 0 0 0 0 0 0 0 0 0 0 1 1 1 1 1 1 1 1 0 0
RESPONSES 1 0 0 0 1 1 0 0 1 1 1 0 0 0 0 0 0 0 0 0 0 0 1 1 1 1 1 1 1 1 1 0
RESPONSES 1 0 0 0 1 0 1 1 1 1 1 0 0 0 0 1 1 0 0 0 0 1 0 0 0 0 1 1 1 1 1 1
RESPONSES 1 0 1 1 1 1 1 1 1 1 1 0 0 0 0 0 0 0 0 0 0 0 0 0 0 0 0 0 1 1 1 1
RESPONSES 0 0 0 0 0 1 0 0 1 1 1 0 0 0 0 0 0 0 0 0 0 0 1 1 1 0 1 1 1 1 0 0
RESPONSES 0 0 0 0 0 0 0 0 1 1 1 0 0 0 0 0 0 0 0 0 0 0 0 0 0 0 1 1 1 1 1 0
RESPONSES 0 0 0 0 0 0 1 1 1 1 1 0 0 0 0 0 0 0 0 0 0 0 0 0 0 1 1 1 1 1 1 0
RESPONSES 1 0 0 0 1 1 0 0 0 0 0 1 1 1 1 1 1 1 1 1 1 1 0 0 0 0 1 1 0 0 1 1
RESPONSES 1 0 0 0 1 1 0 0 0 0 0 0 0 1 1 1 1 1 1 1 1 1 0 0 0 0 1 1 1 1 1 1
RESPONSES 0 0 0 0 0 1 0 0 1 1 1 0 0 0 0 0 0 0 0 0 0 0 1 1 1 0 1 1 1 1 1 0
RESPONSES 1 0 0 0 1 0 1 1 1 1 1 0 0 0 0 1 1 0 0 0 0 0 0 0 0 0 1 1 1 1 0 1
RESPONSES 0 0 0 0 0 1 0 0 1 1 1 0 0 0 1 1 1 0 0 0 0 0 0 0 0 0 1 1 1 1 1 0
RESPONSES 1 0 1 1 1 0 1 1 1 1 1 0 0 0 1 1 1 0 0 0 0 1 0 0 0 0 0 0 1 1 1 1
RESPONSES 1 1 1 1 1 0 1 1 1 1 1 0 0 0 0 0 0 0 0 0 0 0 0 0 0 1 1 1 1 1 0 1
RESPONSES 1 0 0 0 1 1 1 1 1 1 1 0 0 0 0 0 0 0 0 0 0 0 0 0 0 0 1 1 1 1 0 1
RESPONSES 1 0 0 0 1 1 0 0 1 1 1 0 0 0 0 0 0 0 0 0 0 0 1 1 1 1 1 1 1 1 1 0
RESPONSES 0 0 0 0 0 1 0 0 1 1 1 0 0 0 0 0 0 0 0 0 0 0 0 0 0 0 1 1 1 1 1 0
RESPONSES 0 0 0 0 0 1 0 0 1 1 1 0 0 0 0 0 0 0 0 0 0 0 1 1 1 1 1 1 1 1 1 0
RESPONSES 1 0 1 1 1 1 1 1 1 1 1 0 0 0 0 0 0 0 0 0 0 0 0 0 0 0 0 0 1 1 1 1
RESPONSES 1 0 0 0 1 1 0 0 0 0 0 0 0 1 1 1 1 1 1 1 1 1 0 0 0 0 1 1 1 1 1 1
RESPONSES 1 0 0 0 1 1 0 0 1 1 1 0 0 0 0 0 0 0 0 0 0 0 1 1 1 1 1 1 1 1 1 0
RESPONSES 1 0 0 0 1 1 0 0 1 1 1 0 0 0 0 0 0 0 0 0 0 0 1 1 1 0 1 1 1 1 0 0
RESPONSES 0 0 0 0 0 1 1 1 1 1 1 0 0 0 0 0 0 0 0 0 0 0 0 0 0 1 1 1 1 1 1 0
COSTS 5 16 17 7 18 3 16 10 12 12 13 16 18 16 4 12 13 14 5 10 3 2 3 11 5 6 4 7 10 15 11 5
COSTS 4 16 17 7 19 3 16 10 13 12 13 16 18 16 4 9 14 14 5 10 3 1 3 11 4 6 4 7 10 15 9 5
COSTS 4 16 17 7 19 3 16 10 13 12 13 16 18 16 4 9 14 14 5 10 3 1 3 11 4 6 4 7 10 15 11 5
COSTS 4 16 17 7 19 4 16 7 13 12 13 16 18 16 4 12 13 14 5 10 3 2 3 11 5 2 4 7 10 15 11 3
COSTS 4 16 16 6 19 3 16 7 13 12 13 16 18 16 4 9 14 14 5 10 3 1 3 11 5 2 7 7 10 15 11 3
COSTS 5 16 17 7 18 3 16 10 13 12 13 16 18 16 4 9 14 14 5 10 3 1 3 11 4 2 4 7 10 15 9 5
COSTS 5 16 17 7 18 4 16 10 13 12 13 16 18 16 4 9 14 14 5 10 3 1 3 11 5 2 4 7 10 15 11 5
COSTS 5 16 17 7 18 4 16 7 13 12 13 16 18 16 4 9 14 14 5 10 3 1 3 11 5 6 4 7 10 15 11 5
COSTS 4 16 17 7 19 3 16 10 12 11 9 15 18 14 8 12 13 16 6 10 4 2 3 11 5 2 4 7 10 16 11 3
COSTS 4 16 17 7 19 3 16 10 12 11 9 16 18 14 8 12 13 16 6 10 4 2 3 11 5 2 4 7 10 15 11 3
COSTS 5 16 17 7 18 3 16 10 13 12 13 16 18 16 4 9 14 14 5 10 3 1 3 11 4 2 4 7 10 15 11 5
COSTS 4 16 17 7 19 4 16 7 13 12 13 16 18 16 4 12 13 14 5 10 3 1 3 11 5 2 4 7 10 15 9 3
COSTS 5 16 17 7 18 3 16 10 13 12 13 16 18 16 8 12 13 14 5 10 3 1 3 11 5 2 4 7 10 15 11 5
COSTS 4 16 16 6 19 4 16 7 13 12 13 16 18 16 8 12 13 14 5 10 3 2 3 11 5 2 7 7 10 15 11 3
COSTS 4 13 16 6 19 4 16 7 13 12 13 16 18 16 4 9 14 14 5 10 3 1 3 11 5 6 4 7 10 15 9 3
COSTS 4 16 17 7 19 3 16 7 13 12 13 16 18 16 4 9 14 14 5 10 3 1 3 11 5 2 4 7 10 15 9 3
COSTS 4 16 17 7 19 3 16 10 13 12 13 16 18 16 4 9 14 14 5 10 3 1 3 11 4 6 4 7 10 15 11 5
COSTS 5 16 17 7 18 3 16 10 13 12 13 16 18 16 4 9 14 14 5 10 3 1 3 11 5 2 4 7 10 15 11 5
COSTS 5 16 17 7 18 3 16 10 13 12 13 16 18 16 4 9 14 14 5 10 3 1 3 11 4 6 4 7 10 15 11 5
COSTS 4 16 16 6 19 3 16 7 13 12 13 16 18 16 4 9 14 14 5 10 3 1 3 11 5 2 7 7 10 15 11 3
COSTS 4 16 17 7 19 3 16 10 12 11 9 16 18 14 8 12 13 16 6 10 4 2 3 11 5 2 4 7 10 15 11 3
COSTS 4 16 17 7 19 3 16 10 13 12 13 16 18 16 4 9 14 14 5 10 3 1 3 11 4 6 4 7 10 15 11 5
COSTS 4 16 17 7 19 3 16 10 13 12 13 16 18 16 4 9 14 14 5 10 3 1 3 11 4 2 4 7 10 15 9 5
COSTS 5 16 17 7 18 3 16 7 13 12 13 16 18 16 4 9 14 14 5 10 3 1 3 11 5 6 4 7 10 15 11 5
END
STATE 06f0c2e16cf3ad03c56e90db7e5be96572daacd4cb2fe93a9308bba2a930695d 6001 24 32
LABELS 0 3 0 1 5 2 2 0 5 3 2 1 5 4 1 5 2 1 0 1 1 5 0 5
MASSES 26 7 21 6 4 3 14 9 15 11 27 27 4 8 26 4 5 18 23 6 10 3 14 1
QUERY_IDS 1 3 4 5 14 20 21 25 26 28 32 33 36 38 39 41 42 45 48 58 59 60 61 62 63 64 66 68 72 73 74 75
RESPONSES 0 0 0 0 1 1 1 0 0 1 0 0 1 0 0 1 1 1 1 0 1 1 1 1 1 1 0 0 0 0 0 0
RESPONSES 0 0 0 0 1 0 1 0 0 1 0 0 1 0 0 0 0 0 1 0 1 1 1 1 1 1 0 1 0 0 0 0
RESPONSES 0 0 0 0 1 1 1 0 0 0 0 0 1 0 0 0 0 1 1 0 1 1 1 1 1 1 0 0 0 0 0 0
RESPONSES 0 0 0 0 1 1 1 0 0 1 0 0 1 0 0 0 0 0 1 0 1 1 1 1 1 1 1 1 0 1 1 1
RESPONSES 0 0 0 0 1 1 1 0 0 0 0 0 1 0 0 0 0 0 1 1 1 1 1 1 1 1 0 1 0 0 0 0
RESPONSES 0 0 0 0 1 1 1 0 0 0 0 0 0 0 0 0 0 1 1 1 1 1 1 1 1 1 0 1 0 0 0 0
RESPONSES 0 0 0 0 1 1 1 0 0 0 0 0 1 0 0 0 0 1 1 0 1 1 1 1 1 1 0 1 0 0 0 0
RESPONSES 0 1 1 1 1 1 1 1 1 1 0 0 1 0 0 0 0 0 0 0 1 1 1 1 1 1 1 1 0 0 0 0
RESPONSES 0 0 0 0 1 1 1 0 0 0 0 0 0 0 0 0 0 0 1 1 1 1 1 1 1 1 1 1 0 0 0 0
RESPONSES 0 0 0 0 1 0 1 0 0 1 0 0 1 0 0 0 0 0 1 0 1 1 1 1 1 1 0 1 0 0 0 0
RESPONSES 0 0 0 0 1 1 1 0 0 0 0 0 1 0 0 0 0 1 1 1 1 1 1 1 1 1 1 1 0 0 0 0
RESPONSES 0 0 0 0 1 0 1 0 0 1 0 0 0 0 0 0 0 1 1 1 1 1 1 1 1 1 0 1 0 0 0 0
RESPONSES 0 1 1 1 1 1 1 0 0 0 0 0 1 0 0 0 0 0 0 1 1 1 1 1 1 1 1 1 0 0 0 0
RESPONSES 1 1 1 1 0 1 1 0 0 1 0 0 1 1 1 1 1 0 1 0 0 0 0 0 0 0 0 1 0 0 0 0
RESPONSES 0 0 0 0 1 0 0 0 0 0 1 1 1 0 0 1 1 0 1 0 0 0 0 0 0 0 0 1 1 1 1 1
RESPONSES 0 1 1 1 1 1 1 0 0 0 0 0 1 0 0 0 0 0 0 1 1 1 1 1 1 1 0 0 0 0 0 0
RESPONSES 0 0 0 0 1 1 1 0 0 0 0 0 1 0 0 0 0 1 1 0 1 1 1 1 1 1 0 1 0 0 0 0
RESPONSES 0 0 1 1 1 1 1 0 0 0 0 0 0 0 0 1 1 0 1 1 1 1 1 1 1 1 0 1 0 0 0 0
RESPONSES 0 0 0 0 1 1 1 0 0 0 0 0 1 0 0 0 0 1 1 0 1 1 1 1 1 1 0 1 0 0 0 0
RESPONSES 0 0 0 0 1 0 1 0 0 1 0 0 0 0 0 0 0 1 1 1 1 1 1 1 1 1 1 1 0 0 0 0
RESPONSES 0 0 1 1 1 1 1 0 0 0 0 0 0 0 0 1 1 0 1 1 1 1 1 1 1 1 0 1 0 0 0 0
RESPONSES 0 0 0 0 1 1 1 0 0 0 0 0 0 0 0 0 0 0 1 1 1 1 1 1 1 1 1 1 0 0 0 0
RESPONSES 0 1 1 1 1 1 1 0 0 0 0 0 1 0 0 0 0 1 1 0 1 1 1 1 1 1 0 0 0 0 0 0
RESPONSES 0 0 0 0 1 1 1 0 0 0 0 0 0 0 0 0 0 0 0 1 1 1 1 1 1 1 0 0 0 0 0 0
COSTS 12 17 7 12 17 13 12 16 4 13 10 3 15 5 7 10 10 11 8 17 14 5 10 15 5 9 16 14 7 13 3 7
COSTS 12 17 7 12 17 12 12 16 4 13 10 3 15 5 7 10 11 11 8 17 14 5 10 15 5 9 16 16 7 13 3 7
COSTS 12 17 7 12 17 13 12 16 4 14 10 3 15 5 7 10 11 11 8 17 14 5 10 15 5 9 16 14 7 13 3 7
COSTS 12 17 7 12 17 13 12 16 4 13 10 3 15 5 7 10 11 11 8 17 14 5 10 15 5 9 15 16 7 12 1 6
COSTS 12 17 7 12 17 13 12 16 4 14 10 3 15 5 7 10 11 11 8 16 14 5 10 15 5 9 16 16 7 13 3 7
COSTS 12 17 7 12 17 13 12 16 4 14 10 3 13 5 7 10 11 11 8 16 14 5 10 15 5 9 16 16 7 13 3 7
COSTS 12 17 7 12 17 13 12 16 4 14 10 3 15 5 7 10 11 11 8 17 14 5 10 15 5 9 16 16 7 13 3 7
COSTS 12 16 6 13 17 13 12 14 8 13 10 3 15 5 7 10 11 11 8 17 14 5 10 15 5 9 15 16 7 13 3 7
COSTS 12 17 7 12 17 13 12 16 4 14 10 3 13 5 7 10 11 11 8 16 14 5 10 15 5 9 15 16 7 13 3 7
COSTS 12 17 7 12 17 12 12 16 4 13 10 3 15 5 7 10 11 11 8 17 14 5 10 15 5 9 16 16 7 13 3 7
COSTS 12 17 7 12 17 13 12 16 4 14 10 3 15 5 7 10 11 11 8 16 14 5 10 15 5 9 15 16 7 13 3 7
COSTS 12 17 7 12 17 12 12 16 4 13 10 3 13 5 7 10 11 11 8 16 14 5 10 15 5 9 16 16 7 13 3 7
COSTS 12 16 6 13 17 13 12 16 4 14 10 3 15 5 7 10 11 11 8 16 14 5 10 15 5 9 15 16 7 13 3 7
COSTS 12 16 6 13 17 13 12 16 4 13 10 3 15 4 4 10 10 11 8 17 14 2 10 16 5 7 16 16 7 13 3 7
COSTS 12 17 7 12 17 12 11 16 4 14 10 4 15 5 7 10 10 11 8 17 14 2 10 16 5 7 16 16 5 12 1 6
COSTS 12 16 6 13 17 13 12 16 4 14 10 3 15 5 7 10 11 11 8 16 14 5 10 15 5 9 16 14 7 13 3 7
COSTS 12 17 7 12 17 13 12 16 4 14 10 3 15 5 7 10 11 11 8 17 14 5 10 15 5 9 16 16 7 13 3 7
COSTS 12 17 6 13 17 13 12 16 4 14 10 3 13 5 7 10 10 11 8 16 14 5 10 15 5 9 16 16 7 13 3 7
COSTS 12 17 7 12 17 13 12 16 4 14 10 3 15 5 7 10 11 11 8 17 14 5 10 15 5 9 16 16 7 13 3 7
COSTS 12 17 7 12 17 12 12 16 4 13 10 3 13 5 7 10 11 11 8 16 14 5 10 15 5 9 15 16 7 13 3 7
COSTS 12 17 6 13 17 13 12 16 4 14 10 3 13 5 7 10 10 11 8 16 14 5 10 15 5 9 16 16 7 13 3 7
COSTS 12 17 7 12 17 13 12 16 4 14 10 3 13 5 7 10 11 11 8 16 14 5 10 15 5 9 15 16 7 13 3 7
COSTS 12 16 6 13 17 13 12 16 4 14 10 3 15 5 7 10 11 11 8 17 14 5 10 15 5 9 16 14 7 13 3 7
COSTS 12 17 7 12 17 13 12 16 4 14 10 3 13 5 7 10 11 11 8 16 14 5 10 15 5 9 16 14 7 13 3 7
END
STATE 07d0424157c876958918b1d1cf37a3694c571a86a7fca40a25daa21ff0660c7f 6001 24 34
LABELS 0 0 0 0 0 0 0 0 0 0 0 0 0 0 0 0 0 0 0 0 0 0 0 0
MASSES 28 27 23 8 14 13 15 17 31 9 5 11 21 6 29 9 5 13 22 15 13 25 24 9
QUERY_IDS 0 1 2 3 7 10 16 18 19 22 24 25 26 27 28 29 30 31 32 33 34 35 36 41 42 43 51 52 53 54 55 56 57 60
RESPONSES 0 1 1 1 0 0 0 0 0 0 0 0 0 0 0 0 0 0 0 0 0 0 0 0 0 0 0 0 0 0 0 0 0 1
RESPONSES 0 1 1 1 0 0 0 0 0 0 0 0 0 0 0 0 0 0 0 0 0 0 0 0 0 0 0 0 0 0 0 0 0 1
RESPONSES 0 1 1 1 0 0 0 0 0 0 0 0 0 0 0 0 0 0 0 0 0 0 0 0 0 0 0 0 0 0 0 0 0 1
RESPONSES 1 1 1 1 0 1 0 0 0 0 0 0 0 0 0 0 0 0 0 0 0 0 0 0 0 0 0 0 0 0 0 0 0 1
RESPONSES 0 1 1 1 1 0 0 0 0 0 0 0 0 0 0 0 0 0 0 0 0 0 0 0 0 0 0 0 0 0 0 0 0 1
RESPONSES 0 1 1 1 0 0 0 0 0 0 0 0 0 0 0 0 0 0 0 0 0 0 0 0 0 0 0 0 0 0 0 0 0 1
RESPONSES 0 0 0 0 0 0 0 0 0 0 0 0 0 0 0 1 0 0 0 0 1 1 0 0 0 0 0 0 0 0 0 0 0 1
RESPONSES 0 0 0 0 0 0 1 0 0 0 0 0 0 0 0 0 0 0 0 0 0 0 0 0 0 0 0 0 0 0 0 0 0 1
RESPONSES 0 0 0 0 0 0 1 0 0 0 0 0 0 0 0 0 0 0 0 0 0 0 0 0 0 0 0 0 0 0 0 0 0 1
RESPONSES 0 0 0 0 0 0 1 0 0 0 0 0 0 0 0 0 0 0 0 0 0 0 0 0 0 0 0 0 0 0 0 0 0 1
RESPONSES 0 0 1 1 0 0 0 0 0 0 0 0 0 0 0 0 0 0 0 0 0 0 0 0 0 0 0 0 0 0 0 0 0 1
RESPONSES 0 0 0 1 0 0 0 0 0 0 0 0 0 0 0 0 0 0 0 0 0 0 0 0 0 0 0 0 0 0 0 0 0 1
RESPONSES 0 0 0 1 0 0 0 0 0 0 0 0 0 0 0 0 0 0 0 0 0 0 0 0 0 0 0 0 0 0 0 0 0 1
RESPONSES 0 1 1 1 1 0 0 0 0 1 1 1 1 1 1 1 1 1 1 1 1 1 1 1 1 1 1 1 1 1 1 1 1 0
RESPONSES 0 0 0 1 1 0 0 0 0 0 0 0 0 0 0 0 0 0 0 0 0 0 0 0 0 0 0 0 0 0 0 0 0 1
RESPONSES 0 0 1 1 0 0 0 0 0 0 0 0 0 0 0 0 0 0 0 0 0 0 0 0 0 0 0 0 0 0 0 0 0 1
RESPONSES 0 0 1 1 0 0 0 0 0 0 0 0 0 0 0 0 0 0 0 0 0 0 0 0 0 0 0 0 0 0 0 0 0 1
RESPONSES 0 0 1 1 0 0 0 0 0 0 0 0 0 0 0 0 0 0 0 0 0 0 0 0 0 0 0 0 0 0 0 0 0 1
RESPONSES 1 1 1 1 0 0 0 0 1 0 0 0 0 0 0 0 0 0 0 0 0 0 0 0 0 0 0 0 0 0 0 0 0 1
RESPONSES 0 1 1 1 0 0 0 0 0 0 0 0 0 0 0 1 0 0 1 1 1 1 0 0 0 0 0 0 0 0 0 0 0 1
RESPONSES 0 0 1 1 0 0 0 1 1 0 0 0 0 0 0 0 0 0 0 0 0 0 0 0 0 0 0 0 0 0 0 0 0 1
RESPONSES 1 1 1 1 0 0 0 0 0 0 0 0 0 0 0 0 0 0 0 0 0 0 0 0 0 0 0 0 0 0 0 0 0 1
RESPONSES 1 1 1 1 0 0 0 0 0 0 0 0 0 0 0 1 0 0 0 0 1 1 0 0 0 0 0 0 0 0 0 0 0 1
RESPONSES 1 1 1 1 0 1 1 0 0 0 0 0 0 0 0 0 0 0 0 0 0 0 0 0 0 0 0 0 0 0 0 0 0 1
COSTS 9 11 7 15 12 15 8 6 8 10 13 14 11 14 16 16 4 17 14 3 12 5 7 12 15 10 5 7 12 11 11 13 2 6
COSTS 9 11 7 15 12 15 8 6 8 10 13 14 11 14 16 16 4 17 14 3 12 5 7 12 15 10 5 7 12 11 11 13 2 6
COSTS 9 11 7 15 12 15 8 6 8 10 13 14 11 14 16 16 4 17 14 3 12 5 7 12 15 10 5 7 12 11 11 13 2 6
COSTS 6 11 7 15 12 14 8 6 8 10 13 14 11 14 16 16 4 17 14 3 12 5 7 12 15 10 5 7 12 11 11 13 2 6
COSTS 9 11 7 15 13 15 8 6 8 10 13 14 11 14 16 16 4 17 14 3 12 5 7 12 15 10 5 7 12 11 11 13 2 6
COSTS 9 11 7 15 12 15 8 6 8 10 13 14 11 14 16 16 4 17 14 3 12 5 7 12 15 10 5 7 12 11 11 13 2 6
COSTS 9 10 10 14 12 15 8 6 8 10 13 14 11 14 16 14 4 17 14 3 10 5 7 12 15 10 5 7 12 11 11 13 2 6
COSTS 9 10 10 14 12 15 11 6 8 10 13 14 11 14 16 16 4 17 14 3 12 5 7 12 15 10 5 7 12 11 11 13 2 6
COSTS 9 10 10 14 12 15 11 6 8 10 13 14 11 14 16 16 4 17 14 3 12 5 7 12 15 10 5 7 12 11 11 13 2 6
COSTS 9 10 10 14 12 15 11 6 8 10 13 14 11 14 16 16 4 17 14 3 12 5 7 12 15 10 5 7 12 11 11 13 2 6
COSTS 9 10 7 15 12 15 8 6 8 10 13 14 11 14 16 16 4 17 14 3 12 5 7 12 15 10 5 7 12 11 11 13 2 6
COSTS 9 10 10 15 12 15 8 6 8 10 13 14 11 14 16 16 4 17 14 3 12 5 7 12 15 10 5 7 12 11 11 13 2 6
COSTS 9 10 10 15 12 15 8 6 8 10 13 14 11 14 16 16 4 17 14 3 12 5 7 12 15 10 5 7 12 11 11 13 2 6
COSTS 9 11 7 15 13 15 8 6 8 8 13 17 14 14 18 14 5 13 13 1 10 5 6 15 18 13 7 5 13 14 14 15 2 9
COSTS 9 10 10 15 13 15 8 6 8 10 13 14 11 14 16 16 4 17 14 3 12 5 7 12 15 10 5 7 12 11 11 13 2 6
COSTS 9 10 7 15 12 15 8 6 8 10 13 14 11 14 16 16 4 17 14 3 12 5 7 12 15 10 5 7 12 11 11 13 2 6
COSTS 9 10 7 15 12 15 8 6 8 10 13 14 11 14 16 16 4 17 14 3 12 5 7 12 15 10 5 7 12 11 11 13 2 6
COSTS 9 10 7 15 12 15 8 6 8 10 13 14 11 14 16 16 4 17 14 3 12 5 7 12 15 10 5 7 12 11 11 13 2 6
COSTS 6 11 7 15 12 15 8 6 4 10 13 14 11 14 16 16 4 17 14 3 12 5 7 12 15 10 5 7 12 11 11 13 2 6
COSTS 9 11 7 15 12 15 8 6 8 10 13 14 11 14 16 14 4 17 13 1 10 5 7 12 15 10 5 7 12 11 11 13 2 6
COSTS 9 10 7 15 12 15 8 8 4 10 13 14 11 14 16 16 4 17 14 3 12 5 7 12 15 10 5 7 12 11 11 13 2 6
COSTS 6 11 7 15 12 15 8 6 8 10 13 14 11 14 16 16 4 17 14 3 12 5 7 12 15 10 5 7 12 11 11 13 2 6
COSTS 6 11 7 15 12 15 8 6 8 10 13 14 11 14 16 14 4 17 14 3 10 5 7 12 15 10 5 7 12 11 11 13 2 6
COSTS 6 11 7 15 12 14 11 6 8 10 13 14 11 14 16 16 4 17 14 3 12 5 7 12 15 10 5 7 12 11 11 13 2 6
END
STATE 08d32bfa1a3613e87041e68d2465eb059ace76c7de37e032ff93fa2e9150ab69 6001 24 32
LABELS 5 5 0 1 5 2 5 2 5 3 3 5 2 1 4 5 2 1 2 1 0 1 5 5
MASSES 1 17 21 6 4 3 10 3 24 23 17 22 27 22 18 9 9 10 5 18 23 10 13 15
QUERY_IDS 0 1 2 3 4 23 24 25 26 28 30 31 32 33 40 41 44 45 46 47 49 50 52 53 54 55 56 69 70 74 75 76
RESPONSES 0 0 0 0 0 0 0 0 0 1 0 0 0 0 0 0 0 0 0 0 0 0 0 0 0 0 0 1 1 1 1 1
RESPONSES 1 0 0 0 0 0 0 0 0 0 0 0 0 0 1 1 1 1 1 1 1 1 1 1 1 1 1 0 0 0 0 0
RESPONSES 1 0 0 0 0 0 0 0 0 0 0 0 0 0 0 0 1 1 1 1 1 1 1 1 1 1 1 1 1 0 0 0
RESPONSES 0 0 0 0 0 0 0 0 0 1 0 0 0 0 0 0 0 0 0 0 1 1 1 1 1 1 1 1 1 1 1 1
RESPONSES 0 0 0 0 0 0 0 0 0 0 0 0 0 0 0 0 0 0 1 1 1 1 1 1 1 1 1 1 1 0 0 0
RESPONSES 1 0 0 0 0 0 0 0 0 0 0 0 0 0 0 0 1 1 1 1 1 1 1 1 1 1 1 1 1 0 0 0
RESPONSES 0 0 0 0 0 0 0 0 0 1 0 0 0 0 0 0 0 0 0 0 0 0 0 0 0 0 0 1 1 1 1 1
RESPONSES 0 0 0 0 0 0 0 0 0 0 0 0 0 0 0 0 1 1 1 1 1 1 1 1 1 1 1 1 1 0 0 0
RESPONSES 1 1 1 1 1 0 0 0 0 0 0 0 0 1 0 0 0 0 0 0 0 0 0 0 0 0 0 1 1 1 1 1
RESPONSES 1 0 0 0 0 0 0 0 0 1 1 1 1 1 0 0 0 0 0 0 1 1 0 0 1 1 1 1 1 0 0 0
RESPONSES 0 0 0 0 1 0 0 0 0 0 0 0 0 1 1 1 0 0 0 0 1 1 1 1 1 1 1 0 0 0 0 0
RESPONSES 1 1 1 1 1 0 0 0 0 0 0 0 0 0 0 0 0 0 0 0 1 1 0 0 0 0 0 1 1 1 1 1
RESPONSES 0 0 0 0 0 0 0 0 0 0 0 0 0 0 0 0 1 1 1 1 1 1 1 1 1 1 1 1 1 0 0 0
RESPONSES 0 0 0 0 1 0 0 0 0 0 0 0 0 0 1 1 0 0 0 1 1 1 1 1 1 1 1 1 1 0 0 0
RESPONSES 1 0 0 0 0 1 1 1 1 1 0 0 0 0 0 0 0 0 0 1 1 1 0 0 0 0 0 1 1 0 0 0
RESPONSES 1 0 0 0 0 0 0 0 0 0 0 0 0 0 0 0 0 0 0 0 1 1 0 0 1 1 1 1 1 0 0 0
RESPONSES 0 0 0 0 0 0 0 0 0 0 0 0 0 0 0 0 1 1 1 1 1 1 1 1 1 1 1 1 1 0 0 0
RESPONSES 0 0 0 0 0 0 0 0 0 1 0 0 0 0 0 0 0 0 0 0 0 0 1 1 1 1 1 1 1 1 1 1
RESPONSES 1 0 0 0 0 0 0 0 0 0 0 0 0 0 0 0 1 1 1 1 1 1 1 1 1 1 1 1 1 0 0 0
RESPONSES 0 0 0 0 1 0 0 0 0 0 0 0 0 0 1 1 0 0 0 0 1 1 1 1 1 1 1 1 1 0 0 0
RESPONSES 1 0 0 0 0 0 0 0 0 0 0 0 0 0 0 0 1 1 1 1 1 1 1 1 1 1 1 1 1 0 0 0
RESPONSES 0 0 0 0 1 0 0 0 0 0 0 0 0 0 1 1 0 0 0 0 1 1 1 1 1 1 1 1 1 0 0 0
RESPONSES 0 0 0 0 0 0 0 0 0 1 0 0 0 0 0 0 0 0 0 0 0 0 0 0 0 0 0 1 1 1 1 1
RESPONSES 1 0 0 0 0 0 0 0 0 0 0 0 0 0 1 1 1 1 1 1 1 1 1 1 1 1 1 0 0 0 0 0
COSTS 5 12 16 17 7 16 18 16 4 13 14 5 10 3 8 10 3 11 5 2 11 15 15 7 9 5 7 16 4 1 6 6
COSTS 4 12 16 17 7 16 18 16 4 14 14 5 10 3 5 10 3 11 4 1 9 19 14 6 8 4 4 15 6 3 7 7
COSTS 4 12 16 17 7 16 18 16 4 14 14 5 10 3 8 10 3 11 4 1 9 19 14 6 8 4 4 16 4 3 7 7
COSTS 5 12 16 17 7 16 18 16 4 13 14 5 10 3 8 10 3 11 5 2 9 19 14 6 8 4 4 16 4 1 6 6
COSTS 5 12 16 17 7 16 18 16 4 14 14 5 10 3 8 10 3 11 4 1 9 19 14 6 8 4 4 16 4 3 7 7
COSTS 4 12 16 17 7 16 18 16 4 14 14 5 10 3 8 10 3 11 4 1 9 19 14 6 8 4 4 16 4 3 7 7
COSTS 5 12 16 17 7 16 18 16 4 13 14 5 10 3 8 10 3 11 5 2 11 15 15 7 9 5 7 16 4 1 6 6
COSTS 5 12 16 17 7 16 18 16 4 14 14 5 10 3 8 10 3 11 4 1 9 19 14 6 8 4 4 16 4 3 7 7
COSTS 4 12 13 16 6 16 18 16 4 14 14 5 10 4 8 10 3 11 5 2 11 15 15 7 9 5 7 16 4 1 6 6
COSTS 4 12 16 17 7 16 18 16 4 13 16 6 10 4 8 10 3 11 5 2 9 19 15 7 8 4 4 16 4 3 7 7
COSTS 5 12 16 17 6 16 18 16 4 14 14 5 10 4 5 10 3 11 5 2 9 19 14 6 8 4 4 15 6 3 7 7
COSTS 4 12 13 16 6 16 18 16 4 14 14 5 10 3 8 10 3 11 5 2 9 19 15 7 9 5 7 16 4 1 6 6
COSTS 5 12 16 17 7 16 18 16 4 14 14 5 10 3 8 10 3 11 4 1 9 19 14 6 8 4 4 16 4 3 7 7
COSTS 5 12 16 17 6 16 18 16 4 14 14 5 10 3 5 10 3 11 5 1 9 19 14 6 8 4 4 16 4 3 7 7
COSTS 4 12 16 17 7 15 18 14 8 13 14 5 10 3 8 10 3 11 5 1 9 19 15 7 9 5 7 16 4 3 7 7
COSTS 4 12 16 17 7 16 18 16 4 14 14 5 10 3 8 10 3 11 5 2 9 19 15 7 8 4 4 16 4 3 7 7
COSTS 5 12 16 17 7 16 18 16 4 14 14 5 10 3 8 10 3 11 4 1 9 19 14 6 8 4 4 16 4 3 7 7
COSTS 5 12 16 17 7 16 18 16 4 13 14 5 10 3 8 10 3 11 5 2 11 15 14 6 8 4 4 16 4 1 6 6
COSTS 4 12 16 17 7 16 18 16 4 14 14 5 10 3 8 10 3 11 4 1 9 19 14 6 8 4 4 16 4 3 7 7
COSTS 5 12 16 17 6 16 18 16 4 14 14 5 10 3 5 10 3 11 5 2 9 19 14 6 8 4 4 16 4 3 7 7
COSTS 4 12 16 17 7 16 18 16 4 14 14 5 10 3 8 10 3 11 4 1 9 19 14 6 8 4 4 16 4 3 7 7
COSTS 5 12 16 17 6 16 18 16 4 14 14 5 10 3 5 10 3 11 5 2 9 19 14 6 8 4 4 16 4 3 7 7
COSTS 5 12 16 17 7 16 18 16 4 13 14 5 10 3 8 10 3 11 5 2 11 15 15 7 9 5 7 16 4 1 6 6
COSTS 4 12 16 17 7 16 18 16 4 14 14 5 10 3 5 10 3 11 4 1 9 19 14 6 8 4 4 15 6 3 7 7
END
STATE 096d323285f8e5ebdf960545f96d6927f86b6b6d8b4f8cd571da43d5912cf06a 6001 24 24
LABELS 1 0 0 1 0 0 0 1 1 0 1 0 0 0 1 1 1 0 0 1 1 0 1 0
MASSES 1 18 28 31 13 13 30 21 15 3 12 22 14 30 23 7 8 22 20 2 18 12 22 26
QUERY_IDS 1 2 3 7 8 16 17 18 19 20 26 27 28 29 32 33 35 38 39 43 44 49 50 51
RESPONSES 0 0 0 0 0 0 0 0 0 1 1 1 1 1 1 1 1 0 1 1 1 0 0 0
RESPONSES 0 0 0 0 0 0 1 1 1 1 1 1 1 1 1 1 1 0 0 0 0 0 0 0
RESPONSES 0 0 0 0 0 0 0 1 1 1 1 1 1 1 1 1 1 0 0 0 0 1 1 1
RESPONSES 0 0 0 0 0 1 1 1 1 1 1 1 1 1 1 1 1 0 0 1 1 1 1 1
RESPONSES 1 1 1 0 0 1 1 1 1 1 1 1 1 1 1 1 1 0 0 0 0 0 0 0
RESPONSES 0 0 0 1 1 1 1 1 1 1 1 1 1 1 0 0 1 0 0 1 1 1 1 1
RESPONSES 0 1 1 1 1 1 1 1 1 1 1 1 1 1 0 0 1 0 0 1 1 0 1 1
RESPONSES 0 0 0 0 0 1 1 1 1 1 1 1 1 1 0 0 1 0 1 1 1 0 1 1
RESPONSES 0 0 0 0 0 0 0 1 1 1 1 1 1 1 0 0 1 1 1 1 1 0 0 0
RESPONSES 0 0 0 1 1 0 1 1 1 1 1 1 1 1 0 0 0 0 0 1 1 0 0 0
RESPONSES 0 0 0 0 0 0 0 1 1 1 1 1 1 1 0 0 0 0 0 1 1 0 0 1
RESPONSES 0 0 0 0 0 1 1 1 1 1 1 1 1 1 1 1 1 1 1 1 1 0 0 0
RESPONSES 0 0 0 0 0 1 1 1 1 1 1 1 1 1 0 1 1 0 0 1 1 0 1 1
RESPONSES 0 0 0 0 0 0 0 1 1 1 1 1 1 1 1 1 1 0 0 1 1 0 0 0
RESPONSES 0 0 0 0 0 0 0 1 1 1 1 1 1 1 0 0 1 1 1 1 1 0 0 1
RESPONSES 0 0 0 0 0 0 0 0 0 1 1 1 1 1 0 0 0 0 0 1 1 0 0 0
RESPONSES 0 0 0 0 0 1 1 1 1 1 1 1 1 1 0 0 1 0 0 1 1 0 0 1
RESPONSES 0 1 1 0 0 1 1 1 1 0 0 0 0 0 0 0 1 0 0 1 1 1 1 1
RESPONSES 0 0 0 0 0 1 1 1 1 1 1 1 1 1 0 0 0 0 1 1 1 0 1 1
RESPONSES 0 0 0 0 0 0 0 0 0 1 1 1 1 1 0 0 0 1 1 1 1 0 0 0
RESPONSES 0 0 0 0 0 1 1 1 1 1 1 1 1 1 0 0 1 0 0 0 0 1 1 1
RESPONSES 1 1 1 0 0 0 0 0 0 1 1 1 1 1 0 0 0 0 0 0 0 0 0 0
RESPONSES 0 0 0 0 0 1 1 1 1 1 1 1 1 1 0 0 1 0 0 1 1 0 0 1
RESPONSES 0 0 0 0 0 0 0 1 1 1 1 1 1 1 0 1 1 0 0 0 0 0 0 0
COSTS 6 10 16 7 7 12 11 8 15 8 5 9 7 8 9 16 5 5 3 6 1 15 14 17
COSTS 6 10 16 7 7 12 9 11 18 8 5 9 7 8 9 16 5 5 6 7 2 15 14 17
COSTS 6 10 16 7 7 12 11 11 18 8 5 9 7 8 9 16 5 5 6 7 2 13 12 18
COSTS 6 10 16 7 7 11 9 11 18 8 5 9 7 8 9 16 5 5 6 6 1 13 12 18
COSTS 7 11 15 7 7 11 9 11 18 8 5 9 7 8 9 16 5 5 6 7 2 15 14 17
COSTS 6 10 16 8 9 11 9 11 18 8 5 9 7 8 7 16 5 5 6 6 1 13 12 18
COSTS 6 11 15 8 9 11 9 11 18 8 5 9 7 8 7 16 5 5 6 6 1 15 12 18
COSTS 6 10 16 7 7 11 9 11 18 8 5 9 7 8 7 16 5 5 3 6 1 15 12 18
COSTS 6 10 16 7 7 12 11 11 18 8 5 9 7 8 7 16 5 5 3 6 1 15 14 17
COSTS 6 10 16 8 9 12 9 11 18 8 5 9 7 8 7 16 5 5 6 6 1 15 14 17
COSTS 6 10 16 7 7 12 11 11 18 8 5 9 7 8 7 16 5 5 6 6 1 15 14 18
COSTS 6 10 16 7 7 11 9 11 18 8 5 9 7 8 9 16 5 5 3 6 1 15 14 17
COSTS 6 10 16 7 7 11 9 11 18 8 5 9 7 8 7 16 5 5 6 6 1 15 12 18
COSTS 6 10 16 7 7 12 11 11 18 8 5 9 7 8 9 16 5 5 6 6 1 15 14 17
COSTS 6 10 16 7 7 12 11 11 18 8 5 9 7 8 7 16 5 5 3 6 1 15 14 18
COSTS 6 10 16 7 7 12 11 8 15 8 5 9 7 8 7 16 5 5 6 6 1 15 14 17
COSTS 6 10 16 7 7 11 9 11 18 8 5 9 7 8 7 16 5 5 6 6 1 15 14 18
COSTS 6 11 15 7 7 11 9 11 18 9 4 10 11 8 7 16 5 5 6 6 1 13 12 18
COSTS 6 10 16 7 7 11 9 11 18 8 5 9 7 8 7 16 5 5 3 6 1 15 12 18
COSTS 6 10 16 7 7 12 11 8 15 8 5 9 7 8 7 16 5 5 3 6 1 15 14 17
COSTS 6 10 16 7 7 11 9 11 18 8 5 9 7 8 7 16 5 5 6 7 2 13 12 18
COSTS 7 11 15 7 7 12 11 8 15 8 5 9 7 8 7 16 5 5 6 7 2 15 14 17
COSTS 6 10 16 7 7 11 9 11 18 8 5 9 7 8 7 16 5 5 6 6 1 15 14 18
COSTS 6 10 16 7 7 12 11 11 18 8 5 9 7 8 7 16 5 5 6 7 2 15 14 17
END
STATE 0a0a39a0fac2f1e9a4b4d4e79469ddf828e973a89d5772bbbc5d2f28c5803751 6003 24 36
LABELS 0 0 0 0 0 0 0 0 0 0 0 0 0 0 0 0 0 0 0 0 0 0 0 0
MASSES 5 13 2 8 13 16 16 18 27 14 13 4 18 3 30 18 17 29 3 19 7 10 11 3
QUERY_IDS 0 2 3 4 5 6 7 8 11 18 19 22 24 25 26 27 28 29 30 31 32 33 34 35 36 41 42 43 51 52 53 54 55 56 57 60
RESPONSES 0 1 1 1 1 1 1 0 0 0 0 0 0 0 0 0 0 0 0 0 0 0 0 0 0 0 0 0 0 0 0 0 0 0 0 1
RESPONSES 0 1 1 1 1 1 1 0 0 0 0 0 0 0 0 0 0 0 0 0 0 0 0 0 0 0 0 0 0 0 0 0 0 0 0 1
RESPONSES 1 1 1 1 1 1 1 0 0 0 0 0 0 0 0 0 0 0 0 0 0 0 0 0 0 0 0 0 0 0 0 0 0 0 0 1
RESPONSES 0 1 1 1 1 1 2 0 0 0 0 0 0 0 0 0 0 0 0 0 0 0 0 0 0 0 0 0 0 0 0 0 0 0 0 1
RESPONSES 0 1 1 1 1 1 1 0 0 0 0 0 0 0 0 0 0 0 0 0 0 0 0 0 0 0 0 0 0 0 0 0 0 0 0 1
RESPONSES 0 0 0 1 1 1 1 0 0 0 0 0 0 0 0 0 0 1 0 0 0 0 1 1 0 0 0 0 0 0 0 0 0 0 0 1
RESPONSES 0 1 1 1 1 1 1 0 0 0 0 0 0 0 0 0 0 0 0 0 0 0 0 0 0 0 0 0 0 0 0 0 0 0 0 1
RESPONSES 0 1 1 1 1 1 1 0 0 0 0 0 0 0 0 0 0 0 0 0 0 0 0 0 0 0 0 0 0 0 0 0 0 0 0 1
RESPONSES 0 1 1 1 1 1 1 0 0 0 0 0 0 0 0 0 0 0 0 0 0 0 0 0 0 0 0 0 0 0 0 0 0 0 0 1
RESPONSES 0 0 1 1 1 1 1 0 0 0 0 0 0 0 0 0 0 0 0 0 0 0 0 0 0 0 0 0 0 0 0 0 0 0 0 1
RESPONSES 0 0 1 1 1 1 1 0 0 0 0 0 0 0 0 0 0 0 0 0 0 0 0 0 0 0 0 0 0 0 0 0 0 0 0 1
RESPONSES 0 1 1 1 1 1 2 0 0 0 0 1 1 1 1 1 1 1 1 1 1 1 1 1 1 1 1 1 1 1 1 1 1 1 1 0
RESPONSES 0 0 0 0 1 1 1 0 1 0 0 0 0 0 0 0 0 0 0 0 0 0 0 0 0 0 0 0 0 0 0 0 0 0 0 1
RESPONSES 0 0 1 1 1 1 2 0 0 0 0 0 0 0 0 0 0 0 0 0 0 0 0 0 0 0 0 0 0 0 0 0 0 0 0 1
RESPONSES 0 0 0 0 0 1 2 0 0 0 0 1 1 1 1 1 1 1 1 1 1 1 1 1 1 1 1 1 0 0 0 0 0 0 0 1
RESPONSES 0 0 0 1 1 1 0 0 0 0 0 0 0 0 0 0 0 0 0 0 0 0 0 0 0 0 0 0 0 0 0 0 0 0 0 1
RESPONSES 0 0 0 0 0 1 2 0 0 0 1 0 0 0 0 0 0 0 0 0 0 0 0 0 0 0 0 0 0 0 0 0 0 0 0 1
RESPONSES 0 0 0 0 0 0 1 1 0 0 1 1 1 1 1 1 1 0 0 0 0 0 0 0 0 0 0 0 0 0 0 0 0 0 0 1
RESPONSES 1 1 1 1 1 1 1 0 0 0 0 0 0 0 0 0 0 0 0 0 0 0 0 0 0 0 0 0 0 0 0 0 0 0 0 1
RESPONSES 0 1 1 1 1 1 1 0 0 0 0 0 0 0 0 0 0 1 0 0 1 1 1 1 0 0 0 0 0 0 0 0 0 0 0 1
RESPONSES 0 1 1 1 1 1 1 0 0 1 1 0 0 0 0 0 0 0 0 0 0 0 0 0 0 0 0 0 0 0 0 0 0 0 0 1
RESPONSES 1 1 1 1 1 1 1 0 0 0 0 0 0 0 0 0 0 1 0 0 0 0 1 1 0 0 0 0 0 0 0 0 0 0 0 1
RESPONSES 0 0 0 0 0 1 2 0 0 0 0 1 1 1 1 1 1 0 0 0 0 0 0 0 0 0 0 0 0 0 0 0 0 0 0 1
RESPONSES 0 0 0 0 0 0 2 1 0 0 0 1 0 0 0 0 0 0 0 0 0 0 0 0 0 0 0 0 0 0 0 0 0 0 0 1
COSTS 3 5 12 12 16 7 11 9 3 3 6 4 7 6 15 15 18 9 3 7 2 13 1 13 5 7 6 12 7 18 13 4 5 8 19 17
COSTS 3 5 12 12 16 7 11 9 3 3 6 4 7 6 15 15 18 9 3 7 2 13 1 13 5 7 6 12 7 18 13 4 5 8 19 17
COSTS 1 5 12 12 16 7 11 9 3 3 6 4 7 6 15 15 18 9 3 7 2 13 1 13 5 7 6 12 7 18 13 4 5 8 19 17
COSTS 3 5 12 12 16 7 11 9 3 3 6 4 7 6 15 15 18 9 3 7 2 13 1 13 5 7 6 12 7 18 13 4 5 8 19 17
COSTS 3 5 12 12 16 7 11 9 3 3 6 4 7 6 15 15 18 9 3 7 2 13 1 13 5 7 6 12 7 18 13 4 5 8 19 17
COSTS 3 2 14 12 16 7 11 9 3 3 6 4 7 6 15 15 18 9 3 7 2 13 5 15 5 7 6 12 7 18 13 4 5 8 19 17
COSTS 3 5 12 12 16 7 11 9 3 3 6 4 7 6 15 15 18 9 3 7 2 13 1 13 5 7 6 12 7 18 13 4 5 8 19 17
COSTS 3 5 12 12 16 7 11 9 3 3 6 4 7 6 15 15 18 9 3 7 2 13 1 13 5 7 6 12 7 18 13 4 5 8 19 17
COSTS 3 5 12 12 16 7 11 9 3 3 6 4 7 6 15 15 18 9 3 7 2 13 1 13 5 7 6 12 7 18 13 4 5 8 19 17
COSTS 3 2 12 12 16 7 11 9 3 3 6 4 7 6 15 15 18 9 3 7 2 13 1 13 5 7 6 12 7 18 13 4 5 8 19 17
COSTS 3 2 12 12 16 7 11 9 3 3 6 4 7 6 15 15 18 9 3 7 2 13 1 13 5 7 6 12 7 18 13 4 5 8 19 17
COSTS 3 5 12 12 16 7 11 9 3 3 6 3 4 8 17 13 17 9 6 7 4 10 5 15 8 4 6 12 6 15 15 4 9 8 15 14
COSTS 3 2 14 16 16 7 11 9 6 3 6 4 7 6 15 15 18 9 3 7 2 13 1 13 5 7 6 12 7 18 13 4 5 8 19 17
COSTS 3 2 12 12 16 7 11 9 3 3 6 4 7 6 15 15 18 9 3 7 2 13 1 13 5 7 6 12 7 18 13 4 5 8 19 17
COSTS 3 2 14 16 14 7 11 9 3 3 6 3 4 8 17 13 17 9 6 7 4 10 5 15 8 4 6 12 7 18 13 4 5 8 19 17
COSTS 3 2 14 12 16 7 10 9 3 3 6 4 7 6 15 15 18 9 3 7 2 13 1 13 5 7 6 12 7 18 13 4 5 8 19 17
COSTS 3 2 14 16 14 7 11 9 3 3 10 4 7 6 15 15 18 9 3 7 2 13 1 13 5 7 6 12 7 18 13 4 5 8 19 17
COSTS 3 2 14 16 14 6 11 9 3 3 10 3 4 8 17 13 17 9 3 7 2 13 1 13 5 7 6 12 7 18 13 4 5 8 19 17
COSTS 1 5 12 12 16 7 11 9 3 3 6 4 7 6 15 15 18 9 3 7 2 13 1 13 5 7 6 12 7 18 13 4 5 8 19 17
COSTS 3 5 12 12 16 7 11 9 3 3 6 4 7 6 15 15 18 9 3 7 4 10 5 15 5 7 6 12 7 18 13 4 5 8 19 17
COSTS 3 5 12 12 16 7 11 9 3 5 10 4 7 6 15 15 18 9 3 7 2 13 1 13 5 7 6 12 7 18 13 4 5 8 19 17
COSTS 1 5 12 12 16 7 11 9 3 3 6 4 7 6 15 15 18 9 3 7 2 13 5 15 5 7 6 12 7 18 13 4 5 8 19 17
COSTS 3 2 14 16 14 7 11 9 3 3 6 3 4 8 17 13 17 9 3 7 2 13 1 13 5 7 6 12 7 18 13 4 5 8 19 17
COSTS 3 2 14 16 14 6 11 9 3 3 6 3 7 6 15 15 18 9 3 7 2 13 1 13 5 7 6 12 7 18 13 4 5 8 19 17
END
STATE 0a180007ce48e06d657f27bd2629472fb482c6808f2713f344e2c09162331313 6002 24 11
LABELS 1 1 4 0 2 4 1 4 1 0 1 3 1 2 2 2 4 1 3 4 4 4 4 0
MASSES 4 20 16 29 28 4 9 4 6 5 27 24 22 31 5 13 1 31 2 2 1 3 11 4
QUERY_IDS 0 1 2 3 4 5 6 7 9 10 11
RESPONSES 4 2 0 0 1 1 1 0 0 0 0
RESPONSES 4 2 0 0 0 1 1 0 0 0 0
RESPONSES 3 3 0 2 0 0 1 0 0 0 0
RESPONSES 5 2 0 2 0 0 1 0 0 0 0
RESPONSES 0 1 0 1 0 1 1 0 0 0 0
RESPONSES 4 3 1 1 1 0 1 0 0 0 0
RESPONSES 3 2 0 2 0 0 1 0 0 0 0
RESPONSES 4 3 1 1 0 0 1 0 0 0 0
RESPONSES 4 2 0 2 0 0 1 0 0 0 0
RESPONSES 5 1 1 2 0 0 1 0 1 0 0
RESPONSES 0 2 0 1 0 0 1 0 0 0 0
RESPONSES 0 2 0 1 0 0 1 0 0 0 0
RESPONSES 4 2 1 1 0 1 1 0 0 1 0
RESPONSES 2 0 0 1 0 0 1 0 0 0 0
RESPONSES 0 2 0 1 0 1 1 0 0 0 0
RESPONSES 0 1 0 1 0 0 1 0 0 0 0
RESPONSES 2 3 0 1 0 1 1 0 0 0 0
RESPONSES 1 1 0 2 0 0 1 0 0 0 0
RESPONSES 2 2 0 2 0 0 1 0 1 0 0
RESPONSES 4 3 0 2 0 1 1 0 0 0 0
RESPONSES 4 3 0 2 0 0 0 0 0 0 0
RESPONSES 3 3 0 1 0 0 0 0 0 0 0
RESPONSES 4 3 0 1 0 0 0 0 0 0 0
RESPONSES 5 2 0 1 1 1 1 0 0 0 0
COSTS 6 5 8 4 15 5 13 15 10 10 12
COSTS 6 5 8 4 15 5 13 15 10 10 12
COSTS 6 8 8 6 15 4 13 15 10 10 12
COSTS 7 5 8 6 15 4 13 15 10 10 12
COSTS 5 7 8 3 15 5 13 15 10 10 12
COSTS 6 8 5 3 15 4 13 15 10 10 12
COSTS 6 5 8 6 15 4 13 15 10 10 12
COSTS 6 8 5 3 15 4 13 15 10 10 12
COSTS 6 5 8 6 15 4 13 15 10 10 12
COSTS 7 7 5 6 15 4 13 15 10 10 12
COSTS 5 5 8 3 15 4 13 15 10 10 12
COSTS 5 5 8 3 15 4 13 15 10 10 12
COSTS 6 5 5 3 15 5 13 15 10 9 12
COSTS 8 7 8 3 15 4 13 15 10 10 12
COSTS 5 5 8 3 15 5 13 15 10 10 12
COSTS 5 7 8 3 15 4 13 15 10 10 12
COSTS 8 8 8 3 15 5 13 15 10 10 12
COSTS 7 7 8 6 15 4 13 15 10 10 12
COSTS 8 5 8 6 15 4 13 15 10 10 12
COSTS 6 8 8 6 15 5 13 15 10 10 12
COSTS 6 8 8 6 15 4 12 15 10 10 12
COSTS 6 8 8 3 15 4 12 15 10 10 12
COSTS 6 8 8 3 15 4 12 15 10 10 12
COSTS 7 5 8 3 15 5 13 15 10 10 12
END
STATE 0ce206fbdae1c5b679135ba1753c74389ef9debdcfd453cc71a238bec0614745 6001 24 21
LABELS 2 1 3 0 0 0 0 0 0 0 0 0 0 0 0 0 2 0 1 1 0 0 1 0
MASSES 1 14 26 17 1 10 1 2 2 27 21 19 23 16 29 4 15 29 7 19 19 9 6 25
QUERY_IDS 0 1 4 5 6 7 19 21 22 24 25 26 27 28 31 32 34 35 36 37 38
RESPONSES 0 0 0 0 0 1 1 1 1 0 1 1 1 1 1 0 0 0 1 1 1
RESPONSES 0 1 1 1 1 1 0 1 1 0 0 1 1 1 1 0 0 0 1 1 1
RESPONSES 0 1 1 1 1 1 0 1 1 1 0 0 0 0 1 0 0 1 1 1 1
RESPONSES 0 1 1 1 1 1 0 1 1 1 0 0 0 0 0 0 1 1 1 1 1
RESPONSES 0 0 1 1 1 0 0 0 0 0 0 0 0 0 1 0 0 0 1 1 1
RESPONSES 0 0 0 0 1 0 0 0 0 0 0 1 1 1 1 0 1 1 1 1 1
RESPONSES 1 1 1 1 1 0 0 1 1 1 0 1 1 1 1 0 0 1 1 1 1
RESPONSES 0 1 1 1 1 1 0 1 1 1 0 0 0 0 1 0 1 1 1 1 1
RESPONSES 1 1 1 1 1 1 0 1 1 0 0 0 0 0 0 0 0 0 0 0 0
RESPONSES 0 0 0 0 1 0 0 1 1 1 0 0 0 0 1 0 1 1 1 1 1
RESPONSES 0 0 1 1 1 1 0 0 0 0 0 0 0 0 1 0 1 1 1 1 1
RESPONSES 0 1 1 1 1 0 0 1 1 0 0 0 1 1 1 0 1 1 1 1 1
RESPONSES 0 0 1 1 1 1 0 1 1 0 0 0 0 0 1 0 1 1 1 1 1
RESPONSES 0 0 1 1 1 1 0 1 1 1 0 0 0 0 0 1 1 1 1 1 1
RESPONSES 0 1 1 1 1 1 0 1 1 1 0 0 0 0 0 0 1 1 1 1 1
RESPONSES 0 0 0 0 1 0 0 0 0 1 0 0 0 0 1 0 0 0 1 1 1
RESPONSES 0 0 1 1 1 0 0 0 0 0 0 0 1 1 1 1 0 0 1 1 1
RESPONSES 0 0 1 1 1 1 1 1 1 1 0 0 0 0 1 1 0 1 1 1 1
RESPONSES 1 1 1 1 1 1 0 0 1 1 0 0 0 0 1 1 1 1 1 1 1
RESPONSES 0 0 1 1 1 0 1 1 1 0 0 1 1 1 1 1 1 1 1 1 1
RESPONSES 1 1 1 1 1 0 0 1 1 1 0 0 0 0 1 1 1 1 1 1 1
RESPONSES 1 1 1 1 1 0 0 0 0 0 0 0 0 0 1 0 1 1 1 1 1
RESPONSES 0 1 1 1 1 1 1 1 1 0 0 0 0 0 1 0 0 0 1 1 1
RESPONSES 0 0 1 1 1 0 0 0 0 0 0 0 0 0 1 0 1 1 1 1 1
COSTS 15 3 16 8 8 11 9 14 10 6 15 4 17 3 5 16 17 12 5 6 4
COSTS 15 2 16 7 10 11 8 14 10 6 15 4 17 3 5 16 17 12 5 6 4
COSTS 15 2 16 7 10 11 8 14 10 8 15 8 15 5 5 16 17 13 5 6 4
COSTS 15 2 16 7 10 11 8 14 10 8 15 8 15 5 6 16 18 13 5 6 4
COSTS 15 3 16 7 10 11 8 11 13 6 15 8 15 5 5 16 17 12 5 6 4
COSTS 15 3 16 8 10 11 8 11 13 6 15 4 17 3 5 16 18 13 5 6 4
COSTS 14 2 16 7 10 11 8 14 10 8 15 4 17 3 5 16 17 13 5 6 4
COSTS 15 2 16 7 10 11 8 14 10 8 15 8 15 5 5 16 18 13 5 6 4
COSTS 14 2 16 7 10 11 8 14 10 6 15 8 15 5 6 16 17 12 6 4 2
COSTS 15 3 16 8 10 11 8 14 10 8 15 8 15 5 5 16 18 13 5 6 4
COSTS 15 3 16 7 10 11 8 11 13 6 15 8 15 5 5 16 18 13 5 6 4
COSTS 15 2 16 7 10 11 8 14 10 6 15 8 17 3 5 16 18 13 5 6 4
COSTS 15 3 16 7 10 11 8 14 10 6 15 8 15 5 5 16 18 13 5 6 4
COSTS 15 3 16 7 10 11 8 14 10 8 15 8 15 5 6 15 18 13 5 6 4
COSTS 15 2 16 7 10 11 8 14 10 8 15 8 15 5 6 16 18 13 5 6 4
COSTS 15 3 16 8 10 11 8 11 13 8 15 8 15 5 5 16 17 12 5 6 4
COSTS 15 3 16 7 10 11 8 11 13 6 15 8 17 3 5 15 17 12 5 6 4
COSTS 15 3 16 7 10 11 9 14 10 8 15 8 15 5 5 15 17 13 5 6 4
COSTS 14 2 16 7 10 11 8 11 10 8 15 8 15 5 5 15 18 13 5 6 4
COSTS 15 3 16 7 10 11 9 14 10 6 15 4 17 3 5 15 18 13 5 6 4
COSTS 14 2 16 7 10 11 8 14 10 8 15 8 15 5 5 15 18 13 5 6 4
COSTS 14 2 16 7 10 11 8 11 13 6 15 8 15 5 5 16 18 13 5 6 4
COSTS 15 2 16 7 10 11 9 14 10 6 15 8 15 5 5 16 17 12 5 6 4
COSTS 15 3 16 7 10 11 8 11 13 6 15 8 15 5 5 16 18 13 5 6 4
END
STATE 0e8915771cdc0c3264a5afa22a3be3e70384b6df591f7e6b6ab95dfb9acefdaf 6001 24 34
LABELS 0 0 0 0 0 0 0 0 0 0 0 0 0 0 0 0 0 0 0 0 0 0 0 0
MASSES 28 25 23 14 13 27 15 17 31 5 16 11 21 6 29 29 21 13 22 10 7 24 9 20
QUERY_IDS 0 1 2 3 7 8 10 16 19 22 24 25 26 27 28 29 30 31 32 33 34 35 36 41 42 43 51 52 53 54 55 56 57 60
RESPONSES 0 1 1 1 0 0 0 0 0 0 0 0 0 0 0 0 0 0 0 0 0 0 0 0 0 0 0 0 0 0 0 0 0 1
RESPONSES 0 1 1 1 0 0 0 0 0 0 0 0 0 0 0 0 0 0 0 0 0 0 0 0 0 0 0 0 0 0 0 0 0 1
RESPONSES 0 1 1 1 0 0 0 0 0 0 0 0 0 0 0 0 0 0 0 0 0 0 0 0 0 0 0 0 0 0 0 0 0 1
RESPONSES 0 1 1 1 1 0 0 0 0 0 0 0 0 0 0 0 0 0 0 0 0 0 0 0 0 0 0 0 0 0 0 0 0 1
RESPONSES 0 1 1 1 0 0 0 0 0 0 0 0 0 0 0 0 0 0 0 0 0 0 0 0 0 0 0 0 0 0 0 0 0 1
RESPONSES 0 1 1 1 0 0 0 0 0 0 0 0 0 0 0 0 0 0 0 0 0 0 0 0 0 0 0 0 0 0 0 0 0 1
RESPONSES 0 0 0 0 0 0 0 0 0 0 0 0 0 0 0 1 0 0 0 0 1 1 0 0 0 0 0 0 0 0 0 0 0 1
RESPONSES 0 0 0 0 0 0 0 1 0 0 0 0 0 0 0 0 0 0 0 0 0 0 0 0 0 0 0 0 0 0 0 0 0 1
RESPONSES 0 0 0 0 0 0 0 1 0 0 0 0 0 0 0 0 0 0 0 0 0 0 0 0 0 0 0 0 0 0 0 0 0 1
RESPONSES 0 0 1 1 0 0 0 0 0 0 0 0 0 0 0 0 0 0 0 0 0 0 0 0 0 0 0 0 0 0 0 0 0 1
RESPONSES 0 0 1 1 0 0 0 0 0 0 0 0 0 0 0 0 0 0 0 0 0 0 0 0 0 0 0 0 0 0 0 0 0 1
RESPONSES 0 0 0 1 0 0 0 0 0 0 0 0 0 0 0 0 0 0 0 0 0 0 0 0 0 0 0 0 0 0 0 0 0 1
RESPONSES 0 0 0 1 0 0 0 0 0 0 0 0 0 0 0 0 0 0 0 0 0 0 0 0 0 0 0 0 0 0 0 0 0 1
RESPONSES 0 1 1 1 1 0 0 0 0 1 1 1 1 1 1 1 1 1 1 1 1 1 1 1 1 1 1 1 1 1 1 1 1 0
RESPONSES 1 1 1 1 0 0 0 1 0 0 0 0 0 0 0 0 0 0 0 0 0 0 0 0 0 0 0 0 0 0 0 0 0 1
RESPONSES 0 0 0 1 1 0 0 0 0 0 0 0 0 0 0 0 0 0 0 0 0 0 0 0 0 0 0 0 0 0 0 0 0 1
RESPONSES 0 0 1 1 0 0 0 0 0 0 0 0 0 0 0 0 0 0 0 0 0 0 0 0 0 0 0 0 0 0 0 0 0 1
RESPONSES 0 0 1 1 0 0 0 0 0 0 0 0 0 0 0 0 0 0 0 0 0 0 0 0 0 0 0 0 0 0 0 0 0 1
RESPONSES 1 1 1 1 0 0 0 0 1 0 0 0 0 0 0 0 0 0 0 0 0 0 0 0 0 0 0 0 0 0 0 0 0 1
RESPONSES 1 1 1 1 0 0 0 0 0 0 0 0 0 0 0 0 0 0 0 0 0 0 0 0 0 0 0 0 0 0 0 0 0 1
RESPONSES 0 0 0 0 1 1 0 1 0 1 0 0 0 0 0 1 1 1 1 1 1 1 1 1 1 1 0 0 0 0 0 0 0 1
RESPONSES 1 1 1 1 0 0 0 0 0 0 0 0 0 0 0 1 0 0 0 0 1 1 0 0 0 0 0 0 0 0 0 0 0 1
RESPONSES 1 1 1 1 0 0 1 1 0 0 0 0 0 0 0 0 0 0 0 0 0 0 0 0 0 0 0 0 0 0 0 0 0 1
RESPONSES 1 1 1 1 0 0 1 1 0 0 0 0 0 0 0 0 0 0 0 0 0 0 0 0 0 0 0 0 0 0 0 0 0 1
COSTS 9 11 7 15 12 12 15 8 8 10 13 14 11 14 16 16 4 17 14 3 12 5 7 12 15 10 5 7 12 11 11 13 2 6
COSTS 9 11 7 15 12 12 15 8 8 10 13 14 11 14 16 16 4 17 14 3 12 5 7 12 15 10 5 7 12 11 11 13 2 6
COSTS 9 11 7 15 12 12 15 8 8 10 13 14 11 14 16 16 4 17 14 3 12 5 7 12 15 10 5 7 12 11 11 13 2 6
COSTS 9 11 7 15 13 12 15 8 8 10 13 14 11 14 16 16 4 17 14 3 12 5 7 12 15 10 5 7 12 11 11 13 2 6
COSTS 9 11 7 15 12 12 15 8 8 10 13 14 11 14 16 16 4 17 14 3 12 5 7 12 15 10 5 7 12 11 11 13 2 6
COSTS 9 11 7 15 12 12 15 8 8 10 13 14 11 14 16 16 4 17 14 3 12 5 7 12 15 10 5 7 12 11 11 13 2 6
COSTS 9 10 10 14 12 12 15 8 8 10 13 14 11 14 16 14 4 17 14 3 10 5 7 12 15 10 5 7 12 11 11 13 2 6
COSTS 9 10 10 14 12 12 15 11 8 10 13 14 11 14 16 16 4 17 14 3 12 5 7 12 15 10 5 7 12 11 11 13 2 6
COSTS 9 10 10 14 12 12 15 11 8 10 13 14 11 14 16 16 4 17 14 3 12 5 7 12 15 10 5 7 12 11 11 13 2 6
COSTS 9 10 7 15 12 12 15 8 8 10 13 14 11 14 16 16 4 17 14 3 12 5 7 12 15 10 5 7 12 11 11 13 2 6
COSTS 9 10 7 15 12 12 15 8 8 10 13 14 11 14 16 16 4 17 14 3 12 5 7 12 15 10 5 7 12 11 11 13 2 6
COSTS 9 10 10 15 12 12 15 8 8 10 13 14 11 14 16 16 4 17 14 3 12 5 7 12 15 10 5 7 12 11 11 13 2 6
COSTS 9 10 10 15 12 12 15 8 8 10 13 14 11 14 16 16 4 17 14 3 12 5 7 12 15 10 5 7 12 11 11 13 2 6
COSTS 9 11 7 15 13 12 15 8 8 8 13 17 14 14 18 14 5 13 13 1 10 5 6 15 18 13 7 5 13 14 14 15 2 9
COSTS 6 11 7 15 12 12 15 11 8 10 13 14 11 14 16 16 4 17 14 3 12 5 7 12 15 10 5 7 12 11 11 13 2 6
COSTS 9 10 10 15 13 12 15 8 8 10 13 14 11 14 16 16 4 17 14 3 12 5 7 12 15 10 5 7 12 11 11 13 2 6
COSTS 9 10 7 15 12 12 15 8 8 10 13 14 11 14 16 16 4 17 14 3 12 5 7 12 15 10 5 7 12 11 11 13 2 6
COSTS 9 10 7 15 12 12 15 8 8 10 13 14 11 14 16 16 4 17 14 3 12 5 7 12 15 10 5 7 12 11 11 13 2 6
COSTS 6 11 7 15 12 12 15 8 4 10 13 14 11 14 16 16 4 17 14 3 12 5 7 12 15 10 5 7 12 11 11 13 2 6
COSTS 6 11 7 15 12 12 15 8 8 10 13 14 11 14 16 16 4 17 14 3 12 5 7 12 15 10 5 7 12 11 11 13 2 6
COSTS 9 10 10 14 13 14 15 11 8 8 13 14 11 14 16 14 5 13 13 1 10 5 6 15 18 13 5 7 12 11 11 13 2 6
COSTS 6 11 7 15 12 12 15 8 8 10 13 14 11 14 16 14 4 17 14 3 10 5 7 12 15 10 5 7 12 11 11 13 2 6
COSTS 6 11 7 15 12 12 14 11 8 10 13 14 11 14 16 16 4 17 14 3 12 5 7 12 15 10 5 7 12 11 11 13 2 6
COSTS 6 11 7 15 12 12 14 11 8 10 13 14 11 14 16 16 4 17 14 3 12 5 7 12 15 10 5 7 12 11 11 13 2 6
END
STATE 0f5a23210a18548baa1775d51bf5d8a61c70ca287286478d11a8fb43d211870c 6001 24 21
LABELS 2 1 3 0 0 0 0 0 0 0 0 0 0 0 0 0 2 0 1 1 0 0 1 0
MASSES 1 14 26 17 1 10 1 2 2 27 21 19 23 16 29 4 15 29 7 19 19 9 6 25
QUERY_IDS 0 1 2 4 5 6 8 12 20 21 24 25 27 28 29 31 34 36 37 38 39
RESPONSES 0 0 0 0 0 0 3 1 1 1 0 1 1 1 1 1 0 1 1 1 1
RESPONSES 0 1 1 1 1 1 0 1 0 1 0 0 1 1 1 1 0 1 1 1 1
RESPONSES 0 1 1 1 1 1 3 1 0 1 1 0 0 0 0 1 0 1 1 1 1
RESPONSES 0 1 1 1 1 1 3 1 0 1 1 0 0 0 0 0 1 1 1 1 0
RESPONSES 0 0 0 1 1 1 1 0 0 0 0 0 0 0 0 1 0 1 1 1 0
RESPONSES 0 0 0 0 0 1 2 0 0 0 0 0 1 1 1 1 1 1 1 1 0
RESPONSES 1 1 1 1 1 1 3 1 0 1 1 0 1 1 1 1 0 1 1 1 1
RESPONSES 0 1 1 1 1 1 2 0 1 1 1 0 0 0 1 1 1 1 1 1 0
RESPONSES 1 1 1 1 1 1 2 1 1 1 0 0 0 0 0 0 0 0 0 0 2
RESPONSES 0 0 0 0 0 1 2 0 1 1 1 0 0 0 0 1 1 1 1 1 0
RESPONSES 0 0 1 1 1 1 1 1 0 0 0 0 0 0 0 1 1 1 1 1 0
RESPONSES 0 1 1 1 1 1 2 1 0 1 0 0 1 1 1 1 1 1 1 1 0
RESPONSES 0 0 0 1 1 1 1 1 0 1 0 0 0 0 1 1 1 1 1 1 0
RESPONSES 0 0 1 1 1 1 3 0 0 1 1 0 0 0 0 0 1 1 1 1 0
RESPONSES 0 1 1 1 1 1 1 1 1 1 1 0 0 0 0 0 1 1 1 1 1
RESPONSES 0 0 0 0 0 1 3 0 0 0 1 0 0 0 1 1 0 1 1 1 1
RESPONSES 0 0 1 1 1 1 3 1 0 0 0 0 1 1 1 1 0 1 1 1 1
RESPONSES 0 0 0 1 1 1 2 1 1 1 1 0 0 0 1 1 0 1 1 1 1
RESPONSES 1 1 1 1 1 1 3 1 0 0 1 0 0 0 1 1 1 1 1 1 0
RESPONSES 0 0 0 1 1 1 3 0 1 1 0 0 1 1 1 1 1 1 1 1 1
RESPONSES 1 1 1 1 1 1 2 1 0 1 1 0 0 0 0 1 1 1 1 1 0
RESPONSES 1 1 1 1 1 1 1 1 0 0 0 0 0 0 0 1 1 1 1 1 0
RESPONSES 0 1 1 1 1 1 1 1 1 1 0 0 0 0 0 1 0 1 1 1 2
RESPONSES 0 0 0 1 1 1 2 1 0 0 0 0 0 0 0 1 1 1 1 1 0
COSTS 15 3 15 16 8 8 16 6 14 14 6 15 17 3 12 5 17 5 6 4 11
COSTS 15 2 14 16 7 10 12 6 10 14 6 15 17 3 12 5 17 5 6 4 11
COSTS 15 2 14 16 7 10 16 6 10 14 8 15 15 5 12 5 17 5 6 4 11
COSTS 15 2 14 16 7 10 16 6 10 14 8 15 15 5 12 6 18 5 6 4 14
COSTS 15 3 15 16 7 10 14 4 10 11 6 15 15 5 12 5 17 5 6 4 14
COSTS 15 3 15 16 8 10 14 4 10 11 6 15 17 3 12 5 18 5 6 4 14
COSTS 14 2 14 16 7 10 16 6 10 14 8 15 17 3 12 5 17 5 6 4 11
COSTS 15 2 14 16 7 10 14 4 14 14 8 15 15 5 12 5 18 5 6 4 14
COSTS 14 2 14 16 7 10 14 6 14 14 6 15 15 5 12 6 17 6 4 2 13
COSTS 15 3 15 16 8 10 14 4 14 14 8 15 15 5 12 5 18 5 6 4 14
COSTS 15 3 14 16 7 10 14 6 10 11 6 15 15 5 12 5 18 5 6 4 14
COSTS 15 2 14 16 7 10 14 6 10 14 6 15 17 3 12 5 18 5 6 4 14
COSTS 15 3 15 16 7 10 14 6 10 14 6 15 15 5 12 5 18 5 6 4 14
COSTS 15 3 14 16 7 10 16 4 10 14 8 15 15 5 12 6 18 5 6 4 14
COSTS 15 2 14 16 7 10 14 6 14 14 8 15 15 5 12 6 18 5 6 4 11
COSTS 15 3 15 16 8 10 16 4 10 11 8 15 15 5 12 5 17 5 6 4 11
COSTS 15 3 14 16 7 10 16 6 10 11 6 15 17 3 12 5 17 5 6 4 11
COSTS 15 3 15 16 7 10 14 6 14 14 8 15 15 5 12 5 17 5 6 4 11
COSTS 14 2 14 16 7 10 16 6 10 11 8 15 15 5 12 5 18 5 6 4 14
COSTS 15 3 15 16 7 10 16 4 14 14 6 15 17 3 12 5 18 5 6 4 11
COSTS 14 2 14 16 7 10 14 6 10 14 8 15 15 5 12 5 18 5 6 4 14
COSTS 14 2 14 16 7 10 14 6 10 11 6 15 15 5 12 5 18 5 6 4 14
COSTS 15 2 14 16 7 10 14 6 14 14 6 15 15 5 12 5 17 5 6 4 13
COSTS 15 3 15 16 7 10 14 6 10 11 6 15 15 5 12 5 18 5 6 4 14
END
STATE 1178c1f9b0f3a6fc4899f237b2183dc25e956dff2e063021d45669e86eccdb1d 6002 24 24
LABELS 1 0 0 1 0 0 0 1 1 0 1 0 0 0 1 1 1 0 0 1 1 0 1 0
MASSES 22 17 16 17 31 28 28 2 31 25 29 24 5 13 11 5 5 1 30 12 16 30 15 24
QUERY_IDS 1 2 3 4 7 8 9 11 14 18 19 20 26 27 28 29 38 39 41 42 43 44 49 50
RESPONSES 0 0 0 0 0 0 0 1 0 0 0 1 1 1 1 1 0 1 1 1 1 1 0 0
RESPONSES 0 0 0 0 0 0 1 1 0 1 1 1 1 1 1 1 0 0 0 0 0 0 0 0
RESPONSES 0 0 0 0 0 0 1 1 0 1 1 1 1 1 1 1 0 0 0 0 0 0 1 1
RESPONSES 0 0 0 0 0 0 0 1 1 1 1 1 1 1 1 1 0 0 1 1 1 1 1 1
RESPONSES 1 1 1 1 0 0 0 1 1 1 1 1 1 1 1 1 0 0 0 0 0 0 0 0
RESPONSES 0 0 0 1 1 1 1 1 1 1 1 1 1 1 1 1 0 0 0 0 1 1 1 1
RESPONSES 0 1 1 1 1 1 1 1 0 1 1 1 1 1 1 1 0 0 1 1 1 1 0 1
RESPONSES 0 0 0 0 0 0 0 1 1 1 1 1 1 1 1 1 0 1 1 1 1 1 0 1
RESPONSES 0 0 0 1 0 0 0 1 0 1 1 1 1 1 1 1 1 1 1 1 1 1 0 0
RESPONSES 0 0 0 0 1 1 1 1 0 1 1 1 1 1 1 1 0 0 0 0 1 1 0 0
RESPONSES 0 0 0 0 0 0 0 0 0 1 1 1 1 1 1 1 0 0 1 1 1 1 0 0
RESPONSES 0 0 0 1 0 0 0 1 1 1 1 1 1 1 1 1 1 1 1 1 1 1 0 0
RESPONSES 0 0 0 0 0 0 0 0 0 1 1 1 1 1 1 1 0 0 1 1 1 1 0 1
RESPONSES 0 0 0 0 0 0 0 1 0 1 1 1 1 1 1 1 0 0 0 1 1 1 0 0
RESPONSES 0 0 0 0 0 0 0 0 0 1 1 1 1 1 1 1 1 1 1 1 1 1 0 0
RESPONSES 0 0 0 1 0 0 0 0 0 0 0 1 1 1 1 1 0 0 1 1 1 1 0 0
RESPONSES 0 0 0 0 0 0 1 1 0 1 1 1 1 1 1 1 0 0 1 1 1 1 0 0
RESPONSES 0 1 1 1 0 0 0 0 0 1 1 0 0 0 0 0 0 0 1 1 1 1 1 1
RESPONSES 0 0 0 0 0 0 0 0 0 1 1 1 1 1 1 1 0 1 1 1 1 1 0 1
RESPONSES 0 0 0 1 0 0 0 0 0 0 0 1 1 1 1 1 1 1 1 1 1 1 0 0
RESPONSES 0 0 0 0 0 0 0 1 1 1 1 1 1 1 1 1 0 0 0 0 0 0 1 1
RESPONSES 1 1 1 1 0 0 1 1 0 0 0 1 1 1 1 1 0 0 0 0 0 0 0 0
RESPONSES 0 0 0 0 0 0 1 1 0 1 1 1 1 1 1 1 0 0 1 1 1 1 0 0
RESPONSES 0 0 0 0 0 0 0 1 0 1 1 1 1 1 1 1 0 0 0 0 0 0 0 0
COSTS 5 15 14 2 18 13 12 14 3 5 8 11 9 4 14 10 3 2 10 8 8 13 16 11
COSTS 5 15 14 2 18 13 11 14 3 8 8 11 9 4 14 10 3 2 8 11 8 11 16 11
COSTS 5 15 14 2 18 13 11 14 3 8 8 11 9 4 14 10 3 2 8 11 8 11 13 11
COSTS 5 15 14 2 18 13 12 14 5 8 8 11 9 4 14 10 3 2 10 8 8 13 13 11
COSTS 4 11 16 4 18 13 12 14 5 8 8 11 9 4 14 10 3 2 8 11 8 11 16 11
COSTS 5 15 14 4 15 13 11 14 5 8 8 11 9 4 14 10 3 2 8 11 8 13 13 11
COSTS 5 11 16 4 15 13 11 14 3 8 8 11 9 4 14 10 3 2 10 8 8 13 16 11
COSTS 5 15 14 2 18 13 12 14 5 8 8 11 9 4 14 10 3 2 10 8 8 13 16 11
COSTS 5 15 14 4 18 13 12 14 3 8 8 11 9 4 14 10 6 2 10 8 8 13 16 11
COSTS 5 15 14 2 15 13 11 14 3 8 8 11 9 4 14 10 3 2 8 11 8 13 16 11
COSTS 5 15 14 2 18 13 12 11 3 8 8 11 9 4 14 10 3 2 10 8 8 13 16 11
COSTS 5 15 14 4 18 13 12 14 5 8 8 11 9 4 14 10 6 2 10 8 8 13 16 11
COSTS 5 15 14 2 18 13 12 11 3 8 8 11 9 4 14 10 3 2 10 8 8 13 16 11
COSTS 5 15 14 2 18 13 12 14 3 8 8 11 9 4 14 10 3 2 8 8 8 13 16 11
COSTS 5 15 14 2 18 13 12 11 3 8 8 11 9 4 14 10 6 2 10 8 8 13 16 11
COSTS 5 15 14 4 18 13 12 11 3 5 8 11 9 4 14 10 3 2 10 8 8 13 16 11
COSTS 5 15 14 2 18 13 11 14 3 8 8 11 9 4 14 10 3 2 10 8 8 13 16 11
COSTS 5 11 16 4 18 13 12 11 3 8 8 7 8 6 11 7 3 2 10 8 8 13 13 11
COSTS 5 15 14 2 18 13 12 11 3 8 8 11 9 4 14 10 3 2 10 8 8 13 16 11
COSTS 5 15 14 4 18 13 12 11 3 5 8 11 9 4 14 10 6 2 10 8 8 13 16 11
COSTS 5 15 14 2 18 13 12 14 5 8 8 11 9 4 14 10 3 2 8 11 8 11 13 11
COSTS 4 11 16 4 18 13 11 14 3 5 8 11 9 4 14 10 3 2 8 11 8 11 16 11
COSTS 5 15 14 2 18 13 11 14 3 8 8 11 9 4 14 10 3 2 10 8 8 13 16 11
COSTS 5 15 14 2 18 13 12 14 3 8 8 11 9 4 14 10 3 2 8 11 8 11 16 11
END
STATE 11a3dd2c0849b6a1a0d860763cbc260b480e249ea67a3345ae16c330f51fe4a3 6001 24 21
LABELS 2 0 0 1 0 1 0 0 2 0 0 3 0 0 0 0 1 0 0 0 0 0 0 0
MASSES 1 20 28 27 3 6 22 31 29 7 29 30 25 27 7 29 31 25 17 25 19 13 26 29
QUERY_IDS 0 1 2 5 6 8 12 13 19 20 23 24 25 26 27 31 32 35 36 39 41
RESPONSES 0 0 0 0 0 3 1 1 1 1 0 0 1 1 1 1 0 0 1 1 0
RESPONSES 0 0 0 0 0 2 1 1 1 1 0 1 1 1 1 1 0 0 0 1 0
RESPONSES 1 1 1 1 1 2 1 1 1 1 1 0 0 0 0 0 0 1 1 2 1
RESPONSES 1 1 1 1 1 3 1 1 1 1 0 1 0 0 0 1 0 1 1 0 1
RESPONSES 0 0 0 0 0 3 1 1 0 0 0 1 0 0 0 1 0 1 1 1 0
RESPONSES 0 0 0 1 1 3 1 1 0 0 0 1 0 0 0 1 0 1 1 0 0
RESPONSES 1 1 1 1 1 2 1 1 1 1 0 0 0 0 0 0 0 1 1 0 0
RESPONSES 0 1 1 1 1 3 1 1 1 1 0 1 0 0 0 1 1 0 0 1 0
RESPONSES 0 0 0 1 1 3 1 1 0 0 1 1 1 1 1 1 1 0 0 2 1
RESPONSES 0 1 1 1 1 2 1 1 1 1 0 0 0 0 0 0 1 1 1 0 0
RESPONSES 1 1 1 1 1 1 1 1 1 1 0 0 0 0 0 0 0 1 1 0 0
RESPONSES 1 1 1 1 1 3 1 1 1 1 0 1 1 1 1 1 1 0 0 1 1
RESPONSES 0 0 1 1 1 2 1 1 1 1 0 0 0 0 0 1 0 0 0 1 0
RESPONSES 1 1 1 1 1 1 1 1 1 1 0 0 0 0 0 1 0 1 1 0 0
RESPONSES 0 0 0 1 1 0 1 1 1 1 0 1 0 0 0 1 0 0 0 1 1
RESPONSES 0 0 0 1 1 2 1 1 1 1 0 1 0 0 0 1 1 1 1 1 1
RESPONSES 0 0 1 1 1 3 0 0 0 0 0 0 0 0 0 1 1 0 0 0 1
RESPONSES 1 1 1 1 1 3 1 1 1 1 0 0 0 0 0 1 0 1 1 0 1
RESPONSES 1 1 1 1 1 1 1 1 1 1 0 0 0 0 0 1 0 1 1 0 0
RESPONSES 0 0 0 1 1 2 1 1 0 0 0 0 0 0 0 1 0 1 1 0 0
RESPONSES 0 0 0 1 1 2 1 1 0 0 0 1 0 0 0 1 0 1 1 1 1
RESPONSES 0 0 0 1 1 3 0 0 1 1 0 0 0 0 0 1 0 0 1 0 0
RESPONSES 0 1 1 1 1 3 0 0 1 1 0 1 0 0 0 1 1 1 1 1 0
RESPONSES 0 1 1 1 1 1 1 1 1 1 0 1 0 0 0 0 0 1 1 1 0
COSTS 15 3 15 8 8 16 6 11 9 14 15 6 15 4 17 5 16 12 5 11 7
COSTS 15 3 15 8 8 14 6 11 9 14 15 8 15 4 17 5 16 12 6 11 7
COSTS 14 2 14 7 10 14 6 11 9 14 14 6 15 8 15 6 16 13 5 13 10
COSTS 14 2 14 7 10 16 6 11 9 14 15 8 15 8 15 5 16 13 5 14 10
COSTS 15 3 15 8 8 16 6 11 8 10 15 8 15 8 15 5 16 13 5 11 7
COSTS 15 3 15 7 10 16 6 11 8 10 15 8 15 8 15 5 16 13 5 14 7
COSTS 14 2 14 7 10 14 6 11 9 14 15 6 15 8 15 6 16 13 5 14 7
COSTS 15 2 14 7 10 16 6 11 9 14 15 8 15 8 15 5 15 12 6 11 7
COSTS 15 3 15 7 10 16 6 11 8 10 14 8 15 4 17 5 15 12 6 13 10
COSTS 15 2 14 7 10 14 6 11 9 14 15 6 15 8 15 6 15 13 5 14 7
COSTS 14 2 14 7 10 14 6 11 9 14 15 6 15 8 15 6 16 13 5 14 7
COSTS 14 2 14 7 10 16 6 11 9 14 15 8 15 4 17 5 15 12 6 11 10
COSTS 15 3 14 7 10 14 6 11 9 14 15 6 15 8 15 5 16 12 6 11 7
COSTS 14 2 14 7 10 14 6 11 9 14 15 6 15 8 15 5 16 13 5 14 7
COSTS 15 3 15 7 10 12 6 11 9 14 15 8 15 8 15 5 16 12 6 11 10
COSTS 15 3 15 7 10 14 6 11 9 14 15 8 15 8 15 5 15 13 5 11 10
COSTS 15 3 14 7 10 16 4 11 8 10 15 6 15 8 15 5 15 12 6 14 10
COSTS 14 2 14 7 10 16 6 11 9 14 15 6 15 8 15 5 16 13 5 14 10
COSTS 14 2 14 7 10 14 6 11 9 14 15 6 15 8 15 5 16 13 5 14 7
COSTS 15 3 15 7 10 14 6 11 8 10 15 6 15 8 15 5 16 13 5 14 7
COSTS 15 3 15 7 10 14 6 11 8 10 15 8 15 8 15 5 16 13 5 11 10
COSTS 15 3 15 7 10 16 4 11 9 14 15 6 15 8 15 5 16 12 5 14 7
COSTS 15 2 14 7 10 16 4 11 9 14 15 8 15 8 15 5 15 13 5 11 7
COSTS 15 2 14 7 10 14 6 11 9 14 15 8 15 8 15 6 16 13 5 11 7
END
STATE 120ddf606749fc00d93670a7637bf232ba027ba813714c61469feb5ec4e7a34a 6002 24 21
LABELS 2 0 0 1 0 1 0 0 2 0 0 3 0 0 0 0 1 0 0 0 0 0 0 0
MASSES 18 6 10 7 5 23 4 20 21 5 3 29 23 1 18 28 26 20 7 19 10 2 24 15
QUERY_IDS 3 5 6 7 9 11 12 13 16 19 20 22 25 26 27 32 33 34 37 38 41
RESPONSES 0 0 0 1 0 1 1 1 0 1 1 1 1 1 1 0 0 0 1 1 0
RESPONSES 0 0 0 0 0 1 1 1 0 1 1 1 1 1 1 0 0 0 1 1 0
RESPONSES 1 1 1 1 0 1 1 1 0 1 1 1 0 0 0 0 0 0 1 1 1
RESPONSES 1 1 1 1 1 1 1 1 1 1 1 1 0 0 0 0 1 1 1 1 1
RESPONSES 0 0 0 1 0 1 1 1 0 0 0 1 0 0 0 0 0 0 1 1 0
RESPONSES 0 1 1 0 0 0 1 1 0 0 0 0 0 0 0 0 1 1 1 1 0
RESPONSES 1 1 1 0 1 1 1 1 0 1 1 1 0 0 0 0 1 1 1 1 0
RESPONSES 1 1 1 1 1 1 1 1 0 1 1 1 0 0 0 1 0 0 0 0 0
RESPONSES 1 1 1 1 0 0 1 1 0 0 0 1 1 1 1 1 0 0 1 1 1
RESPONSES 1 1 1 1 0 0 1 1 0 1 1 1 0 0 0 1 0 0 1 1 0
RESPONSES 1 1 1 1 0 1 1 1 1 1 1 1 0 0 0 0 1 1 1 1 0
RESPONSES 1 1 1 1 0 1 1 1 1 1 1 1 1 1 1 1 0 0 0 1 1
RESPONSES 1 1 1 0 0 1 1 1 0 1 1 1 0 0 0 0 0 0 1 1 0
RESPONSES 1 1 1 1 0 1 1 1 1 1 1 1 0 0 0 0 1 1 1 1 0
RESPONSES 1 1 1 1 0 1 1 1 1 1 1 1 0 0 0 0 0 0 0 1 1
RESPONSES 0 1 1 1 1 1 1 1 0 1 1 1 0 0 0 1 0 0 1 1 1
RESPONSES 1 1 1 1 0 0 0 0 0 0 0 1 0 0 0 1 0 0 1 1 1
RESPONSES 1 1 1 1 1 1 1 1 0 1 1 1 0 0 0 0 1 1 1 1 1
RESPONSES 1 1 1 1 1 1 1 1 0 1 1 1 0 0 0 0 1 1 1 1 0
RESPONSES 0 1 1 0 0 1 1 1 0 0 0 0 0 0 0 0 1 1 1 1 0
RESPONSES 1 1 1 1 0 1 1 1 0 0 0 1 0 0 0 0 0 0 1 1 1
RESPONSES 1 1 1 1 0 0 0 0 0 1 1 1 0 0 0 0 0 0 1 1 0
RESPONSES 1 1 1 0 0 0 0 0 0 1 1 1 0 0 0 1 0 1 1 1 0
RESPONSES 1 1 1 0 0 0 1 1 0 1 1 1 0 0 0 0 0 0 1 1 0
COSTS 7 8 17 10 11 8 11 11 15 11 6 7 4 5 4 12 10 12 12 13 5
COSTS 7 8 17 10 11 8 11 11 15 11 6 7 4 5 4 12 10 12 12 13 5
COSTS 7 12 17 10 11 8 11 11 15 11 6 7 6 6 2 12 10 12 12 13 6
COSTS 7 12 17 10 12 8 11 11 15 11 6 7 6 6 2 12 9 11 12 13 6
COSTS 7 8 17 10 11 8 11 11 15 12 6 7 6 6 2 12 10 12 12 13 5
COSTS 7 12 17 10 11 9 11 11 15 12 6 10 6 6 2 12 9 11 12 13 5
COSTS 7 12 17 10 12 8 11 11 15 11 6 7 6 6 2 12 9 11 12 13 5
COSTS 7 12 17 10 12 8 11 11 15 11 6 7 6 6 2 14 10 12 14 13 5
COSTS 7 12 17 10 11 9 11 11 15 12 6 7 4 5 4 14 10 12 12 13 6
COSTS 7 12 17 10 11 9 11 11 15 11 6 7 6 6 2 14 10 12 12 13 5
COSTS 7 12 17 10 11 8 11 11 15 11 6 7 6 6 2 12 9 11 12 13 5
COSTS 7 12 17 10 11 8 11 11 15 11 6 7 4 5 4 14 10 12 14 13 6
COSTS 7 12 17 10 11 8 11 11 15 11 6 7 6 6 2 12 10 12 12 13 5
COSTS 7 12 17 10 11 8 11 11 15 11 6 7 6 6 2 12 9 11 12 13 5
COSTS 7 12 17 10 11 8 11 11 15 11 6 7 6 6 2 12 10 12 14 13 6
COSTS 7 12 17 10 12 8 11 11 15 11 6 7 6 6 2 14 10 12 12 13 6
COSTS 7 12 17 10 11 9 11 12 15 12 6 7 6 6 2 14 10 12 12 13 6
COSTS 7 12 17 10 12 8 11 11 15 11 6 7 6 6 2 12 9 11 12 13 6
COSTS 7 12 17 10 12 8 11 11 15 11 6 7 6 6 2 12 9 11 12 13 5
COSTS 7 12 17 10 11 8 11 11 15 12 6 10 6 6 2 12 9 11 12 13 5
COSTS 7 12 17 10 11 8 11 11 15 12 6 7 6 6 2 12 10 12 12 13 6
COSTS 7 12 17 10 11 9 11 12 15 11 6 7 6 6 2 12 10 12 12 13 5
COSTS 7 12 17 10 11 9 11 12 15 11 6 7 6 6 2 14 10 11 12 13 5
COSTS 7 12 17 10 11 9 11 11 15 11 6 7 6 6 2 12 10 12 12 13 5
END
STATE 1216cf8eb089a53bca2e86985ef4f5bf2ee1a4c2e8242f6f5ddfb7bcd097e7f2 6001 24 32
LABELS 0 0 0 0 0 0 0 0 0 0 0 0 0 0 0 0 0 0 0 0 0 0 0 0
MASSES 28 27 25 23 8 14 13 27 5 5 16 6 9 5 21 13 22 10 15 13 25 24 9 20
QUERY_IDS 0 1 7 10 16 18 19 22 24 25 26 27 28 29 30 31 32 33 34 35 36 41 42 43 51 52 53 54 55 56 57 60
RESPONSES 0 1 0 0 0 0 0 0 0 0 0 0 0 0 0 0 0 0 0 0 0 0 0 0 0 0 0 0 0 0 0 1
RESPONSES 0 1 0 0 0 0 0 0 0 0 0 0 0 0 0 0 0 0 0 0 0 0 0 0 0 0 0 0 0 0 0 1
RESPONSES 0 1 0 0 0 0 0 0 0 0 0 0 0 0 0 0 0 0 0 0 0 0 0 0 0 0 0 0 0 0 0 1
RESPONSES 0 1 0 0 0 0 0 0 0 0 0 0 0 0 0 0 0 0 0 0 0 0 0 0 0 0 0 0 0 0 0 1
RESPONSES 1 1 0 1 0 0 0 0 0 0 0 0 0 0 0 0 0 0 0 0 0 0 0 0 0 0 0 0 0 0 0 1
RESPONSES 0 1 1 0 0 0 0 0 0 0 0 0 0 0 0 0 0 0 0 0 0 0 0 0 0 0 0 0 0 0 0 1
RESPONSES 0 1 0 0 0 0 0 0 0 0 0 0 0 0 0 0 0 0 0 0 0 0 0 0 0 0 0 0 0 0 0 1
RESPONSES 0 1 0 0 0 0 0 0 0 0 0 0 0 0 0 0 0 0 0 0 0 0 0 0 0 0 0 0 0 0 0 1
RESPONSES 0 0 0 0 0 0 0 0 0 0 0 0 0 0 0 0 0 0 0 0 0 0 0 0 0 0 0 0 0 0 0 1
RESPONSES 0 0 0 0 0 0 0 0 0 0 0 0 0 0 0 0 0 0 0 0 0 0 0 0 0 0 0 0 0 0 0 1
RESPONSES 0 0 0 0 0 0 0 0 0 0 0 0 0 0 0 0 0 0 0 0 0 0 0 0 0 0 0 0 0 0 0 1
RESPONSES 0 1 1 0 0 0 0 1 1 1 1 1 1 1 1 1 1 1 1 1 1 1 1 1 1 1 1 1 1 1 1 0
RESPONSES 0 0 0 0 0 0 0 0 0 0 0 0 0 0 0 0 0 0 0 0 0 0 0 0 0 0 0 0 0 0 0 1
RESPONSES 0 0 0 0 0 0 0 0 0 0 0 0 0 0 0 0 0 0 0 0 0 0 0 0 0 0 0 0 0 0 0 1
RESPONSES 0 0 0 0 0 0 0 0 0 0 0 0 0 0 0 0 0 0 0 0 0 0 0 0 0 0 0 0 0 0 0 1
RESPONSES 0 0 0 0 0 0 0 0 0 0 0 0 0 0 0 0 0 0 0 0 0 0 0 0 0 0 0 0 0 0 0 1
RESPONSES 1 1 0 0 0 0 1 0 0 0 0 0 0 0 0 0 0 0 0 0 0 0 0 0 0 0 0 0 0 0 0 1
RESPONSES 1 1 0 0 0 0 0 0 0 0 0 0 0 0 0 0 0 0 0 0 0 0 0 0 0 0 0 0 0 0 0 1
RESPONSES 0 1 0 0 0 0 0 0 0 0 0 0 0 1 0 0 1 1 1 1 0 0 0 0 0 0 0 0 0 0 0 1
RESPONSES 0 0 0 0 0 1 1 0 0 0 0 0 0 0 0 0 0 0 0 0 0 0 0 0 0 0 0 0 0 0 0 1
RESPONSES 1 1 0 0 0 0 0 0 0 0 0 0 0 0 0 0 0 0 0 0 0 0 0 0 0 0 0 0 0 0 0 1
RESPONSES 1 1 0 0 0 0 0 0 0 0 0 0 0 1 0 0 0 0 1 1 0 0 0 0 0 0 0 0 0 0 0 1
RESPONSES 1 1 0 1 1 0 0 0 0 0 0 0 0 0 0 0 0 0 0 0 0 0 0 0 0 0 0 0 0 0 0 1
RESPONSES 1 1 0 1 1 0 0 0 0 0 0 0 0 0 0 0 0 0 0 0 0 0 0 0 0 0 0 0 0 0 0 1
COSTS 9 11 12 15 8 6 8 10 13 14 11 14 16 16 4 17 14 3 12 5 7 12 15 10 5 7 12 11 11 13 2 6
COSTS 9 11 12 15 8 6 8 10 13 14 11 14 16 16 4 17 14 3 12 5 7 12 15 10 5 7 12 11 11 13 2 6
COSTS 9 11 12 15 8 6 8 10 13 14 11 14 16 16 4 17 14 3 12 5 7 12 15 10 5 7 12 11 11 13 2 6
COSTS 9 11 12 15 8 6 8 10 13 14 11 14 16 16 4 17 14 3 12 5 7 12 15 10 5 7 12 11 11 13 2 6
COSTS 6 11 12 14 8 6 8 10 13 14 11 14 16 16 4 17 14 3 12 5 7 12 15 10 5 7 12 11 11 13 2 6
COSTS 9 11 13 15 8 6 8 10 13 14 11 14 16 16 4 17 14 3 12 5 7 12 15 10 5 7 12 11 11 13 2 6
COSTS 9 11 12 15 8 6 8 10 13 14 11 14 16 16 4 17 14 3 12 5 7 12 15 10 5 7 12 11 11 13 2 6
COSTS 9 11 12 15 8 6 8 10 13 14 11 14 16 16 4 17 14 3 12 5 7 12 15 10 5 7 12 11 11 13 2 6
COSTS 9 10 12 15 8 6 8 10 13 14 11 14 16 16 4 17 14 3 12 5 7 12 15 10 5 7 12 11 11 13 2 6
COSTS 9 10 12 15 8 6 8 10 13 14 11 14 16 16 4 17 14 3 12 5 7 12 15 10 5 7 12 11 11 13 2 6
COSTS 9 10 12 15 8 6 8 10 13 14 11 14 16 16 4 17 14 3 12 5 7 12 15 10 5 7 12 11 11 13 2 6
COSTS 9 11 13 15 8 6 8 8 13 17 14 14 18 14 5 13 13 1 10 5 6 15 18 13 7 5 13 14 14 15 2 9
COSTS 9 10 12 15 8 6 8 10 13 14 11 14 16 16 4 17 14 3 12 5 7 12 15 10 5 7 12 11 11 13 2 6
COSTS 9 10 12 15 8 6 8 10 13 14 11 14 16 16 4 17 14 3 12 5 7 12 15 10 5 7 12 11 11 13 2 6
COSTS 9 10 12 15 8 6 8 10 13 14 11 14 16 16 4 17 14 3 12 5 7 12 15 10 5 7 12 11 11 13 2 6
COSTS 9 10 12 15 8 6 8 10 13 14 11 14 16 16 4 17 14 3 12 5 7 12 15 10 5 7 12 11 11 13 2 6
COSTS 6 11 12 15 8 6 4 10 13 14 11 14 16 16 4 17 14 3 12 5 7 12 15 10 5 7 12 11 11 13 2 6
COSTS 6 11 12 15 8 6 8 10 13 14 11 14 16 16 4 17 14 3 12 5 7 12 15 10 5 7 12 11 11 13 2 6
COSTS 9 11 12 15 8 6 8 10 13 14 11 14 16 14 4 17 13 1 10 5 7 12 15 10 5 7 12 11 11 13 2 6
COSTS 9 10 12 15 8 8 4 10 13 14 11 14 16 16 4 17 14 3 12 5 7 12 15 10 5 7 12 11 11 13 2 6
COSTS 6 11 12 15 8 6 8 10 13 14 11 14 16 16 4 17 14 3 12 5 7 12 15 10 5 7 12 11 11 13 2 6
COSTS 6 11 12 15 8 6 8 10 13 14 11 14 16 14 4 17 14 3 10 5 7 12 15 10 5 7 12 11 11 13 2 6
COSTS 6 11 12 14 11 6 8 10 13 14 11 14 16 16 4 17 14 3 12 5 7 12 15 10 5 7 12 11 11 13 2 6
COSTS 6 11 12 14 11 6 8 10 13 14 11 14 16 16 4 17 14 3 12 5 7 12 15 10 5 7 12 11 11 13 2 6
END
STATE 13b0de0860c0c8d8236890c2a552142846649fefb859c9b7917d1e5f4bce2c31 6003 20 15
LABELS 1 1 1 1 1 1 1 1 1 1 1 1 1 1 0 1 1 1 1 0
MASSES 12 14 9 3 5 29 4 9 28 14 28 12 8 24 30 9 5 16 6 21
QUERY_IDS 0 1 2 3 4 5 7 8 9 10 11 12 13 14 15
RESPONSES 0 2 0 1 1 1 0 1 1 1 2 2 1 1 2
RESPONSES 0 1 0 1 1 0 0 0 0 1 2 1 1 0 2
RESPONSES 0 2 0 1 1 1 0 0 1 1 0 2 1 1 1
RESPONSES 0 1 0 1 1 1 0 0 1 1 2 2 1 1 1
RESPONSES 0 1 0 1 1 1 0 0 0 1 2 2 1 1 1
RESPONSES 0 1 0 1 1 1 0 0 0 1 2 2 1 1 1
RESPONSES 0 0 0 1 1 1 0 0 0 1 2 2 1 1 1
RESPONSES 0 0 0 1 1 1 0 0 0 1 2 2 1 1 1
RESPONSES 0 0 0 1 1 1 0 0 1 1 2 2 1 1 2
RESPONSES 1 2 0 1 1 1 0 0 1 1 2 2 1 1 2
RESPONSES 0 1 0 1 1 1 0 0 0 1 2 2 1 1 0
RESPONSES 0 2 0 1 1 1 0 0 0 1 2 2 1 1 2
RESPONSES 0 1 0 1 1 0 0 0 0 1 2 1 1 1 1
RESPONSES 0 2 0 1 1 1 0 0 1 1 2 2 1 1 0
RESPONSES 0 2 0 1 1 1 0 0 0 1 1 0 1 2 2
RESPONSES 1 2 0 1 1 1 0 0 0 2 1 2 1 1 2
RESPONSES 0 2 0 1 1 0 0 0 0 0 0 2 1 1 1
RESPONSES 0 0 0 1 1 1 0 0 0 1 2 2 1 1 0
RESPONSES 0 1 0 1 1 1 0 0 0 1 2 2 1 1 2
RESPONSES 0 2 1 0 0 1 1 1 0 2 1 0 0 0 0
COSTS 4 3 14 15 15 12 17 16 13 3 11 8 6 4 11
COSTS 4 3 14 15 15 14 17 14 12 3 11 6 6 4 11
COSTS 4 3 14 15 15 12 17 14 13 3 11 8 6 4 15
COSTS 4 3 14 15 15 12 17 14 13 3 11 8 6 4 15
COSTS 4 3 14 15 15 12 17 14 12 3 11 8 6 4 15
COSTS 4 3 14 15 15 12 17 14 12 3 11 8 6 4 15
COSTS 4 3 14 15 15 12 17 14 12 3 11 8 6 4 15
COSTS 4 3 14 15 15 12 17 14 12 3 11 8 6 4 15
COSTS 4 3 14 15 15 12 17 14 13 3 11 8 6 4 11
COSTS 4 3 14 15 15 12 17 14 13 3 11 8 6 4 11
COSTS 4 3 14 15 15 12 17 14 12 3 11 8 6 4 14
COSTS 4 3 14 15 15 12 17 14 12 3 11 8 6 4 11
COSTS 4 3 14 15 15 14 17 14 12 3 11 6 6 4 15
COSTS 4 3 14 15 15 12 17 14 13 3 11 8 6 4 14
COSTS 4 3 14 15 15 12 17 14 12 3 9 4 6 5 11
COSTS 4 3 14 15 15 12 17 14 12 6 9 8 6 4 11
COSTS 4 3 14 15 15 14 17 14 12 3 11 8 6 4 15
COSTS 4 3 14 15 15 12 17 14 12 3 11 8 6 4 14
COSTS 4 3 14 15 15 12 17 14 12 3 11 8 6 4 11
COSTS 4 3 15 13 12 12 17 16 12 6 9 4 5 4 14
END
STATE 13d8b2f3a672e67cdb4112b5c5953cb7ab41674942306fef777eef46ac5a22b4 6002 24 25
LABELS 1 1 0 1 1 1 0 1 1 1 0 0 1 1 1 0 0 1 0 1 0 0 0 1
MASSES 12 1 12 17 31 26 12 3 16 31 2 12 31 11 2 5 16 16 11 5 9 26 26 2
QUERY_IDS 5 6 7 10 11 13 14 15 16 18 19 20 21 24 26 27 28 29 30 33 35 42 47 50 51
RESPONSES 1 0 0 0 0 0 0 0 0 1 1 0 0 1 0 0 0 0 0 0 0 0 0 1 1
RESPONSES 1 0 0 1 1 0 0 0 0 1 1 1 1 1 1 1 1 1 1 1 1 1 0 1 1
RESPONSES 1 0 0 1 1 0 0 0 0 0 0 1 1 1 1 1 1 1 1 0 0 1 0 1 1
RESPONSES 0 0 0 1 1 1 1 1 1 1 1 1 1 1 1 1 1 1 1 1 1 1 0 1 1
RESPONSES 1 0 0 0 0 0 0 0 0 1 1 1 1 1 1 1 1 1 1 1 1 1 0 0 0
RESPONSES 1 0 0 0 0 0 0 1 1 1 1 1 1 1 1 1 1 1 1 1 1 0 0 1 1
RESPONSES 1 1 1 1 1 0 0 0 0 1 1 1 1 1 1 1 1 1 1 0 1 1 0 1 1
RESPONSES 0 0 0 0 0 0 0 0 0 0 0 1 1 1 1 1 1 1 1 0 1 1 0 0 0
RESPONSES 1 0 0 0 0 0 0 0 0 1 1 0 0 1 0 0 0 0 1 1 1 0 0 0 0
RESPONSES 1 0 0 1 1 0 0 0 0 0 0 0 0 0 1 1 1 1 1 0 0 1 0 0 1
RESPONSES 1 0 0 1 1 0 0 1 1 1 1 1 1 1 1 1 1 1 1 1 1 1 0 1 1
RESPONSES 1 0 0 1 1 0 0 0 0 0 0 0 0 1 1 1 1 1 1 1 1 1 0 0 1
RESPONSES 1 0 0 1 1 0 0 0 0 1 1 1 1 1 1 1 1 1 1 0 1 1 0 0 0
RESPONSES 1 0 0 1 1 0 0 0 0 0 0 1 1 1 1 1 1 1 1 0 0 1 0 1 1
RESPONSES 1 0 0 1 1 0 0 1 1 1 1 1 1 1 1 1 1 1 1 1 1 0 0 1 1
RESPONSES 1 1 1 1 1 0 0 0 0 1 1 1 1 1 1 1 1 1 1 1 1 1 0 1 1
RESPONSES 1 0 0 1 1 0 0 0 0 1 1 0 0 1 1 1 1 1 1 0 0 0 0 0 0
RESPONSES 0 0 0 0 0 0 0 0 0 0 0 1 1 1 1 1 1 1 1 1 1 1 0 0 0
RESPONSES 0 0 0 1 1 1 1 1 1 1 1 1 1 1 1 1 1 1 1 0 1 1 0 0 1
RESPONSES 1 0 0 1 1 0 0 1 1 1 1 1 1 1 1 1 1 1 1 0 1 1 0 0 1
RESPONSES 0 0 0 1 1 0 0 0 0 1 1 1 1 1 1 1 1 1 1 1 1 1 0 0 1
RESPONSES 1 1 1 1 1 1 1 1 1 1 1 1 1 1 1 1 1 1 1 0 1 0 1 1 1
RESPONSES 1 0 0 1 1 0 0 0 0 1 1 0 0 1 0 0 0 0 0 0 0 1 0 1 1
RESPONSES 0 0 0 0 0 0 0 0 0 1 1 0 0 1 1 1 1 1 1 0 0 1 0 0 1
COSTS 19 14 18 9 11 10 3 13 14 8 8 7 7 5 8 6 11 7 10 18 14 11 6 11 7
COSTS 19 14 18 9 14 10 3 13 14 8 8 11 5 5 9 4 14 10 12 19 13 8 6 11 7
COSTS 19 14 18 9 14 10 3 13 14 5 8 11 5 5 9 4 14 10 12 18 14 8 6 11 7
COSTS 18 14 18 9 14 12 5 14 11 8 8 11 5 5 9 4 14 10 12 19 13 8 6 11 7
COSTS 19 14 18 9 11 10 3 13 14 8 8 11 5 5 9 4 14 10 12 19 13 8 6 11 6
COSTS 19 14 18 9 11 10 3 14 11 8 8 11 5 5 9 4 14 10 12 19 13 11 6 11 7
COSTS 19 18 15 9 14 10 3 13 14 8 8 11 5 5 9 4 14 10 12 18 13 8 6 11 7
COSTS 18 14 18 9 11 10 3 13 14 5 8 11 5 5 9 4 14 10 12 18 13 8 6 11 6
COSTS 19 14 18 9 11 10 3 13 14 8 8 7 7 5 8 6 11 7 12 19 13 11 6 11 6
COSTS 19 14 18 9 14 10 3 13 14 5 8 7 7 4 9 4 14 10 12 18 14 8 6 11 7
COSTS 19 14 18 9 14 10 3 14 11 8 8 11 5 5 9 4 14 10 12 19 13 8 6 11 7
COSTS 19 14 18 9 14 10 3 13 14 5 8 7 7 5 9 4 14 10 12 19 13 8 6 11 7
COSTS 19 14 18 9 14 10 3 13 14 8 8 11 5 5 9 4 14 10 12 18 13 8 6 11 6
COSTS 19 14 18 9 14 10 3 13 14 5 8 11 5 5 9 4 14 10 12 18 14 8 6 11 7
COSTS 19 14 18 9 14 10 3 14 11 8 8 11 5 5 9 4 14 10 12 19 13 11 6 11 7
COSTS 19 18 15 9 14 10 3 13 14 8 8 11 5 5 9 4 14 10 12 19 13 8 6 11 7
COSTS 19 14 18 9 14 10 3 13 14 8 8 7 7 5 9 4 14 10 12 18 14 11 6 11 6
COSTS 18 14 18 9 11 10 3 13 14 5 8 11 5 5 9 4 14 10 12 19 13 8 6 11 6
COSTS 18 14 18 9 14 12 5 14 11 8 8 11 5 5 9 4 14 10 12 18 13 8 6 11 7
COSTS 19 14 18 9 14 10 3 14 11 8 8 11 5 5 9 4 14 10 12 18 13 8 6 11 7
COSTS 18 14 18 9 14 10 3 13 14 8 8 11 5 5 9 4 14 10 12 19 13 8 6 11 7
COSTS 19 18 15 9 14 12 5 14 11 8 8 11 5 5 9 4 14 10 12 18 13 11 8 11 7
COSTS 19 14 18 9 14 10 3 13 14 8 8 7 7 5 8 6 11 7 10 18 14 8 6 11 7
COSTS 18 14 18 9 11 10 3 13 14 8 8 7 7 5 9 4 14 10 12 18 14 8 6 11 7
END
STATE 1455f98b4e30beb703b9713368968c897ba262a732211d6545b12ae6d9e29b8d 6003 24 24
LABELS 1 1 0 0 0 1 0 0 1 0 0 1 0 0 0 1 1 1 1 1 0 0 0 0
MASSES 26 6 21 10 23 27 15 31 23 19 18 28 12 13 21 2 17 8 29 10 31 13 11 22
QUERY_IDS 1 2 4 7 8 9 11 20 21 23 24 26 27 29 33 34 38 41 45 46 47 48 49 51
RESPONSES 1 1 1 0 0 0 1 0 0 1 1 0 0 0 0 0 0 1 0 0 0 0 0 1
RESPONSES 0 0 1 0 0 0 0 0 0 0 0 0 0 0 0 0 0 0 0 0 0 1 1 1
RESPONSES 0 0 1 0 0 0 0 0 0 1 1 0 0 1 1 1 0 1 0 0 0 1 1 1
RESPONSES 1 1 1 0 0 0 1 1 1 1 1 1 1 1 1 1 0 1 0 0 0 1 1 1
RESPONSES 1 1 1 0 0 0 1 1 1 1 1 1 1 1 1 1 0 1 1 1 1 1 1 1
RESPONSES 0 0 0 0 1 1 1 0 0 0 0 1 1 1 0 0 0 1 0 0 0 0 0 1
RESPONSES 0 0 0 0 1 1 1 0 0 1 1 1 1 1 1 1 0 1 0 0 0 0 0 1
RESPONSES 0 0 0 1 1 1 1 0 0 1 1 0 0 1 0 0 0 1 0 0 0 0 0 1
RESPONSES 0 0 1 0 0 0 1 1 1 1 1 1 1 1 0 0 0 1 0 0 0 1 1 1
RESPONSES 0 0 1 1 1 1 1 0 0 0 0 0 0 1 0 0 0 0 0 0 0 1 1 1
RESPONSES 1 1 1 1 1 1 1 1 1 1 1 1 1 1 1 1 0 1 0 0 0 1 1 1
RESPONSES 1 1 1 0 0 0 0 0 0 1 1 1 1 1 0 0 0 0 0 0 0 0 0 1
RESPONSES 0 0 1 0 0 0 1 0 0 0 1 1 1 1 1 1 0 0 0 0 0 0 0 0
RESPONSES 1 1 1 0 0 0 0 0 0 0 0 0 0 1 0 0 0 1 0 0 0 0 0 0
RESPONSES 1 1 1 0 0 0 1 0 0 1 1 0 0 1 1 1 0 1 1 1 1 1 1 1
RESPONSES 0 0 1 0 0 0 1 0 0 0 0 0 0 1 0 0 0 1 0 0 0 0 0 1
RESPONSES 0 0 0 0 0 0 0 0 0 0 0 0 0 0 0 0 0 0 0 0 0 0 0 1
RESPONSES 1 1 1 0 0 0 0 0 0 0 0 1 1 1 0 0 0 1 0 0 0 1 1 1
RESPONSES 1 1 1 1 1 1 1 0 0 1 1 0 0 0 0 0 0 1 0 0 0 0 0 1
RESPONSES 0 0 1 0 0 0 0 1 1 1 1 1 1 1 0 0 1 1 0 0 0 0 0 0
RESPONSES 0 0 1 0 1 1 1 0 0 0 0 1 1 1 0 0 0 1 0 0 0 0 0 0
RESPONSES 1 1 1 1 1 1 1 0 0 0 1 0 0 1 0 0 0 0 1 1 1 1 1 1
RESPONSES 0 0 1 0 1 1 1 0 0 0 1 1 1 1 0 0 0 1 0 0 0 0 0 1
RESPONSES 1 1 1 0 0 0 0 0 0 0 0 0 0 0 0 0 0 1 0 0 0 1 1 1
COSTS 7 14 7 10 14 6 10 18 5 8 7 16 14 8 13 19 6 7 12 14 5 2 14 7
COSTS 6 11 7 10 14 6 10 18 5 10 7 16 14 8 13 19 6 4 12 14 5 3 17 7
COSTS 6 11 7 10 14 6 10 18 5 8 7 16 14 8 13 19 6 7 12 14 5 3 17 7
COSTS 7 14 7 10 14 6 10 18 4 8 7 14 13 8 13 19 6 7 12 14 5 3 17 7
COSTS 7 14 7 10 14 6 10 18 4 8 7 14 13 8 13 19 6 7 12 14 5 3 17 7
COSTS 6 11 9 10 15 7 10 18 5 10 7 14 13 8 13 19 6 7 12 14 5 2 14 7
COSTS 6 11 9 10 15 7 10 18 5 8 7 14 13 8 13 19 6 7 12 14 5 2 14 7
COSTS 6 11 9 11 15 7 10 18 5 8 7 16 14 8 13 19 6 7 12 14 5 2 14 7
COSTS 6 11 7 10 14 6 10 18 4 8 7 14 13 8 13 19 6 7 12 14 5 3 17 7
COSTS 6 11 7 11 15 7 10 18 5 10 7 16 14 8 13 19 6 4 12 14 5 3 17 7
COSTS 7 14 7 11 15 7 10 18 4 8 7 14 13 8 13 19 6 7 12 14 5 3 17 7
COSTS 7 14 7 10 14 6 10 18 5 8 7 14 13 8 13 19 6 4 12 14 5 2 14 7
COSTS 6 11 7 10 14 6 10 18 5 10 7 14 13 8 13 19 6 4 12 14 5 2 14 7
COSTS 7 14 7 10 14 6 10 18 5 10 7 16 14 8 13 19 6 7 12 14 5 2 14 7
COSTS 7 14 7 10 14 6 10 18 5 8 7 16 14 8 13 19 6 7 12 14 5 3 17 7
COSTS 6 11 7 10 14 6 10 18 5 10 7 16 14 8 13 19 6 7 12 14 5 2 14 7
COSTS 6 11 9 10 14 6 10 18 5 10 7 16 14 8 13 19 6 4 12 14 5 2 14 7
COSTS 7 14 7 10 14 6 10 18 5 10 7 14 13 8 13 19 6 7 12 14 5 3 17 7
COSTS 7 14 7 11 15 7 10 18 5 8 7 16 14 8 13 19 6 7 12 14 5 2 14 7
COSTS 6 11 7 10 14 6 10 18 4 8 7 14 13 8 13 19 3 7 12 14 5 2 14 7
COSTS 6 11 7 10 15 7 10 18 5 10 7 14 13 8 13 19 6 7 12 14 5 2 14 7
COSTS 7 14 7 11 15 7 10 18 5 10 7 16 14 8 13 19 6 4 12 14 5 3 17 7
COSTS 6 11 7 10 15 7 10 18 5 10 7 14 13 8 13 19 6 7 12 14 5 2 14 7
COSTS 7 14 7 10 14 6 10 18 5 10 7 16 14 8 13 19 6 7 12 14 5 3 17 7
END
STATE 172263e99fbbbcd98a636572a76ebac5cf14ba8c3ac2caa6518453a3ba988fe3 6001 24 36
LABELS 0 0 0 0 0 0 0 0 0 0 0 0 0 0 0 0 0 0 0 0 0 0 0 0
MASSES 28 27 23 8 15 17 31 5 16 16 21 6 29 29 5 21 13 22 10 15 13 25 24 9
QUERY_IDS 0 1 2 3 7 10 16 18 19 22 24 25 26 27 28 29 30 31 32 33 34 35 36 39 40 41 42 43 51 52 53 54 55 56 57 60
RESPONSES 0 1 1 1 0 0 0 0 0 0 0 0 0 0 0 0 0 0 0 0 0 0 0 0 0 0 0 0 0 0 0 0 0 0 0 1
RESPONSES 0 1 1 1 0 0 0 0 0 0 0 0 0 0 0 0 0 0 0 0 0 0 0 0 0 0 0 0 0 0 0 0 0 0 0 1
RESPONSES 0 1 1 1 0 0 0 0 0 0 0 0 0 0 0 0 0 0 0 0 0 0 0 0 0 0 0 0 0 0 0 0 0 0 0 1
RESPONSES 1 1 1 1 0 1 0 0 0 0 0 0 0 0 0 0 0 0 0 0 0 0 0 0 0 0 0 0 0 0 0 0 0 0 0 1
RESPONSES 0 0 0 0 0 0 0 0 0 0 0 0 0 0 0 1 0 0 0 0 1 1 0 0 0 0 0 0 0 0 0 0 0 0 0 1
RESPONSES 0 0 0 0 0 0 1 0 0 0 0 0 0 0 0 0 0 0 0 0 0 0 0 0 0 0 0 0 0 0 0 0 0 0 0 1
RESPONSES 0 0 0 0 0 0 1 0 0 0 0 0 0 0 0 0 0 0 0 0 0 0 0 0 0 0 0 0 0 0 0 0 0 0 0 1
RESPONSES 0 0 1 1 0 0 0 0 0 0 0 0 0 0 0 0 0 0 0 0 0 0 0 0 0 0 0 0 0 0 0 0 0 0 0 1
RESPONSES 0 0 1 1 0 0 0 0 0 0 0 0 0 0 0 0 0 0 0 0 0 0 0 0 0 0 0 0 0 0 0 0 0 0 0 1
RESPONSES 1 1 1 1 0 0 0 0 0 0 0 0 0 0 0 1 0 1 1 1 1 1 1 1 1 1 1 1 0 0 0 0 0 0 0 1
RESPONSES 0 0 0 1 0 0 0 0 0 0 0 0 0 0 0 0 0 0 0 0 0 0 0 0 0 0 0 0 0 0 0 0 0 0 0 1
RESPONSES 0 1 1 1 1 0 0 0 0 1 1 1 1 1 1 1 1 1 1 1 1 1 1 0 0 1 1 1 1 1 1 1 1 1 1 0
RESPONSES 1 1 1 1 0 0 1 0 0 0 0 0 0 0 0 0 0 0 0 0 0 0 0 0 0 0 0 0 0 0 0 0 0 0 0 1
RESPONSES 0 0 0 1 1 0 0 0 0 0 0 0 0 0 0 0 0 0 0 0 0 0 0 0 0 0 0 0 0 0 0 0 0 0 0 1
RESPONSES 0 0 1 1 0 0 0 0 0 0 0 0 0 0 0 0 0 0 0 0 0 0 0 0 0 0 0 0 0 0 0 0 0 0 0 1
RESPONSES 0 0 1 1 0 0 0 0 0 0 0 0 0 0 0 0 0 0 0 0 0 0 0 0 0 0 0 0 0 0 0 0 0 0 0 1
RESPONSES 0 0 1 1 0 0 0 0 0 0 0 0 0 0 0 0 0 0 0 0 0 0 0 0 0 0 0 0 0 0 0 0 0 0 0 1
RESPONSES 1 1 1 1 0 0 0 0 1 0 0 0 0 0 0 0 0 0 0 0 0 0 0 0 0 0 0 0 0 0 0 0 0 0 0 1
RESPONSES 1 1 1 1 0 0 0 0 0 0 0 0 0 0 0 0 0 0 0 0 0 0 0 0 0 0 0 0 0 0 0 0 0 0 0 1
RESPONSES 0 1 1 1 0 0 0 0 0 0 0 0 0 0 0 1 0 0 1 1 1 1 0 0 0 0 0 0 0 0 0 0 0 0 0 1
RESPONSES 0 0 1 1 0 0 0 1 1 0 0 0 0 0 0 0 0 0 0 0 0 0 0 0 0 0 0 0 0 0 0 0 0 0 0 1
RESPONSES 1 1 1 1 0 0 0 0 0 0 0 0 0 0 0 0 0 0 0 0 0 0 0 0 0 0 0 0 0 0 0 0 0 0 0 1
RESPONSES 1 1 1 1 0 0 0 0 0 0 0 0 0 0 0 1 0 0 0 0 1 1 0 0 0 0 0 0 0 0 0 0 0 0 0 1
RESPONSES 1 1 1 1 0 1 1 0 0 0 0 0 0 0 0 0 0 0 0 0 0 0 0 0 0 0 0 0 0 0 0 0 0 0 0 1
COSTS 9 11 7 15 12 15 8 6 8 10 13 14 11 14 16 16 4 17 14 3 12 5 7 9 16 12 15 10 5 7 12 11 11 13 2 6
COSTS 9 11 7 15 12 15 8 6 8 10 13 14 11 14 16 16 4 17 14 3 12 5 7 9 16 12 15 10 5 7 12 11 11 13 2 6
COSTS 9 11 7 15 12 15 8 6 8 10 13 14 11 14 16 16 4 17 14 3 12 5 7 9 16 12 15 10 5 7 12 11 11 13 2 6
COSTS 6 11 7 15 12 14 8 6 8 10 13 14 11 14 16 16 4 17 14 3 12 5 7 9 16 12 15 10 5 7 12 11 11 13 2 6
COSTS 9 10 10 14 12 15 8 6 8 10 13 14 11 14 16 14 4 17 14 3 10 5 7 9 16 12 15 10 5 7 12 11 11 13 2 6
COSTS 9 10 10 14 12 15 11 6 8 10 13 14 11 14 16 16 4 17 14 3 12 5 7 9 16 12 15 10 5 7 12 11 11 13 2 6
COSTS 9 10 10 14 12 15 11 6 8 10 13 14 11 14 16 16 4 17 14 3 12 5 7 9 16 12 15 10 5 7 12 11 11 13 2 6
COSTS 9 10 7 15 12 15 8 6 8 10 13 14 11 14 16 16 4 17 14 3 12 5 7 9 16 12 15 10 5 7 12 11 11 13 2 6
COSTS 9 10 7 15 12 15 8 6 8 10 13 14 11 14 16 16 4 17 14 3 12 5 7 9 16 12 15 10 5 7 12 11 11 13 2 6
COSTS 6 11 7 15 12 15 8 6 8 10 13 14 11 14 16 14 4 13 13 1 10 5 6 7 13 15 18 13 5 7 12 11 11 13 2 6
COSTS 9 10 10 15 12 15 8 6 8 10 13 14 11 14 16 16 4 17 14 3 12 5 7 9 16 12 15 10 5 7 12 11 11 13 2 6
COSTS 9 11 7 15 13 15 8 6 8 8 13 17 14 14 18 14 5 13 13 1 10 5 6 9 16 15 18 13 7 5 13 14 14 15 2 9
COSTS 6 11 7 15 12 15 11 6 8 10 13 14 11 14 16 16 4 17 14 3 12 5 7 9 16 12 15 10 5 7 12 11 11 13 2 6
COSTS 9 10 10 15 13 15 8 6 8 10 13 14 11 14 16 16 4 17 14 3 12 5 7 9 16 12 15 10 5 7 12 11 11 13 2 6
COSTS 9 10 7 15 12 15 8 6 8 10 13 14 11 14 16 16 4 17 14 3 12 5 7 9 16 12 15 10 5 7 12 11 11 13 2 6
COSTS 9 10 7 15 12 15 8 6 8 10 13 14 11 14 16 16 4 17 14 3 12 5 7 9 16 12 15 10 5 7 12 11 11 13 2 6
COSTS 9 10 7 15 12 15 8 6 8 10 13 14 11 14 16 16 4 17 14 3 12 5 7 9 16 12 15 10 5 7 12 11 11 13 2 6
COSTS 6 11 7 15 12 15 8 6 4 10 13 14 11 14 16 16 4 17 14 3 12 5 7 9 16 12 15 10 5 7 12 11 11 13 2 6
COSTS 6 11 7 15 12 15 8 6 8 10 13 14 11 14 16 16 4 17 14 3 12 5 7 9 16 12 15 10 5 7 12 11 11 13 2 6
COSTS 9 11 7 15 12 15 8 6 8 10 13 14 11 14 16 14 4 17 13 1 10 5 7 9 16 12 15 10 5 7 12 11 11 13 2 6
COSTS 9 10 7 15 12 15 8 8 4 10 13 14 11 14 16 16 4 17 14 3 12 5 7 9 16 12 15 10 5 7 12 11 11 13 2 6
COSTS 6 11 7 15 12 15 8 6 8 10 13 14 11 14 16 16 4 17 14 3 12 5 7 9 16 12 15 10 5 7 12 11 11 13 2 6
COSTS 6 11 7 15 12 15 8 6 8 10 13 14 11 14 16 14 4 17 14 3 10 5 7 9 16 12 15 10 5 7 12 11 11 13 2 6
COSTS 6 11 7 15 12 14 11 6 8 10 13 14 11 14 16 16 4 17 14 3 12 5 7 9 16 12 15 10 5 7 12 11 11 13 2 6
END
STATE 182e63dcd4f916728bc9887d0dbbb54309e77f476a5cb3bb693411fc932ec694 6003 24 28
LABELS 1 0 0 0 1 0 0 0 0 0 0 0 0 0 0 1 0 0 0 1 0 0 0 0
MASSES 16 11 30 21 15 6 16 24 16 10 11 23 29 28 29 7 9 17 12 14 30 14 13 25
QUERY_IDS 0 1 3 4 6 7 8 9 10 11 12 13 14 15 16 17 19 22 23 24 27 28 29 30 31 32 33 34
RESPONSES 0 0 1 1 1 0 0 0 1 0 0 0 1 0 0 0 0 0 0 0 0 1 1 0 0 1 1 1
RESPONSES 1 1 1 1 1 1 1 1 1 1 1 1 1 1 1 1 1 1 1 1 1 1 1 1 1 1 1 1
RESPONSES 1 1 1 1 1 1 1 1 1 1 1 1 1 1 1 1 1 1 1 1 1 1 1 1 1 1 1 1
RESPONSES 1 1 1 1 1 1 1 1 1 1 1 1 1 1 1 1 1 1 1 1 1 1 1 1 1 1 1 1
RESPONSES 0 0 0 0 0 0 0 0 1 0 0 0 1 0 0 0 0 0 1 1 0 0 0 0 0 0 1 1
RESPONSES 0 0 1 1 1 1 1 1 1 1 1 1 1 1 1 1 1 1 1 1 1 1 1 1 1 1 1 1
RESPONSES 0 0 1 1 1 1 1 1 1 1 1 1 1 1 1 1 1 1 1 1 1 1 1 1 1 1 1 1
RESPONSES 0 0 1 1 1 1 1 1 1 1 1 1 1 1 1 1 1 1 1 1 1 1 1 1 1 1 1 1
RESPONSES 0 0 0 0 1 1 1 1 1 0 1 1 1 0 0 1 1 1 1 1 1 1 1 1 1 1 1 1
RESPONSES 0 0 0 1 1 1 1 1 1 1 1 1 1 1 1 1 1 1 1 1 1 1 1 1 1 1 1 1
RESPONSES 0 0 0 1 1 1 1 1 1 1 1 1 1 1 1 1 1 1 1 1 1 1 1 1 1 1 1 1
RESPONSES 1 1 1 1 1 1 1 1 1 1 1 1 1 1 1 1 1 1 1 1 1 1 1 1 1 1 1 1
RESPONSES 1 1 1 1 1 1 1 1 1 1 1 1 1 1 1 1 1 1 1 1 1 1 1 1 1 1 1 1
RESPONSES 1 1 1 1 1 1 1 1 1 0 1 1 1 1 1 1 1 0 0 0 1 1 1 1 1 1 1 1
RESPONSES 1 1 1 1 1 1 1 1 1 0 1 1 1 1 1 1 1 1 1 1 1 1 1 1 1 1 1 1
RESPONSES 0 0 0 0 1 0 0 0 0 0 0 0 0 0 0 0 0 0 1 1 0 0 1 0 1 1 0 0
RESPONSES 0 0 1 1 1 1 1 1 1 1 1 1 1 1 1 1 1 1 1 1 1 1 1 1 1 1 1 1
RESPONSES 0 0 1 1 1 1 1 1 1 1 1 1 1 1 1 1 1 1 1 1 1 1 1 1 1 1 1 1
RESPONSES 0 0 0 0 1 1 1 1 1 1 1 1 1 1 1 1 1 1 1 1 1 1 1 1 1 1 1 1
RESPONSES 0 0 0 0 0 1 1 1 1 1 1 1 1 1 1 1 1 0 1 1 0 1 1 0 0 1 1 1
RESPONSES 0 0 1 1 1 0 0 1 1 1 1 1 1 1 1 1 1 1 1 1 0 1 1 0 0 1 1 1
RESPONSES 0 1 1 1 1 1 1 1 1 1 1 1 1 1 1 1 1 1 1 1 1 1 1 1 1 1 1 1
RESPONSES 1 1 1 1 1 1 1 1 1 0 1 1 1 1 1 1 1 1 1 1 1 1 1 1 1 1 1 1
RESPONSES 0 1 1 1 1 1 1 1 1 1 1 1 1 1 1 1 1 1 1 1 1 1 1 1 1 1 1 1
COSTS 13 17 4 11 13 7 11 15 11 4 8 7 12 12 13 8 5 16 16 9 13 12 16 10 10 9 13 4
COSTS 14 17 4 11 13 7 12 15 11 5 6 5 12 9 15 8 4 17 19 10 10 12 16 11 8 9 13 4
COSTS 14 17 4 11 13 7 12 15 11 5 6 5 12 9 15 8 4 17 19 10 10 12 16 11 8 9 13 4
COSTS 14 17 4 11 13 7 12 15 11 5 6 5 12 9 15 8 4 17 19 10 10 12 16 11 8 9 13 4
COSTS 13 17 5 14 14 7 11 15 11 4 8 7 12 12 13 8 5 16 19 10 13 13 17 10 10 8 13 4
COSTS 13 17 4 11 13 7 12 15 11 5 6 5 12 9 15 8 4 17 19 10 10 12 16 11 8 9 13 4
COSTS 13 17 4 11 13 7 12 15 11 5 6 5 12 9 15 8 4 17 19 10 10 12 16 11 8 9 13 4
COSTS 13 17 4 11 13 7 12 15 11 5 6 5 12 9 15 8 4 17 19 10 10 12 16 11 8 9 13 4
COSTS 13 17 5 14 13 7 12 15 11 4 6 5 12 12 13 8 4 17 19 10 10 12 16 11 8 9 13 4
COSTS 13 17 5 11 13 7 12 15 11 5 6 5 12 9 15 8 4 17 19 10 10 12 16 11 8 9 13 4
COSTS 13 17 5 11 13 7 12 15 11 5 6 5 12 9 15 8 4 17 19 10 10 12 16 11 8 9 13 4
COSTS 14 17 4 11 13 7 12 15 11 5 6 5 12 9 15 8 4 17 19 10 10 12 16 11 8 9 13 4
COSTS 14 17 4 11 13 7 12 15 11 5 6 5 12 9 15 8 4 17 19 10 10 12 16 11 8 9 13 4
COSTS 14 17 4 11 13 7 12 15 11 4 6 5 12 9 15 8 4 16 16 9 10 12 16 11 8 9 13 4
COSTS 14 17 4 11 13 7 12 15 11 4 6 5 12 9 15 8 4 17 19 10 10 12 16 11 8 9 13 4
COSTS 13 17 5 14 13 7 11 15 10 4 8 7 11 12 13 8 5 16 19 10 13 13 16 10 8 9 16 1
COSTS 13 17 4 11 13 7 12 15 11 5 6 5 12 9 15 8 4 17 19 10 10 12 16 11 8 9 13 4
COSTS 13 17 4 11 13 7 12 15 11 5 6 5 12 9 15 8 4 17 19 10 10 12 16 11 8 9 13 4
COSTS 13 17 5 14 13 7 12 15 11 5 6 5 12 9 15 8 4 17 19 10 10 12 16 11 8 9 13 4
COSTS 13 17 5 14 14 7 12 15 11 5 6 5 12 9 15 8 4 16 19 10 13 12 16 10 10 9 13 4
COSTS 13 17 4 11 13 7 11 15 11 5 6 5 12 9 15 8 4 17 19 10 13 12 16 10 10 9 13 4
COSTS 13 17 4 11 13 7 12 15 11 5 6 5 12 9 15 8 4 17 19 10 10 12 16 11 8 9 13 4
COSTS 14 17 4 11 13 7 12 15 11 4 6 5 12 9 15 8 4 17 19 10 10 12 16 11 8 9 13 4
COSTS 13 17 4 11 13 7 12 15 11 5 6 5 12 9 15 8 4 17 19 10 10 12 16 11 8 9 13 4
END
STATE 182fa045be9cf28b6e2fada1d9c31e4b0c577924e51c2fd3fa8c994036d8b65b 6001 24 11
LABELS 4 2 0 0 2 0 0 0 4 0 0 0 4 4 3 2 1 1 1 4 2 4 4 1
MASSES 23 3 12 24 23 20 18 30 24 22 30 21 11 21 15 13 30 29 22 22 19 17 6 22
QUERY_IDS 0 1 2 3 4 5 6 8 9 10 11
RESPONSES 4 2 0 1 0 0 1 1 0 0 0
RESPONSES 0 1 0 0 0 0 1 0 0 0 0
RESPONSES 5 1 0 1 0 0 1 1 0 0 0
RESPONSES 5 1 0 1 0 0 1 1 0 0 0
RESPONSES 3 1 0 0 0 0 1 0 0 0 0
RESPONSES 5 0 0 1 0 0 1 0 0 0 0
RESPONSES 5 0 0 1 0 0 1 0 0 0 0
RESPONSES 5 0 0 1 0 0 1 0 0 0 0
RESPONSES 2 2 1 0 1 1 1 1 0 0 0
RESPONSES 5 1 0 1 0 0 1 0 0 0 0
RESPONSES 5 1 0 1 0 0 1 0 0 0 0
RESPONSES 5 1 0 1 0 0 1 0 0 0 0
RESPONSES 3 2 0 0 0 0 1 1 0 0 0
RESPONSES 3 2 0 0 0 0 1 1 0 0 0
RESPONSES 4 0 0 1 0 0 1 1 0 0 0
RESPONSES 0 0 0 0 0 1 1 0 0 0 0
RESPONSES 3 1 0 0 0 1 1 0 0 0 0
RESPONSES 4 1 0 0 0 0 1 1 0 0 0
RESPONSES 0 0 0 1 0 1 1 1 0 0 0
RESPONSES 1 2 0 1 0 0 1 1 0 0 0
RESPONSES 0 0 1 1 0 1 1 0 0 0 0
RESPONSES 4 2 0 1 0 0 0 1 0 0 0
RESPONSES 4 2 0 1 0 0 0 1 0 0 0
RESPONSES 2 0 0 1 0 1 1 1 1 1 0
COSTS 8 5 3 16 15 4 7 17 6 9 15
COSTS 7 6 3 15 15 4 7 19 6 9 15
COSTS 8 6 3 16 15 4 7 17 6 9 15
COSTS 8 6 3 16 15 4 7 17 6 9 15
COSTS 7 6 3 15 15 4 7 19 6 9 15
COSTS 8 7 3 16 15 4 7 19 6 9 15
COSTS 8 7 3 16 15 4 7 19 6 9 15
COSTS 8 7 3 16 15 4 7 19 6 9 15
COSTS 4 5 5 15 18 2 7 17 6 9 15
COSTS 8 6 3 16 15 4 7 19 6 9 15
COSTS 8 6 3 16 15 4 7 19 6 9 15
COSTS 8 6 3 16 15 4 7 19 6 9 15
COSTS 7 5 3 15 15 4 7 17 6 9 15
COSTS 7 5 3 15 15 4 7 17 6 9 15
COSTS 8 7 3 16 15 4 7 17 6 9 15
COSTS 7 7 3 15 15 2 7 19 6 9 15
COSTS 7 6 3 15 15 2 7 19 6 9 15
COSTS 8 6 3 15 15 4 7 17 6 9 15
COSTS 7 7 3 16 15 2 7 17 6 9 15
COSTS 4 5 3 16 15 4 7 17 6 9 15
COSTS 7 7 5 16 15 2 7 19 6 9 15
COSTS 8 5 3 16 15 4 6 17 6 9 15
COSTS 8 5 3 16 15 4 6 17 6 9 15
COSTS 4 7 3 16 15 2 7 17 6 9 15
END
STATE 18fabdcc86e5449a8e19cc845177d15758c9a9f0ba54df5c855cdc9d044428ee 6002 20 15
LABELS 1 1 1 1 1 1 0 1 1 1 1 0 1 1 0 1 1 1 1 1
MASSES 30 24 26 23 2 29 25 31 24 21 14 14 14 10 30 12 21 12 19 25
QUERY_IDS 0 1 2 3 4 5 7 8 9 10 11 12 13 14 15
RESPONSES 0 2 0 1 1 2 0 0 1 1 2 1 1 0 1
RESPONSES 0 2 0 1 1 2 0 0 1 1 2 1 1 0 1
RESPONSES 0 1 0 1 1 2 0 0 1 0 2 1 1 0 2
RESPONSES 0 1 0 1 1 2 0 0 1 0 2 1 1 0 1
RESPONSES 0 1 0 1 1 2 0 0 1 0 2 1 1 0 1
RESPONSES 0 0 0 1 1 2 0 0 1 0 2 1 1 0 2
RESPONSES 0 2 1 0 0 1 1 1 1 1 1 0 0 1 2
RESPONSES 1 2 0 1 1 2 0 0 1 0 2 1 1 0 2
RESPONSES 0 1 0 1 1 2 0 0 0 0 2 1 1 0 0
RESPONSES 1 2 0 1 1 2 0 0 1 0 2 1 1 0 1
RESPONSES 0 0 0 1 1 2 0 0 0 0 2 1 1 0 2
RESPONSES 1 1 0 0 1 2 0 0 0 1 2 0 1 0 2
RESPONSES 0 1 0 1 1 2 0 0 1 0 0 1 1 0 0
RESPONSES 1 1 0 1 1 2 0 0 1 0 0 1 1 0 1
RESPONSES 1 2 0 0 1 0 0 0 0 1 1 1 1 0 2
RESPONSES 0 2 1 1 1 2 0 0 1 0 2 1 1 0 2
RESPONSES 1 2 0 1 1 2 0 0 0 1 1 1 1 0 2
RESPONSES 0 2 0 1 1 2 0 0 0 0 0 1 1 0 1
RESPONSES 0 1 0 1 1 2 0 0 0 0 2 1 1 0 2
RESPONSES 0 1 0 1 1 2 0 0 0 0 2 1 1 0 2
COSTS 14 5 6 14 7 2 2 13 10 9 4 10 15 15 3
COSTS 14 5 6 14 7 2 2 13 10 9 4 10 15 15 3
COSTS 14 6 6 14 7 2 2 13 10 5 4 10 15 15 5
COSTS 14 6 6 14 7 2 2 13 10 5 4 10 15 15 3
COSTS 14 6 6 14 7 2 2 13 10 5 4 10 15 15 3
COSTS 14 5 6 14 7 2 2 13 10 5 4 10 15 15 5
COSTS 14 5 8 14 4 4 3 11 10 9 5 14 19 19 5
COSTS 15 5 6 14 7 2 2 13 10 5 4 10 15 15 5
COSTS 14 6 6 14 7 2 2 13 14 5 4 10 15 15 3
COSTS 15 5 6 14 7 2 2 13 10 5 4 10 15 15 3
COSTS 14 5 6 14 7 2 2 13 14 5 4 10 15 15 5
COSTS 15 6 6 14 7 2 2 13 14 9 4 14 15 15 5
COSTS 14 6 6 14 7 2 2 13 10 5 5 10 15 15 3
COSTS 15 6 6 14 7 2 2 13 10 5 5 10 15 15 3
COSTS 15 5 6 14 7 5 2 13 14 9 5 10 15 15 5
COSTS 14 5 8 14 7 2 2 13 10 5 4 10 15 15 5
COSTS 15 5 6 14 7 2 2 13 14 9 5 10 15 15 5
COSTS 14 5 6 14 7 2 2 13 14 5 5 10 15 15 3
COSTS 14 6 6 14 7 2 2 13 14 5 4 10 15 15 5
COSTS 14 6 6 14 7 2 2 13 14 5 4 10 15 15 5
END
STATE 1934078923c11c14a10e61ee5bd6e63d9b90521ea44b6957944f962c80a37f32 6002 24 21
LABELS 1 0 0 0 0 0 0 0 0 0 0 0 0 0 0 0 0 0 0 0 0 0 0 0
MASSES 16 2 6 17 11 28 5 29 24 3 1 1 26 16 14 16 1 9 16 7 15 19 13 15
QUERY_IDS 2 3 4 5 6 9 10 13 14 15 17 18 24 26 28 30 33 34 35 39 41
RESPONSES 0 0 1 1 1 0 0 1 1 1 0 0 1 0 0 0 1 1 1 1 0
RESPONSES 1 1 1 1 1 1 1 1 1 1 1 1 0 0 0 0 1 1 1 0 0
RESPONSES 1 1 1 1 1 0 1 1 1 1 0 0 0 0 0 1 0 0 0 0 0
RESPONSES 0 1 1 1 1 0 1 1 1 1 0 0 0 0 0 0 0 0 1 0 0
RESPONSES 1 1 1 1 1 0 0 1 1 1 1 1 0 0 0 0 1 1 1 0 0
RESPONSES 1 1 1 1 1 1 1 1 1 1 1 1 0 0 0 1 1 1 1 0 2
RESPONSES 0 0 1 1 1 0 0 1 1 1 0 1 0 0 1 1 0 0 1 1 2
RESPONSES 0 1 1 1 1 0 1 1 1 1 0 0 0 0 0 0 1 1 1 2 0
RESPONSES 0 1 1 1 1 0 0 1 1 1 0 0 1 0 0 1 0 0 0 1 0
RESPONSES 1 1 1 1 1 0 1 1 1 1 1 1 0 0 0 0 1 1 1 0 0
RESPONSES 1 1 1 1 1 1 1 1 1 1 1 1 0 0 0 0 1 1 1 0 0
RESPONSES 1 1 1 1 1 0 0 1 1 1 1 1 0 0 0 0 1 1 1 0 0
RESPONSES 1 1 1 1 1 0 0 1 1 1 1 1 0 0 0 1 0 0 1 0 0
RESPONSES 1 1 1 1 1 0 0 1 1 1 1 1 1 0 0 0 1 1 1 0 0
RESPONSES 0 0 0 0 1 0 0 0 1 1 1 1 0 0 0 0 1 1 1 0 0
RESPONSES 1 1 1 1 1 0 1 1 1 1 1 1 0 0 0 0 0 0 1 0 0
RESPONSES 1 1 1 1 1 0 0 1 1 1 1 1 1 0 0 0 0 0 0 0 0
RESPONSES 1 1 1 1 1 0 1 1 1 1 1 1 0 0 1 1 1 1 1 1 0
RESPONSES 0 1 1 1 1 0 0 1 1 1 0 1 1 0 0 1 1 1 1 0 2
RESPONSES 1 1 1 1 1 1 1 1 1 1 0 0 0 0 1 1 1 1 1 0 0
RESPONSES 1 1 1 1 1 0 0 1 1 1 0 1 1 0 0 0 1 1 1 0 0
RESPONSES 1 1 1 1 1 0 0 1 1 1 1 1 0 1 1 1 1 1 1 1 1
RESPONSES 0 0 0 0 0 0 0 0 0 0 0 0 1 0 1 1 1 1 1 0 0
RESPONSES 1 1 1 1 1 0 0 1 1 1 0 0 1 0 0 0 0 0 1 1 0
COSTS 12 7 14 12 17 11 6 11 7 12 17 13 6 6 11 11 9 11 2 15 5
COSTS 8 7 14 12 17 12 2 11 7 12 16 11 7 6 11 11 9 11 2 13 5
COSTS 8 7 14 12 17 11 2 11 7 12 17 13 7 6 11 12 10 12 3 13 5
COSTS 12 7 14 12 17 11 2 11 7 12 17 13 7 6 11 11 10 12 2 13 5
COSTS 8 7 14 12 17 11 6 11 7 12 16 11 7 6 11 11 9 11 2 13 5
COSTS 8 7 14 12 17 12 2 11 7 12 16 11 7 6 11 12 9 11 2 13 6
COSTS 12 7 14 12 17 11 6 11 7 12 17 11 7 6 13 12 10 12 2 15 6
COSTS 12 7 14 12 17 11 2 11 7 12 17 13 7 6 11 11 9 11 2 14 5
COSTS 12 7 14 12 17 11 6 11 7 12 17 13 6 6 11 12 10 12 3 15 5
COSTS 8 7 14 12 17 11 2 11 7 12 16 11 7 6 11 11 9 11 2 13 5
COSTS 8 7 14 12 17 12 2 11 7 12 16 11 7 6 11 11 9 11 2 13 5
COSTS 8 7 14 12 17 11 6 11 7 12 16 11 7 6 11 11 9 11 2 13 5
COSTS 8 7 14 12 17 11 6 11 7 12 16 11 7 6 11 12 10 12 2 13 5
COSTS 8 7 14 12 17 11 6 11 7 12 16 11 6 6 11 11 9 11 2 13 5
COSTS 12 7 16 8 17 11 6 12 7 12 16 11 7 6 11 11 9 11 2 13 5
COSTS 8 7 14 12 17 11 2 11 7 12 16 11 7 6 11 11 10 12 2 13 5
COSTS 8 7 14 12 17 11 6 11 7 12 16 11 6 6 11 11 10 12 3 13 5
COSTS 8 7 14 12 17 11 2 11 7 12 16 11 7 6 13 12 9 11 2 15 5
COSTS 12 7 14 12 17 11 6 11 7 12 17 11 6 6 11 12 9 11 2 13 6
COSTS 8 7 14 12 17 12 2 11 7 12 17 13 7 6 13 12 9 11 2 13 5
COSTS 8 7 14 12 17 11 6 11 7 12 17 11 6 6 11 11 9 11 2 13 5
COSTS 8 7 14 12 17 11 6 11 7 12 16 11 7 5 13 12 9 11 2 15 4
COSTS 12 7 16 8 17 11 6 12 7 10 17 13 6 6 13 12 9 11 2 13 5
COSTS 8 7 14 12 17 11 6 11 7 12 17 13 6 6 11 11 10 12 2 15 5
END
STATE 19cbdb311f2063327d46da710d744a689787237afc741ab0dd40fe6e56db7614 6001 24 11
LABELS 3 1 3 1 1 0 0 0 0 4 1 1 1 1 0 2 1 1 2 1 2 2 0 1
MASSES 9 28 29 14 6 22 29 31 22 9 15 30 23 2 16 24 30 27 19 22 18 23 31 27
QUERY_IDS 0 1 2 3 4 5 7 8 9 10 11
RESPONSES 2 0 0 2 0 0 0 1 0 2 0
RESPONSES 0 1 0 2 0 1 0 1 0 0 0
RESPONSES 0 0 1 1 1 1 0 1 0 1 0
RESPONSES 2 1 0 2 0 0 0 1 0 0 0
RESPONSES 2 1 0 2 0 0 0 1 0 0 0
RESPONSES 3 1 0 2 0 0 0 0 0 0 0
RESPONSES 3 1 0 2 0 0 0 0 0 0 0
RESPONSES 3 1 0 2 0 0 0 0 0 0 0
RESPONSES 3 1 0 2 0 0 0 0 0 0 0
RESPONSES 2 2 0 1 0 0 0 1 0 0 0
RESPONSES 2 1 1 1 0 1 0 1 0 1 0
RESPONSES 0 0 0 2 0 0 0 1 0 0 0
RESPONSES 2 1 0 1 0 0 0 1 0 0 0
RESPONSES 2 1 0 0 0 0 0 1 0 0 0
RESPONSES 3 1 1 2 0 0 0 1 0 1 0
RESPONSES 0 0 0 2 0 1 0 1 0 0 0
RESPONSES 2 1 0 1 0 1 0 1 0 0 0
RESPONSES 2 1 0 2 0 0 0 1 0 1 0
RESPONSES 0 0 1 2 0 1 0 0 0 0 0
RESPONSES 1 0 0 2 0 1 0 1 1 3 0
RESPONSES 0 0 1 1 1 0 0 1 0 0 0
RESPONSES 1 1 0 2 0 1 0 1 1 0 0
RESPONSES 3 1 0 2 0 0 0 1 0 1 0
RESPONSES 2 0 0 1 0 1 0 0 0 0 0
COSTS 8 7 3 16 15 4 5 17 6 11 15
COSTS 7 6 3 16 15 2 5 17 6 9 15
COSTS 7 7 5 15 18 2 5 17 6 12 15
COSTS 8 6 3 16 15 4 5 17 6 9 15
COSTS 8 6 3 16 15 4 5 17 6 9 15
COSTS 8 6 3 16 15 4 5 19 6 9 15
COSTS 8 6 3 16 15 4 5 19 6 9 15
COSTS 8 6 3 16 15 4 5 19 6 9 15
COSTS 8 6 3 16 15 4 5 19 6 9 15
COSTS 8 5 3 15 15 4 5 17 6 9 15
COSTS 8 6 5 15 15 2 5 17 6 12 15
COSTS 7 7 3 16 15 4 5 17 6 9 15
COSTS 8 6 3 15 15 4 5 17 6 9 15
COSTS 8 6 3 19 15 4 5 17 6 9 15
COSTS 8 6 5 16 15 4 5 17 6 12 15
COSTS 7 7 3 16 15 2 5 17 6 9 15
COSTS 8 6 3 15 15 2 5 17 6 9 15
COSTS 8 6 3 16 15 4 5 17 6 12 15
COSTS 7 7 5 16 15 2 5 19 6 9 15
COSTS 4 7 3 16 15 2 5 17 6 9 15
COSTS 7 7 5 15 18 4 5 17 6 9 15
COSTS 4 6 3 16 15 2 5 17 6 9 15
COSTS 8 6 3 16 15 4 5 17 6 12 15
COSTS 8 7 3 15 15 2 5 19 6 9 15
END
STATE 1bd9e671ea333d6052fe05dab408bd2a8290b4de62133ba960c4ec60c1fad583 6002 24 13
LABELS 1 1 1 1 1 1 1 1 1 1 1 1 1 1 1 1 0 0 1 1 1 1 1 1
MASSES 6 29 27 29 23 2 31 2 10 22 1 20 9 7 7 14 22 15 10 5 13 12 30 4
QUERY_IDS 0 1 3 4 5 7 8 9 10 11 12 13 14
RESPONSES 1 1 1 2 1 0 0 0 2 2 2 1 0
RESPONSES 0 2 1 2 1 0 0 1 1 0 2 1 0
RESPONSES 0 1 1 2 1 0 0 1 1 2 2 1 0
RESPONSES 0 1 1 2 1 0 0 1 1 2 2 1 0
RESPONSES 0 1 1 2 1 0 0 1 1 2 2 1 0
RESPONSES 0 1 1 2 1 0 0 1 1 2 2 1 0
RESPONSES 0 1 1 2 1 0 0 0 1 2 2 1 0
RESPONSES 0 1 1 2 1 0 0 0 1 2 2 1 0
RESPONSES 0 1 1 2 1 0 0 0 1 2 2 1 0
RESPONSES 0 1 1 2 1 0 0 0 1 2 2 1 0
RESPONSES 0 1 1 2 1 0 0 0 1 2 2 1 0
RESPONSES 0 1 1 2 1 0 0 0 1 2 2 1 0
RESPONSES 0 1 1 2 1 0 0 0 1 2 2 1 0
RESPONSES 0 1 1 2 1 0 0 0 1 2 2 1 0
RESPONSES 0 0 1 2 1 0 0 0 1 2 2 1 0
RESPONSES 1 1 1 2 1 0 0 1 1 2 2 1 0
RESPONSES 0 2 1 2 1 0 0 0 2 2 1 1 0
RESPONSES 1 2 0 1 0 1 1 0 2 1 1 0 1
RESPONSES 1 1 1 2 1 0 0 1 1 0 2 1 0
RESPONSES 0 2 1 0 1 0 0 1 1 2 2 1 0
RESPONSES 0 2 1 2 1 0 0 1 1 2 0 1 0
RESPONSES 0 2 1 2 1 0 0 0 1 0 2 1 0
RESPONSES 0 2 1 2 0 0 0 0 0 0 2 1 0
RESPONSES 0 0 1 2 1 0 0 1 1 2 2 1 0
COSTS 15 6 14 7 2 2 13 14 9 4 10 15 15
COSTS 14 5 14 7 2 2 13 10 5 5 10 15 15
COSTS 14 6 14 7 2 2 13 10 5 4 10 15 15
COSTS 14 6 14 7 2 2 13 10 5 4 10 15 15
COSTS 14 6 14 7 2 2 13 10 5 4 10 15 15
COSTS 14 6 14 7 2 2 13 10 5 4 10 15 15
COSTS 14 6 14 7 2 2 13 14 5 4 10 15 15
COSTS 14 6 14 7 2 2 13 14 5 4 10 15 15
COSTS 14 6 14 7 2 2 13 14 5 4 10 15 15
COSTS 14 6 14 7 2 2 13 14 5 4 10 15 15
COSTS 14 6 14 7 2 2 13 14 5 4 10 15 15
COSTS 14 6 14 7 2 2 13 14 5 4 10 15 15
COSTS 14 6 14 7 2 2 13 14 5 4 10 15 15
COSTS 14 6 14 7 2 2 13 14 5 4 10 15 15
COSTS 14 5 14 7 2 2 13 14 5 4 10 15 15
COSTS 15 6 14 7 2 2 13 10 5 4 10 15 15
COSTS 14 5 14 7 2 2 13 14 9 4 14 15 15
COSTS 15 5 14 4 4 3 11 14 9 5 14 19 19
COSTS 15 6 14 7 2 2 13 10 5 5 10 15 15
COSTS 14 5 14 7 2 2 13 10 5 4 10 15 15
COSTS 14 5 14 7 2 2 13 10 5 4 12 15 15
COSTS 14 5 14 7 2 2 13 14 5 5 10 15 15
COSTS 14 5 14 7 4 2 13 14 8 5 10 15 15
COSTS 14 5 14 7 2 2 13 10 5 4 10 15 15
END
STATE 1c934089e482367e4856e137690f2e826777edc33527e7e57dde5cc9a1ba6fdc 6001 16 11
LABELS 1 1 1 1 1 1 1 1 1 0 1 1 1 1 1 1
MASSES 16 8 29 18 1 22 5 3 26 12 10 29 28 17 31 13
QUERY_IDS 1 3 5 6 8 9 10 11 12 14 15
RESPONSES 2 1 1 0 0 1 1 1 1 0 1
RESPONSES 1 1 1 0 0 1 0 1 1 0 2
RESPONSES 1 1 1 0 0 1 0 1 1 0 2
RESPONSES 1 1 1 0 0 0 0 1 1 0 1
RESPONSES 0 1 1 0 0 0 0 1 1 0 1
RESPONSES 2 1 1 0 0 1 0 1 1 0 2
RESPONSES 0 1 1 0 0 1 0 1 1 0 2
RESPONSES 2 1 1 0 0 0 0 1 1 0 2
RESPONSES 2 1 1 0 0 1 0 1 1 0 0
RESPONSES 2 0 1 0 0 0 0 1 1 1 2
RESPONSES 1 1 0 1 1 1 0 0 0 0 2
RESPONSES 1 1 1 0 0 1 0 1 0 0 2
RESPONSES 1 1 1 0 0 0 0 1 1 0 2
RESPONSES 1 1 1 0 0 0 0 1 1 0 2
RESPONSES 0 1 1 0 0 1 0 1 1 0 1
RESPONSES 0 1 1 0 0 1 0 1 1 0 1
COSTS 18 14 5 15 14 15 19 9 9 12 13
COSTS 16 14 5 15 14 15 17 9 9 12 12
COSTS 16 14 5 15 14 15 17 9 9 12 12
COSTS 16 14 5 15 14 17 17 9 9 12 13
COSTS 15 14 5 15 14 17 17 9 9 12 13
COSTS 18 14 5 15 14 15 17 9 9 12 12
COSTS 15 14 5 15 14 15 17 9 9 12 12
COSTS 18 14 5 15 14 17 17 9 9 12 12
COSTS 18 14 5 15 14 15 17 9 9 12 12
COSTS 18 15 5 15 14 17 17 9 9 12 12
COSTS 16 14 7 19 12 15 17 9 8 12 12
COSTS 16 14 5 15 14 15 17 9 8 12 12
COSTS 16 14 5 15 14 17 17 9 9 12 12
COSTS 16 14 5 15 14 17 17 9 9 12 12
COSTS 15 14 5 15 14 15 17 9 9 12 13
COSTS 15 14 5 15 14 15 17 9 9 12 13
END
STATE 1d4c9649bedd1ea10fe3ac1d5fb05e24c067e8227581f92f5deb5c65fc2e1123 6002 24 25
LABELS 1 1 0 1 1 1 0 1 1 1 0 0 1 1 1 0 0 1 0 1 0 0 0 1
MASSES 12 1 12 17 31 26 12 3 16 31 2 12 31 11 2 5 16 16 11 5 9 26 26 2
QUERY_IDS 4 6 7 10 11 13 14 15 16 17 18 19 20 21 22 26 27 28 29 33 37 39 40 48 51
RESPONSES 0 0 0 0 0 0 0 0 0 0 1 1 0 0 0 0 0 0 0 0 0 0 0 0 1
RESPONSES 0 0 0 1 1 0 0 0 0 1 1 1 1 1 1 1 1 1 1 1 1 0 1 0 1
RESPONSES 1 0 0 1 1 0 0 0 0 0 0 0 1 1 1 1 1 1 1 0 1 0 0 0 1
RESPONSES 0 0 0 1 1 1 1 1 1 1 1 1 1 1 1 1 1 1 1 1 1 0 1 0 1
RESPONSES 1 0 0 0 0 0 0 0 0 0 1 1 1 1 1 1 1 1 1 1 1 1 1 0 0
RESPONSES 0 0 0 0 0 0 0 1 1 1 1 1 1 1 1 1 1 1 1 1 1 0 0 0 1
RESPONSES 0 1 1 1 1 0 0 0 0 0 1 1 1 1 1 1 1 1 1 0 1 0 0 0 1
RESPONSES 0 0 0 0 0 0 0 0 0 0 0 0 1 1 1 1 1 1 1 0 1 0 0 0 0
RESPONSES 1 0 0 0 0 0 0 0 0 1 1 1 0 0 1 0 0 0 0 1 1 0 0 0 0
RESPONSES 0 0 0 1 1 0 0 0 0 0 0 0 0 0 0 1 1 1 1 0 0 0 1 0 1
RESPONSES 1 0 0 1 1 0 0 1 1 1 1 1 1 1 1 1 1 1 1 1 1 0 1 1 1
RESPONSES 0 0 0 1 1 0 0 0 0 0 0 0 0 0 1 1 1 1 1 1 1 1 1 0 1
RESPONSES 1 0 0 1 1 0 0 0 0 0 1 1 1 1 1 1 1 1 1 0 1 1 1 0 0
RESPONSES 1 0 0 1 1 0 0 0 0 0 0 0 1 1 1 1 1 1 1 0 0 1 1 1 1
RESPONSES 0 0 0 1 1 0 0 1 1 1 1 1 1 1 1 1 1 1 1 1 1 0 0 0 1
RESPONSES 1 1 1 1 1 0 0 0 0 0 1 1 1 1 1 1 1 1 1 1 1 1 1 0 1
RESPONSES 1 0 0 1 1 0 0 0 0 0 1 1 0 0 0 1 1 1 1 0 1 0 0 0 0
RESPONSES 0 0 0 0 0 0 0 0 0 0 0 0 1 1 1 1 1 1 1 1 1 1 1 0 0
RESPONSES 0 0 0 1 1 1 1 1 1 1 1 1 1 1 1 1 1 1 1 0 1 0 0 0 1
RESPONSES 0 0 0 1 1 0 0 1 1 1 1 1 1 1 1 1 1 1 1 0 1 0 1 0 1
RESPONSES 0 0 0 1 1 0 0 0 0 0 1 1 1 1 1 1 1 1 1 1 1 1 1 0 1
RESPONSES 1 1 1 1 1 1 1 1 1 1 1 1 1 1 1 1 1 1 1 0 1 0 0 1 1
RESPONSES 1 0 0 1 1 0 0 0 0 1 1 1 0 0 0 0 0 0 0 0 1 1 1 1 1
RESPONSES 0 0 0 0 0 0 0 0 0 1 1 1 0 0 0 1 1 1 1 0 0 0 0 0 1
COSTS 2 14 18 9 11 10 3 13 14 8 8 8 7 7 14 8 6 11 7 18 16 2 16 14 7
COSTS 2 14 18 9 14 10 3 13 14 7 8 8 11 5 16 9 4 14 10 19 14 2 12 14 7
COSTS 4 14 18 9 14 10 3 13 14 8 5 8 11 5 16 9 4 14 10 18 14 2 16 14 7
COSTS 2 14 18 9 14 12 5 14 11 7 8 8 11 5 16 9 4 14 10 19 14 2 12 14 7
COSTS 4 14 18 9 11 10 3 13 14 8 8 8 11 5 16 9 4 14 10 19 14 2 12 14 6
COSTS 2 14 18 9 11 10 3 14 11 7 8 8 11 5 16 9 4 14 10 19 14 2 16 14 7
COSTS 2 18 15 9 14 10 3 13 14 8 8 8 11 5 16 9 4 14 10 18 14 2 16 14 7
COSTS 2 14 18 9 11 10 3 13 14 8 5 8 11 5 16 9 4 14 10 18 14 2 16 14 6
COSTS 4 14 18 9 11 10 3 13 14 7 8 8 7 7 16 8 6 11 7 19 14 2 16 14 6
COSTS 2 14 18 9 14 10 3 13 14 8 5 8 7 7 14 9 4 14 10 18 16 2 12 14 7
COSTS 4 14 18 9 14 10 3 14 11 7 8 8 11 5 16 9 4 14 10 19 14 2 12 18 7
COSTS 2 14 18 9 14 10 3 13 14 8 5 8 7 7 16 9 4 14 10 19 14 2 12 14 7
COSTS 4 14 18 9 14 10 3 13 14 8 8 8 11 5 16 9 4 14 10 18 14 2 12 14 6
COSTS 4 14 18 9 14 10 3 13 14 8 5 8 11 5 16 9 4 14 10 18 16 2 12 18 7
COSTS 2 14 18 9 14 10 3 14 11 7 8 8 11 5 16 9 4 14 10 19 14 2 16 14 7
COSTS 4 18 15 9 14 10 3 13 14 8 8 8 11 5 16 9 4 14 10 19 14 2 12 14 7
COSTS 4 14 18 9 14 10 3 13 14 8 8 8 7 7 14 9 4 14 10 18 14 2 16 14 6
COSTS 2 14 18 9 11 10 3 13 14 8 5 8 11 5 16 9 4 14 10 19 14 2 12 14 6
COSTS 2 14 18 9 14 12 5 14 11 7 8 8 11 5 16 9 4 14 10 18 14 2 16 14 7
COSTS 2 14 18 9 14 10 3 14 11 7 8 8 11 5 16 9 4 14 10 18 14 2 12 14 7
COSTS 2 14 18 9 14 10 3 13 14 8 8 8 11 5 16 9 4 14 10 19 14 2 12 14 7
COSTS 4 18 15 9 14 12 5 14 11 7 8 8 11 5 16 9 4 14 10 18 14 2 16 18 7
COSTS 4 14 18 9 14 10 3 13 14 7 8 8 7 7 14 8 6 11 7 18 14 2 12 18 7
COSTS 2 14 18 9 11 10 3 13 14 7 8 8 7 7 14 9 4 14 10 18 16 2 16 14 7
END
STATE 1ed79474fa1481edbddb05b06cd34a766d078447f487850d98719c2564a89f10 6003 24 36
LABELS 0 0 0 0 0 0 0 0 0 0 0 0 0 0 0 0 0 0 0 0 0 0 0 0
MASSES 5 27 13 2 8 5 16 27 12 4 10 19 29 10 7 20 3 28 19 7 29 10 10 6
QUERY_IDS 0 1 7 10 16 18 19 22 24 25 26 27 28 29 30 31 32 33 34 35 36 37 38 39 40 41 42 43 51 52 53 54 55 56 57 60
RESPONSES 0 1 0 0 0 0 0 0 0 0 0 0 0 0 0 0 0 0 0 0 0 0 0 0 0 0 0 0 0 0 0 0 0 0 0 1
RESPONSES 0 1 0 0 0 0 0 0 0 0 0 0 0 0 0 0 0 0 0 0 0 0 0 0 0 0 0 0 0 0 0 0 0 0 0 1
RESPONSES 0 1 0 0 0 0 0 0 0 0 0 0 0 0 0 0 0 0 0 0 0 0 0 0 0 0 0 0 0 0 0 0 0 0 0 1
RESPONSES 1 1 0 1 0 0 0 0 0 0 0 0 0 0 0 0 0 0 0 0 0 0 0 0 0 0 0 0 0 0 0 0 0 0 0 1
RESPONSES 0 1 1 0 0 0 0 0 0 0 0 0 0 0 0 0 0 0 0 0 0 0 0 0 0 0 0 0 0 0 0 0 0 0 0 1
RESPONSES 0 1 0 0 0 0 0 0 0 0 0 0 0 0 0 0 0 0 0 0 0 0 0 0 0 0 0 0 0 0 0 0 0 0 0 1
RESPONSES 0 0 0 0 0 0 0 0 0 0 0 0 0 0 0 0 0 0 0 0 0 0 0 0 0 0 0 0 0 0 0 0 0 0 0 1
RESPONSES 0 0 0 0 0 0 0 0 0 0 0 0 0 0 0 0 0 0 0 0 0 0 0 0 0 0 0 0 0 0 0 0 0 0 0 1
RESPONSES 1 1 0 0 0 0 0 1 0 0 0 0 1 1 0 0 0 0 0 1 1 0 0 1 1 1 1 1 0 0 0 0 0 0 0 1
RESPONSES 0 1 1 0 0 0 0 1 1 1 1 1 1 1 1 1 1 1 1 1 1 0 0 0 0 1 1 1 1 1 1 1 1 1 1 0
RESPONSES 1 1 0 0 1 0 0 0 0 0 0 0 0 0 0 0 0 0 0 0 0 0 0 0 0 0 0 0 0 0 0 0 0 0 0 1
RESPONSES 0 0 0 0 0 0 0 0 0 0 0 0 0 0 0 0 0 0 0 0 0 0 0 0 0 0 0 0 0 0 0 0 0 0 0 1
RESPONSES 0 0 0 0 0 0 0 0 0 0 0 0 0 0 0 0 0 0 0 0 0 0 0 0 0 0 0 0 0 0 0 0 0 0 0 1
RESPONSES 0 0 0 0 0 0 0 0 0 0 0 0 0 0 0 0 0 0 0 0 0 0 0 0 0 0 0 0 0 0 0 0 0 0 0 1
RESPONSES 1 1 0 1 0 0 0 1 0 0 0 1 1 1 0 0 0 0 0 1 1 1 1 1 1 1 1 1 0 0 0 0 0 0 0 1
RESPONSES 1 1 0 0 0 0 1 0 0 0 0 0 0 0 0 0 0 0 0 0 0 0 0 0 0 0 0 0 0 0 0 0 0 0 0 1
RESPONSES 1 1 0 0 0 0 0 0 0 0 0 0 0 0 0 0 0 0 0 0 0 0 0 0 0 0 0 0 0 0 0 0 0 0 0 1
RESPONSES 1 1 1 0 0 0 0 1 0 1 1 1 1 1 0 0 0 0 1 1 1 1 1 1 1 1 1 1 0 0 0 0 0 0 0 1
RESPONSES 0 1 0 0 0 0 0 0 0 0 0 0 0 1 0 0 1 1 1 1 0 0 0 0 0 0 0 0 0 0 0 0 0 0 0 1
RESPONSES 0 0 0 0 0 1 1 0 0 0 0 0 0 0 0 0 0 0 0 0 0 0 0 0 0 0 0 0 0 0 0 0 0 0 0 1
RESPONSES 1 1 0 0 0 0 0 0 0 0 0 0 0 0 0 0 0 0 0 0 0 0 0 0 0 0 0 0 0 0 0 0 0 0 0 1
RESPONSES 1 1 0 0 0 0 0 0 0 0 0 0 0 1 0 0 0 0 1 1 0 0 0 0 0 0 0 0 0 0 0 0 0 0 0 1
RESPONSES 1 1 0 1 1 0 0 0 0 0 0 0 0 0 0 0 0 0 0 0 0 0 0 0 0 0 0 0 0 0 0 0 0 0 0 1
RESPONSES 1 1 0 1 1 0 0 0 0 0 0 0 0 0 0 0 0 0 0 0 0 0 0 0 0 0 0 0 0 0 0 0 0 0 0 1
COSTS 3 18 11 13 17 3 6 4 7 6 15 15 18 9 3 7 2 13 1 13 5 4 6 10 13 7 6 12 7 18 13 4 5 8 19 17
COSTS 3 18 11 13 17 3 6 4 7 6 15 15 18 9 3 7 2 13 1 13 5 4 6 10 13 7 6 12 7 18 13 4 5 8 19 17
COSTS 3 18 11 13 17 3 6 4 7 6 15 15 18 9 3 7 2 13 1 13 5 4 6 10 13 7 6 12 7 18 13 4 5 8 19 17
COSTS 1 18 11 13 17 3 6 4 7 6 15 15 18 9 3 7 2 13 1 13 5 4 6 10 13 7 6 12 7 18 13 4 5 8 19 17
COSTS 3 18 11 13 17 3 6 4 7 6 15 15 18 9 3 7 2 13 1 13 5 4 6 10 13 7 6 12 7 18 13 4 5 8 19 17
COSTS 3 18 11 13 17 3 6 4 7 6 15 15 18 9 3 7 2 13 1 13 5 4 6 10 13 7 6 12 7 18 13 4 5 8 19 17
COSTS 3 16 11 13 17 3 6 4 7 6 15 15 18 9 3 7 2 13 1 13 5 4 6 10 13 7 6 12 7 18 13 4 5 8 19 17
COSTS 3 16 11 13 17 3 6 4 7 6 15 15 18 9 3 7 2 13 1 13 5 4 6 10 13 7 6 12 7 18 13 4 5 8 19 17
COSTS 1 18 11 13 17 3 6 3 7 6 15 15 17 9 3 7 2 13 1 15 8 4 6 9 15 4 6 12 7 18 13 4 5 8 19 17
COSTS 3 18 11 13 17 3 6 3 4 8 17 13 17 9 6 7 4 10 5 15 8 4 6 10 13 4 6 12 6 15 15 4 9 8 15 14
COSTS 1 18 11 13 15 3 6 4 7 6 15 15 18 9 3 7 2 13 1 13 5 4 6 10 13 7 6 12 7 18 13 4 5 8 19 17
COSTS 3 16 11 13 17 3 6 4 7 6 15 15 18 9 3 7 2 13 1 13 5 4 6 10 13 7 6 12 7 18 13 4 5 8 19 17
COSTS 3 16 11 13 17 3 6 4 7 6 15 15 18 9 3 7 2 13 1 13 5 4 6 10 13 7 6 12 7 18 13 4 5 8 19 17
COSTS 3 16 11 13 17 3 6 4 7 6 15 15 18 9 3 7 2 13 1 13 5 4 6 10 13 7 6 12 7 18 13 4 5 8 19 17
COSTS 1 18 11 13 17 3 6 3 7 6 15 13 17 9 3 7 2 13 1 15 8 1 3 9 15 4 6 12 7 18 13 4 5 8 19 17
COSTS 1 18 11 13 17 3 10 4 7 6 15 15 18 9 3 7 2 13 1 13 5 4 6 10 13 7 6 12 7 18 13 4 5 8 19 17
COSTS 1 18 11 13 17 3 6 4 7 6 15 15 18 9 3 7 2 13 1 13 5 4 6 10 13 7 6 12 7 18 13 4 5 8 19 17
COSTS 1 18 11 13 17 3 6 3 7 8 17 13 17 9 3 7 2 13 5 15 8 1 3 9 15 4 6 12 7 18 13 4 5 8 19 17
COSTS 3 18 11 13 17 3 6 4 7 6 15 15 18 9 3 7 4 10 5 15 5 4 6 10 13 7 6 12 7 18 13 4 5 8 19 17
COSTS 3 16 11 13 17 5 10 4 7 6 15 15 18 9 3 7 2 13 1 13 5 4 6 10 13 7 6 12 7 18 13 4 5 8 19 17
COSTS 1 18 11 13 17 3 6 4 7 6 15 15 18 9 3 7 2 13 1 13 5 4 6 10 13 7 6 12 7 18 13 4 5 8 19 17
COSTS 1 18 11 13 17 3 6 4 7 6 15 15 18 9 3 7 2 13 5 15 5 4 6 10 13 7 6 12 7 18 13 4 5 8 19 17
COSTS 1 18 11 13 15 3 6 4 7 6 15 15 18 9 3 7 2 13 1 13 5 4 6 10 13 7 6 12 7 18 13 4 5 8 19 17
COSTS 1 18 11 13 15 3 6 4 7 6 15 15 18 9 3 7 2 13 1 13 5 4 6 10 13 7 6 12 7 18 13 4 5 8 19 17
END
STATE 206bcff626658eed385ab71a3bfe24d4dacf9ed2a5cd6908dbb0c324ffb87ecd 6002 24 32
LABELS 2 0 1 1 3 1 1 3 4 2 1 3 2 3 1 3 1 1 1 3 2 1 0 3
MASSES 11 19 10 20 4 16 23 27 21 23 23 27 2 26 5 15 10 26 28 14 11 13 16 23
QUERY_IDS 0 2 3 4 6 11 16 17 20 21 22 23 24 25 26 27 28 30 31 32 33 34 44 45 46 51 56 57 61 62 67 77
RESPONSES 0 0 0 0 0 1 0 0 0 1 1 0 0 0 0 1 1 0 0 0 0 1 0 0 0 1 1 1 1 1 1 0
RESPONSES 1 0 0 0 1 1 0 0 1 1 1 0 0 0 0 0 0 0 0 0 0 0 1 1 1 1 1 1 1 1 0 0
RESPONSES 1 0 0 0 1 1 0 0 1 1 1 0 0 0 0 0 0 0 0 0 0 0 1 1 1 1 1 1 1 1 1 0
RESPONSES 1 0 0 0 1 0 1 1 1 1 1 0 0 0 0 1 1 0 0 0 0 1 0 0 0 0 1 1 1 1 1 1
RESPONSES 1 0 1 1 1 1 1 1 1 1 1 0 0 0 0 0 0 0 0 0 0 0 0 0 0 0 0 0 1 1 1 1
RESPONSES 0 0 0 0 0 1 0 0 1 1 1 0 0 0 0 0 0 0 0 0 0 0 1 1 1 0 1 1 1 1 0 0
RESPONSES 0 0 0 0 0 0 0 0 1 1 1 0 0 0 0 0 0 0 0 0 0 0 0 0 0 0 1 1 1 1 1 0
RESPONSES 0 0 0 0 0 0 1 1 1 1 1 0 0 0 0 0 0 0 0 0 0 0 0 0 0 1 1 1 1 1 1 0
RESPONSES 1 0 0 0 1 1 0 0 0 0 0 1 1 1 1 1 1 1 1 1 1 1 0 0 0 0 1 1 0 0 1 1
RESPONSES 1 0 0 0 1 1 0 0 0 0 0 0 0 1 1 1 1 1 1 1 1 1 0 0 0 0 1 1 1 1 1 1
RESPONSES 0 0 0 0 0 1 0 0 1 1 1 0 0 0 0 0 0 0 0 0 0 0 1 1 1 0 1 1 1 1 1 0
RESPONSES 1 0 0 0 1 0 1 1 1 1 1 0 0 0 0 1 1 0 0 0 0 0 0 0 0 0 1 1 1 1 0 1
RESPONSES 0 0 0 0 0 1 0 0 1 1 1 0 0 0 1 1 1 0 0 0 0 0 0 0 0 0 1 1 1 1 1 0
RESPONSES 1 0 1 1 1 0 1 1 1 1 1 0 0 0 1 1 1 0 0 0 0 1 0 0 0 0 0 0 1 1 1 1
RESPONSES 1 1 1 1 1 0 1 1 1 1 1 0 0 0 0 0 0 0 0 0 0 0 0 0 0 1 1 1 1 1 0 1
RESPONSES 1 0 0 0 1 1 1 1 1 1 1 0 0 0 0 0 0 0 0 0 0 0 0 0 0 0 1 1 1 1 0 1
RESPONSES 1 0 0 0 1 1 0 0 1 1 1 0 0 0 0 0 0 0 0 0 0 0 1 1 1 1 1 1 1 1 1 0
RESPONSES 0 0 0 0 0 1 0 0 1 1 1 0 0 0 0 0 0 0 0 0 0 0 0 0 0 0 1 1 1 1 1 0
RESPONSES 0 0 0 0 0 1 0 0 1 1 1 0 0 0 0 0 0 0 0 0 0 0 1 1 1 1 1 1 1 1 1 0
RESPONSES 1 0 1 1 1 1 1 1 1 1 1 0 0 0 0 0 0 0 0 0 0 0 0 0 0 0 0 0 1 1 1 1
RESPONSES 1 0 0 0 1 1 0 0 0 0 0 0 0 1 1 1 1 1 1 1 1 1 0 0 0 0 1 1 1 1 1 1
RESPONSES 1 0 0 0 1 1 0 0 1 1 1 0 0 0 0 0 0 0 0 0 0 0 1 1 1 1 1 1 1 1 1 0
RESPONSES 1 0 0 0 1 1 0 0 1 1 1 0 0 0 0 0 0 0 0 0 0 0 1 1 1 0 1 1 1 1 0 0
RESPONSES 0 0 0 0 0 1 1 1 1 1 1 0 0 0 0 0 0 0 0 0 0 0 0 0 0 1 1 1 1 1 1 0
COSTS 18 11 9 3 10 15 18 19 6 13 12 15 5 11 15 10 17 7 6 8 9 15 11 12 14 11 2 10 17 6 12 11
COSTS 16 11 9 3 11 15 18 19 5 13 12 15 5 11 15 10 18 7 6 8 9 12 12 11 13 11 2 10 17 6 10 11
COSTS 16 11 9 3 11 15 18 19 5 13 12 15 5 11 15 10 18 7 6 8 9 12 12 11 13 11 2 10 17 6 12 11
COSTS 16 11 9 3 11 17 18 18 5 13 12 15 5 11 15 10 17 7 6 8 9 15 11 12 14 12 2 10 17 6 12 10
COSTS 16 11 8 6 11 15 18 18 5 13 12 15 5 11 15 10 18 7 6 8 9 12 11 12 14 12 2 10 17 6 12 10
COSTS 18 11 9 3 10 15 18 19 5 13 12 15 5 11 15 10 18 7 6 8 9 12 12 11 13 12 2 10 17 6 10 11
COSTS 18 11 9 3 10 17 18 19 5 13 12 15 5 11 15 10 18 7 6 8 9 12 11 12 14 12 2 10 17 6 12 11
COSTS 18 11 9 3 10 17 18 18 5 13 12 15 5 11 15 10 18 7 6 8 9 12 11 12 14 11 2 10 17 6 12 11
COSTS 16 11 9 3 11 15 18 19 6 14 12 12 7 9 14 10 17 7 8 10 11 15 11 12 14 12 2 10 16 7 12 10
COSTS 16 11 9 3 11 15 18 19 6 14 12 15 5 9 14 10 17 7 8 10 11 15 11 12 14 12 2 10 17 6 12 10
COSTS 18 11 9 3 10 15 18 19 5 13 12 15 5 11 15 10 18 7 6 8 9 12 12 11 13 12 2 10 17 6 12 11
COSTS 16 11 9 3 11 17 18 18 5 13 12 15 5 11 15 10 17 7 6 8 9 12 11 12 14 12 2 10 17 6 10 10
COSTS 18 11 9 3 10 15 18 19 5 13 12 15 5 11 14 10 17 7 6 8 9 12 11 12 14 12 2 10 17 6 12 11
COSTS 16 11 8 6 11 17 18 18 5 13 12 15 5 11 14 10 17 7 6 8 9 15 11 12 14 12 2 10 17 6 12 10
COSTS 16 11 8 6 11 17 18 18 5 13 12 15 5 11 15 10 18 7 6 8 9 12 11 12 14 11 2 10 17 6 10 10
COSTS 16 11 9 3 11 15 18 18 5 13 12 15 5 11 15 10 18 7 6 8 9 12 11 12 14 12 2 10 17 6 10 10
COSTS 16 11 9 3 11 15 18 19 5 13 12 15 5 11 15 10 18 7 6 8 9 12 12 11 13 11 2 10 17 6 12 11
COSTS 18 11 9 3 10 15 18 19 5 13 12 15 5 11 15 10 18 7 6 8 9 12 11 12 14 12 2 10 17 6 12 11
COSTS 18 11 9 3 10 15 18 19 5 13 12 15 5 11 15 10 18 7 6 8 9 12 12 11 13 11 2 10 17 6 12 11
COSTS 16 11 8 6 11 15 18 18 5 13 12 15 5 11 15 10 18 7 6 8 9 12 11 12 14 12 2 10 17 6 12 10
COSTS 16 11 9 3 11 15 18 19 6 14 12 15 5 9 14 10 17 7 8 10 11 15 11 12 14 12 2 10 17 6 12 10
COSTS 16 11 9 3 11 15 18 19 5 13 12 15 5 11 15 10 18 7 6 8 9 12 12 11 13 11 2 10 17 6 12 11
COSTS 16 11 9 3 11 15 18 19 5 13 12 15 5 11 15 10 18 7 6 8 9 12 12 11 13 12 2 10 17 6 10 11
COSTS 18 11 9 3 10 15 18 18 5 13 12 15 5 11 15 10 18 7 6 8 9 12 11 12 14 11 2 10 17 6 12 11
END
STATE 20866c204de05582c6b56636825afba417db4ff34668fad78dda608cb7244f7a 6001 24 24
LABELS 1 0 1 0 1 0 1 1 0 0 0 1 0 0 1 0 1 1 1 0 1 1 0 0
MASSES 14 9 1 11 28 8 12 7 20 29 23 15 16 24 4 5 26 23 17 18 29 2 25 27
QUERY_IDS 0 1 2 6 7 8 9 10 14 15 17 18 19 20 21 23 24 25 26 27 28 29 33 37
RESPONSES 1 1 1 0 0 0 0 0 0 0 0 0 0 0 0 1 1 1 0 0 0 0 0 1
RESPONSES 0 0 0 1 1 1 1 1 1 1 1 1 1 0 0 1 1 1 1 1 1 1 1 1
RESPONSES 0 0 0 0 0 0 0 1 0 0 0 0 0 1 1 1 1 1 1 1 1 1 1 1
RESPONSES 0 0 0 0 0 0 1 1 0 0 0 1 1 0 0 0 0 0 1 1 1 1 0 1
RESPONSES 0 0 0 0 0 0 0 0 0 0 0 1 1 1 1 1 1 1 1 1 1 1 1 1
RESPONSES 0 0 0 0 0 0 0 0 0 0 0 1 1 1 1 1 1 1 1 1 1 1 0 1
RESPONSES 0 0 0 0 0 0 0 1 0 0 1 1 1 1 1 1 1 1 1 1 1 1 0 1
RESPONSES 1 1 1 0 0 0 0 0 0 0 1 1 1 1 1 1 1 1 1 1 1 1 0 1
RESPONSES 0 0 0 0 0 0 0 1 0 0 1 1 1 0 0 0 0 1 0 0 0 0 1 1
RESPONSES 0 0 0 1 1 1 1 1 1 1 1 1 1 1 1 1 1 1 1 1 1 1 0 1
RESPONSES 0 0 0 0 0 1 1 1 0 0 0 0 0 0 0 1 1 1 1 1 1 1 1 1
RESPONSES 0 0 0 0 0 0 0 1 0 0 0 1 1 1 1 1 1 1 1 1 1 1 0 1
RESPONSES 0 0 0 0 0 1 1 1 0 0 1 1 1 0 0 0 0 0 1 1 1 1 0 1
RESPONSES 0 0 0 0 0 1 1 1 0 0 0 1 1 0 0 0 0 0 0 0 0 0 0 1
RESPONSES 0 0 0 0 0 0 0 0 0 0 1 1 1 0 0 0 0 1 0 0 0 0 1 1
RESPONSES 0 0 0 0 0 0 0 0 0 0 1 1 1 0 0 0 0 1 0 0 1 1 1 1
RESPONSES 0 0 0 0 0 0 1 1 0 0 1 1 1 0 0 1 1 1 1 1 1 1 1 1
RESPONSES 0 0 0 0 0 0 0 0 0 0 0 1 1 1 1 1 1 1 1 1 1 1 0 1
RESPONSES 0 0 0 0 0 0 0 0 1 1 1 1 1 0 0 0 1 1 1 1 1 1 0 1
RESPONSES 0 0 0 0 0 1 1 1 0 0 1 1 1 0 0 0 1 1 0 0 1 1 0 1
RESPONSES 0 0 0 0 0 0 0 0 0 0 0 1 1 0 0 0 0 1 0 0 0 0 0 0
RESPONSES 0 0 0 0 0 0 0 0 0 0 0 0 0 1 1 1 1 1 1 1 1 1 0 1
RESPONSES 1 1 1 1 1 1 1 1 0 0 0 1 1 1 1 1 1 1 1 1 1 1 0 0
RESPONSES 0 0 0 0 0 1 1 1 0 0 0 1 1 1 1 1 1 1 1 1 1 1 0 1
COSTS 15 7 11 14 7 7 9 15 4 6 11 8 15 9 10 17 13 14 4 10 11 8 16 18
COSTS 18 6 10 12 8 9 8 15 4 6 9 11 18 9 10 17 13 14 5 9 7 8 16 18
COSTS 18 6 10 14 7 7 9 15 4 6 11 8 15 8 8 17 13 14 5 9 7 8 16 18
COSTS 18 6 10 14 7 7 8 15 4 6 11 11 18 9 10 13 10 13 5 9 7 8 16 18
COSTS 18 6 10 14 7 7 9 15 4 6 11 11 18 8 8 17 13 14 5 9 7 8 16 18
COSTS 18 6 10 14 7 7 9 15 4 6 11 11 18 8 8 17 13 14 5 9 7 8 16 18
COSTS 18 6 10 14 7 7 9 15 4 6 9 11 18 8 8 17 13 14 5 9 7 8 16 18
COSTS 15 7 11 14 7 7 9 15 4 6 9 11 18 8 8 17 13 14 5 9 7 8 16 18
COSTS 18 6 10 14 7 7 9 15 4 6 9 11 18 9 10 13 10 14 4 10 11 8 16 18
COSTS 18 6 10 12 8 9 8 15 4 6 9 11 18 8 8 17 13 14 5 9 7 8 16 18
COSTS 18 6 10 14 7 9 8 15 4 6 11 8 15 9 10 17 13 14 5 9 7 8 16 18
COSTS 18 6 10 14 7 7 9 15 4 6 11 11 18 8 8 17 13 14 5 9 7 8 16 18
COSTS 18 6 10 14 7 9 8 15 4 6 9 11 18 9 10 13 10 13 5 9 7 8 16 18
COSTS 18 6 10 14 7 9 8 15 4 6 11 11 18 9 10 13 10 13 4 10 11 8 16 18
COSTS 18 6 10 14 7 7 9 15 4 6 9 11 18 9 10 13 10 14 4 10 11 8 16 18
COSTS 18 6 10 14 7 7 9 15 4 6 9 11 18 9 10 13 10 14 4 10 7 8 16 18
COSTS 18 6 10 14 7 7 8 15 4 6 9 11 18 9 10 17 13 14 5 9 7 8 16 18
COSTS 18 6 10 14 7 7 9 15 4 6 11 11 18 8 8 17 13 14 5 9 7 8 16 18
COSTS 18 6 10 14 7 7 9 15 4 6 9 11 18 9 10 13 13 14 5 9 7 8 16 18
COSTS 18 6 10 14 7 9 8 15 4 6 9 11 18 9 10 13 13 14 4 10 7 8 16 18
COSTS 18 6 10 14 7 7 9 15 4 6 11 11 18 9 10 13 10 14 4 10 11 8 16 14
COSTS 18 6 10 14 7 7 9 15 4 6 11 8 15 8 8 17 13 14 5 9 7 8 16 18
COSTS 15 7 11 12 8 9 8 15 4 6 11 11 18 8 8 17 13 14 5 9 7 8 16 14
COSTS 18 6 10 14 7 9 8 15 4 6 11 11 18 8 8 17 13 14 5 9 7 8 16 18
END
STATE 20c04c9640e70bdc73b20faab4f868ae965c29904b6e835933235e31518d3653 6002 24 32
LABELS 1 3 3 3 3 1 0 0 0 1 3 0 2 0 0 4 1 3 0 3 0 3 3 3
MASSES 4 1 22 8 27 21 29 22 6 26 10 30 19 8 29 14 4 29 12 23 7 8 18 12
QUERY_IDS 0 1 2 3 6 7 12 13 17 18 20 23 24 27 28 29 37 38 39 51 53 54 55 57 61 64 70 71 75 76 77 78
RESPONSES 1 0 0 1 1 1 1 1 1 1 1 0 0 1 1 1 0 0 0 0 0 0 1 1 1 1 1 1 1 1 1 1
RESPONSES 0 0 0 0 1 1 1 1 1 1 1 0 0 1 1 1 0 0 0 0 0 0 0 1 1 1 1 1 1 1 1 1
RESPONSES 0 0 0 0 1 1 1 1 1 1 1 0 0 1 1 1 0 0 0 0 0 0 0 1 1 1 1 1 1 1 1 1
RESPONSES 0 0 0 0 1 1 1 1 1 1 1 0 0 1 1 1 0 0 0 0 0 0 0 1 1 1 1 1 1 1 1 1
RESPONSES 0 0 0 0 0 0 1 1 1 1 1 0 0 0 0 0 0 0 0 1 1 1 1 1 1 1 1 1 0 0 0 0
RESPONSES 1 0 0 1 1 1 1 1 1 1 1 0 0 1 1 1 0 0 0 0 1 1 1 1 1 1 1 1 1 1 1 1
RESPONSES 1 1 1 1 1 1 1 1 0 0 1 1 1 1 1 1 0 0 0 0 1 1 1 1 0 1 0 1 1 1 1 1
RESPONSES 1 1 1 1 1 1 1 1 0 0 1 1 1 1 1 1 0 0 0 0 1 1 1 1 0 1 1 1 1 1 1 1
RESPONSES 1 1 1 1 1 1 1 1 0 0 1 1 1 1 1 1 0 0 0 0 1 1 1 1 0 1 1 1 1 1 1 1
RESPONSES 0 0 0 0 0 0 1 1 0 0 1 0 0 0 0 1 0 0 0 0 1 1 1 1 1 1 1 1 0 0 0 1
RESPONSES 1 1 1 1 1 1 1 1 1 1 1 0 0 1 1 1 0 0 0 0 1 1 1 1 0 1 1 1 1 1 1 1
RESPONSES 0 0 0 0 0 0 1 1 0 0 1 0 0 1 1 1 0 0 0 0 1 1 1 1 1 1 1 1 1 1 1 1
RESPONSES 1 1 1 1 1 1 1 1 0 0 1 0 0 1 1 1 1 1 1 0 1 1 1 1 0 1 0 0 1 1 1 1
RESPONSES 0 0 0 0 1 1 1 1 1 1 1 0 0 0 0 0 0 0 0 0 1 1 1 1 1 1 1 1 0 0 0 0
RESPONSES 1 1 1 1 1 1 1 1 0 0 1 1 1 1 1 1 0 0 0 0 1 1 1 1 0 1 1 1 1 1 1 1
RESPONSES 1 1 1 1 1 1 1 1 0 0 0 0 0 0 0 1 1 1 1 0 1 1 1 1 0 0 0 0 1 1 1 1
RESPONSES 1 0 0 1 1 1 1 1 1 1 1 0 0 1 1 1 0 0 0 0 0 0 1 1 0 1 1 1 1 1 1 1
RESPONSES 0 0 0 0 1 1 0 0 1 1 1 0 0 1 1 1 0 0 0 0 0 0 0 0 0 1 1 1 1 1 1 1
RESPONSES 1 1 1 1 1 1 1 1 0 0 1 1 1 1 1 1 0 0 0 0 1 1 1 1 0 1 0 1 1 1 1 1
RESPONSES 1 1 1 1 1 1 1 1 1 1 1 0 0 1 1 1 0 0 0 0 1 1 1 1 0 1 1 1 1 1 1 1
RESPONSES 0 0 0 0 1 1 1 1 1 1 1 0 0 0 0 0 0 0 0 0 1 1 1 1 1 1 1 1 0 0 0 0
RESPONSES 0 0 0 0 1 1 1 1 1 1 1 0 0 1 1 1 0 0 0 0 0 0 0 1 1 1 1 1 1 1 1 1
RESPONSES 0 0 0 0 1 1 1 1 1 1 1 0 0 1 1 1 0 0 0 0 0 0 0 1 1 1 1 1 1 1 1 1
RESPONSES 0 0 0 0 1 1 1 1 1 1 1 0 0 0 0 1 0 0 0 1 1 1 1 1 1 1 1 1 0 0 0 1
COSTS 16 19 11 8 11 3 7 18 18 10 5 15 5 10 17 6 9 16 13 12 6 11 5 10 17 11 14 2 4 1 10 13
COSTS 18 19 11 9 11 3 7 18 18 10 5 15 5 10 17 6 9 16 13 12 6 11 5 10 17 11 14 2 4 1 10 13
COSTS 18 19 11 9 11 3 7 18 18 10 5 15 5 10 17 6 9 16 13 12 6 11 5 10 17 11 14 2 4 1 10 13
COSTS 18 19 11 9 11 3 7 18 18 10 5 15 5 10 17 6 9 16 13 12 6 11 5 10 17 11 14 2 4 1 10 13
COSTS 18 19 11 9 10 5 7 18 18 10 5 15 5 10 18 6 9 16 13 11 6 11 5 10 17 11 14 2 2 1 11 16
COSTS 16 19 11 8 11 3 7 18 18 10 5 15 5 10 17 6 9 16 13 12 6 11 5 10 17 11 14 2 4 1 10 13
COSTS 16 17 11 8 11 3 7 18 19 7 5 12 7 10 17 6 9 16 13 12 6 11 5 10 16 11 15 2 4 1 10 13
COSTS 16 17 11 8 11 3 7 18 19 7 5 12 7 10 17 6 9 16 13 12 6 11 5 10 16 11 14 2 4 1 10 13
COSTS 16 17 11 8 11 3 7 18 19 7 5 12 7 10 17 6 9 16 13 12 6 11 5 10 16 11 14 2 4 1 10 13
COSTS 18 19 11 9 10 5 7 18 19 7 5 15 5 10 18 6 9 16 13 12 6 11 5 10 17 11 14 2 2 1 11 13
COSTS 16 17 11 8 11 3 7 18 18 10 5 15 5 10 17 6 9 16 13 12 6 11 5 10 16 11 14 2 4 1 10 13
COSTS 18 19 11 9 10 5 7 18 19 7 5 15 5 10 17 6 9 16 13 12 6 11 5 10 17 11 14 2 4 1 10 13
COSTS 16 17 11 8 11 3 7 18 19 7 5 15 5 10 17 6 11 17 12 12 6 11 5 10 16 11 15 4 4 1 10 13
COSTS 18 19 11 9 11 3 7 18 18 10 5 15 5 10 18 6 9 16 13 12 6 11 5 10 17 11 14 2 2 1 11 16
COSTS 16 17 11 8 11 3 7 18 19 7 5 12 7 10 17 6 9 16 13 12 6 11 5 10 16 11 14 2 4 1 10 13
COSTS 16 17 11 8 11 3 7 18 19 7 6 15 5 10 18 6 11 17 12 12 6 11 5 10 16 14 15 4 4 1 10 13
COSTS 16 19 11 8 11 3 7 18 18 10 5 15 5 10 17 6 9 16 13 12 6 11 5 10 16 11 14 2 4 1 10 13
COSTS 18 19 11 9 11 3 3 16 18 10 5 15 5 10 17 6 9 16 13 12 6 11 5 10 16 11 14 2 4 1 10 13
COSTS 16 17 11 8 11 3 7 18 19 7 5 12 7 10 17 6 9 16 13 12 6 11 5 10 16 11 15 2 4 1 10 13
COSTS 16 17 11 8 11 3 7 18 18 10 5 15 5 10 17 6 9 16 13 12 6 11 5 10 16 11 14 2 4 1 10 13
COSTS 18 19 11 9 11 3 7 18 18 10 5 15 5 10 18 6 9 16 13 12 6 11 5 10 17 11 14 2 2 1 11 16
COSTS 18 19 11 9 11 3 7 18 18 10 5 15 5 10 17 6 9 16 13 12 6 11 5 10 17 11 14 2 4 1 10 13
COSTS 18 19 11 9 11 3 7 18 18 10 5 15 5 10 17 6 9 16 13 12 6 11 5 10 17 11 14 2 4 1 10 13
COSTS 18 19 11 9 11 3 7 18 18 10 5 15 5 10 18 6 9 16 13 11 6 11 5 10 17 11 14 2 2 1 11 13
END
STATE 20c356d5025cf529b6f8f6c1d84b397342e69687ad1f9fb488b611fc6ab64fe9 6002 24 28
LABELS 0 0 0 0 0 0 0 0 0 0 0 0 0 0 0 0 1 0 1 0 0 0 0 0
MASSES 22 27 6 27 21 20 16 2 17 21 22 3 21 17 30 13 28 2 9 28 14 30 9 22
QUERY_IDS 1 2 3 4 5 7 8 9 10 11 12 13 14 16 17 18 19 20 22 26 27 28 29 30 31 32 33 34
RESPONSES 0 1 1 1 1 1 1 1 1 1 1 1 1 1 1 1 1 1 1 1 1 1 1 1 1 1 1 1
RESPONSES 0 1 1 1 1 1 1 1 1 1 1 1 1 1 1 1 1 1 1 1 1 1 1 1 1 1 1 1
RESPONSES 1 1 1 1 1 1 1 1 1 1 1 1 1 1 1 1 1 1 1 1 1 1 1 1 1 1 1 1
RESPONSES 0 0 0 1 1 1 1 1 1 1 1 1 1 1 1 1 1 1 1 1 1 1 1 1 1 1 1 1
RESPONSES 0 0 0 0 0 1 1 1 1 0 1 1 1 0 1 1 1 1 1 1 1 1 1 1 1 1 1 1
RESPONSES 0 0 0 1 1 1 1 1 1 1 1 1 1 1 1 1 1 1 1 0 1 1 1 1 1 1 1 1
RESPONSES 1 1 1 1 1 1 1 1 1 1 1 1 1 1 1 1 1 1 1 0 1 1 1 1 1 1 1 1
RESPONSES 0 0 0 0 1 1 1 1 1 1 1 1 1 1 1 1 1 1 1 0 1 1 1 1 1 1 1 1
RESPONSES 0 1 1 1 1 0 1 1 1 1 1 1 1 1 1 1 1 1 1 1 1 1 1 1 1 1 1 1
RESPONSES 0 0 0 1 1 0 1 1 1 0 1 1 1 1 1 1 1 1 1 1 1 1 1 1 1 1 1 1
RESPONSES 0 0 0 1 1 1 1 1 1 1 1 1 1 1 1 1 1 1 1 1 1 1 1 1 1 1 1 1
RESPONSES 0 0 0 1 1 1 1 1 1 1 1 1 1 1 1 1 1 1 1 1 1 1 1 1 1 1 1 1
RESPONSES 0 0 0 1 1 1 1 1 1 1 1 1 1 0 1 1 0 1 1 0 1 1 1 0 1 1 1 1
RESPONSES 1 1 1 1 1 1 1 1 1 1 1 1 1 1 1 1 1 1 1 1 1 1 1 1 1 1 1 1
RESPONSES 1 1 1 1 1 1 1 1 1 1 1 1 1 1 1 1 1 1 1 1 1 1 1 1 1 1 1 1
RESPONSES 0 1 1 1 1 1 1 1 1 1 1 1 1 1 1 1 1 1 1 0 1 1 1 0 1 1 1 1
RESPONSES 0 0 0 0 0 0 0 0 0 0 0 0 0 0 0 0 0 0 0 0 0 0 0 0 0 0 0 0
RESPONSES 0 0 0 1 1 0 0 1 1 1 1 1 1 1 1 1 1 1 1 1 1 1 1 1 1 1 1 1
RESPONSES 0 0 1 1 1 0 0 0 1 0 0 1 1 0 0 1 0 0 0 0 0 0 0 0 0 1 1 1
RESPONSES 0 0 1 1 1 1 1 1 1 1 1 1 1 1 1 1 1 1 1 1 1 1 1 1 1 1 1 1
RESPONSES 0 0 0 1 1 0 0 1 1 0 0 0 1 1 1 1 1 1 1 1 1 1 1 1 1 1 1 1
RESPONSES 1 1 1 1 1 1 1 1 1 1 1 1 1 1 1 1 1 1 1 0 1 1 1 1 1 1 1 1
RESPONSES 1 1 1 1 1 1 1 1 1 1 1 1 1 1 1 1 1 1 1 0 1 1 1 1 1 1 1 1
RESPONSES 1 1 1 1 1 1 1 1 1 1 1 1 1 1 1 1 1 1 1 0 1 1 1 1 1 1 1 1
COSTS 10 10 9 9 9 13 11 8 14 14 3 4 9 9 16 5 17 5 4 11 18 11 16 4 1 5 12 9
COSTS 10 10 9 9 9 13 11 8 14 14 3 4 9 9 16 5 17 5 4 11 18 11 16 4 1 5 12 9
COSTS 11 10 9 9 9 13 11 8 14 14 3 4 9 9 16 5 17 5 4 11 18 11 16 4 1 5 12 9
COSTS 10 14 7 9 9 13 11 8 14 14 3 4 9 9 16 5 17 5 4 11 18 11 16 4 1 5 12 9
COSTS 10 14 7 9 11 13 11 8 14 15 3 4 9 8 16 5 17 5 4 11 18 11 16 4 1 5 12 9
COSTS 10 14 7 9 9 13 11 8 14 14 3 4 9 9 16 5 17 5 4 12 18 11 16 4 1 5 12 9
COSTS 11 10 9 9 9 13 11 8 14 14 3 4 9 9 16 5 17 5 4 12 18 11 16 4 1 5 12 9
COSTS 10 14 7 9 9 13 11 8 14 14 3 4 9 9 16 5 17 5 4 12 18 11 16 4 1 5 12 9
COSTS 10 10 9 9 9 11 11 8 14 14 3 4 9 9 16 5 17 5 4 11 18 11 16 4 1 5 12 9
COSTS 10 14 7 9 9 11 11 8 14 15 3 4 9 9 16 5 17 5 4 11 18 11 16 4 1 5 12 9
COSTS 10 14 7 9 9 13 11 8 14 14 3 4 9 9 16 5 17 5 4 11 18 11 16 4 1 5 12 9
COSTS 10 14 7 9 9 13 11 8 14 14 3 4 9 9 16 5 17 5 4 11 18 11 16 4 1 5 12 9
COSTS 10 14 7 9 9 13 11 8 14 14 3 4 9 8 16 5 14 5 4 12 18 11 16 5 1 5 12 9
COSTS 11 10 9 9 9 13 11 8 14 14 3 4 9 9 16 5 17 5 4 11 18 11 16 4 1 5 12 9
COSTS 11 10 9 9 9 13 11 8 14 14 3 4 9 9 16 5 17 5 4 11 18 11 16 4 1 5 12 9
COSTS 10 10 9 9 9 13 11 8 14 14 3 4 9 9 16 5 17 5 4 12 18 11 16 5 1 5 12 9
COSTS 10 14 7 9 11 11 11 8 15 15 3 7 8 8 13 8 14 7 1 12 17 9 14 5 2 2 10 10
COSTS 10 14 7 9 9 11 11 8 14 14 3 4 9 9 16 5 17 5 4 11 18 11 16 4 1 5 12 9
COSTS 10 14 9 9 9 11 11 8 14 15 3 4 9 8 13 5 14 7 1 12 17 9 14 5 2 5 12 9
COSTS 10 14 9 9 9 13 11 8 14 14 3 4 9 9 16 5 17 5 4 11 18 11 16 4 1 5 12 9
COSTS 10 14 7 9 9 11 11 8 14 15 3 7 9 9 16 5 17 5 4 11 18 11 16 4 1 5 12 9
COSTS 11 10 9 9 9 13 11 8 14 14 3 4 9 9 16 5 17 5 4 12 18 11 16 4 1 5 12 9
COSTS 11 10 9 9 9 13 11 8 14 14 3 4 9 9 16 5 17 5 4 12 18 11 16 4 1 5 12 9
COSTS 11 10 9 9 9 13 11 8 14 14 3 4 9 9 16 5 17 5 4 12 18 11 16 4 1 5 12 9
END
STATE 2234dd7d9861d68a4fc7dc451d9afbf0369b0e611183eadae2882332971f6d82 6003 24 21
LABELS 1 0 0 0 0 0 0 0 0 0 0 0 0 0 0 0 0 0 0 0 0 0 0 0
MASSES 24 24 19 18 28 25 20 28 19 6 1 7 24 3 29 11 29 10 17 27 22 26 22 13
QUERY_IDS 2 3 4 5 6 9 10 13 14 15 17 18 24 26 28 30 33 34 35 39 41
RESPONSES 0 0 1 1 1 0 0 1 1 1 0 0 1 0 0 0 1 1 1 1 0
RESPONSES 1 1 1 1 1 1 1 1 1 1 1 1 0 0 0 0 1 1 1 0 0
RESPONSES 1 1 1 1 1 0 1 1 1 1 0 0 0 0 0 1 0 0 0 0 0
RESPONSES 0 1 1 1 1 0 1 1 1 1 0 0 0 0 0 0 0 0 1 0 0
RESPONSES 1 1 1 1 1 0 0 1 1 1 1 1 0 0 0 0 1 1 1 0 0
RESPONSES 1 1 1 1 1 1 1 1 1 1 1 1 0 0 0 1 1 1 1 0 2
RESPONSES 0 0 1 1 1 0 0 1 1 1 0 1 0 0 1 1 0 0 1 1 2
RESPONSES 0 1 1 1 1 0 1 1 1 1 0 0 0 0 0 0 1 1 1 2 0
RESPONSES 0 1 1 1 1 0 0 1 1 1 0 0 1 0 0 1 0 0 0 1 0
RESPONSES 1 1 1 1 1 0 1 1 1 1 1 1 0 0 0 0 1 1 1 0 0
RESPONSES 1 1 1 1 1 1 1 1 1 1 1 1 0 0 0 0 1 1 1 0 0
RESPONSES 1 1 1 1 1 0 0 1 1 1 1 1 0 0 0 0 1 1 1 0 0
RESPONSES 1 1 1 1 1 0 0 1 1 1 1 1 0 0 0 1 0 0 1 0 0
RESPONSES 1 1 1 1 1 0 0 1 1 1 1 1 1 0 0 0 1 1 1 0 0
RESPONSES 0 0 0 0 1 0 0 0 1 1 1 1 0 0 0 0 1 1 1 0 0
RESPONSES 1 1 1 1 1 0 1 1 1 1 1 1 0 0 0 0 0 0 1 0 0
RESPONSES 1 1 1 1 1 0 0 1 1 1 1 1 1 0 0 0 0 0 0 0 0
RESPONSES 1 1 1 1 1 0 1 1 1 1 1 1 0 0 1 1 1 1 1 1 0
RESPONSES 0 1 1 1 1 0 0 1 1 1 0 1 1 0 0 1 1 1 1 0 2
RESPONSES 1 1 1 1 1 1 1 1 1 1 0 0 0 0 1 1 1 1 1 0 0
RESPONSES 1 1 1 1 1 0 0 1 1 1 0 1 1 0 0 0 1 1 1 0 0
RESPONSES 1 1 1 1 1 0 0 1 1 1 1 1 0 1 1 1 1 1 1 1 1
RESPONSES 0 0 0 0 0 0 0 0 0 0 0 0 1 0 1 1 1 1 1 0 0
RESPONSES 1 1 1 1 1 0 0 1 1 1 0 0 1 0 0 0 0 0 1 1 0
COSTS 15 8 17 13 7 4 10 10 6 7 1 6 4 10 14 11 6 15 11 9 5
COSTS 17 9 17 13 7 8 7 10 6 7 2 6 3 10 14 11 6 15 11 13 5
COSTS 17 9 17 13 7 4 7 10 6 7 1 6 3 10 14 9 9 17 12 13 5
COSTS 15 9 17 13 7 4 7 10 6 7 1 6 3 10 14 11 9 17 11 13 5
COSTS 17 9 17 13 7 4 10 10 6 7 2 6 3 10 14 11 6 15 11 13 5
COSTS 17 9 17 13 7 8 7 10 6 7 2 6 3 10 14 9 6 15 11 13 8
COSTS 15 8 17 13 7 4 10 10 6 7 1 6 3 10 11 9 9 17 11 9 8
COSTS 15 9 17 13 7 4 7 10 6 7 1 6 3 10 14 11 6 15 11 11 5
COSTS 15 9 17 13 7 4 10 10 6 7 1 6 4 10 14 9 9 17 12 9 5
COSTS 17 9 17 13 7 4 7 10 6 7 2 6 3 10 14 11 6 15 11 13 5
COSTS 17 9 17 13 7 8 7 10 6 7 2 6 3 10 14 11 6 15 11 13 5
COSTS 17 9 17 13 7 4 10 10 6 7 2 6 3 10 14 11 6 15 11 13 5
COSTS 17 9 17 13 7 4 10 10 6 7 2 6 3 10 14 9 9 17 11 13 5
COSTS 17 9 17 13 7 4 10 10 6 7 2 6 4 10 14 11 6 15 11 13 5
COSTS 15 8 16 11 7 4 10 9 6 7 2 6 3 10 14 11 6 15 11 13 5
COSTS 17 9 17 13 7 4 7 10 6 7 2 6 3 10 14 11 9 17 11 13 5
COSTS 17 9 17 13 7 4 10 10 6 7 2 6 4 10 14 11 9 17 12 13 5
COSTS 17 9 17 13 7 4 7 10 6 7 2 6 3 10 11 9 6 15 11 9 5
COSTS 15 9 17 13 7 4 10 10 6 7 1 6 4 10 14 9 6 15 11 13 8
COSTS 17 9 17 13 7 8 7 10 6 7 1 6 3 10 11 9 6 15 11 13 5
COSTS 17 9 17 13 7 4 10 10 6 7 1 6 4 10 14 11 6 15 11 13 5
COSTS 17 9 17 13 7 4 10 10 6 7 2 6 3 10 11 9 6 15 11 9 5
COSTS 15 8 16 11 10 4 10 9 7 6 1 6 4 10 11 9 6 15 11 13 5
COSTS 17 9 17 13 7 4 10 10 6 7 1 6 4 10 14 11 9 17 11 9 5
END
STATE 22545a90d106a38dfa32d2e4342c55f9dfcb44105c37c83db180356f29e5c24a 6001 24 11
LABELS 0 0 0 2 1 4 0 0 0 0 4 4 0 2 1 2 3 0 4 1 2 4 4 4
MASSES 11 9 30 19 1 30 20 28 24 29 21 30 20 14 30 5 3 16 22 10 17 25 11 5
QUERY_IDS 0 1 2 3 4 6 7 8 9 10 11
RESPONSES 5 1 0 1 0 1 0 0 0 0 0
RESPONSES 5 1 0 1 0 1 0 0 0 0 0
RESPONSES 5 1 0 2 0 1 0 1 1 0 0
RESPONSES 2 1 0 2 0 1 0 1 0 0 0
RESPONSES 4 1 0 1 0 1 0 0 0 0 0
RESPONSES 4 2 1 1 1 1 0 1 0 0 0
RESPONSES 5 0 0 2 0 1 0 0 0 0 0
RESPONSES 5 1 0 2 0 1 0 0 0 0 0
RESPONSES 5 1 0 2 0 1 0 0 0 0 0
RESPONSES 5 1 0 2 0 1 0 0 0 0 0
RESPONSES 3 2 0 1 0 1 0 1 0 0 0
RESPONSES 4 2 0 1 0 1 0 1 0 0 0
RESPONSES 5 1 1 1 1 1 0 0 0 0 0
RESPONSES 3 1 1 1 0 1 0 1 1 0 0
RESPONSES 0 0 0 2 0 1 0 1 0 0 0
RESPONSES 0 0 0 2 0 1 0 1 0 0 0
RESPONSES 0 0 0 2 0 1 0 1 0 0 0
RESPONSES 5 1 1 2 0 1 0 1 0 1 0
RESPONSES 1 2 0 2 0 1 0 1 0 0 0
RESPONSES 3 1 0 0 0 1 0 1 0 0 0
RESPONSES 4 1 0 2 0 1 0 1 1 0 0
RESPONSES 4 2 0 1 0 0 0 1 0 0 0
RESPONSES 4 2 0 1 0 0 0 1 0 0 0
RESPONSES 4 2 0 1 0 0 0 1 0 0 0
COSTS 8 6 3 15 15 7 5 19 6 9 15
COSTS 8 6 3 15 15 7 5 19 6 9 15
COSTS 8 6 3 16 15 7 5 17 7 9 15
COSTS 4 6 3 16 15 7 5 17 6 9 15
COSTS 8 6 3 15 15 7 5 19 6 9 15
COSTS 8 5 5 15 18 7 5 17 6 9 15
COSTS 8 7 3 16 15 7 5 19 6 9 15
COSTS 8 6 3 16 15 7 5 19 6 9 15
COSTS 8 6 3 16 15 7 5 19 6 9 15
COSTS 8 6 3 16 15 7 5 19 6 9 15
COSTS 7 5 3 15 15 7 5 17 6 9 15
COSTS 8 5 3 15 15 7 5 17 6 9 15
COSTS 8 6 5 15 18 7 5 19 6 9 15
COSTS 7 6 5 15 15 7 5 17 7 9 15
COSTS 7 7 3 16 15 7 5 17 6 9 15
COSTS 7 7 3 16 15 7 5 17 6 9 15
COSTS 7 7 3 16 15 7 5 17 6 9 15
COSTS 8 6 5 16 15 7 5 17 6 12 15
COSTS 4 5 3 16 15 7 5 17 6 9 15
COSTS 7 6 3 19 15 7 5 17 6 9 15
COSTS 8 6 3 16 15 7 5 17 7 9 15
COSTS 8 5 3 15 15 6 5 17 6 9 15
COSTS 8 5 3 15 15 6 5 17 6 9 15
COSTS 8 5 3 15 15 6 5 17 6 9 15
END
STATE 237d71e6dfb379ac3f6d73d070c71239f52a0b6ff631a72f4364c500045f3441 6002 24 25
LABELS 1 1 0 1 1 1 0 1 1 1 0 0 1 1 1 0 0 1 0 1 0 0 0 1
MASSES 12 1 12 17 31 26 12 3 16 31 2 12 31 11 2 5 16 16 11 5 9 26 26 2
QUERY_IDS 5 6 7 10 11 13 14 15 16 17 18 19 20 21 26 27 28 29 31 39 41 42 43 49 50
RESPONSES 1 0 0 0 0 0 0 0 0 0 1 1 0 0 0 0 0 0 0 0 0 0 1 0 1
RESPONSES 1 0 0 1 1 0 0 0 0 1 1 1 1 1 1 1 1 1 0 0 1 1 1 1 1
RESPONSES 1 0 0 1 1 0 0 0 0 0 0 0 1 1 1 1 1 1 0 0 1 1 1 1 1
RESPONSES 0 0 0 1 1 1 1 1 1 1 1 1 1 1 1 1 1 1 1 0 1 1 1 1 1
RESPONSES 1 0 0 0 0 0 0 0 0 0 1 1 1 1 1 1 1 1 0 1 1 1 1 0 0
RESPONSES 1 0 0 0 0 0 0 1 1 1 1 1 1 1 1 1 1 1 1 0 0 0 0 1 1
RESPONSES 1 1 1 1 1 0 0 0 0 0 1 1 1 1 1 1 1 1 0 0 0 1 1 0 1
RESPONSES 0 0 0 0 0 0 0 0 0 0 0 0 1 1 1 1 1 1 0 0 1 1 1 0 0
RESPONSES 1 0 0 0 0 0 0 0 0 1 1 1 0 0 0 0 0 0 0 0 0 0 1 0 0
RESPONSES 1 0 0 1 1 0 0 0 0 0 0 0 0 0 1 1 1 1 0 0 1 1 1 0 0
RESPONSES 1 0 0 1 1 0 0 1 1 1 1 1 1 1 1 1 1 1 1 0 1 1 1 1 1
RESPONSES 1 0 0 1 1 0 0 0 0 0 0 0 0 0 1 1 1 1 1 1 1 1 1 0 0
RESPONSES 1 0 0 1 1 0 0 0 0 0 1 1 1 1 1 1 1 1 0 1 1 1 1 0 0
RESPONSES 1 0 0 1 1 0 0 0 0 0 0 0 1 1 1 1 1 1 0 1 1 1 1 1 1
RESPONSES 1 0 0 1 1 0 0 1 1 1 1 1 1 1 1 1 1 1 0 0 0 0 0 1 1
RESPONSES 1 1 1 1 1 0 0 0 0 0 1 1 1 1 1 1 1 1 1 1 1 1 1 1 1
RESPONSES 1 0 0 1 1 0 0 0 0 0 1 1 0 0 1 1 1 1 0 0 0 0 1 0 0
RESPONSES 0 0 0 0 0 0 0 0 0 0 0 0 1 1 1 1 1 1 0 1 1 1 1 0 0
RESPONSES 0 0 0 1 1 1 1 1 1 1 1 1 1 1 1 1 1 1 0 0 0 1 1 0 0
RESPONSES 1 0 0 1 1 0 0 1 1 1 1 1 1 1 1 1 1 1 0 0 1 1 1 0 0
RESPONSES 0 0 0 1 1 0 0 0 0 0 1 1 1 1 1 1 1 1 1 1 1 1 1 0 0
RESPONSES 1 1 1 1 1 1 1 1 1 1 1 1 1 1 1 1 1 1 0 0 0 0 0 1 1
RESPONSES 1 0 0 1 1 0 0 0 0 1 1 1 0 0 0 0 0 0 0 1 1 1 1 1 1
RESPONSES 0 0 0 0 0 0 0 0 0 1 1 1 0 0 1 1 1 1 0 0 0 1 1 0 0
COSTS 19 14 18 9 11 10 3 13 14 8 8 8 7 7 8 6 11 7 18 2 8 11 8 16 11
COSTS 19 14 18 9 14 10 3 13 14 7 8 8 11 5 9 4 14 10 18 2 10 8 8 13 11
COSTS 19 14 18 9 14 10 3 13 14 8 5 8 11 5 9 4 14 10 18 2 10 8 8 13 11
COSTS 18 14 18 9 14 12 5 14 11 7 8 8 11 5 9 4 14 10 17 2 10 8 8 13 11
COSTS 19 14 18 9 11 10 3 13 14 8 8 8 11 5 9 4 14 10 18 2 10 8 8 16 11
COSTS 19 14 18 9 11 10 3 14 11 7 8 8 11 5 9 4 14 10 17 2 8 11 8 13 11
COSTS 19 18 15 9 14 10 3 13 14 8 8 8 11 5 9 4 14 10 18 2 8 8 8 16 11
COSTS 18 14 18 9 11 10 3 13 14 8 5 8 11 5 9 4 14 10 18 2 10 8 8 16 11
COSTS 19 14 18 9 11 10 3 13 14 7 8 8 7 7 8 6 11 7 18 2 8 11 8 16 11
COSTS 19 14 18 9 14 10 3 13 14 8 5 8 7 7 9 4 14 10 18 2 10 8 8 16 11
COSTS 19 14 18 9 14 10 3 14 11 7 8 8 11 5 9 4 14 10 17 2 10 8 8 13 11
COSTS 19 14 18 9 14 10 3 13 14 8 5 8 7 7 9 4 14 10 17 2 10 8 8 16 11
COSTS 19 14 18 9 14 10 3 13 14 8 8 8 11 5 9 4 14 10 18 2 10 8 8 16 11
COSTS 19 14 18 9 14 10 3 13 14 8 5 8 11 5 9 4 14 10 18 2 10 8 8 13 11
COSTS 19 14 18 9 14 10 3 14 11 7 8 8 11 5 9 4 14 10 18 2 8 11 8 13 11
COSTS 19 18 15 9 14 10 3 13 14 8 8 8 11 5 9 4 14 10 17 2 10 8 8 13 11
COSTS 19 14 18 9 14 10 3 13 14 8 8 8 7 7 9 4 14 10 18 2 8 11 8 16 11
COSTS 18 14 18 9 11 10 3 13 14 8 5 8 11 5 9 4 14 10 18 2 10 8 8 16 11
COSTS 18 14 18 9 14 12 5 14 11 7 8 8 11 5 9 4 14 10 18 2 8 8 8 16 11
COSTS 19 14 18 9 14 10 3 14 11 7 8 8 11 5 9 4 14 10 18 2 10 8 8 16 11
COSTS 18 14 18 9 14 10 3 13 14 8 8 8 11 5 9 4 14 10 17 2 10 8 8 16 11
COSTS 19 18 15 9 14 12 5 14 11 7 8 8 11 5 9 4 14 10 18 2 8 11 8 13 11
COSTS 19 14 18 9 14 10 3 13 14 7 8 8 7 7 8 6 11 7 18 2 10 8 8 13 11
COSTS 18 14 18 9 11 10 3 13 14 7 8 8 7 7 9 4 14 10 18 2 8 8 8 16 11
END
STATE 23d60f1e4e29539129b4a952e1905214b02d137ad35ff6ea99d03a7b46573bc3 6002 24 36
LABELS 0 0 0 0 0 0 0 0 0 0 0 0 0 0 0 0 0 0 0 0 0 0 0 0
MASSES 19 16 30 21 30 4 26 5 12 1 30 16 8 27 10 7 10 14 23 2 11 14 9 3
QUERY_IDS 0 1 3 4 6 7 8 10 11 18 19 22 24 25 26 27 28 29 30 31 32 33 34 35 36 41 42 43 51 52 53 54 55 56 57 60
RESPONSES 0 1 1 1 1 1 0 0 0 0 0 0 0 0 0 0 0 0 0 0 0 0 0 0 0 0 0 0 0 0 0 0 0 0 0 1
RESPONSES 0 1 1 1 1 1 0 0 0 0 0 0 0 0 0 0 0 0 0 0 0 0 0 0 0 0 0 0 0 0 0 0 0 0 0 1
RESPONSES 1 1 1 1 1 1 0 1 0 0 0 0 0 0 0 0 0 0 0 0 0 0 0 0 0 0 0 0 0 0 0 0 0 0 0 1
RESPONSES 0 1 1 1 1 2 0 0 0 0 0 0 0 0 0 0 0 0 0 0 0 0 0 0 0 0 0 0 0 0 0 0 0 0 0 1
RESPONSES 0 1 1 1 1 1 0 0 0 0 0 0 0 0 0 0 0 0 0 0 0 0 0 0 0 0 0 0 0 0 0 0 0 0 0 1
RESPONSES 0 0 0 1 1 1 0 0 0 0 0 0 0 0 0 0 0 1 0 0 0 0 1 1 0 0 0 0 0 0 0 0 0 0 0 1
RESPONSES 0 0 1 1 1 1 0 0 0 0 0 0 0 0 0 0 0 0 0 0 0 0 0 0 0 0 0 0 0 0 0 0 0 0 0 1
RESPONSES 0 0 1 1 1 1 0 0 0 0 0 0 0 0 0 0 0 0 0 0 0 0 0 0 0 0 0 0 0 0 0 0 0 0 0 1
RESPONSES 0 0 1 1 1 1 0 0 0 0 0 0 0 0 0 0 0 0 0 0 0 0 0 0 0 0 0 0 0 0 0 0 0 0 0 1
RESPONSES 0 0 1 1 1 1 0 0 0 0 0 0 0 0 0 0 0 0 0 0 0 0 0 0 0 0 0 0 0 0 0 0 0 0 0 1
RESPONSES 0 0 1 1 1 1 0 0 0 0 0 0 0 0 0 0 0 0 0 0 0 0 0 0 0 0 0 0 0 0 0 0 0 0 0 1
RESPONSES 0 1 1 1 1 2 0 0 0 0 0 1 1 1 1 1 1 1 1 1 1 1 1 1 1 1 1 1 1 1 1 1 1 1 1 0
RESPONSES 0 0 0 0 1 1 0 0 1 0 0 0 0 0 0 0 0 0 0 0 0 0 0 0 0 0 0 0 0 0 0 0 0 0 0 1
RESPONSES 0 0 1 1 1 2 0 0 0 0 0 0 0 0 0 0 0 0 0 0 0 0 0 0 0 0 0 0 0 0 0 0 0 0 0 1
RESPONSES 0 0 0 0 1 2 0 0 0 0 0 1 1 1 1 1 1 1 1 1 1 1 1 1 1 1 1 1 0 0 0 0 0 0 0 1
RESPONSES 0 0 0 1 1 0 0 0 0 0 0 0 0 0 0 0 0 0 0 0 0 0 0 0 0 0 0 0 0 0 0 0 0 0 0 1
RESPONSES 0 0 0 0 1 2 0 0 0 0 1 0 0 0 0 0 0 0 0 0 0 0 0 0 0 0 0 0 0 0 0 0 0 0 0 1
RESPONSES 0 0 0 0 0 1 1 0 0 0 1 1 1 1 1 1 1 0 0 0 0 0 0 0 0 0 0 0 0 0 0 0 0 0 0 1
RESPONSES 1 1 1 1 1 1 0 0 0 0 0 0 0 0 0 0 0 0 0 0 0 0 0 0 0 0 0 0 0 0 0 0 0 0 0 1
RESPONSES 0 1 1 1 1 1 0 0 0 0 0 0 0 0 0 0 0 1 0 0 1 1 1 1 0 0 0 0 0 0 0 0 0 0 0 1
RESPONSES 0 0 1 1 1 1 0 0 0 1 1 0 0 0 0 0 0 0 0 0 0 0 0 0 0 0 0 0 0 0 0 0 0 0 0 1
RESPONSES 1 1 1 1 1 1 0 0 0 0 0 0 0 0 0 0 0 1 0 0 0 0 1 1 0 0 0 0 0 0 0 0 0 0 0 1
RESPONSES 0 0 0 0 1 2 0 0 0 0 0 1 1 1 1 1 1 0 0 0 0 0 0 0 0 0 0 0 0 0 0 0 0 0 0 1
RESPONSES 0 0 0 0 0 2 1 0 0 0 0 1 0 0 0 0 0 0 0 0 0 0 0 0 0 0 0 0 0 0 0 0 0 0 0 1
COSTS 10 6 6 13 12 14 6 18 7 17 11 6 11 12 5 9 4 6 2 9 17 1 11 8 15 14 16 13 13 15 9 7 8 7 12 5
COSTS 10 6 6 13 12 14 6 18 7 17 11 6 11 12 5 9 4 6 2 9 17 1 11 8 15 14 16 13 13 15 9 7 8 7 12 5
COSTS 7 6 6 13 12 14 6 19 7 17 11 6 11 12 5 9 4 6 2 9 17 1 11 8 15 14 16 13 13 15 9 7 8 7 12 5
COSTS 10 6 6 13 12 16 6 18 7 17 11 6 11 12 5 9 4 6 2 9 17 1 11 8 15 14 16 13 13 15 9 7 8 7 12 5
COSTS 10 6 6 13 12 14 6 18 7 17 11 6 11 12 5 9 4 6 2 9 17 1 11 8 15 14 16 13 13 15 9 7 8 7 12 5
COSTS 10 8 5 13 12 14 6 18 7 17 11 6 11 12 5 9 4 5 2 9 17 1 13 8 15 14 16 13 13 15 9 7 8 7 12 5
COSTS 10 8 6 13 12 14 6 18 7 17 11 6 11 12 5 9 4 6 2 9 17 1 11 8 15 14 16 13 13 15 9 7 8 7 12 5
COSTS 10 8 6 13 12 14 6 18 7 17 11 6 11 12 5 9 4 6 2 9 17 1 11 8 15 14 16 13 13 15 9 7 8 7 12 5
COSTS 10 8 6 13 12 14 6 18 7 17 11 6 11 12 5 9 4 6 2 9 17 1 11 8 15 14 16 13 13 15 9 7 8 7 12 5
COSTS 10 8 6 13 12 14 6 18 7 17 11 6 11 12 5 9 4 6 2 9 17 1 11 8 15 14 16 13 13 15 9 7 8 7 12 5
COSTS 10 8 6 13 12 14 6 18 7 17 11 6 11 12 5 9 4 6 2 9 17 1 11 8 15 14 16 13 13 15 9 7 8 7 12 5
COSTS 10 6 6 13 12 16 6 18 7 17 11 2 12 16 8 12 3 5 3 9 13 3 13 8 13 11 18 11 14 16 6 9 5 7 10 3
COSTS 10 8 5 15 12 14 6 18 10 17 11 6 11 12 5 9 4 6 2 9 17 1 11 8 15 14 16 13 13 15 9 7 8 7 12 5
COSTS 10 8 6 13 12 16 6 18 7 17 11 6 11 12 5 9 4 6 2 9 17 1 11 8 15 14 16 13 13 15 9 7 8 7 12 5
COSTS 10 8 5 15 12 16 6 18 7 17 11 2 12 16 8 12 3 5 3 9 13 3 13 8 13 11 18 11 13 15 9 7 8 7 12 5
COSTS 10 8 5 13 12 18 6 18 7 17 11 6 11 12 5 9 4 6 2 9 17 1 11 8 15 14 16 13 13 15 9 7 8 7 12 5
COSTS 10 8 5 15 12 16 6 18 7 17 10 6 11 12 5 9 4 6 2 9 17 1 11 8 15 14 16 13 13 15 9 7 8 7 12 5
COSTS 10 8 5 15 12 14 5 18 7 17 10 2 12 16 8 12 3 6 2 9 17 1 11 8 15 14 16 13 13 15 9 7 8 7 12 5
COSTS 7 6 6 13 12 14 6 18 7 17 11 6 11 12 5 9 4 6 2 9 17 1 11 8 15 14 16 13 13 15 9 7 8 7 12 5
COSTS 10 6 6 13 12 14 6 18 7 17 11 6 11 12 5 9 4 5 2 9 13 3 13 8 15 14 16 13 13 15 9 7 8 7 12 5
COSTS 10 8 6 13 12 14 6 18 7 14 10 6 11 12 5 9 4 6 2 9 17 1 11 8 15 14 16 13 13 15 9 7 8 7 12 5
COSTS 7 6 6 13 12 14 6 18 7 17 11 6 11 12 5 9 4 5 2 9 17 1 13 8 15 14 16 13 13 15 9 7 8 7 12 5
COSTS 10 8 5 15 12 16 6 18 7 17 11 2 12 16 8 12 3 6 2 9 17 1 11 8 15 14 16 13 13 15 9 7 8 7 12 5
COSTS 10 8 5 15 12 16 5 18 7 17 11 2 11 12 5 9 4 6 2 9 17 1 11 8 15 14 16 13 13 15 9 7 8 7 12 5
END
STATE 25c9f9b35459957dd6fcf3e66ca81000de304811162abefdad5ca7f112a2746b 6001 16 13
LABELS 1 1 1 1 1 1 1 1 1 1 1 0 1 1 1 1
MASSES 8 8 22 1 13 22 21 3 3 1 26 1 11 24 2 31
QUERY_IDS 0 1 3 4 5 6 7 8 9 11 12 14 15
RESPONSES 0 1 1 1 1 0 0 0 1 2 1 0 2
RESPONSES 0 2 1 1 1 0 0 0 1 0 1 0 1
RESPONSES 0 1 1 1 1 0 0 0 1 2 1 0 1
RESPONSES 0 1 1 1 1 0 0 0 0 2 1 0 1
RESPONSES 0 1 1 1 1 0 0 0 0 2 1 0 1
RESPONSES 0 1 1 1 1 0 0 0 1 2 1 1 1
RESPONSES 1 2 1 1 1 0 0 0 1 2 1 0 2
RESPONSES 0 2 1 1 1 0 0 0 0 2 1 0 2
RESPONSES 1 1 0 0 0 1 1 1 1 1 0 0 2
RESPONSES 1 1 1 1 1 0 0 0 1 0 1 0 1
RESPONSES 0 2 1 1 1 0 0 0 1 2 1 0 0
RESPONSES 0 0 0 0 1 1 1 1 1 1 0 0 0
RESPONSES 0 0 1 1 1 0 0 0 0 2 1 0 0
RESPONSES 0 2 1 1 1 0 0 0 0 2 1 0 0
RESPONSES 0 1 1 1 1 0 0 0 0 2 1 0 2
RESPONSES 0 0 1 1 1 0 0 0 1 2 1 0 1
COSTS 6 16 14 14 5 15 12 14 15 9 9 12 12
COSTS 6 18 14 14 5 15 12 14 15 6 9 12 13
COSTS 6 16 14 14 5 15 12 14 15 9 9 12 13
COSTS 6 16 14 14 5 15 12 14 17 9 9 12 13
COSTS 6 16 14 14 5 15 12 14 17 9 9 12 13
COSTS 6 16 14 14 5 15 12 14 15 9 9 12 13
COSTS 5 18 14 14 5 15 12 14 15 9 9 12 12
COSTS 6 18 14 14 5 15 12 14 17 9 9 12 12
COSTS 5 16 15 16 7 19 14 12 15 9 8 12 12
COSTS 5 16 14 14 5 15 12 14 15 6 9 12 13
COSTS 6 18 14 14 5 15 12 14 15 9 9 12 12
COSTS 6 15 15 16 5 19 14 12 15 9 8 12 12
COSTS 6 15 14 14 5 15 12 14 17 9 9 12 12
COSTS 6 18 14 14 5 15 12 14 17 9 9 12 12
COSTS 6 16 14 14 5 15 12 14 17 9 9 12 12
COSTS 6 15 14 14 5 15 12 14 15 9 9 12 13
END
STATE 25e840ec4012a8aca7ad0b0be082c1b802b0d7a4d189ce51a8c2f39308a3451a 6001 16 13
LABELS 0 0 1 1 1 1 1 0 0 0 0 0 1 1 0 0
MASSES 23 13 28 21 25 23 6 20 4 30 3 11 30 2 10 18
QUERY_IDS 0 1 2 3 4 5 6 7 8 11 12 13 14
RESPONSES 1 1 1 0 0 0 1 1 1 0 0 0 1
RESPONSES 1 0 1 0 0 0 1 1 1 0 1 0 2
RESPONSES 0 2 0 1 1 1 0 0 0 1 1 1 1
RESPONSES 0 2 0 1 1 1 0 0 0 1 1 1 1
RESPONSES 0 2 0 1 1 1 0 0 0 0 1 1 0
RESPONSES 0 0 0 1 1 1 0 0 0 1 1 1 1
RESPONSES 1 0 0 1 1 1 0 1 0 1 1 1 1
RESPONSES 0 0 1 0 0 0 1 1 1 0 0 0 2
RESPONSES 1 1 1 0 0 0 1 1 1 0 0 0 0
RESPONSES 1 1 1 0 1 1 0 0 0 0 0 0 1
RESPONSES 0 1 1 0 0 1 1 1 1 0 0 0 2
RESPONSES 1 2 1 0 0 0 1 1 1 0 0 0 1
RESPONSES 0 1 0 1 1 1 0 0 0 1 1 1 1
RESPONSES 0 1 0 1 1 1 0 0 0 1 1 1 1
RESPONSES 1 2 1 0 0 0 1 1 1 0 0 0 2
RESPONSES 1 2 1 0 0 0 1 1 1 0 0 0 2
COSTS 5 16 7 15 16 7 19 14 12 9 8 14 12
COSTS 5 15 7 15 16 7 19 14 12 9 9 14 12
COSTS 6 18 9 14 14 5 15 12 14 9 9 15 12
COSTS 6 18 9 14 14 5 15 12 14 9 9 15 12
COSTS 6 18 9 14 14 5 15 12 14 9 9 15 12
COSTS 6 15 9 14 14 5 15 12 14 9 9 15 12
COSTS 5 15 9 14 14 5 15 14 14 9 9 15 12
COSTS 6 15 7 15 16 7 19 14 12 9 8 14 12
COSTS 5 16 7 15 16 7 19 14 12 9 8 14 12
COSTS 5 16 7 15 14 5 15 12 14 9 8 14 12
COSTS 6 16 7 15 16 5 19 14 12 9 8 14 12
COSTS 5 18 7 15 16 7 19 14 12 9 8 14 12
COSTS 6 16 9 14 14 5 15 12 14 9 9 15 12
COSTS 6 16 9 14 14 5 15 12 14 9 9 15 12
COSTS 5 18 7 15 16 7 19 14 12 9 8 14 12
COSTS 5 18 7 15 16 7 19 14 12 9 8 14 12
END
STATE 2799f3b49e94d4537b36703fb0a3fcd96da82bedbb0c7f7f2f53671791c4eaca 6001 20 13
LABELS 1 1 1 1 1 1 1 1 1 1 1 1 0 1 0 0 1 1 1 1
MASSES 3 14 26 18 6 1 8 13 6 21 14 1 1 4 19 3 12 25 10 30
QUERY_IDS 0 1 3 4 5 6 7 8 10 11 12 13 14
RESPONSES 1 1 1 1 1 1 1 0 2 2 1 1 0
RESPONSES 0 2 1 1 1 0 1 0 1 0 1 1 0
RESPONSES 0 1 1 1 1 1 1 0 1 2 1 1 0
RESPONSES 0 1 1 1 1 1 1 0 1 2 1 1 0
RESPONSES 0 1 1 1 1 1 1 0 1 2 1 1 0
RESPONSES 0 1 1 1 1 1 1 0 1 2 1 1 0
RESPONSES 0 1 1 1 1 1 1 0 1 2 1 1 0
RESPONSES 0 1 1 1 1 1 1 0 1 2 1 1 0
RESPONSES 0 1 1 1 1 1 1 0 1 2 1 1 0
RESPONSES 0 1 1 1 1 1 1 0 1 2 1 1 0
RESPONSES 0 0 1 1 1 1 1 0 1 2 1 1 0
RESPONSES 0 0 1 1 1 1 1 0 1 2 1 1 0
RESPONSES 0 1 1 1 1 1 1 0 2 2 1 1 0
RESPONSES 0 1 1 1 0 1 1 0 1 2 0 1 0
RESPONSES 0 2 1 1 1 1 1 0 2 2 0 1 0
RESPONSES 1 2 0 0 0 1 2 1 2 1 0 0 1
RESPONSES 0 2 1 1 1 1 1 0 1 0 1 1 0
RESPONSES 0 2 1 1 0 1 1 0 0 0 1 1 0
RESPONSES 1 2 1 1 1 1 0 0 2 2 1 1 0
RESPONSES 1 2 1 1 1 2 1 0 1 2 1 1 0
COSTS 5 16 14 14 5 15 12 14 19 9 9 15 12
COSTS 6 18 14 14 5 15 12 14 17 6 9 15 12
COSTS 6 16 14 14 5 15 12 14 17 9 9 15 12
COSTS 6 16 14 14 5 15 12 14 17 9 9 15 12
COSTS 6 16 14 14 5 15 12 14 17 9 9 15 12
COSTS 6 16 14 14 5 15 12 14 17 9 9 15 12
COSTS 6 16 14 14 5 15 12 14 17 9 9 15 12
COSTS 6 16 14 14 5 15 12 14 17 9 9 15 12
COSTS 6 16 14 14 5 15 12 14 17 9 9 15 12
COSTS 6 16 14 14 5 15 12 14 17 9 9 15 12
COSTS 6 15 14 14 5 15 12 14 17 9 9 15 12
COSTS 6 15 14 14 5 15 12 14 17 9 9 15 12
COSTS 6 16 14 14 5 15 12 14 19 9 9 15 12
COSTS 6 16 14 14 7 15 12 14 17 9 8 15 12
COSTS 6 18 14 14 5 15 12 14 19 9 8 15 12
COSTS 5 18 15 16 7 15 14 12 19 9 8 14 12
COSTS 6 18 14 14 5 15 12 14 17 6 9 15 12
COSTS 6 18 14 14 7 15 12 14 19 6 9 15 12
COSTS 5 18 14 14 5 15 11 14 19 9 9 15 12
COSTS 5 18 14 14 5 19 12 14 17 9 9 15 12
END
STATE 294a294db30841d34646448867937a8f3d44a3bbc0955ea2c46b49d83337d46d 6003 24 32
LABELS 2 0 1 1 3 1 1 3 4 2 1 3 2 3 1 3 1 1 1 3 2 1 0 3
MASSES 16 27 3 1 10 9 18 7 18 28 19 1 31 28 27 23 18 14 20 22 9 25 13 26
QUERY_IDS 0 2 3 4 5 6 12 16 17 20 21 22 23 24 25 26 27 28 30 31 32 33 44 45 46 56 57 60 61 62 68 78
RESPONSES 0 0 0 0 0 0 1 0 0 0 1 1 0 0 0 0 1 1 0 0 0 0 0 0 0 1 1 1 1 1 1 1
RESPONSES 1 0 0 0 0 1 1 0 0 1 1 1 0 0 0 0 0 0 0 0 0 0 1 1 1 1 1 1 1 1 0 0
RESPONSES 1 0 0 0 0 1 1 0 0 1 1 1 0 0 0 0 0 0 0 0 0 0 1 1 1 1 1 1 1 1 1 0
RESPONSES 1 0 0 0 1 1 0 1 1 1 1 1 0 0 0 0 1 1 0 0 0 0 0 0 0 1 1 1 1 1 1 1
RESPONSES 1 0 1 1 1 1 1 1 1 1 1 1 0 0 0 0 0 0 0 0 0 0 0 0 0 0 0 1 1 1 1 1
RESPONSES 0 0 0 0 0 0 1 0 0 1 1 1 0 0 0 0 0 0 0 0 0 0 1 1 1 1 1 1 1 1 1 1
RESPONSES 0 0 0 0 0 0 1 0 0 1 1 1 0 0 0 0 0 0 0 0 0 0 0 0 0 1 1 1 1 1 1 1
RESPONSES 0 0 0 0 0 0 1 1 1 1 1 1 0 0 0 0 0 0 0 0 0 0 0 0 0 1 1 1 1 1 1 0
RESPONSES 1 0 0 0 0 1 1 0 0 0 0 0 1 1 1 1 1 1 1 1 1 1 0 0 0 1 1 0 0 0 1 1
RESPONSES 1 0 0 0 0 1 1 0 0 0 0 0 0 0 1 1 1 1 1 1 1 1 0 0 0 1 1 1 1 1 1 1
RESPONSES 0 0 0 0 0 0 1 0 0 1 1 1 0 0 0 0 0 0 0 0 0 0 1 1 1 1 1 1 1 1 1 0
RESPONSES 1 0 0 0 1 1 1 1 1 1 1 1 0 0 0 0 1 1 0 0 0 0 0 0 0 1 1 1 1 1 1 1
RESPONSES 0 0 0 0 0 0 1 0 0 1 1 1 0 0 0 1 1 1 0 0 0 0 0 0 0 1 1 1 1 1 1 1
RESPONSES 1 0 1 1 1 1 1 1 1 1 1 1 0 0 0 1 1 1 0 0 0 0 0 0 0 0 0 1 1 1 1 1
RESPONSES 1 1 1 1 1 1 0 1 1 1 1 1 0 0 0 0 0 0 0 0 0 0 0 0 0 1 1 1 1 1 1 1
RESPONSES 1 0 0 0 1 1 1 1 1 1 1 1 0 0 0 0 0 0 0 0 0 0 0 0 0 1 1 1 1 1 1 1
RESPONSES 1 0 0 0 0 1 1 0 0 1 1 1 0 0 0 0 0 0 0 0 0 0 1 1 1 1 1 1 1 1 1 0
RESPONSES 0 0 0 0 0 0 1 0 0 1 1 1 0 0 0 0 0 0 0 0 0 0 0 0 0 1 1 1 1 1 1 1
RESPONSES 0 0 0 0 0 0 1 0 0 1 1 1 0 0 0 0 0 0 0 0 0 0 1 1 1 1 1 1 1 1 1 0
RESPONSES 1 0 1 1 1 1 1 1 1 1 1 1 0 0 0 0 0 0 0 0 0 0 0 0 0 0 0 1 1 1 1 1
RESPONSES 1 0 0 0 0 1 1 0 0 0 0 0 0 0 1 1 1 1 1 1 1 1 0 0 0 1 1 0 1 1 1 1
RESPONSES 1 0 0 0 0 1 1 0 0 1 1 1 0 0 0 0 0 0 0 0 0 0 1 1 1 1 1 1 1 1 1 0
RESPONSES 1 0 0 0 0 1 1 0 0 1 1 1 0 0 0 0 0 0 0 0 0 0 1 1 1 1 1 1 1 1 1 0
RESPONSES 0 0 0 0 0 0 1 1 1 1 1 1 0 0 0 0 0 0 0 0 0 0 0 0 0 1 1 1 1 1 1 0
COSTS 12 11 13 15 14 9 6 9 13 3 7 11 6 4 10 2 11 3 6 13 12 14 14 15 10 7 14 13 13 7 18 11
COSTS 13 11 13 15 14 6 6 9 13 2 7 11 6 4 10 2 11 3 6 13 12 14 16 13 9 7 14 13 13 7 18 11
COSTS 13 11 13 15 14 6 6 9 13 2 7 11 6 4 10 2 11 3 6 13 12 14 16 13 9 7 14 13 13 7 18 11
COSTS 13 11 13 15 15 6 6 8 13 2 7 11 6 4 10 2 11 3 6 13 12 14 14 15 10 7 14 13 13 7 18 11
COSTS 13 11 16 13 15 6 6 8 13 2 7 11 6 4 10 2 11 3 6 13 12 14 14 15 10 4 16 13 13 7 18 11
COSTS 12 11 13 15 14 9 6 9 13 2 7 11 6 4 10 2 11 3 6 13 12 14 16 13 9 7 14 13 13 7 18 11
COSTS 12 11 13 15 14 9 6 9 13 2 7 11 6 4 10 2 11 3 6 13 12 14 14 15 10 7 14 13 13 7 18 11
COSTS 12 11 13 15 14 9 6 8 13 2 7 11 6 4 10 2 11 3 6 13 12 14 14 15 10 7 14 13 13 7 18 11
COSTS 13 11 13 15 14 6 6 9 13 3 5 9 3 5 12 6 11 3 8 13 16 11 14 15 10 7 14 16 15 7 18 11
COSTS 13 11 13 15 14 6 6 9 13 3 5 9 6 4 12 6 11 3 8 13 16 11 14 15 10 7 14 13 13 7 18 11
COSTS 12 11 13 15 14 9 6 9 13 2 7 11 6 4 10 2 11 3 6 13 12 14 16 13 9 7 14 13 13 7 18 11
COSTS 13 11 13 15 15 6 6 8 13 2 7 11 6 4 10 2 11 3 6 13 12 14 14 15 10 7 14 13 13 7 18 11
COSTS 12 11 13 15 14 9 6 9 13 2 7 11 6 4 10 6 11 3 6 13 12 14 14 15 10 7 14 13 13 7 18 11
COSTS 13 11 16 13 15 6 6 8 13 2 7 11 6 4 10 6 11 3 6 13 12 14 14 15 10 4 16 13 13 7 18 11
COSTS 13 11 16 13 15 6 6 8 13 2 7 11 6 4 10 2 11 3 6 13 12 14 14 15 10 7 14 13 13 7 18 11
COSTS 13 11 13 15 15 6 6 8 13 2 7 11 6 4 10 2 11 3 6 13 12 14 14 15 10 7 14 13 13 7 18 11
COSTS 13 11 13 15 14 6 6 9 13 2 7 11 6 4 10 2 11 3 6 13 12 14 16 13 9 7 14 13 13 7 18 11
COSTS 12 11 13 15 14 9 6 9 13 2 7 11 6 4 10 2 11 3 6 13 12 14 14 15 10 7 14 13 13 7 18 11
COSTS 12 11 13 15 14 9 6 9 13 2 7 11 6 4 10 2 11 3 6 13 12 14 16 13 9 7 14 13 13 7 18 11
COSTS 13 11 16 13 15 6 6 8 13 2 7 11 6 4 10 2 11 3 6 13 12 14 14 15 10 4 16 13 13 7 18 11
COSTS 13 11 13 15 14 6 6 9 13 3 5 9 6 4 12 6 11 3 8 13 16 11 14 15 10 7 14 16 13 7 18 11
COSTS 13 11 13 15 14 6 6 9 13 2 7 11 6 4 10 2 11 3 6 13 12 14 16 13 9 7 14 13 13 7 18 11
COSTS 13 11 13 15 14 6 6 9 13 2 7 11 6 4 10 2 11 3 6 13 12 14 16 13 9 7 14 13 13 7 18 11
COSTS 12 11 13 15 14 9 6 8 13 2 7 11 6 4 10 2 11 3 6 13 12 14 14 15 10 7 14 13 13 7 18 11
END
STATE 2a99c7533b17e1625cbbd167599cd3a9b6a6994deabcb118299e2a6b83982f0d 6001 24 13
LABELS 1 1 1 1 1 1 1 1 1 1 1 1 1 1 1 1 0 0 1 1 1 1 1 1
MASSES 3 8 7 22 3 29 26 18 6 1 8 13 6 21 1 24 19 3 1 24 7 12 25 31
QUERY_IDS 0 1 3 4 5 7 8 9 10 11 12 13 14
RESPONSES 1 1 1 2 1 0 0 0 2 2 2 1 0
RESPONSES 0 2 1 2 1 0 0 1 1 0 2 1 0
RESPONSES 0 1 1 2 1 0 0 1 1 2 2 1 0
RESPONSES 0 1 1 2 1 0 0 1 1 2 2 1 0
RESPONSES 0 1 1 2 1 0 0 1 1 2 2 1 0
RESPONSES 0 1 1 2 1 0 0 1 1 2 2 1 0
RESPONSES 0 1 1 2 1 0 0 0 1 2 2 1 0
RESPONSES 0 1 1 2 1 0 0 0 1 2 2 1 0
RESPONSES 0 1 1 2 1 0 0 0 1 2 2 1 0
RESPONSES 0 1 1 2 1 0 0 0 1 2 2 1 0
RESPONSES 0 1 1 2 1 0 0 0 1 2 2 1 0
RESPONSES 0 1 1 2 1 0 0 0 1 2 2 1 0
RESPONSES 0 1 1 2 1 0 0 0 1 2 2 1 0
RESPONSES 0 1 1 2 1 0 0 0 1 2 2 1 0
RESPONSES 0 0 1 2 1 0 0 0 1 2 2 1 0
RESPONSES 1 1 1 2 1 0 0 1 1 2 2 1 0
RESPONSES 0 2 1 2 1 0 0 0 2 2 1 1 0
RESPONSES 1 2 0 1 0 1 1 0 2 1 1 0 1
RESPONSES 1 1 1 2 1 0 0 1 1 0 2 1 0
RESPONSES 0 2 1 0 1 0 0 1 1 2 2 1 0
RESPONSES 0 2 1 2 1 0 0 1 1 2 0 1 0
RESPONSES 0 2 1 2 1 0 0 0 1 0 2 1 0
RESPONSES 0 2 1 2 0 0 0 0 0 0 2 1 0
RESPONSES 0 0 1 2 1 0 0 1 1 2 2 1 0
COSTS 5 16 14 14 5 12 14 17 19 9 9 15 12
COSTS 6 18 14 14 5 12 14 15 17 6 9 15 12
COSTS 6 16 14 14 5 12 14 15 17 9 9 15 12
COSTS 6 16 14 14 5 12 14 15 17 9 9 15 12
COSTS 6 16 14 14 5 12 14 15 17 9 9 15 12
COSTS 6 16 14 14 5 12 14 15 17 9 9 15 12
COSTS 6 16 14 14 5 12 14 17 17 9 9 15 12
COSTS 6 16 14 14 5 12 14 17 17 9 9 15 12
COSTS 6 16 14 14 5 12 14 17 17 9 9 15 12
COSTS 6 16 14 14 5 12 14 17 17 9 9 15 12
COSTS 6 16 14 14 5 12 14 17 17 9 9 15 12
COSTS 6 16 14 14 5 12 14 17 17 9 9 15 12
COSTS 6 16 14 14 5 12 14 17 17 9 9 15 12
COSTS 6 16 14 14 5 12 14 17 17 9 9 15 12
COSTS 6 15 14 14 5 12 14 17 17 9 9 15 12
COSTS 5 16 14 14 5 12 14 15 17 9 9 15 12
COSTS 6 18 14 14 5 12 14 17 19 9 8 15 12
COSTS 5 18 15 16 7 14 12 17 19 9 8 14 12
COSTS 5 16 14 14 5 12 14 15 17 6 9 15 12
COSTS 6 18 14 17 5 12 14 15 17 9 9 15 12
COSTS 6 18 14 14 5 12 14 15 17 9 11 15 12
COSTS 6 18 14 14 5 12 14 17 17 6 9 15 12
COSTS 6 18 14 14 7 12 14 17 19 6 9 15 12
COSTS 6 15 14 14 5 12 14 15 17 9 9 15 12
END
STATE 2b3765bca15137095629d2e82c8902db022780adce539ec1d6cd60e60895ad21 6001 24 11
LABELS 1 4 4 3 2 1 0 2 2 1 2 1 4 4 1 2 2 4 2 1 2 1 1 1
MASSES 12 18 6 17 7 8 7 31 16 10 11 1 27 15 2 16 21 20 22 4 31 27 23 25
QUERY_IDS 0 1 2 3 4 5 6 7 9 10 11
RESPONSES 4 2 0 0 0 1 0 0 0 0 0
RESPONSES 4 3 0 0 0 1 0 0 0 0 0
RESPONSES 0 3 0 2 0 1 0 0 0 0 0
RESPONSES 2 0 0 2 0 1 0 0 0 1 0
RESPONSES 3 2 0 2 0 0 0 0 0 0 0
RESPONSES 3 2 0 2 0 0 0 0 0 0 0
RESPONSES 5 1 0 2 0 0 0 0 0 0 0
RESPONSES 0 2 0 2 0 0 0 0 1 0 1
RESPONSES 4 2 0 2 0 0 0 0 0 0 0
RESPONSES 4 2 0 2 0 0 0 0 0 0 0
RESPONSES 4 2 0 2 0 0 0 0 0 0 0
RESPONSES 2 2 0 1 1 1 0 0 0 0 0
RESPONSES 4 3 0 1 0 0 0 0 0 0 0
RESPONSES 4 3 0 1 0 1 0 0 0 0 0
RESPONSES 4 2 0 0 0 0 0 0 0 0 0
RESPONSES 0 2 0 2 0 0 0 0 0 0 0
RESPONSES 0 1 0 1 0 0 0 0 0 0 0
RESPONSES 1 3 0 2 0 0 0 0 0 0 0
RESPONSES 2 1 0 2 0 1 0 0 0 1 0
RESPONSES 1 1 0 2 0 0 0 0 0 0 0
RESPONSES 4 2 0 1 0 1 0 0 0 0 0
RESPONSES 4 2 0 2 0 0 0 0 0 1 0
RESPONSES 3 1 0 2 0 0 0 0 0 0 0
RESPONSES 1 2 0 1 0 1 0 0 0 0 0
COSTS 8 6 3 19 15 2 7 5 6 9 15
COSTS 8 5 3 19 15 2 7 5 6 9 15
COSTS 7 5 3 16 15 2 7 5 6 9 15
COSTS 4 7 3 16 15 2 7 5 6 12 15
COSTS 7 6 3 16 15 4 7 5 6 9 15
COSTS 7 6 3 16 15 4 7 5 6 9 15
COSTS 8 7 3 16 15 4 7 5 6 9 15
COSTS 7 6 3 16 15 4 7 5 7 9 14
COSTS 8 6 3 16 15 4 7 5 6 9 15
COSTS 8 6 3 16 15 4 7 5 6 9 15
COSTS 8 6 3 16 15 4 7 5 6 9 15
COSTS 4 6 3 15 18 2 7 5 6 9 15
COSTS 8 5 3 15 15 4 7 5 6 9 15
COSTS 8 5 3 15 15 2 7 5 6 9 15
COSTS 8 6 3 19 15 4 7 5 6 9 15
COSTS 7 6 3 16 15 4 7 5 6 9 15
COSTS 7 7 3 15 15 4 7 5 6 9 15
COSTS 4 5 3 16 15 4 7 5 6 9 15
COSTS 4 7 3 16 15 2 7 5 6 12 15
COSTS 4 7 3 16 15 4 7 5 6 9 15
COSTS 8 6 3 15 15 2 7 5 6 9 15
COSTS 8 6 3 16 15 4 7 5 6 12 15
COSTS 7 7 3 16 15 4 7 5 6 9 15
COSTS 4 6 3 15 15 2 7 5 6 9 15
END
STATE 2c094e1d09ca45f424c543b70180ff0829d55a715d57a2531863c3b2c590e59c 6003 24 37
LABELS 0 0 0 0 0 0 0 0 0 0 0 0 0 0 0 0 0 0 0 0 0 0 0 0
MASSES 15 27 2 5 16 4 4 30 16 18 27 25 14 4 3 15 29 20 18 7 29 10 10 6
QUERY_IDS 0 1 2 3 7 8 10 16 18 19 22 24 25 26 27 28 29 30 31 32 33 34 35 36 39 40 41 42 43 51 52 53 54 55 56 57 60
RESPONSES 0 1 1 1 1 0 0 0 0 0 0 0 0 0 0 0 0 0 0 0 0 0 0 0 0 0 0 0 0 0 0 0 0 0 0 0 1
RESPONSES 0 1 1 1 1 0 0 0 0 0 0 0 0 0 0 0 0 0 0 0 0 0 0 0 0 0 0 0 0 0 0 0 0 0 0 0 1
RESPONSES 1 1 1 1 1 0 1 0 0 0 0 0 0 0 0 0 0 0 0 0 0 0 0 0 0 0 0 0 0 0 0 0 0 0 0 0 1
RESPONSES 0 1 1 1 1 0 0 0 0 0 0 0 0 0 0 0 0 0 0 0 0 0 0 0 0 0 0 0 0 0 0 0 0 0 0 0 1
RESPONSES 0 0 0 0 1 0 0 0 0 0 0 0 0 0 0 0 1 0 0 0 0 1 1 0 0 0 0 0 0 0 0 0 0 0 0 0 1
RESPONSES 0 0 0 0 1 0 0 1 0 0 0 0 0 0 0 0 0 0 0 0 0 0 0 0 0 0 0 0 0 0 0 0 0 0 0 0 1
RESPONSES 0 0 0 0 1 0 0 1 0 0 0 0 0 0 0 0 0 0 0 0 0 0 0 0 0 0 0 0 0 0 0 0 0 0 0 0 1
RESPONSES 0 0 0 0 1 0 0 1 0 0 0 0 0 0 0 0 0 0 0 0 0 0 0 0 0 0 0 0 0 0 0 0 0 0 0 0 1
RESPONSES 0 0 1 1 1 0 0 0 0 0 0 0 0 0 0 0 0 0 0 0 0 0 0 0 0 0 0 0 0 0 0 0 0 0 0 0 1
RESPONSES 0 0 1 1 1 0 0 0 0 0 0 0 0 0 0 0 0 0 0 0 0 0 0 0 0 0 0 0 0 0 0 0 0 0 0 0 1
RESPONSES 0 0 1 1 1 0 0 0 0 0 0 0 0 0 0 0 0 0 0 0 0 0 0 0 0 0 0 0 0 0 0 0 0 0 0 0 1
RESPONSES 1 1 1 1 1 0 0 0 0 0 0 0 0 0 0 0 1 0 1 1 1 1 1 1 1 1 1 1 1 0 0 0 0 0 0 0 1
RESPONSES 0 0 0 1 1 0 0 0 0 0 0 0 0 0 0 0 0 0 0 0 0 0 0 0 0 0 0 0 0 0 0 0 0 0 0 0 1
RESPONSES 0 1 1 1 2 0 0 0 0 0 1 1 1 1 1 1 1 1 1 1 1 1 1 1 0 0 1 1 1 1 1 1 1 1 1 1 0
RESPONSES 0 0 0 1 2 0 0 0 0 0 0 0 0 0 0 0 0 0 0 0 0 0 0 0 0 0 0 0 0 0 0 0 0 0 0 0 1
RESPONSES 0 0 1 1 1 0 0 0 0 0 0 0 0 0 0 0 0 0 0 0 0 0 0 0 0 0 0 0 0 0 0 0 0 0 0 0 1
RESPONSES 0 0 1 1 1 0 0 0 0 0 0 0 0 0 0 0 0 0 0 0 0 0 0 0 0 0 0 0 0 0 0 0 0 0 0 0 1
RESPONSES 1 1 1 1 1 0 0 0 0 1 0 0 0 0 0 0 0 0 0 0 0 0 0 0 0 0 0 0 0 0 0 0 0 0 0 0 1
RESPONSES 0 0 0 0 0 0 0 0 0 0 0 0 0 0 0 0 0 0 0 0 0 0 0 0 0 0 0 0 0 0 0 0 0 0 0 0 1
RESPONSES 0 0 1 1 1 0 0 0 1 1 0 0 0 0 0 0 0 0 0 0 0 0 0 0 0 0 0 0 0 0 0 0 0 0 0 0 1
RESPONSES 1 1 1 1 1 0 0 0 0 0 0 0 0 0 0 0 0 0 0 0 0 0 0 0 0 0 0 0 0 0 0 0 0 0 0 0 1
RESPONSES 0 0 0 0 2 1 0 1 0 0 1 0 0 0 0 0 1 1 1 1 1 1 1 1 0 0 1 1 1 0 0 0 0 0 0 0 1
RESPONSES 1 1 1 1 1 0 1 1 0 0 0 0 0 0 0 0 0 0 0 0 0 0 0 0 0 0 0 0 0 0 0 0 0 0 0 0 1
RESPONSES 1 1 1 1 1 0 1 1 0 0 0 0 0 0 0 0 0 0 0 0 0 0 0 0 0 0 0 0 0 0 0 0 0 0 0 0 1
COSTS 3 18 5 12 11 9 13 17 3 6 4 7 6 15 15 18 9 3 7 2 13 1 13 5 10 13 7 6 12 7 18 13 4 5 8 19 17
COSTS 3 18 5 12 11 9 13 17 3 6 4 7 6 15 15 18 9 3 7 2 13 1 13 5 10 13 7 6 12 7 18 13 4 5 8 19 17
COSTS 1 18 5 12 11 9 13 17 3 6 4 7 6 15 15 18 9 3 7 2 13 1 13 5 10 13 7 6 12 7 18 13 4 5 8 19 17
COSTS 3 18 5 12 11 9 13 17 3 6 4 7 6 15 15 18 9 3 7 2 13 1 13 5 10 13 7 6 12 7 18 13 4 5 8 19 17
COSTS 3 16 2 14 11 9 13 17 3 6 4 7 6 15 15 18 9 3 7 2 13 5 15 5 10 13 7 6 12 7 18 13 4 5 8 19 17
COSTS 3 16 2 14 11 9 13 15 3 6 4 7 6 15 15 18 9 3 7 2 13 1 13 5 10 13 7 6 12 7 18 13 4 5 8 19 17
COSTS 3 16 2 14 11 9 13 15 3 6 4 7 6 15 15 18 9 3 7 2 13 1 13 5 10 13 7 6 12 7 18 13 4 5 8 19 17
COSTS 3 16 2 14 11 9 13 15 3 6 4 7 6 15 15 18 9 3 7 2 13 1 13 5 10 13 7 6 12 7 18 13 4 5 8 19 17
COSTS 3 16 5 12 11 9 13 17 3 6 4 7 6 15 15 18 9 3 7 2 13 1 13 5 10 13 7 6 12 7 18 13 4 5 8 19 17
COSTS 3 16 5 12 11 9 13 17 3 6 4 7 6 15 15 18 9 3 7 2 13 1 13 5 10 13 7 6 12 7 18 13 4 5 8 19 17
COSTS 3 16 5 12 11 9 13 17 3 6 4 7 6 15 15 18 9 3 7 2 13 1 13 5 10 13 7 6 12 7 18 13 4 5 8 19 17
COSTS 1 18 5 12 11 9 13 17 3 6 4 7 6 15 15 18 9 3 7 4 10 5 15 8 9 15 4 6 12 7 18 13 4 5 8 19 17
COSTS 3 16 2 12 11 9 13 17 3 6 4 7 6 15 15 18 9 3 7 2 13 1 13 5 10 13 7 6 12 7 18 13 4 5 8 19 17
COSTS 3 18 5 12 11 9 13 17 3 6 3 4 8 17 13 17 9 6 7 4 10 5 15 8 10 13 4 6 12 6 15 15 4 9 8 15 14
COSTS 3 16 2 12 11 9 13 17 3 6 4 7 6 15 15 18 9 3 7 2 13 1 13 5 10 13 7 6 12 7 18 13 4 5 8 19 17
COSTS 3 16 5 12 11 9 13 17 3 6 4 7 6 15 15 18 9 3 7 2 13 1 13 5 10 13 7 6 12 7 18 13 4 5 8 19 17
COSTS 3 16 5 12 11 9 13 17 3 6 4 7 6 15 15 18 9 3 7 2 13 1 13 5 10 13 7 6 12 7 18 13 4 5 8 19 17
COSTS 1 18 5 12 11 9 13 17 3 10 4 7 6 15 15 18 9 3 7 2 13 1 13 5 10 13 7 6 12 7 18 13 4 5 8 19 17
COSTS 3 16 2 14 10 9 13 17 3 6 4 7 6 15 15 18 9 3 7 2 13 1 13 5 10 13 7 6 12 7 18 13 4 5 8 19 17
COSTS 3 16 5 12 11 9 13 17 5 10 4 7 6 15 15 18 9 3 7 2 13 1 13 5 10 13 7 6 12 7 18 13 4 5 8 19 17
COSTS 1 18 5 12 11 9 13 17 3 6 4 7 6 15 15 18 9 3 7 2 13 1 13 5 10 13 7 6 12 7 18 13 4 5 8 19 17
COSTS 3 16 2 14 11 9 13 15 3 6 3 7 6 15 15 18 9 6 7 4 10 5 15 8 10 13 4 6 12 7 18 13 4 5 8 19 17
COSTS 1 18 5 12 11 9 13 15 3 6 4 7 6 15 15 18 9 3 7 2 13 1 13 5 10 13 7 6 12 7 18 13 4 5 8 19 17
COSTS 1 18 5 12 11 9 13 15 3 6 4 7 6 15 15 18 9 3 7 2 13 1 13 5 10 13 7 6 12 7 18 13 4 5 8 19 17
END
STATE 30cfc3ce61bf0f3939b6c1c22648ec8c483bba9c14e91e0fbc786a631770f96d 6001 24 28
LABELS 0 0 0 0 0 0 0 0 0 0 0 1 1 0 0 0 0 0 0 0 0 0 0 0
MASSES 31 9 22 31 15 28 30 28 25 5 17 19 21 18 17 10 19 11 7 8 6 17 16 31
QUERY_IDS 0 1 2 3 4 5 7 9 10 11 12 15 16 17 19 20 21 22 23 25 26 27 28 30 31 32 33 34
RESPONSES 0 0 0 0 1 1 0 1 1 0 1 0 0 0 1 1 1 1 1 1 1 1 1 1 1 1 1 1
RESPONSES 1 1 1 1 1 1 1 1 1 1 1 1 1 1 1 1 1 1 1 0 1 1 1 1 1 1 1 1
RESPONSES 1 1 1 1 1 1 1 1 1 1 1 1 1 1 1 1 1 1 1 0 1 1 1 1 1 1 1 1
RESPONSES 1 1 1 1 1 1 1 1 1 1 1 1 1 1 1 1 1 1 1 0 1 1 1 1 1 1 1 1
RESPONSES 1 1 1 1 1 1 1 1 1 1 1 1 1 1 1 1 1 1 1 0 1 1 1 1 1 1 1 1
RESPONSES 0 0 0 0 1 1 1 1 1 1 1 1 1 1 1 1 1 1 1 1 1 1 1 1 1 1 1 1
RESPONSES 0 0 0 1 1 1 1 1 1 1 1 1 1 1 1 1 1 1 1 0 0 1 1 1 1 1 1 1
RESPONSES 0 0 0 0 1 1 1 1 1 1 1 1 1 1 1 1 1 1 1 0 0 1 1 1 1 1 1 1
RESPONSES 0 0 0 0 1 1 1 1 1 1 1 1 1 1 1 1 1 1 1 0 0 1 1 1 1 1 1 1
RESPONSES 1 1 1 1 1 1 1 1 1 1 1 1 1 1 1 1 1 1 1 0 0 1 1 1 1 1 1 1
RESPONSES 1 1 1 1 1 1 1 1 1 1 1 0 1 1 1 1 1 1 1 0 0 1 1 1 1 1 1 1
RESPONSES 0 0 0 0 0 0 0 1 1 0 0 0 0 1 0 1 1 0 1 0 0 0 0 0 0 0 1 1
RESPONSES 0 0 0 0 0 0 0 0 0 0 0 0 0 1 0 0 0 0 0 0 0 0 1 0 0 0 0 0
RESPONSES 1 1 1 1 1 1 0 1 1 0 1 1 1 1 1 1 1 1 1 1 1 1 1 1 1 1 1 1
RESPONSES 0 0 1 1 1 1 1 1 1 1 1 1 1 1 1 1 1 0 0 0 0 0 0 1 1 1 1 1
RESPONSES 0 0 0 0 1 1 1 1 1 1 1 0 0 1 0 1 1 1 1 0 0 1 1 0 1 1 1 1
RESPONSES 0 1 1 1 1 1 1 1 1 1 1 1 1 1 1 1 1 1 1 0 1 1 1 1 1 1 1 1
RESPONSES 1 1 1 1 1 1 1 1 1 1 1 1 1 1 1 1 1 1 1 1 1 1 1 1 1 1 1 1
RESPONSES 0 0 0 1 1 1 1 1 1 1 1 1 1 1 1 1 1 1 1 1 1 1 1 1 1 1 1 1
RESPONSES 0 0 0 1 1 1 1 1 1 1 1 1 1 1 1 1 1 1 1 1 1 1 1 1 1 1 1 1
RESPONSES 0 0 0 1 1 1 1 1 1 1 1 1 1 1 1 1 1 1 1 1 1 1 1 1 1 1 1 1
RESPONSES 0 1 1 1 1 1 1 1 1 1 1 1 1 1 1 1 1 1 1 0 0 1 1 1 1 1 1 1
RESPONSES 0 1 1 1 1 1 1 1 1 1 1 1 1 1 1 1 1 1 1 0 0 1 1 1 1 1 1 1
RESPONSES 0 1 1 1 1 1 1 1 1 1 1 1 1 1 1 1 1 1 1 0 0 1 1 1 1 1 1 1
COSTS 14 8 7 5 11 5 6 17 4 8 8 14 10 3 13 9 7 14 10 6 14 8 10 9 14 14 14 6
COSTS 15 6 6 9 11 5 7 17 4 7 8 14 9 4 13 9 7 14 10 7 14 8 10 9 14 14 14 6
COSTS 15 6 6 9 11 5 7 17 4 7 8 14 9 4 13 9 7 14 10 7 14 8 10 9 14 14 14 6
COSTS 15 6 6 9 11 5 7 17 4 7 8 14 9 4 13 9 7 14 10 7 14 8 10 9 14 14 14 6
COSTS 15 6 6 9 11 5 7 17 4 7 8 14 9 4 13 9 7 14 10 7 14 8 10 9 14 14 14 6
COSTS 14 8 7 5 11 5 7 17 4 7 8 14 9 4 13 9 7 14 10 6 14 8 10 9 14 14 14 6
COSTS 14 8 7 9 11 5 7 17 4 7 8 14 9 4 13 9 7 14 10 7 12 8 10 9 14 14 14 6
COSTS 14 8 7 5 11 5 7 17 4 7 8 14 9 4 13 9 7 14 10 7 12 8 10 9 14 14 14 6
COSTS 14 8 7 5 11 5 7 17 4 7 8 14 9 4 13 9 7 14 10 7 12 8 10 9 14 14 14 6
COSTS 15 6 6 9 11 5 7 17 4 7 8 14 9 4 13 9 7 14 10 7 12 8 10 9 14 14 14 6
COSTS 15 6 6 9 11 5 7 17 4 7 8 14 9 4 13 9 7 14 10 7 12 8 10 9 14 14 14 6
COSTS 14 8 7 5 10 3 6 17 4 8 7 14 10 4 14 9 7 14 10 7 12 12 7 6 10 15 14 6
COSTS 14 8 7 5 10 3 6 15 6 8 7 14 10 4 14 11 8 14 13 7 12 12 10 6 10 15 14 9
COSTS 15 6 6 9 11 5 6 17 4 8 8 14 9 4 13 9 7 14 10 6 14 8 10 9 14 14 14 6
COSTS 14 8 6 9 11 5 7 17 4 7 8 14 9 4 13 9 7 14 13 7 12 12 7 9 14 14 14 6
COSTS 14 8 7 5 11 5 7 17 4 7 8 14 10 4 14 9 7 14 10 7 12 8 10 6 14 14 14 6
COSTS 14 6 6 9 11 5 7 17 4 7 8 14 9 4 13 9 7 14 10 7 14 8 10 9 14 14 14 6
COSTS 15 6 6 9 11 5 7 17 4 7 8 14 9 4 13 9 7 14 10 6 14 8 10 9 14 14 14 6
COSTS 14 8 7 9 11 5 7 17 4 7 8 14 9 4 13 9 7 14 10 6 14 8 10 9 14 14 14 6
COSTS 14 8 7 9 11 5 7 17 4 7 8 14 9 4 13 9 7 14 10 6 14 8 10 9 14 14 14 6
COSTS 14 8 7 9 11 5 7 17 4 7 8 14 9 4 13 9 7 14 10 6 14 8 10 9 14 14 14 6
COSTS 14 6 6 9 11 5 7 17 4 7 8 14 9 4 13 9 7 14 10 7 12 8 10 9 14 14 14 6
COSTS 14 6 6 9 11 5 7 17 4 7 8 14 9 4 13 9 7 14 10 7 12 8 10 9 14 14 14 6
COSTS 14 6 6 9 11 5 7 17 4 7 8 14 9 4 13 9 7 14 10 7 12 8 10 9 14 14 14 6
END
STATE 30ee3ff66d5283b60919c9895df1b6ceb00dbf3bd63b00238a63dbf0759d5a27 6002 24 32
LABELS 1 3 3 3 3 1 0 0 0 1 3 0 2 0 0 4 1 3 0 3 0 3 3 3
MASSES 4 1 22 8 27 21 29 22 6 26 10 30 19 8 29 14 4 29 12 23 7 8 18 12
QUERY_IDS 0 1 2 3 4 6 7 8 12 13 17 18 20 23 24 27 28 29 37 38 39 41 53 54 57 64 65 71 75 76 77 78
RESPONSES 1 0 0 1 1 1 1 0 1 1 1 1 1 0 0 1 1 1 0 0 0 0 0 0 1 1 1 1 1 1 1 1
RESPONSES 0 0 0 0 0 1 1 1 1 1 1 1 1 0 0 1 1 1 0 0 0 0 0 0 1 1 0 1 1 1 1 1
RESPONSES 0 0 0 0 0 1 1 1 1 1 1 1 1 0 0 1 1 1 0 0 0 0 0 0 1 1 0 1 1 1 1 1
RESPONSES 0 0 0 0 0 1 1 1 1 1 1 1 1 0 0 1 1 1 0 0 0 0 0 0 1 1 0 1 1 1 1 1
RESPONSES 0 0 0 0 0 0 0 0 1 1 1 1 1 0 0 0 0 0 0 0 0 0 1 1 1 1 1 1 0 0 0 0
RESPONSES 1 0 0 1 1 1 1 0 1 1 1 1 1 0 0 1 1 1 0 0 0 0 1 1 1 1 1 1 1 1 1 1
RESPONSES 1 1 1 1 1 1 1 1 1 1 0 0 1 1 1 1 1 1 0 0 0 0 1 1 1 1 0 1 1 1 1 1
RESPONSES 1 1 1 1 1 1 1 1 1 1 0 0 1 1 1 1 1 1 0 0 0 0 1 1 1 1 0 1 1 1 1 1
RESPONSES 1 1 1 1 1 1 1 1 1 1 0 0 1 1 1 1 1 1 0 0 0 0 1 1 1 1 0 1 1 1 1 1
RESPONSES 0 0 0 0 0 0 0 0 1 1 0 0 1 0 0 0 0 1 0 0 0 0 1 1 1 1 1 1 0 0 0 1
RESPONSES 1 1 1 1 1 1 1 1 1 1 1 1 1 0 0 1 1 1 0 0 0 1 1 1 1 1 0 1 1 1 1 1
RESPONSES 0 0 0 0 0 0 0 1 1 1 0 0 1 0 0 1 1 1 0 0 0 0 1 1 1 1 0 1 1 1 1 1
RESPONSES 1 1 1 1 1 1 1 1 1 1 0 0 1 0 0 1 1 1 1 1 1 1 1 1 1 1 0 0 1 1 1 1
RESPONSES 0 0 0 0 1 1 1 1 1 1 1 1 1 0 0 0 0 0 0 0 0 1 1 1 1 1 0 1 0 0 0 0
RESPONSES 1 1 1 1 1 1 1 1 1 1 0 0 1 1 1 1 1 1 0 0 0 0 1 1 1 1 0 1 1 1 1 1
RESPONSES 1 1 1 1 1 1 1 1 1 1 0 0 0 0 0 0 0 1 1 1 1 1 1 1 1 0 0 0 1 1 1 1
RESPONSES 1 0 0 1 1 1 1 0 1 1 1 1 1 0 0 1 1 1 0 0 0 0 0 0 1 1 1 1 1 1 1 1
RESPONSES 0 0 0 0 1 1 1 1 0 0 1 1 1 0 0 1 1 1 0 0 0 0 0 0 0 1 0 1 1 1 1 1
RESPONSES 1 1 1 1 1 1 1 1 1 1 0 0 1 1 1 1 1 1 0 0 0 0 1 1 1 1 0 1 1 1 1 1
RESPONSES 1 1 1 1 1 1 1 1 1 1 1 1 1 0 0 1 1 1 0 0 0 1 1 1 1 1 0 1 1 1 1 1
RESPONSES 0 0 0 0 1 1 1 1 1 1 1 1 1 0 0 0 0 0 0 0 0 1 1 1 1 1 0 1 0 0 0 0
RESPONSES 0 0 0 0 1 1 1 1 1 1 1 1 1 0 0 1 1 1 0 0 0 0 0 0 1 1 0 1 1 1 1 1
RESPONSES 0 0 0 0 0 1 1 1 1 1 1 1 1 0 0 1 1 1 0 0 0 0 0 0 1 1 0 1 1 1 1 1
RESPONSES 0 0 0 0 0 1 1 0 1 1 1 1 1 0 0 0 0 1 0 0 0 0 1 1 1 1 0 1 0 0 0 1
COSTS 16 19 11 8 6 11 3 5 7 18 18 10 5 15 5 10 17 6 9 16 13 4 6 11 10 11 9 2 4 1 10 13
COSTS 18 19 11 9 3 11 3 6 7 18 18 10 5 15 5 10 17 6 9 16 13 4 6 11 10 11 9 2 4 1 10 13
COSTS 18 19 11 9 3 11 3 6 7 18 18 10 5 15 5 10 17 6 9 16 13 4 6 11 10 11 9 2 4 1 10 13
COSTS 18 19 11 9 3 11 3 6 7 18 18 10 5 15 5 10 17 6 9 16 13 4 6 11 10 11 9 2 4 1 10 13
COSTS 18 19 11 9 3 10 5 5 7 18 18 10 5 15 5 10 18 6 9 16 13 4 6 11 10 11 9 2 2 1 11 16
COSTS 16 19 11 8 6 11 3 5 7 18 18 10 5 15 5 10 17 6 9 16 13 4 6 11 10 11 9 2 4 1 10 13
COSTS 16 17 11 8 6 11 3 6 7 18 19 7 5 12 7 10 17 6 9 16 13 4 6 11 10 11 9 2 4 1 10 13
COSTS 16 17 11 8 6 11 3 6 7 18 19 7 5 12 7 10 17 6 9 16 13 4 6 11 10 11 9 2 4 1 10 13
COSTS 16 17 11 8 6 11 3 6 7 18 19 7 5 12 7 10 17 6 9 16 13 4 6 11 10 11 9 2 4 1 10 13
COSTS 18 19 11 9 3 10 5 5 7 18 19 7 5 15 5 10 18 6 9 16 13 4 6 11 10 11 9 2 2 1 11 13
COSTS 16 17 11 8 6 11 3 6 7 18 18 10 5 15 5 10 17 6 9 16 13 3 6 11 10 11 9 2 4 1 10 13
COSTS 18 19 11 9 3 10 5 6 7 18 19 7 5 15 5 10 17 6 9 16 13 4 6 11 10 11 9 2 4 1 10 13
COSTS 16 17 11 8 6 11 3 6 7 18 19 7 5 15 5 10 17 6 11 17 12 3 6 11 10 11 9 4 4 1 10 13
COSTS 18 19 11 9 6 11 3 6 7 18 18 10 5 15 5 10 18 6 9 16 13 3 6 11 10 11 9 2 2 1 11 16
COSTS 16 17 11 8 6 11 3 6 7 18 19 7 5 12 7 10 17 6 9 16 13 4 6 11 10 11 9 2 4 1 10 13
COSTS 16 17 11 8 6 11 3 6 7 18 19 7 6 15 5 10 18 6 11 17 12 3 6 11 10 14 9 4 4 1 10 13
COSTS 16 19 11 8 6 11 3 5 7 18 18 10 5 15 5 10 17 6 9 16 13 4 6 11 10 11 9 2 4 1 10 13
COSTS 18 19 11 9 6 11 3 6 3 16 18 10 5 15 5 10 17 6 9 16 13 4 6 11 10 11 9 2 4 1 10 13
COSTS 16 17 11 8 6 11 3 6 7 18 19 7 5 12 7 10 17 6 9 16 13 4 6 11 10 11 9 2 4 1 10 13
COSTS 16 17 11 8 6 11 3 6 7 18 18 10 5 15 5 10 17 6 9 16 13 3 6 11 10 11 9 2 4 1 10 13
COSTS 18 19 11 9 6 11 3 6 7 18 18 10 5 15 5 10 18 6 9 16 13 3 6 11 10 11 9 2 2 1 11 16
COSTS 18 19 11 9 6 11 3 6 7 18 18 10 5 15 5 10 17 6 9 16 13 4 6 11 10 11 9 2 4 1 10 13
COSTS 18 19 11 9 3 11 3 6 7 18 18 10 5 15 5 10 17 6 9 16 13 4 6 11 10 11 9 2 4 1 10 13
COSTS 18 19 11 9 3 11 3 5 7 18 18 10 5 15 5 10 18 6 9 16 13 4 6 11 10 11 9 2 2 1 11 13
END
STATE 311cdc679f511d35ab0796f0fec65b47dd8a6810f84a3446317388efd3b255e8 6003 24 32
LABELS 1 3 3 3 3 1 0 0 0 1 3 0 2 0 0 4 1 3 0 3 0 3 3 3
MASSES 7 9 29 21 7 13 22 15 12 14 16 1 15 13 26 11 17 15 6 20 9 15 26 22
QUERY_IDS 0 1 2 3 6 7 12 13 17 18 20 23 24 27 28 29 37 38 39 52 53 54 55 56 57 64 65 71 75 76 77 78
RESPONSES 1 0 0 1 1 1 1 1 1 1 1 0 0 1 1 1 0 0 0 0 0 0 1 1 1 1 1 1 1 1 1 1
RESPONSES 0 0 0 0 1 1 1 1 1 1 1 0 0 1 1 1 0 0 0 0 0 0 0 0 1 1 0 1 1 1 1 1
RESPONSES 0 0 0 0 1 1 1 1 1 1 1 0 0 1 1 1 0 0 0 0 0 0 0 1 1 1 0 1 1 1 1 1
RESPONSES 0 0 0 0 1 1 1 1 1 1 1 0 0 1 1 1 0 0 0 0 0 0 0 0 1 1 0 1 1 1 1 1
RESPONSES 0 0 0 0 0 0 1 1 1 1 1 0 0 0 0 0 0 0 0 1 1 1 1 1 1 1 1 1 0 0 0 0
RESPONSES 1 0 0 1 1 1 1 1 1 1 1 0 0 1 1 1 0 0 0 1 1 1 1 1 1 1 1 1 1 1 1 1
RESPONSES 1 1 1 1 1 1 1 1 0 0 1 1 1 1 1 1 0 0 0 0 1 1 1 1 1 1 0 1 1 1 1 1
RESPONSES 1 1 1 1 1 1 1 1 0 0 1 1 1 1 1 1 0 0 0 1 1 1 1 1 1 1 0 1 1 1 1 1
RESPONSES 1 1 1 1 1 1 1 1 0 0 1 1 1 1 1 1 0 0 0 1 1 1 1 1 1 1 0 1 1 1 1 1
RESPONSES 0 0 0 0 0 0 1 1 0 0 1 0 0 0 0 1 0 0 0 0 1 1 1 1 1 1 1 1 0 0 0 1
RESPONSES 1 1 1 1 1 1 1 1 1 1 1 0 0 1 1 1 0 0 0 1 1 1 1 1 1 1 0 1 1 1 1 1
RESPONSES 0 0 0 0 0 0 1 1 0 0 1 0 0 1 1 1 0 0 0 1 1 1 1 1 1 1 0 1 1 1 1 1
RESPONSES 1 1 1 1 1 1 1 1 0 0 1 0 0 1 1 1 1 1 1 0 1 1 1 1 1 1 0 0 1 1 1 1
RESPONSES 0 0 0 0 1 1 1 1 1 1 1 0 0 0 0 0 0 0 0 1 1 1 1 1 1 1 0 1 0 0 0 0
RESPONSES 1 1 1 1 1 1 1 1 0 0 1 1 1 1 1 1 0 0 0 1 1 1 1 1 1 1 0 1 1 1 1 1
RESPONSES 1 1 1 1 1 1 1 1 0 0 0 0 0 0 0 1 1 1 1 1 1 1 1 1 1 0 0 0 1 1 1 1
RESPONSES 1 0 0 1 1 1 1 1 1 1 1 0 0 1 1 1 0 0 0 0 0 0 1 1 1 1 1 1 1 1 1 1
RESPONSES 0 0 0 0 1 1 0 0 1 1 1 0 0 1 1 1 0 0 0 0 0 0 0 0 0 1 0 1 1 1 1 1
RESPONSES 1 1 1 1 1 1 1 1 0 0 1 1 1 1 1 1 0 0 0 0 1 1 1 1 1 1 0 1 1 1 1 1
RESPONSES 1 1 1 1 1 1 1 1 1 1 1 0 0 1 1 1 0 0 0 1 1 1 1 1 1 1 0 1 1 1 1 1
RESPONSES 0 0 0 0 1 1 1 1 1 1 1 0 0 0 0 0 0 0 0 1 1 1 1 1 1 1 0 1 0 0 0 0
RESPONSES 0 0 0 0 1 1 1 1 1 1 1 0 0 1 1 1 0 0 0 0 0 0 0 0 1 1 0 1 1 1 1 1
RESPONSES 0 0 0 0 1 1 1 1 1 1 1 0 0 1 1 1 0 0 0 0 0 0 0 0 1 1 0 1 1 1 1 1
RESPONSES 0 0 0 0 1 1 1 1 1 1 1 0 0 0 0 1 0 0 0 1 1 1 1 1 1 1 0 1 0 0 0 1
COSTS 13 12 11 16 6 13 6 14 13 18 2 6 4 11 3 14 14 11 5 6 15 8 9 7 14 15 7 5 1 15 7 11
COSTS 12 12 11 13 6 13 6 14 13 18 2 6 4 11 3 14 14 11 5 6 15 8 9 4 14 15 7 5 1 15 7 11
COSTS 12 12 11 13 6 13 6 14 13 18 2 6 4 11 3 14 14 11 5 6 15 8 9 7 14 15 7 5 1 15 7 11
COSTS 12 12 11 13 6 13 6 14 13 18 2 6 4 11 3 14 14 11 5 6 15 8 9 4 14 15 7 5 1 15 7 11
COSTS 12 12 11 13 9 9 6 14 13 18 2 6 4 11 3 11 14 11 5 5 15 10 9 7 14 15 7 5 4 15 5 11
COSTS 13 12 11 16 6 13 6 14 13 18 2 6 4 11 3 14 14 11 5 5 15 10 9 7 14 15 7 5 1 15 7 11
COSTS 13 9 11 16 6 13 6 14 13 17 2 3 5 11 3 14 14 11 5 6 15 10 9 7 14 15 7 5 1 15 7 11
COSTS 13 9 11 16 6 13 6 14 13 17 2 3 5 11 3 14 14 11 5 5 15 10 9 7 14 15 7 5 1 15 7 11
COSTS 13 9 11 16 6 13 6 14 13 17 2 3 5 11 3 14 14 11 5 5 15 10 9 7 14 15 7 5 1 15 7 11
COSTS 12 12 11 13 9 9 6 14 13 17 2 6 4 11 3 14 14 11 5 6 15 10 9 7 14 15 7 5 4 15 5 11
COSTS 13 9 11 16 6 13 6 14 13 18 2 6 4 11 3 14 14 11 5 5 15 10 9 7 14 15 7 5 1 15 7 11
COSTS 12 12 11 13 9 9 6 14 13 17 2 6 4 11 3 14 14 11 5 5 15 10 9 7 14 15 7 5 1 15 7 11
COSTS 13 9 11 16 6 13 6 14 13 17 2 6 4 11 3 14 18 9 5 6 15 10 9 7 14 15 7 5 1 15 7 11
COSTS 12 12 11 13 6 13 6 14 13 18 2 6 4 11 3 11 14 11 5 5 15 10 9 7 14 15 7 5 4 15 5 11
COSTS 13 9 11 16 6 13 6 14 13 17 2 3 5 11 3 14 14 11 5 5 15 10 9 7 14 15 7 5 1 15 7 11
COSTS 13 9 11 16 6 13 6 14 13 17 3 6 4 11 3 14 18 9 5 5 15 10 9 7 14 15 7 5 1 15 7 11
COSTS 13 12 11 16 6 13 6 14 13 18 2 6 4 11 3 14 14 11 5 6 15 8 9 7 14 15 7 5 1 15 7 11
COSTS 12 12 11 13 6 13 6 15 13 18 2 6 4 11 3 14 14 11 5 6 15 8 9 4 16 15 7 5 1 15 7 11
COSTS 13 9 11 16 6 13 6 14 13 17 2 3 5 11 3 14 14 11 5 6 15 10 9 7 14 15 7 5 1 15 7 11
COSTS 13 9 11 16 6 13 6 14 13 18 2 6 4 11 3 14 14 11 5 5 15 10 9 7 14 15 7 5 1 15 7 11
COSTS 12 12 11 13 6 13 6 14 13 18 2 6 4 11 3 11 14 11 5 5 15 10 9 7 14 15 7 5 4 15 5 11
COSTS 12 12 11 13 6 13 6 14 13 18 2 6 4 11 3 14 14 11 5 6 15 8 9 4 14 15 7 5 1 15 7 11
COSTS 12 12 11 13 6 13 6 14 13 18 2 6 4 11 3 14 14 11 5 6 15 8 9 4 14 15 7 5 1 15 7 11
COSTS 12 12 11 13 6 13 6 14 13 18 2 6 4 11 3 14 14 11 5 5 15 10 9 7 14 15 7 5 4 15 5 11
END
STATE 31affe3949ad2031057f0c261b13d3f035790a7d591bdc9418ce73c1a301685a 6002 24 21
LABELS 2 1 3 0 0 0 0 0 0 0 0 0 0 0 0 0 2 0 1 1 0 0 1 0
MASSES 18 1 4 5 15 10 28 29 7 12 2 1 4 1 20 13 8 28 11 14 26 15 5 19
QUERY_IDS 0 1 4 5 6 7 19 21 22 24 25 26 27 28 31 32 34 35 36 37 38
RESPONSES 0 0 0 0 0 1 1 1 1 0 1 1 1 1 1 0 0 0 1 1 1
RESPONSES 0 1 1 1 1 1 0 1 1 0 0 1 1 1 1 0 0 0 1 1 1
RESPONSES 0 1 1 1 1 1 0 1 1 1 0 0 0 0 1 0 0 1 1 1 1
RESPONSES 0 1 1 1 1 1 0 1 1 1 0 0 0 0 0 0 1 1 1 1 1
RESPONSES 0 0 1 1 1 0 0 0 0 0 0 0 0 0 1 0 0 0 1 1 1
RESPONSES 0 0 0 0 1 0 0 0 0 0 0 1 1 1 1 0 1 1 1 1 1
RESPONSES 1 1 1 1 1 0 0 1 1 1 0 1 1 1 1 0 0 1 1 1 1
RESPONSES 0 1 1 1 1 1 0 1 1 1 0 0 0 0 1 0 1 1 1 1 1
RESPONSES 1 1 1 1 1 1 0 1 1 0 0 0 0 0 0 0 0 0 0 0 0
RESPONSES 0 0 0 0 1 0 0 1 1 1 0 0 0 0 1 0 1 1 1 1 1
RESPONSES 0 0 1 1 1 1 0 0 0 0 0 0 0 0 1 0 1 1 1 1 1
RESPONSES 0 1 1 1 1 0 0 1 1 0 0 0 1 1 1 0 1 1 1 1 1
RESPONSES 0 0 1 1 1 1 0 1 1 0 0 0 0 0 1 0 1 1 1 1 1
RESPONSES 0 0 1 1 1 1 0 1 1 1 0 0 0 0 0 1 1 1 1 1 1
RESPONSES 0 1 1 1 1 1 0 1 1 1 0 0 0 0 0 0 1 1 1 1 1
RESPONSES 0 0 0 0 1 0 0 0 0 1 0 0 0 0 1 0 0 0 1 1 1
RESPONSES 0 0 1 1 1 0 0 0 0 0 0 0 1 1 1 1 0 0 1 1 1
RESPONSES 0 0 1 1 1 1 1 1 1 1 0 0 0 0 1 1 0 1 1 1 1
RESPONSES 1 1 1 1 1 1 0 0 1 1 0 0 0 0 1 1 1 1 1 1 1
RESPONSES 0 0 1 1 1 0 1 1 1 0 0 1 1 1 1 1 1 1 1 1 1
RESPONSES 1 1 1 1 1 0 0 1 1 1 0 0 0 0 1 1 1 1 1 1 1
RESPONSES 1 1 1 1 1 0 0 0 0 0 0 0 0 0 1 0 1 1 1 1 1
RESPONSES 0 1 1 1 1 1 1 1 1 0 0 0 0 0 1 0 0 0 1 1 1
RESPONSES 0 0 1 1 1 0 0 0 0 0 0 0 0 0 1 0 1 1 1 1 1
COSTS 12 12 16 8 17 10 11 17 7 7 4 5 4 13 5 12 12 3 13 12 13
COSTS 12 13 14 12 17 10 12 17 7 7 6 5 4 13 5 12 12 3 13 12 13
COSTS 12 13 14 12 17 10 12 17 7 6 6 6 2 11 5 12 12 2 13 12 13
COSTS 12 13 14 12 17 10 12 17 7 6 6 6 2 11 7 12 11 2 13 12 13
COSTS 12 12 14 12 17 10 12 15 10 7 6 6 2 11 5 12 12 3 13 12 13
COSTS 12 12 16 8 17 10 12 15 10 7 6 5 4 13 5 12 11 2 13 12 13
COSTS 14 13 14 12 17 10 12 17 7 6 6 5 4 13 5 12 12 2 13 12 13
COSTS 12 13 14 12 17 10 12 17 7 6 6 6 2 11 5 12 11 2 13 12 13
COSTS 14 13 14 12 17 10 12 17 7 7 6 6 2 11 7 12 12 3 14 14 13
COSTS 12 12 16 8 17 10 12 17 7 6 6 6 2 11 5 12 11 2 13 12 13
COSTS 12 12 14 12 17 10 12 15 10 7 6 6 2 11 5 12 11 2 13 12 13
COSTS 12 13 14 12 17 10 12 17 7 7 6 6 4 13 5 12 11 2 13 12 13
COSTS 12 12 14 12 17 10 12 17 7 7 6 6 2 11 5 12 11 2 13 12 13
COSTS 12 12 14 12 17 10 12 17 7 6 6 6 2 11 7 14 11 2 13 12 13
COSTS 12 13 14 12 17 10 12 17 7 6 6 6 2 11 7 12 11 2 13 12 13
COSTS 12 12 16 8 17 10 12 15 10 6 6 6 2 11 5 12 12 3 13 12 13
COSTS 12 12 14 12 17 10 12 15 10 7 6 6 4 13 5 14 12 3 13 12 13
COSTS 12 12 14 12 17 10 11 17 7 6 6 6 2 11 5 14 12 2 13 12 13
COSTS 14 13 14 12 17 10 12 15 7 6 6 6 2 11 5 14 11 2 13 12 13
COSTS 12 12 14 12 17 10 11 17 7 7 6 5 4 13 5 14 11 2 13 12 13
COSTS 14 13 14 12 17 10 12 17 7 6 6 6 2 11 5 14 11 2 13 12 13
COSTS 14 13 14 12 17 10 12 15 10 7 6 6 2 11 5 12 11 2 13 12 13
COSTS 12 13 14 12 17 10 11 17 7 7 6 6 2 11 5 12 12 3 13 12 13
COSTS 12 12 14 12 17 10 12 15 10 7 6 6 2 11 5 12 11 2 13 12 13
END
STATE 33cc4175949f7198981add73c489b07873cac33c4e7cb1f45b38a13e73fa87c0 6003 24 24
LABELS 1 0 0 1 0 1 0 1 1 1 1 1 1 0 1 1 1 0 1 1 0 1 0 1
MASSES 25 19 26 10 22 1 10 11 17 23 11 2 9 13 21 29 7 5 9 4 22 5 17 27
QUERY_IDS 1 2 3 5 12 13 14 15 16 19 20 21 22 23 24 25 26 34 35 43 44 47 48 51
RESPONSES 1 1 1 1 1 1 1 1 1 1 1 1 1 1 1 1 1 0 0 1 1 0 1 1
RESPONSES 0 0 0 1 1 0 0 0 0 1 1 1 1 1 1 1 1 0 0 1 1 0 0 1
RESPONSES 1 1 1 1 1 1 1 1 1 1 1 1 1 1 1 1 1 1 1 1 1 0 1 1
RESPONSES 0 0 0 1 0 0 0 1 1 1 1 1 1 1 1 1 1 1 1 0 1 0 0 1
RESPONSES 0 0 0 1 1 0 0 0 0 0 1 1 1 1 1 1 1 0 0 1 1 0 0 0
RESPONSES 0 0 0 1 1 0 0 0 0 1 1 1 1 1 1 1 1 1 1 1 1 0 1 1
RESPONSES 1 1 1 1 1 0 0 0 0 1 1 1 1 1 1 1 1 1 1 1 1 0 1 1
RESPONSES 0 0 0 0 0 0 0 0 0 0 1 1 1 1 1 1 1 1 1 1 1 0 0 0
RESPONSES 1 1 1 1 0 0 0 1 1 1 0 0 0 0 0 1 1 0 0 0 0 1 1 1
RESPONSES 0 0 0 1 1 0 0 0 0 0 1 1 1 1 1 1 1 0 0 1 1 0 1 1
RESPONSES 1 1 1 1 0 0 0 0 0 1 0 0 0 0 0 0 0 0 0 0 0 1 1 1
RESPONSES 1 1 1 1 1 1 1 1 1 1 1 1 1 1 1 1 1 1 1 1 1 0 1 1
RESPONSES 0 0 0 1 0 0 0 0 0 1 0 0 0 0 0 1 1 0 0 1 1 0 0 1
RESPONSES 1 1 1 1 1 0 0 0 0 1 0 0 0 0 0 0 0 0 1 1 1 0 0 0
RESPONSES 0 0 0 1 1 0 0 0 0 1 0 0 0 0 0 1 1 0 1 1 1 0 0 0
RESPONSES 1 1 1 1 1 1 1 1 1 1 1 1 1 1 1 1 1 0 0 1 1 1 1 1
RESPONSES 0 0 0 1 1 0 0 0 0 1 1 1 1 1 1 1 1 0 0 1 1 0 0 1
RESPONSES 0 0 0 1 1 0 0 1 1 1 1 1 1 1 1 1 1 1 1 1 1 0 0 1
RESPONSES 0 0 0 0 1 0 0 0 0 1 1 1 1 1 1 1 1 0 1 1 1 0 0 1
RESPONSES 0 0 0 1 0 0 0 0 0 0 1 1 1 1 1 1 1 0 0 1 1 0 0 0
RESPONSES 0 0 0 0 1 0 0 0 0 1 1 1 1 1 1 1 1 1 1 0 0 0 0 0
RESPONSES 1 1 1 1 1 1 1 1 1 1 1 1 1 1 1 1 1 0 0 0 0 1 1 1
RESPONSES 0 0 0 1 1 0 0 0 0 1 1 1 1 1 1 1 1 1 1 0 1 0 0 0
RESPONSES 0 1 1 1 1 0 0 0 0 1 1 1 1 1 1 1 1 0 0 1 1 0 0 1
COSTS 7 14 12 16 8 9 9 4 7 11 18 4 14 8 7 10 14 19 15 6 11 5 3 7
COSTS 6 11 13 16 8 12 7 5 6 11 18 4 14 8 7 10 14 19 15 6 11 5 2 7
COSTS 7 14 12 16 8 9 9 4 7 11 18 4 14 8 7 10 14 19 15 6 11 5 3 7
COSTS 6 11 13 16 8 12 7 4 7 11 18 4 14 8 7 10 14 19 15 5 11 5 2 7
COSTS 6 11 13 16 8 12 7 5 6 14 18 4 14 8 7 10 14 19 15 6 11 5 2 7
COSTS 6 11 13 16 8 12 7 5 6 11 18 4 14 8 7 10 14 19 15 6 11 5 3 7
COSTS 7 14 12 16 8 12 7 5 6 11 18 4 14 8 7 10 14 19 15 6 11 5 3 7
COSTS 6 11 13 13 8 12 7 5 6 14 18 4 14 8 7 10 14 19 15 6 11 5 2 7
COSTS 7 14 12 16 8 12 7 4 7 11 18 5 16 10 7 10 14 19 15 5 15 5 3 7
COSTS 6 11 13 16 8 12 7 5 6 14 18 4 14 8 7 10 14 19 15 6 11 5 3 7
COSTS 7 14 12 16 8 12 7 5 6 11 18 5 16 10 7 10 16 19 15 5 15 5 3 7
COSTS 7 14 12 16 8 9 9 4 7 11 18 4 14 8 7 10 14 19 15 6 11 5 3 7
COSTS 6 11 13 16 8 12 7 5 6 11 18 5 16 10 7 10 14 19 15 6 11 5 2 7
COSTS 7 14 12 16 8 12 7 5 6 11 18 5 16 10 7 10 16 19 15 6 11 5 2 7
COSTS 6 11 13 16 8 12 7 5 6 11 18 5 16 10 7 10 14 19 15 6 11 5 2 7
COSTS 7 14 12 16 8 9 9 4 7 11 18 4 14 8 7 10 14 19 15 6 11 5 3 7
COSTS 6 11 13 16 8 12 7 5 6 11 18 4 14 8 7 10 14 19 15 6 11 5 2 7
COSTS 6 11 13 16 8 12 7 4 7 11 18 4 14 8 7 10 14 19 15 6 11 5 2 7
COSTS 6 11 13 13 8 12 7 5 6 11 18 4 14 8 7 10 14 19 15 6 11 5 2 7
COSTS 6 11 13 16 8 12 7 5 6 14 18 4 14 8 7 10 14 19 15 6 11 5 2 7
COSTS 6 11 13 13 8 12 7 5 6 11 18 4 14 8 7 10 14 19 15 5 15 5 2 7
COSTS 7 14 12 16 8 9 9 4 7 11 18 4 14 8 7 10 14 19 15 5 15 5 3 7
COSTS 6 11 13 16 8 12 7 5 6 11 18 4 14 8 7 10 14 19 15 5 11 5 2 7
COSTS 6 14 12 16 8 12 7 5 6 11 18 4 14 8 7 10 14 19 15 6 11 5 2 7
END
STATE 351dbed7d1512edc2798bd0cc3a938fe023471a56d720aba53aa9cd67373b6e1 6002 24 21
LABELS 2 0 0 1 0 1 0 0 2 0 0 3 0 0 0 0 1 0 0 0 0 0 0 0
MASSES 18 6 10 7 5 23 4 20 21 5 3 29 23 1 18 28 26 20 7 19 10 2 24 15
QUERY_IDS 1 4 5 6 11 12 13 16 18 19 20 23 25 26 27 30 31 32 33 35 37
RESPONSES 0 0 0 0 1 1 1 0 0 1 1 0 1 1 1 1 1 0 0 0 1
RESPONSES 0 0 0 0 1 1 1 0 1 1 1 0 1 1 1 1 1 0 0 0 1
RESPONSES 1 1 1 1 1 1 1 0 0 1 1 1 0 0 0 0 0 0 0 1 1
RESPONSES 1 1 1 1 1 1 1 1 1 1 1 0 0 0 0 1 1 0 1 1 1
RESPONSES 0 0 0 0 1 1 1 0 0 0 0 0 0 0 0 1 1 0 0 1 1
RESPONSES 0 0 1 1 0 1 1 0 0 0 0 0 0 0 0 0 1 0 1 1 1
RESPONSES 1 1 1 1 1 1 1 0 1 1 1 0 0 0 0 0 0 0 1 1 1
RESPONSES 1 1 1 1 1 1 1 0 1 1 1 0 0 0 0 1 1 1 0 0 0
RESPONSES 0 1 1 1 0 1 1 0 0 0 0 1 1 1 1 1 1 1 0 0 1
RESPONSES 1 1 1 1 0 1 1 0 0 1 1 0 0 0 0 0 0 1 0 1 1
RESPONSES 1 1 1 1 1 1 1 1 1 1 1 0 0 0 0 0 0 0 1 1 1
RESPONSES 1 1 1 1 1 1 1 1 1 1 1 0 1 1 1 1 1 1 0 0 0
RESPONSES 0 1 1 1 1 1 1 0 1 1 1 0 0 0 0 1 1 0 0 0 1
RESPONSES 1 1 1 1 1 1 1 1 1 1 1 0 0 0 0 0 1 0 1 1 1
RESPONSES 0 1 1 1 1 1 1 1 1 1 1 0 0 0 0 1 1 0 0 0 0
RESPONSES 0 1 1 1 1 1 1 0 0 1 1 0 0 0 0 1 1 1 0 1 1
RESPONSES 0 1 1 1 0 0 0 0 0 0 0 0 0 0 0 0 1 1 0 0 1
RESPONSES 1 1 1 1 1 1 1 0 1 1 1 0 0 0 0 1 1 0 1 1 1
RESPONSES 1 1 1 1 1 1 1 0 0 1 1 0 0 0 0 1 1 0 1 1 1
RESPONSES 0 1 1 1 1 1 1 0 0 0 0 0 0 0 0 0 1 0 1 1 1
RESPONSES 0 1 1 1 1 1 1 0 0 0 0 0 0 0 0 1 1 0 0 1 1
RESPONSES 0 1 1 1 0 0 0 0 0 1 1 0 0 0 0 1 1 0 0 0 1
RESPONSES 1 1 1 1 0 0 0 0 0 1 1 0 0 0 0 1 1 1 0 1 1
RESPONSES 1 1 1 1 0 1 1 0 0 1 1 0 0 0 0 0 0 0 0 1 1
COSTS 12 16 8 17 8 11 11 15 13 11 6 16 4 5 4 12 5 12 10 3 12
COSTS 12 16 8 17 8 11 11 15 11 11 6 16 4 5 4 12 5 12 10 3 12
COSTS 13 14 12 17 8 11 11 15 13 11 6 17 6 6 2 11 7 12 10 2 12
COSTS 13 14 12 17 8 11 11 15 11 11 6 16 6 6 2 12 5 12 9 2 12
COSTS 12 16 8 17 8 11 11 15 13 12 6 16 6 6 2 12 5 12 10 2 12
COSTS 12 16 12 17 9 11 11 15 13 12 6 16 6 6 2 11 5 12 9 2 12
COSTS 13 14 12 17 8 11 11 15 11 11 6 16 6 6 2 11 7 12 9 2 12
COSTS 13 14 12 17 8 11 11 15 11 11 6 16 6 6 2 12 5 14 10 3 14
COSTS 12 14 12 17 9 11 11 15 13 12 6 17 4 5 4 12 5 14 10 3 12
COSTS 13 14 12 17 9 11 11 15 13 11 6 16 6 6 2 11 7 14 10 2 12
COSTS 13 14 12 17 8 11 11 15 11 11 6 16 6 6 2 11 7 12 9 2 12
COSTS 13 14 12 17 8 11 11 15 11 11 6 16 4 5 4 12 5 14 10 3 14
COSTS 12 14 12 17 8 11 11 15 11 11 6 16 6 6 2 12 5 12 10 3 12
COSTS 13 14 12 17 8 11 11 15 11 11 6 16 6 6 2 11 5 12 9 2 12
COSTS 12 14 12 17 8 11 11 15 11 11 6 16 6 6 2 12 5 12 10 3 14
COSTS 12 14 12 17 8 11 11 15 13 11 6 16 6 6 2 12 5 14 10 2 12
COSTS 12 14 12 17 9 11 12 15 13 12 6 16 6 6 2 11 5 14 10 3 12
COSTS 13 14 12 17 8 11 11 15 11 11 6 16 6 6 2 12 5 12 9 2 12
COSTS 13 14 12 17 8 11 11 15 13 11 6 16 6 6 2 12 5 12 9 2 12
COSTS 12 14 12 17 8 11 11 15 13 12 6 16 6 6 2 11 5 12 9 2 12
COSTS 12 14 12 17 8 11 11 15 13 12 6 16 6 6 2 12 5 12 10 2 12
COSTS 12 14 12 17 9 11 12 15 13 11 6 16 6 6 2 12 5 12 10 3 12
COSTS 13 14 12 17 9 11 12 15 13 11 6 16 6 6 2 12 5 14 10 2 12
COSTS 13 14 12 17 9 11 11 15 13 11 6 16 6 6 2 11 7 12 10 2 12
END
STATE 35ed98fd7ff8642684f7898019f697b06eb9072dd4adcd1bef733e8537a8f5dc 6002 20 15
LABELS 1 1 1 1 1 1 1 1 1 1 1 0 1 0 0 1 0 0 1 1
MASSES 6 24 8 29 22 31 10 1 20 5 7 13 14 15 25 10 15 13 26 15
QUERY_IDS 0 1 2 3 4 5 6 7 8 9 10 11 12 13 14
RESPONSES 1 1 0 1 1 1 1 0 0 0 1 2 2 1 0
RESPONSES 0 2 0 1 1 1 1 0 0 1 1 2 2 1 0
RESPONSES 0 2 0 1 1 1 0 0 0 0 0 0 2 1 0
RESPONSES 0 1 0 1 1 1 1 0 0 1 0 2 2 1 0
RESPONSES 0 1 0 1 1 1 1 0 0 1 0 2 2 1 0
RESPONSES 0 1 0 1 1 1 1 0 0 0 0 2 2 1 0
RESPONSES 0 1 0 1 1 1 1 0 0 0 0 2 2 1 0
RESPONSES 0 1 0 1 1 1 1 0 0 0 0 2 2 1 0
RESPONSES 0 1 0 1 1 1 1 0 0 0 0 2 2 1 0
RESPONSES 0 0 0 1 1 1 1 0 0 0 0 2 2 1 0
RESPONSES 0 0 0 1 1 1 1 0 0 0 0 2 2 1 0
RESPONSES 0 1 0 1 1 1 1 0 0 0 1 2 2 1 0
RESPONSES 1 1 0 1 1 1 1 0 0 1 0 2 2 1 0
RESPONSES 1 2 0 0 0 0 1 1 1 0 1 1 1 0 1
RESPONSES 0 2 1 1 1 1 1 0 0 0 1 2 0 1 0
RESPONSES 1 1 0 1 1 1 1 0 0 1 0 0 2 1 0
RESPONSES 0 2 0 0 1 1 1 0 0 1 1 1 2 1 0
RESPONSES 0 2 1 1 1 1 1 0 0 1 1 1 2 1 0
RESPONSES 0 0 0 1 1 1 1 0 0 1 0 2 2 1 0
RESPONSES 1 2 0 1 1 1 2 0 0 0 0 2 2 1 0
COSTS 15 6 6 14 7 2 6 2 13 14 9 4 10 15 15
COSTS 14 5 6 14 7 2 6 2 13 10 9 4 10 15 15
COSTS 14 5 6 14 7 2 4 2 13 14 5 5 10 15 15
COSTS 14 6 6 14 7 2 6 2 13 10 5 4 10 15 15
COSTS 14 6 6 14 7 2 6 2 13 10 5 4 10 15 15
COSTS 14 6 6 14 7 2 6 2 13 14 5 4 10 15 15
COSTS 14 6 6 14 7 2 6 2 13 14 5 4 10 15 15
COSTS 14 6 6 14 7 2 6 2 13 14 5 4 10 15 15
COSTS 14 6 6 14 7 2 6 2 13 14 5 4 10 15 15
COSTS 14 5 6 14 7 2 6 2 13 14 5 4 10 15 15
COSTS 14 5 6 14 7 2 6 2 13 14 5 4 10 15 15
COSTS 14 6 6 14 7 2 6 2 13 14 9 4 10 15 15
COSTS 15 6 6 14 7 2 6 2 13 10 5 4 10 15 15
COSTS 15 5 6 14 4 4 6 3 11 14 9 5 14 19 19
COSTS 14 5 8 14 7 2 6 2 13 14 9 4 12 15 15
COSTS 15 6 6 14 7 2 6 2 13 10 5 5 10 15 15
COSTS 14 5 6 14 7 2 6 2 13 10 9 5 10 15 15
COSTS 14 5 8 14 7 2 6 2 13 10 9 5 10 15 15
COSTS 14 5 6 14 7 2 6 2 13 10 5 4 10 15 15
COSTS 15 5 6 14 7 2 8 2 13 14 5 4 10 15 15
END
STATE 37489489320d2e79b16dd18cd341de4e7176cbc51b96e563a02ccec140cd418d 6002 24 32
LABELS 0 0 0 0 0 0 0 0 0 0 0 0 0 0 0 0 0 0 0 0 0 0 0 0
MASSES 19 20 18 16 30 21 23 30 26 5 12 16 31 11 21 12 3 23 2 11 19 14 21 6
QUERY_IDS 0 1 7 10 16 18 19 22 24 25 26 27 28 29 30 31 32 33 34 35 36 41 42 43 51 52 53 54 55 56 57 60
RESPONSES 0 1 0 0 0 0 0 0 0 0 0 0 0 0 0 0 0 0 0 0 0 0 0 0 0 0 0 0 0 0 0 1
RESPONSES 0 1 0 0 0 0 0 0 0 0 0 0 0 0 0 0 0 0 0 0 0 0 0 0 0 0 0 0 0 0 0 1
RESPONSES 0 1 0 0 0 0 0 0 0 0 0 0 0 0 0 0 0 0 0 0 0 0 0 0 0 0 0 0 0 0 0 1
RESPONSES 0 1 0 0 0 0 0 0 0 0 0 0 0 0 0 0 0 0 0 0 0 0 0 0 0 0 0 0 0 0 0 1
RESPONSES 1 1 0 1 0 0 0 0 0 0 0 0 0 0 0 0 0 0 0 0 0 0 0 0 0 0 0 0 0 0 0 1
RESPONSES 0 1 1 0 0 0 0 0 0 0 0 0 0 0 0 0 0 0 0 0 0 0 0 0 0 0 0 0 0 0 0 1
RESPONSES 0 1 0 0 0 0 0 0 0 0 0 0 0 0 0 0 0 0 0 0 0 0 0 0 0 0 0 0 0 0 0 1
RESPONSES 0 1 0 0 0 0 0 0 0 0 0 0 0 0 0 0 0 0 0 0 0 0 0 0 0 0 0 0 0 0 0 1
RESPONSES 0 0 0 0 0 0 0 0 0 0 0 0 0 0 0 0 0 0 0 0 0 0 0 0 0 0 0 0 0 0 0 1
RESPONSES 0 0 0 0 0 0 0 0 0 0 0 0 0 0 0 0 0 0 0 0 0 0 0 0 0 0 0 0 0 0 0 1
RESPONSES 0 0 0 0 0 0 0 0 0 0 0 0 0 0 0 0 0 0 0 0 0 0 0 0 0 0 0 0 0 0 0 1
RESPONSES 0 1 1 0 0 0 0 1 1 1 1 1 1 1 1 1 1 1 1 1 1 1 1 1 1 1 1 1 1 1 1 0
RESPONSES 0 0 0 0 0 0 0 0 0 0 0 0 0 0 0 0 0 0 0 0 0 0 0 0 0 0 0 0 0 0 0 1
RESPONSES 0 0 0 0 0 0 0 0 0 0 0 0 0 0 0 0 0 0 0 0 0 0 0 0 0 0 0 0 0 0 0 1
RESPONSES 0 0 0 0 0 0 0 0 0 0 0 0 0 0 0 0 0 0 0 0 0 0 0 0 0 0 0 0 0 0 0 1
RESPONSES 0 0 0 0 0 0 0 0 0 0 0 0 0 0 0 0 0 0 0 0 0 0 0 0 0 0 0 0 0 0 0 1
RESPONSES 1 1 0 0 0 0 1 0 0 0 0 0 0 0 0 0 0 0 0 0 0 0 0 0 0 0 0 0 0 0 0 1
RESPONSES 1 1 0 0 0 0 0 0 0 0 0 0 0 0 0 0 0 0 0 0 0 0 0 0 0 0 0 0 0 0 0 1
RESPONSES 0 1 0 0 0 0 0 0 0 0 0 0 0 1 0 0 1 1 1 1 0 0 0 0 0 0 0 0 0 0 0 1
RESPONSES 0 0 0 0 0 1 1 0 0 0 0 0 0 0 0 0 0 0 0 0 0 0 0 0 0 0 0 0 0 0 0 1
RESPONSES 1 1 0 0 0 0 0 0 0 0 0 0 0 0 0 0 0 0 0 0 0 0 0 0 0 0 0 0 0 0 0 1
RESPONSES 1 1 0 0 0 0 0 0 0 0 0 0 0 1 0 0 0 0 1 1 0 0 0 0 0 0 0 0 0 0 0 1
RESPONSES 1 1 0 1 1 0 0 0 0 0 0 0 0 0 0 0 0 0 0 0 0 0 0 0 0 0 0 0 0 0 0 1
RESPONSES 1 1 0 1 1 0 0 0 0 0 0 0 0 0 0 0 0 0 0 0 0 0 0 0 0 0 0 0 0 0 0 1
COSTS 10 6 14 18 3 17 11 6 11 12 5 9 4 6 2 9 17 1 11 8 15 14 16 13 13 15 9 7 8 7 12 5
COSTS 10 6 14 18 3 17 11 6 11 12 5 9 4 6 2 9 17 1 11 8 15 14 16 13 13 15 9 7 8 7 12 5
COSTS 10 6 14 18 3 17 11 6 11 12 5 9 4 6 2 9 17 1 11 8 15 14 16 13 13 15 9 7 8 7 12 5
COSTS 10 6 14 18 3 17 11 6 11 12 5 9 4 6 2 9 17 1 11 8 15 14 16 13 13 15 9 7 8 7 12 5
COSTS 7 6 14 19 3 17 11 6 11 12 5 9 4 6 2 9 17 1 11 8 15 14 16 13 13 15 9 7 8 7 12 5
COSTS 10 6 16 18 3 17 11 6 11 12 5 9 4 6 2 9 17 1 11 8 15 14 16 13 13 15 9 7 8 7 12 5
COSTS 10 6 14 18 3 17 11 6 11 12 5 9 4 6 2 9 17 1 11 8 15 14 16 13 13 15 9 7 8 7 12 5
COSTS 10 6 14 18 3 17 11 6 11 12 5 9 4 6 2 9 17 1 11 8 15 14 16 13 13 15 9 7 8 7 12 5
COSTS 10 8 14 18 3 17 11 6 11 12 5 9 4 6 2 9 17 1 11 8 15 14 16 13 13 15 9 7 8 7 12 5
COSTS 10 8 14 18 3 17 11 6 11 12 5 9 4 6 2 9 17 1 11 8 15 14 16 13 13 15 9 7 8 7 12 5
COSTS 10 8 14 18 3 17 11 6 11 12 5 9 4 6 2 9 17 1 11 8 15 14 16 13 13 15 9 7 8 7 12 5
COSTS 10 6 16 18 3 17 11 2 12 16 8 12 3 5 3 9 13 3 13 8 13 11 18 11 14 16 6 9 5 7 10 3
COSTS 10 8 14 18 3 17 11 6 11 12 5 9 4 6 2 9 17 1 11 8 15 14 16 13 13 15 9 7 8 7 12 5
COSTS 10 8 14 18 3 17 11 6 11 12 5 9 4 6 2 9 17 1 11 8 15 14 16 13 13 15 9 7 8 7 12 5
COSTS 10 8 14 18 3 17 11 6 11 12 5 9 4 6 2 9 17 1 11 8 15 14 16 13 13 15 9 7 8 7 12 5
COSTS 10 8 14 18 3 17 11 6 11 12 5 9 4 6 2 9 17 1 11 8 15 14 16 13 13 15 9 7 8 7 12 5
COSTS 7 6 14 18 3 17 10 6 11 12 5 9 4 6 2 9 17 1 11 8 15 14 16 13 13 15 9 7 8 7 12 5
COSTS 7 6 14 18 3 17 11 6 11 12 5 9 4 6 2 9 17 1 11 8 15 14 16 13 13 15 9 7 8 7 12 5
COSTS 10 6 14 18 3 17 11 6 11 12 5 9 4 5 2 9 13 3 13 8 15 14 16 13 13 15 9 7 8 7 12 5
COSTS 10 8 14 18 3 14 10 6 11 12 5 9 4 6 2 9 17 1 11 8 15 14 16 13 13 15 9 7 8 7 12 5
COSTS 7 6 14 18 3 17 11 6 11 12 5 9 4 6 2 9 17 1 11 8 15 14 16 13 13 15 9 7 8 7 12 5
COSTS 7 6 14 18 3 17 11 6 11 12 5 9 4 5 2 9 17 1 13 8 15 14 16 13 13 15 9 7 8 7 12 5
COSTS 7 6 14 19 1 17 11 6 11 12 5 9 4 6 2 9 17 1 11 8 15 14 16 13 13 15 9 7 8 7 12 5
COSTS 7 6 14 19 1 17 11 6 11 12 5 9 4 6 2 9 17 1 11 8 15 14 16 13 13 15 9 7 8 7 12 5
END
STATE 3756859d9fe493214fb7da85b96820849cb8ac6292c18afd288f5a9059308045 6001 24 11
LABELS 1 1 3 2 3 2 3 2 1 1 2 1 3 0 0 1 2 2 2 2 2 1 2 2
MASSES 8 18 20 19 1 6 29 8 7 14 20 1 19 20 5 2 7 8 29 4 3 17 18 18
QUERY_IDS 0 1 2 3 5 6 7 8 9 10 11
RESPONSES 4 2 0 0 1 0 0 1 0 0 0
RESPONSES 4 2 0 0 1 0 0 1 0 0 0
RESPONSES 2 1 1 1 1 0 0 1 0 1 0
RESPONSES 0 1 1 1 1 0 0 1 0 0 0
RESPONSES 0 1 1 1 1 0 0 1 0 0 0
RESPONSES 2 0 1 2 1 0 0 1 1 2 1
RESPONSES 0 1 1 1 1 0 0 1 0 1 0
RESPONSES 2 0 1 2 1 0 1 1 0 0 0
RESPONSES 4 1 1 2 0 0 0 0 0 1 0
RESPONSES 3 2 0 1 0 0 0 1 0 0 0
RESPONSES 2 0 1 1 1 0 1 1 1 2 0
RESPONSES 2 2 0 1 1 0 0 1 0 0 0
RESPONSES 4 2 1 1 1 0 0 1 0 1 0
RESPONSES 5 2 1 1 0 0 0 0 0 0 0
RESPONSES 5 2 1 1 0 0 0 0 0 0 0
RESPONSES 1 1 1 1 0 0 0 1 1 1 0
RESPONSES 2 0 0 2 1 0 0 1 0 1 0
RESPONSES 2 0 1 1 1 0 0 1 0 0 0
RESPONSES 2 0 1 1 1 0 0 1 0 0 0
RESPONSES 1 1 1 2 1 0 0 1 0 0 0
RESPONSES 2 0 1 2 1 0 1 1 0 2 0
RESPONSES 4 2 0 1 1 0 0 1 0 0 0
RESPONSES 0 1 1 1 0 0 0 1 0 0 0
RESPONSES 2 0 1 1 1 0 1 1 1 0 1
COSTS 8 6 3 19 2 7 5 17 6 9 15
COSTS 8 6 3 19 2 7 5 17 6 9 15
COSTS 4 7 5 15 2 7 5 17 6 12 15
COSTS 7 7 5 15 2 7 5 17 6 9 15
COSTS 7 7 5 15 2 7 5 17 6 9 15
COSTS 4 7 5 16 2 7 5 17 7 11 14
COSTS 7 7 5 15 2 7 5 17 6 12 15
COSTS 4 7 5 16 2 7 8 17 6 9 15
COSTS 8 7 5 16 4 7 5 19 6 12 15
COSTS 7 6 3 15 4 7 5 17 6 9 15
COSTS 4 7 5 15 2 7 8 17 7 11 15
COSTS 4 6 3 15 2 7 5 17 6 9 15
COSTS 8 6 5 15 2 7 5 17 6 12 15
COSTS 8 6 5 15 4 7 5 19 6 9 15
COSTS 8 6 5 15 4 7 5 19 6 9 15
COSTS 4 7 5 15 4 7 5 17 7 12 15
COSTS 4 7 3 16 2 7 5 17 6 12 15
COSTS 4 7 5 15 2 7 5 17 6 9 15
COSTS 4 7 5 15 2 7 5 17 6 9 15
COSTS 4 7 5 16 2 7 5 17 6 9 15
COSTS 4 7 5 16 2 7 8 17 6 11 15
COSTS 8 6 3 15 2 7 5 17 6 9 15
COSTS 7 7 5 15 4 7 5 17 6 9 15
COSTS 4 7 5 15 2 7 8 17 7 9 14
END
STATE 384ae1af282ec137873553639c07485aafaa4e9f52c0a5634d6030e8800ce094 6001 24 32
LABELS 5 5 0 1 5 2 5 2 5 3 3 5 2 1 4 5 2 1 2 1 0 1 5 5
MASSES 1 17 21 6 4 3 10 3 24 23 17 22 27 22 18 9 9 10 5 18 23 10 13 15
QUERY_IDS 1 2 3 17 23 24 25 26 30 31 32 40 41 42 44 45 47 49 50 52 53 54 55 56 57 62 68 69 70 74 75 76
RESPONSES 0 0 0 1 0 0 0 0 0 0 0 0 0 1 0 0 0 0 0 0 0 0 0 0 1 1 1 1 1 1 1 1
RESPONSES 0 0 0 0 0 0 0 0 0 0 0 1 1 1 1 1 1 1 1 1 1 1 1 1 1 1 0 0 0 0 0 0
RESPONSES 0 0 0 0 0 0 0 0 0 0 0 0 0 0 1 1 1 1 1 1 1 1 1 1 1 1 0 1 1 0 0 0
RESPONSES 0 0 0 0 0 0 0 0 0 0 0 0 0 0 0 0 0 1 1 1 1 1 1 1 1 1 1 1 1 1 1 1
RESPONSES 0 0 0 1 0 0 0 0 0 0 0 0 0 0 0 0 1 1 1 1 1 1 1 1 1 1 1 1 1 0 0 0
RESPONSES 0 0 0 0 0 0 0 0 0 0 0 0 0 0 1 1 1 1 1 1 1 1 1 1 1 1 1 1 1 0 0 0
RESPONSES 0 0 0 1 0 0 0 0 0 0 0 0 0 1 0 0 0 0 0 0 0 0 0 0 1 1 1 1 1 1 1 1
RESPONSES 0 0 0 0 0 0 0 0 0 0 0 0 0 0 1 1 1 1 1 1 1 1 1 1 1 1 1 1 1 0 0 0
RESPONSES 1 1 1 1 0 0 0 0 0 0 0 0 0 0 0 0 0 0 0 0 0 0 0 0 0 1 1 1 1 1 1 1
RESPONSES 0 0 0 0 0 0 0 0 1 1 1 0 0 0 0 0 0 1 1 0 0 1 1 1 1 1 1 1 1 0 0 0
RESPONSES 0 0 0 0 0 0 0 0 0 0 0 1 1 1 0 0 0 1 1 1 1 1 1 1 1 0 0 0 0 0 0 0
RESPONSES 1 1 1 1 0 0 0 0 0 0 0 0 0 0 0 0 0 1 1 0 0 0 0 0 1 1 1 1 1 1 1 1
RESPONSES 0 0 0 0 0 0 0 0 0 0 0 0 0 0 1 1 1 1 1 1 1 1 1 1 1 1 1 1 1 0 0 0
RESPONSES 0 0 0 1 0 0 0 0 0 0 0 1 1 1 0 0 1 1 1 1 1 1 1 1 1 1 1 1 1 0 0 0
RESPONSES 0 0 0 0 1 1 1 1 0 0 0 0 0 1 0 0 1 1 1 0 0 0 0 0 1 1 1 1 1 0 0 0
RESPONSES 0 0 0 1 0 0 0 0 0 0 0 0 0 0 0 0 0 1 1 0 0 1 1 1 1 1 1 1 1 0 0 0
RESPONSES 0 0 0 0 0 0 0 0 0 0 0 0 0 0 1 1 1 1 1 1 1 1 1 1 1 1 1 1 1 0 0 0
RESPONSES 0 0 0 0 0 0 0 0 0 0 0 0 0 1 0 0 0 0 0 1 1 1 1 1 1 1 1 1 1 1 1 1
RESPONSES 0 0 0 0 0 0 0 0 0 0 0 0 0 0 1 1 1 1 1 1 1 1 1 1 1 1 1 1 1 0 0 0
RESPONSES 0 0 0 1 0 0 0 0 0 0 0 1 1 1 0 0 0 1 1 1 1 1 1 1 1 1 1 1 1 0 0 0
RESPONSES 0 0 0 0 0 0 0 0 0 0 0 0 0 0 1 1 1 1 1 1 1 1 1 1 1 1 1 1 1 0 0 0
RESPONSES 0 0 0 1 0 0 0 0 0 0 0 1 1 1 0 0 0 1 1 1 1 1 1 1 1 1 1 1 1 0 0 0
RESPONSES 0 0 0 1 0 0 0 0 0 0 0 0 0 1 0 0 0 0 0 0 0 0 0 0 1 1 0 1 1 1 1 1
RESPONSES 0 0 0 0 0 0 0 0 0 0 0 1 1 1 1 1 1 1 1 1 1 1 1 1 1 1 0 0 0 0 0 0
COSTS 12 16 17 7 16 18 16 4 14 5 10 8 10 10 3 11 2 11 15 15 7 9 5 7 7 15 16 16 4 1 6 6
COSTS 12 16 17 10 16 18 16 4 14 5 10 5 10 10 3 11 1 9 19 14 6 8 4 4 7 15 14 15 6 3 7 7
COSTS 12 16 17 10 16 18 16 4 14 5 10 8 10 11 3 11 1 9 19 14 6 8 4 4 7 15 14 16 4 3 7 7
COSTS 12 16 17 10 16 18 16 4 14 5 10 8 10 11 3 11 2 9 19 14 6 8 4 4 7 15 16 16 4 1 6 6
COSTS 12 16 17 7 16 18 16 4 14 5 10 8 10 11 3 11 1 9 19 14 6 8 4 4 7 15 16 16 4 3 7 7
COSTS 12 16 17 10 16 18 16 4 14 5 10 8 10 11 3 11 1 9 19 14 6 8 4 4 7 15 16 16 4 3 7 7
COSTS 12 16 17 7 16 18 16 4 14 5 10 8 10 10 3 11 2 11 15 15 7 9 5 7 7 15 16 16 4 1 6 6
COSTS 12 16 17 10 16 18 16 4 14 5 10 8 10 11 3 11 1 9 19 14 6 8 4 4 7 15 16 16 4 3 7 7
COSTS 12 13 16 7 16 18 16 4 14 5 10 8 10 11 3 11 2 11 15 15 7 9 5 7 7 15 16 16 4 1 6 6
COSTS 12 16 17 10 16 18 16 4 16 6 10 8 10 11 3 11 2 9 19 15 7 8 4 4 7 15 16 16 4 3 7 7
COSTS 12 16 17 10 16 18 16 4 14 5 10 5 10 10 3 11 2 9 19 14 6 8 4 4 7 16 14 15 6 3 7 7
COSTS 12 13 16 7 16 18 16 4 14 5 10 8 10 11 3 11 2 9 19 15 7 9 5 7 7 15 16 16 4 1 6 6
COSTS 12 16 17 10 16 18 16 4 14 5 10 8 10 11 3 11 1 9 19 14 6 8 4 4 7 15 16 16 4 3 7 7
COSTS 12 16 17 7 16 18 16 4 14 5 10 5 10 10 3 11 1 9 19 14 6 8 4 4 7 15 16 16 4 3 7 7
COSTS 12 16 17 10 15 18 14 8 14 5 10 8 10 10 3 11 1 9 19 15 7 9 5 7 7 15 16 16 4 3 7 7
COSTS 12 16 17 7 16 18 16 4 14 5 10 8 10 11 3 11 2 9 19 15 7 8 4 4 7 15 16 16 4 3 7 7
COSTS 12 16 17 10 16 18 16 4 14 5 10 8 10 11 3 11 1 9 19 14 6 8 4 4 7 15 16 16 4 3 7 7
COSTS 12 16 17 10 16 18 16 4 14 5 10 8 10 10 3 11 2 11 15 14 6 8 4 4 7 15 16 16 4 1 6 6
COSTS 12 16 17 10 16 18 16 4 14 5 10 8 10 11 3 11 1 9 19 14 6 8 4 4 7 15 16 16 4 3 7 7
COSTS 12 16 17 7 16 18 16 4 14 5 10 5 10 10 3 11 2 9 19 14 6 8 4 4 7 15 16 16 4 3 7 7
COSTS 12 16 17 10 16 18 16 4 14 5 10 8 10 11 3 11 1 9 19 14 6 8 4 4 7 15 16 16 4 3 7 7
COSTS 12 16 17 7 16 18 16 4 14 5 10 5 10 10 3 11 2 9 19 14 6 8 4 4 7 15 16 16 4 3 7 7
COSTS 12 16 17 7 16 18 16 4 14 5 10 8 10 10 3 11 2 11 15 15 7 9 5 7 7 15 14 16 4 1 6 6
COSTS 12 16 17 10 16 18 16 4 14 5 10 5 10 10 3 11 1 9 19 14 6 8 4 4 7 15 14 15 6 3 7 7
END
STATE 38b0e43cebd071d17e8e0620453e1910f4dfd8b274f686f593dbc23c4faf96de 6001 24 28
LABELS 1 0 0 0 1 0 0 0 0 0 0 0 0 0 0 1 0 0 0 1 0 0 0 0
MASSES 12 31 22 21 25 7 10 17 24 28 25 20 3 8 22 26 12 18 4 14 23 14 27 3
QUERY_IDS 0 1 3 4 6 7 8 9 10 11 12 13 14 15 16 17 19 22 23 24 27 28 29 30 31 32 33 34
RESPONSES 0 0 1 1 1 0 0 0 1 0 0 0 1 0 0 0 0 0 0 0 0 1 1 0 0 1 1 1
RESPONSES 1 1 1 1 1 1 1 1 1 1 1 1 1 1 1 1 1 1 1 1 1 1 1 1 1 1 1 1
RESPONSES 1 1 1 1 1 1 1 1 1 1 1 1 1 1 1 1 1 1 1 1 1 1 1 1 1 1 1 1
RESPONSES 1 1 1 1 1 1 1 1 1 1 1 1 1 1 1 1 1 1 1 1 1 1 1 1 1 1 1 1
RESPONSES 0 0 0 0 0 0 0 0 1 0 0 0 1 0 0 0 0 0 1 1 0 0 0 0 0 0 1 1
RESPONSES 0 0 1 1 1 1 1 1 1 1 1 1 1 1 1 1 1 1 1 1 1 1 1 1 1 1 1 1
RESPONSES 0 0 1 1 1 1 1 1 1 1 1 1 1 1 1 1 1 1 1 1 1 1 1 1 1 1 1 1
RESPONSES 0 0 1 1 1 1 1 1 1 1 1 1 1 1 1 1 1 1 1 1 1 1 1 1 1 1 1 1
RESPONSES 0 0 0 0 1 1 1 1 1 0 1 1 1 0 0 1 1 1 1 1 1 1 1 1 1 1 1 1
RESPONSES 0 0 0 1 1 1 1 1 1 1 1 1 1 1 1 1 1 1 1 1 1 1 1 1 1 1 1 1
RESPONSES 0 0 0 1 1 1 1 1 1 1 1 1 1 1 1 1 1 1 1 1 1 1 1 1 1 1 1 1
RESPONSES 1 1 1 1 1 1 1 1 1 1 1 1 1 1 1 1 1 1 1 1 1 1 1 1 1 1 1 1
RESPONSES 1 1 1 1 1 1 1 1 1 1 1 1 1 1 1 1 1 1 1 1 1 1 1 1 1 1 1 1
RESPONSES 1 1 1 1 1 1 1 1 1 0 1 1 1 1 1 1 1 0 0 0 1 1 1 1 1 1 1 1
RESPONSES 1 1 1 1 1 1 1 1 1 0 1 1 1 1 1 1 1 1 1 1 1 1 1 1 1 1 1 1
RESPONSES 0 0 0 0 1 0 0 0 0 0 0 0 0 0 0 0 0 0 1 1 0 0 1 0 1 1 0 0
RESPONSES 0 0 1 1 1 1 1 1 1 1 1 1 1 1 1 1 1 1 1 1 1 1 1 1 1 1 1 1
RESPONSES 0 0 1 1 1 1 1 1 1 1 1 1 1 1 1 1 1 1 1 1 1 1 1 1 1 1 1 1
RESPONSES 0 0 0 0 1 1 1 1 1 1 1 1 1 1 1 1 1 1 1 1 1 1 1 1 1 1 1 1
RESPONSES 0 0 0 0 0 1 1 1 1 1 1 1 1 1 1 1 1 0 1 1 0 1 1 0 0 1 1 1
RESPONSES 0 0 1 1 1 0 0 1 1 1 1 1 1 1 1 1 1 1 1 1 0 1 1 0 0 1 1 1
RESPONSES 0 1 1 1 1 1 1 1 1 1 1 1 1 1 1 1 1 1 1 1 1 1 1 1 1 1 1 1
RESPONSES 1 1 1 1 1 1 1 1 1 0 1 1 1 1 1 1 1 1 1 1 1 1 1 1 1 1 1 1
RESPONSES 0 1 1 1 1 1 1 1 1 1 1 1 1 1 1 1 1 1 1 1 1 1 1 1 1 1 1 1
COSTS 14 8 9 11 12 6 13 15 4 8 7 2 18 14 10 3 14 14 13 14 12 10 12 6 10 14 14 6
COSTS 15 6 9 11 12 7 15 17 4 7 8 2 18 14 9 4 13 14 10 15 8 10 12 9 14 14 14 6
COSTS 15 6 9 11 12 7 15 17 4 7 8 2 18 14 9 4 13 14 10 15 8 10 12 9 14 14 14 6
COSTS 15 6 9 11 12 7 15 17 4 7 8 2 18 14 9 4 13 14 10 15 8 10 12 9 14 14 14 6
COSTS 14 8 5 10 11 6 13 15 4 8 7 2 18 14 10 3 14 14 10 15 12 7 12 6 10 15 14 6
COSTS 14 8 9 11 12 7 15 17 4 7 8 2 18 14 9 4 13 14 10 15 8 10 12 9 14 14 14 6
COSTS 14 8 9 11 12 7 15 17 4 7 8 2 18 14 9 4 13 14 10 15 8 10 12 9 14 14 14 6
COSTS 14 8 9 11 12 7 15 17 4 7 8 2 18 14 9 4 13 14 10 15 8 10 12 9 14 14 14 6
COSTS 14 8 5 10 12 7 15 17 4 8 8 2 18 14 10 4 13 14 10 15 8 10 12 9 14 14 14 6
COSTS 14 8 5 11 12 7 15 17 4 7 8 2 18 14 9 4 13 14 10 15 8 10 12 9 14 14 14 6
COSTS 14 8 5 11 12 7 15 17 4 7 8 2 18 14 9 4 13 14 10 15 8 10 12 9 14 14 14 6
COSTS 15 6 9 11 12 7 15 17 4 7 8 2 18 14 9 4 13 14 10 15 8 10 12 9 14 14 14 6
COSTS 15 6 9 11 12 7 15 17 4 7 8 2 18 14 9 4 13 14 10 15 8 10 12 9 14 14 14 6
COSTS 15 6 9 11 12 7 15 17 4 8 8 2 18 14 9 4 13 14 13 14 8 10 12 9 14 14 14 6
COSTS 15 6 9 11 12 7 15 17 4 8 8 2 18 14 9 4 13 14 10 15 8 10 12 9 14 14 14 6
COSTS 14 8 5 10 12 6 13 15 6 8 7 2 19 14 10 3 14 14 10 15 12 7 12 6 14 14 14 9
COSTS 14 8 9 11 12 7 15 17 4 7 8 2 18 14 9 4 13 14 10 15 8 10 12 9 14 14 14 6
COSTS 14 8 9 11 12 7 15 17 4 7 8 2 18 14 9 4 13 14 10 15 8 10 12 9 14 14 14 6
COSTS 14 8 5 10 12 7 15 17 4 7 8 2 18 14 9 4 13 14 10 15 8 10 12 9 14 14 14 6
COSTS 14 8 5 10 11 7 15 17 4 7 8 2 18 14 9 4 13 14 10 15 12 10 12 6 10 14 14 6
COSTS 14 8 9 11 12 6 13 17 4 7 8 2 18 14 9 4 13 14 10 15 12 10 12 6 10 14 14 6
COSTS 14 6 9 11 12 7 15 17 4 7 8 2 18 14 9 4 13 14 10 15 8 10 12 9 14 14 14 6
COSTS 15 6 9 11 12 7 15 17 4 8 8 2 18 14 9 4 13 14 10 15 8 10 12 9 14 14 14 6
COSTS 14 6 9 11 12 7 15 17 4 7 8 2 18 14 9 4 13 14 10 15 8 10 12 9 14 14 14 6
END
STATE 3a5223d7f48f1a56a845a629826861e4f7d222fc0f59053c6a51410d6cbb577a 6002 24 11
LABELS 1 4 0 1 2 1 4 0 0 0 0 4 4 1 1 1 2 2 0 2 2 2 3 4
MASSES 24 18 17 9 27 11 21 25 13 4 19 15 1 7 8 27 13 13 8 15 28 26 2 3
QUERY_IDS 0 1 2 3 4 6 7 8 9 10 11
RESPONSES 2 0 0 1 0 1 0 0 0 0 0
RESPONSES 4 2 0 1 0 1 0 1 0 0 0
RESPONSES 5 1 0 0 0 1 0 0 0 0 0
RESPONSES 3 1 0 1 0 1 0 1 0 0 0
RESPONSES 4 1 0 1 0 1 0 1 0 0 0
RESPONSES 4 1 0 1 0 1 0 1 0 0 0
RESPONSES 0 2 0 0 0 1 0 1 0 0 0
RESPONSES 5 1 0 1 0 1 0 0 0 0 0
RESPONSES 5 1 0 1 0 1 0 0 0 0 0
RESPONSES 5 1 0 1 0 1 0 0 0 0 0
RESPONSES 5 1 0 1 0 1 0 0 0 0 0
RESPONSES 3 2 0 0 0 1 0 1 0 0 0
RESPONSES 4 2 0 0 0 1 0 1 0 0 0
RESPONSES 1 0 1 0 1 1 0 1 1 1 0
RESPONSES 0 0 0 1 0 1 0 1 0 0 0
RESPONSES 4 1 0 0 0 1 0 1 0 0 0
RESPONSES 0 0 0 0 0 1 0 1 0 0 0
RESPONSES 0 0 0 0 0 1 0 1 0 0 0
RESPONSES 5 1 1 1 0 1 0 1 0 1 0
RESPONSES 4 0 0 1 0 1 0 0 0 0 0
RESPONSES 0 0 0 0 0 1 0 0 0 0 0
RESPONSES 4 1 0 1 0 1 0 1 1 0 0
RESPONSES 2 1 0 1 0 1 0 1 1 0 0
RESPONSES 3 2 0 0 0 0 0 1 0 0 0
COSTS 8 7 8 6 15 13 15 13 10 10 12
COSTS 6 8 8 6 15 13 15 10 10 10 12
COSTS 7 5 8 3 15 13 15 13 10 10 12
COSTS 6 5 8 6 15 13 15 10 10 10 12
COSTS 6 5 8 6 15 13 15 10 10 10 12
COSTS 6 5 8 6 15 13 15 10 10 10 12
COSTS 5 8 8 3 15 13 15 10 10 10 12
COSTS 7 5 8 6 15 13 15 13 10 10 12
COSTS 7 5 8 6 15 13 15 13 10 10 12
COSTS 7 5 8 6 15 13 15 13 10 10 12
COSTS 7 5 8 6 15 13 15 13 10 10 12
COSTS 6 8 8 3 15 13 15 10 10 10 12
COSTS 6 8 8 3 15 13 15 10 10 10 12
COSTS 7 7 5 3 15 13 15 10 10 9 12
COSTS 5 7 8 6 15 13 15 10 10 10 12
COSTS 6 5 8 3 15 13 15 10 10 10 12
COSTS 5 7 8 3 15 13 15 10 10 10 12
COSTS 5 7 8 3 15 13 15 10 10 10 12
COSTS 7 5 5 6 15 13 15 10 10 9 12
COSTS 6 7 8 6 15 13 15 13 10 10 12
COSTS 5 7 8 3 15 13 15 13 10 10 12
COSTS 6 5 8 6 15 13 15 10 10 10 12
COSTS 8 5 8 6 15 13 15 10 10 10 12
COSTS 6 8 8 3 15 12 15 10 10 10 12
END
STATE 3aa8fae431ef7418c329924c4d659dcdfedb990309920d9c8d9d1df2c13a5eb4 6002 24 36
LABELS 0 0 0 0 0 0 0 0 0 0 0 0 0 0 0 0 0 0 0 0 0 0 0 0
MASSES 19 20 16 30 4 5 26 5 12 4 30 16 30 27 11 21 12 3 23 2 11 19 14 21
QUERY_IDS 0 1 2 3 7 10 16 18 19 22 24 25 26 27 28 29 30 31 32 33 34 35 36 39 40 41 42 43 51 52 53 54 55 56 57 60
RESPONSES 0 1 1 1 0 0 0 0 0 0 0 0 0 0 0 0 0 0 0 0 0 0 0 0 0 0 0 0 0 0 0 0 0 0 0 1
RESPONSES 0 1 1 1 0 0 0 0 0 0 0 0 0 0 0 0 0 0 0 0 0 0 0 0 0 0 0 0 0 0 0 0 0 0 0 1
RESPONSES 0 1 1 1 0 0 0 0 0 0 0 0 0 0 0 0 0 0 0 0 0 0 0 0 0 0 0 0 0 0 0 0 0 0 0 1
RESPONSES 1 1 1 1 0 1 0 0 0 0 0 0 0 0 0 0 0 0 0 0 0 0 0 0 0 0 0 0 0 0 0 0 0 0 0 1
RESPONSES 0 0 0 0 0 0 0 0 0 0 0 0 0 0 0 1 0 0 0 0 1 1 0 0 0 0 0 0 0 0 0 0 0 0 0 1
RESPONSES 0 0 0 0 0 0 1 0 0 0 0 0 0 0 0 0 0 0 0 0 0 0 0 0 0 0 0 0 0 0 0 0 0 0 0 1
RESPONSES 0 0 0 0 0 0 1 0 0 0 0 0 0 0 0 0 0 0 0 0 0 0 0 0 0 0 0 0 0 0 0 0 0 0 0 1
RESPONSES 0 0 1 1 0 0 0 0 0 0 0 0 0 0 0 0 0 0 0 0 0 0 0 0 0 0 0 0 0 0 0 0 0 0 0 1
RESPONSES 0 0 1 1 0 0 0 0 0 0 0 0 0 0 0 0 0 0 0 0 0 0 0 0 0 0 0 0 0 0 0 0 0 0 0 1
RESPONSES 1 1 1 1 0 0 0 0 0 0 0 0 0 0 0 1 0 1 1 1 1 1 1 1 1 1 1 1 0 0 0 0 0 0 0 1
RESPONSES 0 0 0 1 0 0 0 0 0 0 0 0 0 0 0 0 0 0 0 0 0 0 0 0 0 0 0 0 0 0 0 0 0 0 0 1
RESPONSES 0 1 1 1 1 0 0 0 0 1 1 1 1 1 1 1 1 1 1 1 1 1 1 0 0 1 1 1 1 1 1 1 1 1 1 0
RESPONSES 1 1 1 1 0 0 1 0 0 0 0 0 0 0 0 0 0 0 0 0 0 0 0 0 0 0 0 0 0 0 0 0 0 0 0 1
RESPONSES 0 0 0 1 1 0 0 0 0 0 0 0 0 0 0 0 0 0 0 0 0 0 0 0 0 0 0 0 0 0 0 0 0 0 0 1
RESPONSES 0 0 1 1 0 0 0 0 0 0 0 0 0 0 0 0 0 0 0 0 0 0 0 0 0 0 0 0 0 0 0 0 0 0 0 1
RESPONSES 0 0 1 1 0 0 0 0 0 0 0 0 0 0 0 0 0 0 0 0 0 0 0 0 0 0 0 0 0 0 0 0 0 0 0 1
RESPONSES 0 0 1 1 0 0 0 0 0 0 0 0 0 0 0 0 0 0 0 0 0 0 0 0 0 0 0 0 0 0 0 0 0 0 0 1
RESPONSES 1 1 1 1 0 0 0 0 1 0 0 0 0 0 0 0 0 0 0 0 0 0 0 0 0 0 0 0 0 0 0 0 0 0 0 1
RESPONSES 1 1 1 1 0 0 0 0 0 0 0 0 0 0 0 0 0 0 0 0 0 0 0 0 0 0 0 0 0 0 0 0 0 0 0 1
RESPONSES 0 1 1 1 0 0 0 0 0 0 0 0 0 0 0 1 0 0 1 1 1 1 0 0 0 0 0 0 0 0 0 0 0 0 0 1
RESPONSES 0 0 1 1 0 0 0 1 1 0 0 0 0 0 0 0 0 0 0 0 0 0 0 0 0 0 0 0 0 0 0 0 0 0 0 1
RESPONSES 1 1 1 1 0 0 0 0 0 0 0 0 0 0 0 0 0 0 0 0 0 0 0 0 0 0 0 0 0 0 0 0 0 0 0 1
RESPONSES 1 1 1 1 0 0 0 0 0 0 0 0 0 0 0 1 0 0 0 0 1 1 0 0 0 0 0 0 0 0 0 0 0 0 0 1
RESPONSES 1 1 1 1 0 1 1 0 0 0 0 0 0 0 0 0 0 0 0 0 0 0 0 0 0 0 0 0 0 0 0 0 0 0 0 1
COSTS 10 6 7 6 14 18 3 17 11 6 11 12 5 9 4 6 2 9 17 1 11 8 15 13 15 14 16 13 13 15 9 7 8 7 12 5
COSTS 10 6 7 6 14 18 3 17 11 6 11 12 5 9 4 6 2 9 17 1 11 8 15 13 15 14 16 13 13 15 9 7 8 7 12 5
COSTS 10 6 7 6 14 18 3 17 11 6 11 12 5 9 4 6 2 9 17 1 11 8 15 13 15 14 16 13 13 15 9 7 8 7 12 5
COSTS 7 6 7 6 14 19 3 17 11 6 11 12 5 9 4 6 2 9 17 1 11 8 15 13 15 14 16 13 13 15 9 7 8 7 12 5
COSTS 10 8 8 5 14 18 3 17 11 6 11 12 5 9 4 5 2 9 17 1 13 8 15 13 15 14 16 13 13 15 9 7 8 7 12 5
COSTS 10 8 8 5 14 18 1 17 11 6 11 12 5 9 4 6 2 9 17 1 11 8 15 13 15 14 16 13 13 15 9 7 8 7 12 5
COSTS 10 8 8 5 14 18 1 17 11 6 11 12 5 9 4 6 2 9 17 1 11 8 15 13 15 14 16 13 13 15 9 7 8 7 12 5
COSTS 10 8 7 6 14 18 3 17 11 6 11 12 5 9 4 6 2 9 17 1 11 8 15 13 15 14 16 13 13 15 9 7 8 7 12 5
COSTS 10 8 7 6 14 18 3 17 11 6 11 12 5 9 4 6 2 9 17 1 11 8 15 13 15 14 16 13 13 15 9 7 8 7 12 5
COSTS 7 6 7 6 14 18 3 17 11 6 11 12 5 9 4 5 2 9 13 3 13 8 13 13 12 11 18 11 13 15 9 7 8 7 12 5
COSTS 10 8 8 6 14 18 3 17 11 6 11 12 5 9 4 6 2 9 17 1 11 8 15 13 15 14 16 13 13 15 9 7 8 7 12 5
COSTS 10 6 7 6 16 18 3 17 11 2 12 16 8 12 3 5 3 9 13 3 13 8 13 13 15 11 18 11 14 16 6 9 5 7 10 3
COSTS 7 6 7 6 14 18 1 17 11 6 11 12 5 9 4 6 2 9 17 1 11 8 15 13 15 14 16 13 13 15 9 7 8 7 12 5
COSTS 10 8 8 6 16 18 3 17 11 6 11 12 5 9 4 6 2 9 17 1 11 8 15 13 15 14 16 13 13 15 9 7 8 7 12 5
COSTS 10 8 7 6 14 18 3 17 11 6 11 12 5 9 4 6 2 9 17 1 11 8 15 13 15 14 16 13 13 15 9 7 8 7 12 5
COSTS 10 8 7 6 14 18 3 17 11 6 11 12 5 9 4 6 2 9 17 1 11 8 15 13 15 14 16 13 13 15 9 7 8 7 12 5
COSTS 10 8 7 6 14 18 3 17 11 6 11 12 5 9 4 6 2 9 17 1 11 8 15 13 15 14 16 13 13 15 9 7 8 7 12 5
COSTS 7 6 7 6 14 18 3 17 10 6 11 12 5 9 4 6 2 9 17 1 11 8 15 13 15 14 16 13 13 15 9 7 8 7 12 5
COSTS 7 6 7 6 14 18 3 17 11 6 11 12 5 9 4 6 2 9 17 1 11 8 15 13 15 14 16 13 13 15 9 7 8 7 12 5
COSTS 10 6 7 6 14 18 3 17 11 6 11 12 5 9 4 5 2 9 13 3 13 8 15 13 15 14 16 13 13 15 9 7 8 7 12 5
COSTS 10 8 7 6 14 18 3 14 10 6 11 12 5 9 4 6 2 9 17 1 11 8 15 13 15 14 16 13 13 15 9 7 8 7 12 5
COSTS 7 6 7 6 14 18 3 17 11 6 11 12 5 9 4 6 2 9 17 1 11 8 15 13 15 14 16 13 13 15 9 7 8 7 12 5
COSTS 7 6 7 6 14 18 3 17 11 6 11 12 5 9 4 5 2 9 17 1 13 8 15 13 15 14 16 13 13 15 9 7 8 7 12 5
COSTS 7 6 7 6 14 19 1 17 11 6 11 12 5 9 4 6 2 9 17 1 11 8 15 13 15 14 16 13 13 15 9 7 8 7 12 5
END
STATE 3b4a6c7b446d132acdf8fe8d858d09d152fa3f8ff327ce80f59fe27808d11eb2 6003 24 24
LABELS 1 0 1 0 1 0 1 1 0 0 0 1 0 0 1 0 1 1 1 0 1 1 0 0
MASSES 26 8 11 5 21 19 20 26 30 19 15 31 10 8 21 17 16 9 19 22 23 10 8 17
QUERY_IDS 0 1 2 6 7 8 9 10 14 15 17 18 19 20 21 23 24 25 26 27 28 29 33 37
RESPONSES 1 1 1 0 0 0 0 0 0 0 0 0 0 0 0 1 1 1 0 0 0 0 0 1
RESPONSES 0 0 0 1 1 1 1 1 1 1 1 1 1 0 0 1 1 1 1 1 1 1 1 1
RESPONSES 0 0 0 0 0 0 0 1 0 0 0 0 0 1 1 1 1 1 1 1 1 1 1 1
RESPONSES 0 0 0 0 0 0 1 1 0 0 0 1 1 0 0 0 0 0 1 1 1 1 0 1
RESPONSES 0 0 0 0 0 0 0 0 0 0 0 1 1 1 1 1 1 1 1 1 1 1 1 1
RESPONSES 0 0 0 0 0 0 0 0 0 0 0 1 1 1 1 1 1 1 1 1 1 1 0 1
RESPONSES 0 0 0 0 0 0 0 1 0 0 1 1 1 1 1 1 1 1 1 1 1 1 0 1
RESPONSES 1 1 1 0 0 0 0 0 0 0 1 1 1 1 1 1 1 1 1 1 1 1 0 1
RESPONSES 0 0 0 0 0 0 0 1 0 0 1 1 1 0 0 0 0 1 0 0 0 0 1 1
RESPONSES 0 0 0 1 1 1 1 1 1 1 1 1 1 1 1 1 1 1 1 1 1 1 0 1
RESPONSES 0 0 0 0 0 1 1 1 0 0 0 0 0 0 0 1 1 1 1 1 1 1 1 1
RESPONSES 0 0 0 0 0 0 0 1 0 0 0 1 1 1 1 1 1 1 1 1 1 1 0 1
RESPONSES 0 0 0 0 0 1 1 1 0 0 1 1 1 0 0 0 0 0 1 1 1 1 0 1
RESPONSES 0 0 0 0 0 1 1 1 0 0 0 1 1 0 0 0 0 0 0 0 0 0 0 1
RESPONSES 0 0 0 0 0 0 0 0 0 0 1 1 1 0 0 0 0 1 0 0 0 0 1 1
RESPONSES 0 0 0 0 0 0 0 0 0 0 1 1 1 0 0 0 0 1 0 0 1 1 1 1
RESPONSES 0 0 0 0 0 0 1 1 0 0 1 1 1 0 0 1 1 1 1 1 1 1 1 1
RESPONSES 0 0 0 0 0 0 0 0 0 0 0 1 1 1 1 1 1 1 1 1 1 1 0 1
RESPONSES 0 0 0 0 0 0 0 0 1 1 1 1 1 0 0 0 1 1 1 1 1 1 0 1
RESPONSES 0 0 0 0 0 1 1 1 0 0 1 1 1 0 0 0 1 1 0 0 1 1 0 1
RESPONSES 0 0 0 0 0 0 0 0 0 0 0 1 1 0 0 0 0 1 0 0 0 0 0 0
RESPONSES 0 0 0 0 0 0 0 0 0 0 0 0 0 1 1 1 1 1 1 1 1 1 0 1
RESPONSES 1 1 1 1 1 1 1 1 0 0 0 1 1 1 1 1 1 1 1 1 1 1 0 0
RESPONSES 0 0 0 0 0 1 1 1 0 0 0 1 1 1 1 1 1 1 1 1 1 1 0 1
COSTS 13 7 14 15 10 14 6 16 7 5 12 14 14 18 5 8 7 10 16 14 2 8 13 9
COSTS 14 6 11 15 11 15 7 15 9 4 9 14 11 18 5 8 7 10 14 13 4 8 13 9
COSTS 14 6 11 15 10 14 6 15 7 5 12 14 14 18 4 8 7 10 14 13 4 8 13 9
COSTS 14 6 11 15 10 14 7 15 7 5 12 14 11 18 5 10 7 10 14 13 4 8 13 9
COSTS 14 6 11 15 10 14 6 16 7 5 12 14 11 18 4 8 7 10 14 13 4 8 13 9
COSTS 14 6 11 15 10 14 6 16 7 5 12 14 11 18 4 8 7 10 14 13 4 8 13 9
COSTS 14 6 11 15 10 14 6 15 7 5 9 14 11 18 4 8 7 10 14 13 4 8 13 9
COSTS 13 7 14 15 10 14 6 16 7 5 9 14 11 18 4 8 7 10 14 13 4 8 13 9
COSTS 14 6 11 15 10 14 6 15 7 5 9 14 11 18 5 10 7 10 16 14 2 8 13 9
COSTS 14 6 11 15 11 15 7 15 9 4 9 14 11 18 4 8 7 10 14 13 4 8 13 9
COSTS 14 6 11 15 10 15 7 15 7 5 12 14 14 18 5 8 7 10 14 13 4 8 13 9
COSTS 14 6 11 15 10 14 6 15 7 5 12 14 11 18 4 8 7 10 14 13 4 8 13 9
COSTS 14 6 11 15 10 15 7 15 7 5 9 14 11 18 5 10 7 10 14 13 4 8 13 9
COSTS 14 6 11 15 10 15 7 15 7 5 12 14 11 18 5 10 7 10 16 14 2 8 13 9
COSTS 14 6 11 15 10 14 6 16 7 5 9 14 11 18 5 10 7 10 16 14 2 8 13 9
COSTS 14 6 11 15 10 14 6 16 7 5 9 14 11 18 5 10 7 10 16 14 4 8 13 9
COSTS 14 6 11 15 10 14 7 15 7 5 9 14 11 18 5 8 7 10 14 13 4 8 13 9
COSTS 14 6 11 15 10 14 6 16 7 5 12 14 11 18 4 8 7 10 14 13 4 8 13 9
COSTS 14 6 11 15 10 14 6 16 9 4 9 14 11 18 5 10 7 10 14 13 4 8 13 9
COSTS 14 6 11 15 10 15 7 15 7 5 9 14 11 18 5 10 7 10 16 14 4 8 13 9
COSTS 14 6 11 15 10 14 6 16 7 5 12 14 11 18 5 10 7 10 16 14 2 8 13 7
COSTS 14 6 11 15 10 14 6 16 7 5 12 14 14 18 4 8 7 10 14 13 4 8 13 9
COSTS 13 7 14 15 11 15 7 15 7 5 12 14 11 18 4 8 7 10 14 13 4 8 13 7
COSTS 14 6 11 15 10 15 7 15 7 5 12 14 11 18 4 8 7 10 14 13 4 8 13 9
END
STATE 3ec6f8281f3ce8b3c8674509af6ab017bc51ad05923ebaadde95fb24c815864b 6002 24 21
LABELS 1 0 0 0 0 0 0 0 0 0 0 0 0 0 0 0 0 0 0 0 0 0 0 0
MASSES 16 2 6 17 11 28 5 29 24 3 1 1 26 16 14 16 1 9 16 7 15 19 13 15
QUERY_IDS 0 1 4 5 6 9 11 13 14 15 19 23 27 28 30 33 34 35 36 39 40
RESPONSES 0 0 1 1 1 0 0 1 1 1 1 0 0 0 0 1 1 1 1 1 1
RESPONSES 0 1 1 1 1 1 1 1 1 1 1 0 0 0 0 1 1 1 1 0 0
RESPONSES 0 0 1 1 1 0 1 1 1 1 0 0 0 0 1 0 0 0 1 0 0
RESPONSES 0 0 1 1 1 0 1 1 1 1 1 0 0 0 0 0 0 1 1 0 0
RESPONSES 0 0 1 1 1 0 0 1 1 1 1 1 0 0 0 1 1 1 1 0 0
RESPONSES 0 1 1 1 1 1 1 1 1 1 1 1 0 0 1 1 1 1 1 0 0
RESPONSES 0 0 1 1 1 0 1 1 1 1 1 0 1 1 1 0 0 1 1 1 3
RESPONSES 0 0 1 1 1 0 1 1 1 1 1 0 0 0 0 1 1 1 1 2 0
RESPONSES 0 0 1 1 1 0 0 1 1 1 0 0 0 0 1 0 0 0 0 1 0
RESPONSES 1 1 1 1 1 0 1 1 1 1 1 0 0 0 0 1 1 1 1 0 0
RESPONSES 1 1 1 1 1 1 1 1 1 1 1 0 0 0 0 1 1 1 1 0 1
RESPONSES 1 1 1 1 1 0 1 1 1 1 1 0 0 0 0 1 1 1 1 0 0
RESPONSES 0 0 1 1 1 0 0 1 1 1 1 0 0 0 1 0 0 1 1 0 1
RESPONSES 1 1 1 1 1 0 0 1 1 1 1 0 0 0 0 1 1 1 1 0 0
RESPONSES 0 0 0 0 1 0 0 0 1 1 1 0 0 0 0 1 1 1 1 0 2
RESPONSES 1 1 1 1 1 0 1 1 1 1 1 0 0 0 0 0 0 1 1 0 0
RESPONSES 1 1 1 1 1 0 0 1 1 1 1 0 0 0 0 0 0 0 0 0 0
RESPONSES 0 1 1 1 1 0 1 1 1 1 1 0 1 1 1 1 1 1 1 1 0
RESPONSES 0 0 1 1 1 0 0 1 1 1 1 0 0 0 1 1 1 1 1 0 0
RESPONSES 1 1 1 1 1 1 1 1 1 1 1 0 0 1 1 1 1 1 1 0 0
RESPONSES 0 1 1 1 1 0 0 1 1 1 1 0 0 0 0 1 1 1 1 0 0
RESPONSES 1 1 1 1 1 0 0 1 1 1 1 0 1 1 1 1 1 1 1 1 0
RESPONSES 0 0 0 0 0 0 0 0 0 0 0 0 1 1 1 1 1 1 1 0 0
RESPONSES 0 1 1 1 1 0 0 1 1 1 1 0 0 0 0 0 0 1 1 1 0
COSTS 12 12 14 12 17 11 9 11 7 12 11 16 2 11 11 9 11 2 13 15 14
COSTS 12 13 14 12 17 12 8 11 7 12 11 16 2 11 11 9 11 2 13 13 15
COSTS 12 12 14 12 17 11 8 11 7 12 12 16 2 11 12 10 12 3 13 13 15
COSTS 12 12 14 12 17 11 8 11 7 12 11 16 2 11 11 10 12 2 13 13 15
COSTS 12 12 14 12 17 11 9 11 7 12 11 17 2 11 11 9 11 2 13 13 15
COSTS 12 13 14 12 17 12 8 11 7 12 11 17 2 11 12 9 11 2 13 13 15
COSTS 12 12 14 12 17 11 8 11 7 12 11 16 4 13 12 10 12 2 13 15 14
COSTS 12 12 14 12 17 11 8 11 7 12 11 16 2 11 11 9 11 2 13 14 15
COSTS 12 12 14 12 17 11 9 11 7 12 12 16 2 11 12 10 12 3 14 15 15
COSTS 14 13 14 12 17 11 8 11 7 12 11 16 2 11 11 9 11 2 13 13 15
COSTS 14 13 14 12 17 12 8 11 7 12 11 16 2 11 11 9 11 2 13 13 14
COSTS 14 13 14 12 17 11 8 11 7 12 11 16 2 11 11 9 11 2 13 13 15
COSTS 12 12 14 12 17 11 9 11 7 12 11 16 2 11 12 10 12 2 13 13 14
COSTS 14 13 14 12 17 11 9 11 7 12 11 16 2 11 11 9 11 2 13 13 15
COSTS 12 12 16 8 17 11 9 12 7 12 11 16 2 11 11 9 11 2 13 13 14
COSTS 14 13 14 12 17 11 8 11 7 12 11 16 2 11 11 10 12 2 13 13 15
COSTS 14 13 14 12 17 11 9 11 7 12 11 16 2 11 11 10 12 3 14 13 15
COSTS 12 13 14 12 17 11 8 11 7 12 11 16 4 13 12 9 11 2 13 15 15
COSTS 12 12 14 12 17 11 9 11 7 12 11 16 2 11 12 9 11 2 13 13 15
COSTS 14 13 14 12 17 12 8 11 7 12 11 16 2 13 12 9 11 2 13 13 15
COSTS 12 13 14 12 17 11 9 11 7 12 11 16 2 11 11 9 11 2 13 13 15
COSTS 14 13 14 12 17 11 9 11 7 12 11 16 4 13 12 9 11 2 13 15 15
COSTS 12 12 16 8 17 11 9 12 7 10 12 16 4 13 12 9 11 2 13 13 15
COSTS 12 13 14 12 17 11 9 11 7 12 11 16 2 11 11 10 12 2 13 15 15
END
STATE 3f231a64529c7de937afaeff123aee6c032efae5b0f46fc89f8de2f27d2235f4 6001 24 21
LABELS 2 1 3 0 0 0 0 0 0 0 0 0 0 0 0 0 2 0 1 1 0 0 1 0
MASSES 1 14 26 17 1 10 1 2 2 27 21 19 23 16 29 4 15 29 7 19 19 9 6 25
QUERY_IDS 0 2 3 4 5 6 8 11 13 20 25 27 28 29 34 35 36 37 38 39 41
RESPONSES 0 0 0 0 0 0 3 1 1 1 1 1 1 1 0 0 1 1 1 1 0
RESPONSES 0 1 1 1 1 1 0 1 1 0 0 1 1 1 0 0 1 1 1 1 1
RESPONSES 0 1 1 1 1 1 3 1 1 0 0 0 0 0 0 1 1 1 1 1 1
RESPONSES 0 1 1 1 1 1 3 1 1 0 0 0 0 0 1 1 1 1 1 0 0
RESPONSES 0 0 1 1 1 1 1 0 1 0 0 0 0 0 0 0 1 1 1 0 0
RESPONSES 0 0 0 0 0 1 2 0 0 0 0 1 1 1 1 1 1 1 1 0 1
RESPONSES 1 1 1 1 1 1 3 1 1 0 0 1 1 1 0 1 1 1 1 1 0
RESPONSES 0 1 1 1 1 1 2 0 0 1 0 0 0 1 1 1 1 1 1 0 0
RESPONSES 1 1 1 1 1 1 2 0 1 1 0 0 0 0 0 0 0 0 0 2 0
RESPONSES 0 0 0 0 0 1 2 0 1 1 0 0 0 0 1 1 1 1 1 0 0
RESPONSES 0 1 1 1 1 1 1 1 1 0 0 0 0 0 1 1 1 1 1 0 0
RESPONSES 0 1 1 1 1 1 2 0 1 0 0 1 1 1 1 1 1 1 1 0 0
RESPONSES 0 0 1 1 1 1 1 0 1 0 0 0 0 1 1 1 1 1 1 0 0
RESPONSES 0 1 1 1 1 1 3 0 0 0 0 0 0 0 1 1 1 1 1 0 0
RESPONSES 0 1 1 1 1 1 1 0 1 1 0 0 0 0 1 1 1 1 1 1 0
RESPONSES 0 0 0 0 0 1 3 0 0 0 0 0 0 1 0 0 1 1 1 1 0
RESPONSES 0 1 1 1 1 1 3 0 1 0 0 1 1 1 0 0 1 1 1 1 1
RESPONSES 0 0 0 1 1 1 2 1 1 1 0 0 0 1 0 1 1 1 1 1 1
RESPONSES 1 1 1 1 1 1 3 0 1 0 0 0 0 1 1 1 1 1 1 0 1
RESPONSES 0 0 0 1 1 1 3 0 0 1 0 1 1 1 1 1 1 1 1 1 1
RESPONSES 1 1 1 1 1 1 2 1 1 0 0 0 0 0 1 1 1 1 1 0 0
RESPONSES 1 1 1 1 1 1 1 0 1 0 0 0 0 0 1 1 1 1 1 0 0
RESPONSES 0 1 1 1 1 1 1 1 1 1 0 0 0 0 0 0 1 1 1 2 1
RESPONSES 0 0 0 1 1 1 2 1 1 0 0 0 0 0 1 1 1 1 1 0 0
COSTS 15 15 16 16 8 8 16 16 11 14 15 17 3 12 17 12 5 6 4 11 7
COSTS 15 14 17 16 7 10 12 16 11 10 15 17 3 12 17 12 5 6 4 11 10
COSTS 15 14 17 16 7 10 16 16 11 10 15 15 5 12 17 13 5 6 4 11 10
COSTS 15 14 17 16 7 10 16 16 11 10 15 15 5 12 18 13 5 6 4 14 7
COSTS 15 15 17 16 7 10 14 18 11 10 15 15 5 12 17 12 5 6 4 14 7
COSTS 15 15 16 16 8 10 14 18 11 10 15 17 3 12 18 13 5 6 4 14 10
COSTS 14 14 17 16 7 10 16 16 11 10 15 17 3 12 17 13 5 6 4 11 7
COSTS 15 14 17 16 7 10 14 18 11 14 15 15 5 12 18 13 5 6 4 14 7
COSTS 14 14 17 16 7 10 14 18 11 14 15 15 5 12 17 12 6 4 2 13 7
COSTS 15 15 16 16 8 10 14 18 11 14 15 15 5 12 18 13 5 6 4 14 7
COSTS 15 14 17 16 7 10 14 16 11 10 15 15 5 12 18 13 5 6 4 14 7
COSTS 15 14 17 16 7 10 14 18 11 10 15 17 3 12 18 13 5 6 4 14 7
COSTS 15 15 17 16 7 10 14 18 11 10 15 15 5 12 18 13 5 6 4 14 7
COSTS 15 14 17 16 7 10 16 18 11 10 15 15 5 12 18 13 5 6 4 14 7
COSTS 15 14 17 16 7 10 14 18 11 14 15 15 5 12 18 13 5 6 4 11 7
COSTS 15 15 16 16 8 10 16 18 11 10 15 15 5 12 17 12 5 6 4 11 7
COSTS 15 14 17 16 7 10 16 18 11 10 15 17 3 12 17 12 5 6 4 11 10
COSTS 15 15 16 16 7 10 14 16 11 14 15 15 5 12 17 13 5 6 4 11 10
COSTS 14 14 17 16 7 10 16 18 11 10 15 15 5 12 18 13 5 6 4 14 10
COSTS 15 15 16 16 7 10 16 18 11 14 15 17 3 12 18 13 5 6 4 11 10
COSTS 14 14 17 16 7 10 14 16 11 10 15 15 5 12 18 13 5 6 4 14 7
COSTS 14 14 17 16 7 10 14 18 11 10 15 15 5 12 18 13 5 6 4 14 7
COSTS 15 14 17 16 7 10 14 16 11 14 15 15 5 12 17 12 5 6 4 13 10
COSTS 15 15 16 16 7 10 14 16 11 10 15 15 5 12 18 13 5 6 4 14 7
END
STATE 3faef916fe02f9900cfc60ca9dea867b3b7e66feb228baf35b332eac23e3e995 6003 24 32
LABELS 5 5 0 1 5 2 5 2 5 3 3 5 2 1 4 5 2 1 2 1 0 1 5 5
MASSES 9 21 27 15 29 3 21 9 12 21 28 27 19 6 14 23 20 1 25 13 13 9 26 6
QUERY_IDS 0 1 2 3 4 23 24 25 26 28 30 31 32 33 40 41 44 45 46 47 49 50 52 53 54 55 56 69 70 74 75 76
RESPONSES 0 0 0 0 0 0 0 0 0 1 0 0 0 0 0 0 0 0 0 0 0 0 0 0 0 0 0 1 1 1 1 1
RESPONSES 1 0 0 0 0 0 0 0 0 0 0 0 0 0 1 1 1 1 1 1 1 1 1 1 1 1 1 0 0 0 0 0
RESPONSES 1 0 0 0 0 0 0 0 0 0 0 0 0 0 0 0 1 1 1 1 1 1 1 1 1 1 1 1 1 0 0 0
RESPONSES 0 0 0 0 0 0 0 0 0 1 0 0 0 0 0 0 0 0 0 0 1 1 1 1 1 1 1 1 1 1 1 1
RESPONSES 0 0 0 0 0 0 0 0 0 0 0 0 0 0 0 0 0 0 1 1 1 1 1 1 1 1 1 1 1 0 0 0
RESPONSES 1 0 0 0 0 0 0 0 0 0 0 0 0 0 0 0 1 1 1 1 1 1 1 1 1 1 1 1 1 0 0 0
RESPONSES 0 0 0 0 0 0 0 0 0 1 0 0 0 0 0 0 0 0 0 0 0 0 0 0 0 0 0 1 1 1 1 1
RESPONSES 0 0 0 0 0 0 0 0 0 0 0 0 0 0 0 0 1 1 1 1 1 1 1 1 1 1 1 1 1 0 0 0
RESPONSES 1 1 1 1 1 0 0 0 0 0 0 0 0 1 0 0 0 0 0 0 0 0 0 0 0 0 0 1 1 1 1 1
RESPONSES 1 0 0 0 0 0 0 0 0 1 1 1 1 1 0 0 0 0 0 0 1 1 0 0 1 1 1 1 1 0 0 0
RESPONSES 0 0 0 0 1 0 0 0 0 0 0 0 0 1 1 1 0 0 0 0 1 1 1 1 1 1 1 0 0 0 0 0
RESPONSES 1 1 1 1 1 0 0 0 0 0 0 0 0 0 0 0 0 0 0 0 1 1 0 0 0 0 0 1 1 1 1 1
RESPONSES 0 0 0 0 0 0 0 0 0 0 0 0 0 0 0 0 1 1 1 1 1 1 1 1 1 1 1 1 1 0 0 0
RESPONSES 0 0 0 0 1 0 0 0 0 0 0 0 0 0 1 1 0 0 0 1 1 1 1 1 1 1 1 1 1 0 0 0
RESPONSES 1 0 0 0 0 1 1 1 1 1 0 0 0 0 0 0 0 0 0 1 1 1 0 0 0 0 0 1 1 0 0 0
RESPONSES 1 0 0 0 0 0 0 0 0 0 0 0 0 0 0 0 0 0 0 0 1 1 0 0 1 1 1 1 1 0 0 0
RESPONSES 0 0 0 0 0 0 0 0 0 0 0 0 0 0 0 0 1 1 1 1 1 1 1 1 1 1 1 1 1 0 0 0
RESPONSES 0 0 0 0 0 0 0 0 0 1 0 0 0 0 0 0 0 0 0 0 0 0 1 1 1 1 1 1 1 1 1 1
RESPONSES 1 0 0 0 0 0 0 0 0 0 0 0 0 0 0 0 1 1 1 1 1 1 1 1 1 1 1 1 1 0 0 0
RESPONSES 0 0 0 0 1 0 0 0 0 0 0 0 0 0 1 1 0 0 0 0 1 1 1 1 1 1 1 1 1 0 0 0
RESPONSES 1 0 0 0 0 0 0 0 0 0 0 0 0 0 0 0 1 1 1 1 1 1 1 1 1 1 1 1 1 0 0 0
RESPONSES 0 0 0 0 1 0 0 0 0 0 0 0 0 0 1 1 0 0 0 0 1 1 1 1 1 1 1 1 1 0 0 0
RESPONSES 0 0 0 0 0 0 0 0 0 1 0 0 0 0 0 0 0 0 0 0 0 0 0 0 0 0 0 1 1 1 1 1
RESPONSES 1 0 0 0 0 0 0 0 0 0 0 0 0 0 1 1 1 1 1 1 1 1 1 1 1 1 1 0 0 0 0 0
COSTS 12 12 11 13 15 6 4 10 2 3 6 13 12 14 12 14 14 15 10 4 6 17 6 15 8 9 4 13 3 15 1 15
COSTS 13 12 11 13 15 6 4 10 2 3 6 13 12 14 11 17 16 13 9 4 9 17 5 15 10 9 7 12 2 13 4 15
COSTS 13 12 11 13 15 6 4 10 2 3 6 13 12 14 12 14 16 13 9 4 9 17 5 15 10 9 7 13 3 13 4 15
COSTS 12 12 11 13 15 6 4 10 2 3 6 13 12 14 12 14 14 15 10 4 9 17 5 15 10 9 7 13 3 15 1 15
COSTS 12 12 11 13 15 6 4 10 2 3 6 13 12 14 12 14 14 15 9 4 9 17 5 15 10 9 7 13 3 13 4 15
COSTS 13 12 11 13 15 6 4 10 2 3 6 13 12 14 12 14 16 13 9 4 9 17 5 15 10 9 7 13 3 13 4 15
COSTS 12 12 11 13 15 6 4 10 2 3 6 13 12 14 12 14 14 15 10 4 6 17 6 15 8 9 4 13 3 15 1 15
COSTS 12 12 11 13 15 6 4 10 2 3 6 13 12 14 12 14 16 13 9 4 9 17 5 15 10 9 7 13 3 13 4 15
COSTS 13 9 11 16 13 6 4 10 2 3 6 13 12 11 12 14 14 15 10 4 6 17 6 15 8 9 4 13 3 15 1 15
COSTS 13 12 11 13 15 6 4 10 2 3 8 13 16 11 12 14 14 15 10 4 9 17 6 15 10 9 7 13 3 13 4 15
COSTS 12 12 11 13 13 6 4 10 2 3 6 13 12 11 11 17 14 15 10 4 9 17 5 15 10 9 7 12 2 13 4 15
COSTS 13 9 11 16 13 6 4 10 2 3 6 13 12 14 12 14 14 15 10 4 9 17 6 15 8 9 4 13 3 15 1 15
COSTS 12 12 11 13 15 6 4 10 2 3 6 13 12 14 12 14 16 13 9 4 9 17 5 15 10 9 7 13 3 13 4 15
COSTS 12 12 11 13 13 6 4 10 2 3 6 13 12 14 11 17 14 15 10 4 9 17 5 15 10 9 7 13 3 13 4 15
COSTS 13 12 11 13 15 3 5 12 6 3 6 13 12 14 12 14 14 15 10 4 9 17 6 15 8 9 4 13 3 13 4 15
COSTS 13 12 11 13 15 6 4 10 2 3 6 13 12 14 12 14 14 15 10 4 9 17 6 15 10 9 7 13 3 13 4 15
COSTS 12 12 11 13 15 6 4 10 2 3 6 13 12 14 12 14 16 13 9 4 9 17 5 15 10 9 7 13 3 13 4 15
COSTS 12 12 11 13 15 6 4 10 2 3 6 13 12 14 12 14 14 15 10 4 6 17 5 15 10 9 7 13 3 15 1 15
COSTS 13 12 11 13 15 6 4 10 2 3 6 13 12 14 12 14 16 13 9 4 9 17 5 15 10 9 7 13 3 13 4 15
COSTS 12 12 11 13 13 6 4 10 2 3 6 13 12 14 11 17 14 15 10 4 9 17 5 15 10 9 7 13 3 13 4 15
COSTS 13 12 11 13 15 6 4 10 2 3 6 13 12 14 12 14 16 13 9 4 9 17 5 15 10 9 7 13 3 13 4 15
COSTS 12 12 11 13 13 6 4 10 2 3 6 13 12 14 11 17 14 15 10 4 9 17 5 15 10 9 7 13 3 13 4 15
COSTS 12 12 11 13 15 6 4 10 2 3 6 13 12 14 12 14 14 15 10 4 6 17 6 15 8 9 4 13 3 15 1 15
COSTS 13 12 11 13 15 6 4 10 2 3 6 13 12 14 11 17 16 13 9 4 9 17 5 15 10 9 7 12 2 13 4 15
END
STATE 4017cd5920033c97c5ce3d83fd15e20658909e553d36f43642c90688380420d6 6002 24 21
LABELS 2 1 3 0 0 0 0 0 0 0 0 0 0 0 0 0 2 0 1 1 0 0 1 0
MASSES 18 1 4 5 15 10 28 29 7 12 2 1 4 1 20 13 8 28 11 14 26 15 5 19
QUERY_IDS 2 4 5 6 8 9 12 13 21 22 24 25 27 28 29 30 32 34 36 37 38
RESPONSES 0 0 0 0 3 0 1 1 1 1 0 1 1 1 1 1 0 0 1 1 1
RESPONSES 1 1 1 1 0 1 1 1 1 1 0 0 1 1 1 1 0 0 1 1 1
RESPONSES 1 1 1 1 3 0 1 1 1 1 1 0 0 0 0 1 0 0 1 1 1
RESPONSES 1 1 1 1 3 0 1 1 1 1 1 0 0 0 0 0 0 1 1 1 1
RESPONSES 0 1 1 1 1 0 0 1 0 0 0 0 0 0 0 1 0 0 1 1 1
RESPONSES 0 0 0 1 2 0 0 0 0 0 0 0 1 1 1 1 0 1 1 1 1
RESPONSES 1 1 1 1 3 1 1 1 1 1 1 0 1 1 1 1 0 0 1 1 1
RESPONSES 1 1 1 1 2 0 0 0 1 1 1 0 0 0 1 1 0 1 1 1 1
RESPONSES 1 1 1 1 2 0 1 1 1 1 0 0 0 0 0 0 0 0 0 0 0
RESPONSES 0 0 0 1 2 0 0 1 1 1 1 0 0 0 0 0 0 1 1 1 1
RESPONSES 1 1 1 1 1 0 1 1 0 0 0 0 0 0 0 0 0 1 1 1 1
RESPONSES 1 1 1 1 2 0 1 1 1 1 0 0 1 1 1 1 0 1 1 1 1
RESPONSES 0 1 1 1 1 0 1 1 1 1 0 0 0 0 1 1 0 1 1 1 1
RESPONSES 1 1 1 1 3 0 0 0 1 1 1 0 0 0 0 0 1 1 1 1 1
RESPONSES 1 1 1 1 1 0 1 1 1 1 1 0 0 0 0 0 0 1 1 1 1
RESPONSES 0 0 0 1 3 0 0 0 0 0 1 0 0 0 1 1 0 0 1 1 1
RESPONSES 1 1 1 1 3 0 1 1 0 0 0 0 1 1 1 1 1 0 1 1 1
RESPONSES 0 1 1 1 2 1 1 1 1 1 1 0 0 0 1 1 1 0 1 1 1
RESPONSES 1 1 1 1 3 0 1 1 0 1 1 0 0 0 1 1 1 1 1 1 1
RESPONSES 0 1 1 1 3 0 0 0 1 1 0 0 1 1 1 1 1 1 1 1 1
RESPONSES 1 1 1 1 2 0 1 1 1 1 1 0 0 0 0 0 1 1 1 1 1
RESPONSES 1 1 1 1 1 0 1 1 0 0 0 0 0 0 0 1 0 1 1 1 1
RESPONSES 1 1 1 1 1 1 1 1 1 1 0 0 0 0 0 0 0 0 1 1 1
RESPONSES 0 1 1 1 2 0 1 1 0 0 0 0 0 0 0 0 0 1 1 1 1
COSTS 12 16 8 17 4 11 11 11 17 7 7 4 4 13 3 12 12 12 13 12 13
COSTS 8 14 12 17 8 12 11 11 17 7 7 6 4 13 3 12 12 12 13 12 13
COSTS 8 14 12 17 4 11 11 11 17 7 6 6 2 11 3 12 12 12 13 12 13
COSTS 8 14 12 17 4 11 11 11 17 7 6 6 2 11 3 11 12 11 13 12 13
COSTS 12 14 12 17 7 11 11 11 15 10 7 6 2 11 3 12 12 12 13 12 13
COSTS 12 16 8 17 8 11 11 12 15 10 7 6 4 13 3 12 12 11 13 12 13
COSTS 8 14 12 17 4 12 11 11 17 7 6 6 4 13 3 12 12 12 13 12 13
COSTS 8 14 12 17 8 11 11 12 17 7 6 6 2 11 3 12 12 11 13 12 13
COSTS 8 14 12 17 8 11 11 11 17 7 7 6 2 11 3 11 12 12 14 14 13
COSTS 12 16 8 17 8 11 11 11 17 7 6 6 2 11 3 11 12 11 13 12 13
COSTS 8 14 12 17 7 11 11 11 15 10 7 6 2 11 3 11 12 11 13 12 13
COSTS 8 14 12 17 8 11 11 11 17 7 7 6 4 13 3 12 12 11 13 12 13
COSTS 12 14 12 17 7 11 11 11 17 7 7 6 2 11 3 12 12 11 13 12 13
COSTS 8 14 12 17 4 11 11 12 17 7 6 6 2 11 3 11 14 11 13 12 13
COSTS 8 14 12 17 7 11 11 11 17 7 6 6 2 11 3 11 12 11 13 12 13
COSTS 12 16 8 17 4 11 11 12 15 10 6 6 2 11 3 12 12 12 13 12 13
COSTS 8 14 12 17 4 11 11 11 15 10 7 6 4 13 3 12 14 12 13 12 13
COSTS 12 14 12 17 8 12 11 11 17 7 6 6 2 11 3 12 14 12 13 12 13
COSTS 8 14 12 17 4 11 11 11 15 7 6 6 2 11 3 12 14 11 13 12 13
COSTS 12 14 12 17 4 11 11 12 17 7 7 6 4 13 3 12 14 11 13 12 13
COSTS 8 14 12 17 8 11 11 11 17 7 6 6 2 11 3 11 14 11 13 12 13
COSTS 8 14 12 17 7 11 11 11 15 10 7 6 2 11 3 12 12 11 13 12 13
COSTS 8 14 12 17 7 12 11 11 17 7 7 6 2 11 3 11 12 12 13 12 13
COSTS 12 14 12 17 8 11 11 11 15 10 7 6 2 11 3 11 12 11 13 12 13
END
STATE 40e197c282d93a9c9695788fa27aca4c81c9a5952e30bf46a1a1c373efd41f12 6001 24 21
LABELS 2 0 0 1 0 1 0 0 2 0 0 3 0 0 0 0 1 0 0 0 0 0 0 0
MASSES 1 20 28 27 3 6 22 31 29 7 29 30 25 27 7 29 31 25 17 25 19 13 26 29
QUERY_IDS 1 5 6 7 11 12 13 17 19 20 22 24 25 26 27 30 31 36 37 38 41
RESPONSES 0 0 0 1 1 1 1 0 1 1 1 0 1 1 1 1 1 1 1 1 0
RESPONSES 0 0 0 0 1 1 1 1 1 1 1 1 1 1 1 1 1 0 1 1 0
RESPONSES 1 1 1 1 1 1 1 0 1 1 1 0 0 0 0 0 0 1 1 1 1
RESPONSES 1 1 1 1 1 1 1 1 1 1 1 1 0 0 0 1 1 1 1 1 1
RESPONSES 0 0 0 1 1 1 1 0 0 0 1 1 0 0 0 1 1 1 1 1 0
RESPONSES 0 1 1 0 0 1 1 0 0 0 0 1 0 0 0 0 1 1 1 1 0
RESPONSES 1 1 1 0 1 1 1 1 1 1 1 0 0 0 0 0 0 1 1 1 0
RESPONSES 1 1 1 1 1 1 1 1 1 1 1 1 0 0 0 1 1 0 0 0 0
RESPONSES 0 1 1 1 0 1 1 0 0 0 1 1 1 1 1 1 1 0 1 1 1
RESPONSES 1 1 1 1 0 1 1 0 1 1 1 0 0 0 0 0 0 1 1 1 0
RESPONSES 1 1 1 1 1 1 1 1 1 1 1 0 0 0 0 0 0 1 1 1 0
RESPONSES 1 1 1 1 1 1 1 1 1 1 1 1 1 1 1 1 1 0 0 1 1
RESPONSES 0 1 1 0 1 1 1 0 1 1 1 0 0 0 0 1 1 0 1 1 0
RESPONSES 1 1 1 1 1 1 1 1 1 1 1 0 0 0 0 0 1 1 1 1 0
RESPONSES 0 1 1 1 1 1 1 1 1 1 1 1 0 0 0 1 1 0 0 1 1
RESPONSES 0 1 1 1 1 1 1 0 1 1 1 1 0 0 0 1 1 1 1 1 1
RESPONSES 0 1 1 1 0 0 0 0 0 0 1 0 0 0 0 0 1 0 1 1 1
RESPONSES 1 1 1 1 1 1 1 1 1 1 1 0 0 0 0 1 1 1 1 1 1
RESPONSES 1 1 1 1 1 1 1 0 1 1 1 0 0 0 0 1 1 1 1 1 0
RESPONSES 0 1 1 0 1 1 1 0 0 0 0 0 0 0 0 0 1 1 1 1 0
RESPONSES 0 1 1 1 1 1 1 0 0 0 1 1 0 0 0 1 1 1 1 1 1
RESPONSES 0 1 1 1 0 0 0 0 1 1 1 0 0 0 0 1 1 1 1 1 0
RESPONSES 1 1 1 0 0 0 0 0 1 1 1 1 0 0 0 1 1 1 1 1 0
RESPONSES 1 1 1 0 0 1 1 0 1 1 1 1 0 0 0 0 0 1 1 1 0
COSTS 3 8 8 11 16 6 11 8 9 14 10 6 15 4 17 12 5 5 6 4 7
COSTS 3 8 8 11 16 6 11 6 9 14 10 8 15 4 17 12 5 6 6 4 7
COSTS 2 7 10 11 16 6 11 8 9 14 10 6 15 8 15 10 6 5 6 4 10
COSTS 2 7 10 11 16 6 11 6 9 14 10 8 15 8 15 12 5 5 6 4 10
COSTS 3 8 8 11 16 6 11 8 8 10 10 8 15 8 15 12 5 5 6 4 7
COSTS 3 7 10 11 18 6 11 8 8 10 13 8 15 8 15 10 5 5 6 4 7
COSTS 2 7 10 11 16 6 11 6 9 14 10 6 15 8 15 10 6 5 6 4 7
COSTS 2 7 10 11 16 6 11 6 9 14 10 8 15 8 15 12 5 6 4 2 7
COSTS 3 7 10 11 18 6 11 8 8 10 10 8 15 4 17 12 5 6 6 4 10
COSTS 2 7 10 11 18 6 11 8 9 14 10 6 15 8 15 10 6 5 6 4 7
COSTS 2 7 10 11 16 6 11 6 9 14 10 6 15 8 15 10 6 5 6 4 7
COSTS 2 7 10 11 16 6 11 6 9 14 10 8 15 4 17 12 5 6 4 4 10
COSTS 3 7 10 11 16 6 11 8 9 14 10 6 15 8 15 12 5 6 6 4 7
COSTS 2 7 10 11 16 6 11 6 9 14 10 6 15 8 15 10 5 5 6 4 7
COSTS 3 7 10 11 16 6 11 6 9 14 10 8 15 8 15 12 5 6 4 4 10
COSTS 3 7 10 11 16 6 11 8 9 14 10 8 15 8 15 12 5 5 6 4 10
COSTS 3 7 10 11 18 4 11 8 8 10 10 6 15 8 15 10 5 6 6 4 10
COSTS 2 7 10 11 16 6 11 6 9 14 10 6 15 8 15 12 5 5 6 4 10
COSTS 2 7 10 11 16 6 11 8 9 14 10 6 15 8 15 12 5 5 6 4 7
COSTS 3 7 10 11 16 6 11 8 8 10 13 6 15 8 15 10 5 5 6 4 7
COSTS 3 7 10 11 16 6 11 8 8 10 10 8 15 8 15 12 5 5 6 4 10
COSTS 3 7 10 11 18 4 11 8 9 14 10 6 15 8 15 12 5 5 6 4 7
COSTS 2 7 10 11 18 4 11 8 9 14 10 8 15 8 15 12 5 5 6 4 7
COSTS 2 7 10 11 18 6 11 8 9 14 10 8 15 8 15 10 6 5 6 4 7
END
STATE 4773e7ab73f66f58e743deb99daa653c5c911dca0c4d22ee7ab9227890cfaa41 6003 24 36
LABELS 0 0 0 0 0 0 0 0 0 0 0 0 0 0 0 0 0 0 0 0 0 0 0 0
MASSES 5 27 13 2 5 13 16 4 30 1 27 18 27 14 18 10 19 20 18 17 10 7 10 6
QUERY_IDS 1 2 3 4 5 6 7 10 11 18 19 22 24 25 26 27 28 29 32 33 34 35 36 44 47 48 49 50 51 52 53 54 55 56 57 60
RESPONSES 1 1 1 1 1 1 1 0 0 0 0 0 0 0 0 0 0 0 0 0 0 0 0 0 0 0 0 0 0 0 0 0 0 0 0 1
RESPONSES 1 1 1 1 1 1 1 0 0 0 0 0 0 0 0 0 0 0 0 0 0 0 0 0 0 0 0 0 0 0 0 0 0 0 0 1
RESPONSES 1 1 1 1 1 1 1 0 0 0 0 0 0 0 0 0 0 0 0 0 0 0 0 0 0 0 0 0 0 0 0 0 0 0 0 1
RESPONSES 1 1 1 1 1 1 1 1 0 0 0 0 0 0 0 0 0 0 0 0 0 0 0 0 0 0 0 0 0 0 0 0 0 0 0 1
RESPONSES 1 1 1 1 1 1 1 0 0 0 0 0 0 0 0 0 0 0 0 0 0 0 0 0 0 0 0 0 0 0 0 0 0 0 0 1
RESPONSES 1 1 1 1 1 1 1 0 0 0 0 0 0 0 0 0 0 0 0 0 0 0 0 0 0 0 0 0 0 0 0 0 0 0 0 1
RESPONSES 0 0 0 1 1 1 1 0 0 0 0 0 0 0 0 0 0 1 0 0 1 1 0 0 0 0 0 0 0 0 0 0 0 0 0 1
RESPONSES 0 0 0 1 1 1 1 0 0 0 0 0 0 0 0 0 0 0 0 0 0 0 0 0 0 0 0 0 0 0 0 0 0 0 0 1
RESPONSES 0 0 0 1 1 1 1 0 0 0 0 0 0 0 0 0 0 0 0 0 0 0 0 0 0 0 0 0 0 0 0 0 0 0 0 1
RESPONSES 0 0 0 0 0 1 2 0 0 0 0 1 1 1 1 1 1 1 1 1 1 1 1 1 0 1 1 1 1 1 1 1 1 1 1 0
RESPONSES 0 0 0 0 0 0 1 0 0 0 0 1 0 0 1 1 1 1 1 1 1 1 1 1 0 0 0 1 1 0 0 0 0 0 1 1
RESPONSES 0 1 1 1 1 1 1 0 0 0 0 0 0 0 0 0 0 0 0 0 0 0 0 0 0 0 0 0 0 0 0 0 0 0 0 1
RESPONSES 0 1 1 1 1 1 1 0 0 0 0 0 0 0 0 0 0 0 0 0 0 0 0 0 0 0 0 0 0 0 0 0 0 0 0 1
RESPONSES 0 0 0 0 0 1 2 0 0 0 1 1 0 0 1 1 1 1 1 1 1 1 0 1 1 1 1 1 1 0 1 1 1 1 1 0
RESPONSES 0 0 0 0 1 1 1 0 1 0 0 0 0 0 0 0 0 0 0 0 0 0 0 0 0 0 0 0 0 0 0 0 0 0 0 1
RESPONSES 1 1 1 1 1 1 1 0 0 0 0 0 0 0 0 0 0 0 0 0 0 0 0 0 0 0 0 0 0 0 0 0 0 0 0 1
RESPONSES 0 1 1 1 1 1 1 0 0 0 0 0 0 0 0 0 0 0 0 0 0 0 0 0 0 0 0 0 0 0 0 0 0 0 0 1
RESPONSES 1 1 1 1 1 1 1 0 0 0 1 0 0 0 0 0 0 0 0 0 0 0 0 0 0 0 0 0 0 0 0 0 0 0 0 1
RESPONSES 0 0 0 1 1 1 0 0 0 0 0 0 0 0 0 0 0 0 0 0 0 0 0 0 0 0 0 0 0 0 0 0 0 0 0 1
RESPONSES 0 0 0 0 0 1 2 0 0 0 1 0 0 0 0 0 0 0 0 0 0 0 0 0 0 0 0 0 0 0 0 0 0 0 0 1
RESPONSES 0 0 0 0 1 1 1 0 0 0 0 0 0 0 0 0 0 0 0 0 0 0 0 0 0 0 0 0 0 0 0 0 0 0 0 1
RESPONSES 0 1 1 1 1 1 1 0 0 1 1 0 0 0 0 0 0 0 0 0 0 0 0 0 0 0 0 0 0 0 0 0 0 0 0 1
RESPONSES 1 1 1 1 1 1 1 0 0 0 0 0 0 0 0 0 0 1 0 0 1 1 0 0 0 0 0 0 0 0 0 0 0 0 0 1
RESPONSES 1 1 1 1 1 1 1 1 0 0 0 0 0 0 0 0 0 0 0 0 0 0 0 0 0 0 0 0 0 0 0 0 0 0 0 1
COSTS 18 5 12 12 16 7 11 13 3 3 6 4 7 6 15 15 18 9 2 13 1 13 5 12 9 13 12 9 7 18 13 4 5 8 19 17
COSTS 18 5 12 12 16 7 11 13 3 3 6 4 7 6 15 15 18 9 2 13 1 13 5 12 9 13 12 9 7 18 13 4 5 8 19 17
COSTS 18 5 12 12 16 7 11 13 3 3 6 4 7 6 15 15 18 9 2 13 1 13 5 12 9 13 12 9 7 18 13 4 5 8 19 17
COSTS 18 5 12 12 16 7 11 13 3 3 6 4 7 6 15 15 18 9 2 13 1 13 5 12 9 13 12 9 7 18 13 4 5 8 19 17
COSTS 18 5 12 12 16 7 11 13 3 3 6 4 7 6 15 15 18 9 2 13 1 13 5 12 9 13 12 9 7 18 13 4 5 8 19 17
COSTS 18 5 12 12 16 7 11 13 3 3 6 4 7 6 15 15 18 9 2 13 1 13 5 12 9 13 12 9 7 18 13 4 5 8 19 17
COSTS 16 2 14 12 16 7 11 13 3 3 6 4 7 6 15 15 18 9 2 13 5 15 5 12 9 13 12 9 7 18 13 4 5 8 19 17
COSTS 16 2 14 12 16 7 11 13 3 3 6 4 7 6 15 15 18 9 2 13 1 13 5 12 9 13 12 9 7 18 13 4 5 8 19 17
COSTS 16 2 14 12 16 7 11 13 3 3 6 4 7 6 15 15 18 9 2 13 1 13 5 12 9 13 12 9 7 18 13 4 5 8 19 17
COSTS 16 2 14 16 14 7 11 13 3 3 6 3 4 8 17 13 17 9 4 10 5 15 8 12 9 10 15 9 6 15 15 4 9 8 15 14
COSTS 16 2 14 16 14 6 11 13 3 3 6 3 7 6 17 13 17 9 4 10 5 15 8 12 9 13 12 9 6 18 13 4 5 8 15 17
COSTS 16 5 12 12 16 7 11 13 3 3 6 4 7 6 15 15 18 9 2 13 1 13 5 12 9 13 12 9 7 18 13 4 5 8 19 17
COSTS 16 5 12 12 16 7 11 13 3 3 6 4 7 6 15 15 18 9 2 13 1 13 5 12 9 13 12 9 7 18 13 4 5 8 19 17
COSTS 16 2 14 16 14 7 11 13 3 3 10 3 7 6 17 13 17 9 4 10 5 15 5 12 9 10 15 9 6 18 15 4 9 8 15 14
COSTS 16 2 14 16 16 7 11 13 6 3 6 4 7 6 15 15 18 9 2 13 1 13 5 12 9 13 12 9 7 18 13 4 5 8 19 17
COSTS 18 5 12 12 16 7 11 13 3 3 6 4 7 6 15 15 18 9 2 13 1 13 5 12 9 13 12 9 7 18 13 4 5 8 19 17
COSTS 16 5 12 12 16 7 11 13 3 3 6 4 7 6 15 15 18 9 2 13 1 13 5 12 9 13 12 9 7 18 13 4 5 8 19 17
COSTS 18 5 12 12 16 7 11 13 3 3 10 4 7 6 15 15 18 9 2 13 1 13 5 12 9 13 12 9 7 18 13 4 5 8 19 17
COSTS 16 2 14 12 16 7 10 13 3 3 6 4 7 6 15 15 18 9 2 13 1 13 5 12 9 13 12 9 7 18 13 4 5 8 19 17
COSTS 16 2 14 16 14 7 11 13 3 3 10 4 7 6 15 15 18 9 2 13 1 13 5 12 9 13 12 9 7 18 13 4 5 8 19 17
COSTS 16 2 14 16 16 7 11 13 3 3 6 4 7 6 15 15 18 9 2 13 1 13 5 12 9 13 12 9 7 18 13 4 5 8 19 17
COSTS 16 5 12 12 16 7 11 13 3 5 10 4 7 6 15 15 18 9 2 13 1 13 5 12 9 13 12 9 7 18 13 4 5 8 19 17
COSTS 18 5 12 12 16 7 11 13 3 3 6 4 7 6 15 15 18 9 2 13 5 15 5 12 9 13 12 9 7 18 13 4 5 8 19 17
COSTS 18 5 12 12 16 7 11 13 3 3 6 4 7 6 15 15 18 9 2 13 1 13 5 12 9 13 12 9 7 18 13 4 5 8 19 17
END
STATE 4963fddebc94efc43cd7ca4a7e20c4cfdc5167ec61353c235290453e49f22245 6001 24 27
LABELS 0 0 0 0 0 0 1 0 0 0 0 0 0 0 0 0 0 0 0 0 0 0 0 0
MASSES 2 10 11 22 12 18 8 27 15 22 11 16 21 7 23 30 14 3 21 11 1 27 27 25
QUERY_IDS 0 1 2 7 8 9 11 12 13 15 16 17 19 20 21 22 23 24 25 26 27 28 30 31 32 33 34
RESPONSES 0 0 1 0 1 1 0 1 1 0 1 1 1 1 1 1 1 1 0 0 1 1 0 1 1 1 1
RESPONSES 1 1 1 1 1 1 1 1 1 0 0 1 1 1 1 1 1 1 1 1 1 1 1 1 1 1 1
RESPONSES 1 1 1 1 1 1 1 1 1 1 1 1 1 1 1 1 1 1 0 1 1 1 1 1 1 1 1
RESPONSES 1 1 1 1 1 1 1 1 1 1 1 1 1 1 1 1 1 1 0 1 1 1 1 1 1 1 1
RESPONSES 1 1 1 1 1 1 1 1 1 1 1 1 1 1 1 1 1 1 0 1 1 1 1 1 1 1 1
RESPONSES 0 0 1 1 1 1 1 1 1 1 1 1 0 1 1 0 0 1 1 1 1 1 1 1 1 1 1
RESPONSES 0 0 1 0 0 0 0 0 0 0 0 0 0 0 0 0 0 0 0 0 0 0 0 0 0 0 0
RESPONSES 0 1 1 1 1 1 1 1 1 1 1 1 1 1 1 1 1 1 1 1 1 1 1 1 1 1 1
RESPONSES 0 0 1 1 1 1 1 1 1 1 1 1 1 1 1 1 1 1 0 1 1 1 0 1 1 1 1
RESPONSES 0 0 0 1 1 1 0 1 1 1 1 1 1 1 1 1 1 1 0 1 1 1 1 1 1 1 1
RESPONSES 0 0 0 1 1 1 0 1 1 1 1 1 1 1 1 1 1 1 0 1 1 1 1 1 1 1 1
RESPONSES 0 0 0 1 1 1 1 1 1 0 0 1 1 1 1 1 1 1 0 1 1 1 1 1 1 1 1
RESPONSES 0 0 1 0 1 1 1 1 1 1 1 1 1 1 1 1 1 1 0 1 1 1 1 1 1 1 1
RESPONSES 0 0 0 1 1 1 1 1 1 0 0 1 1 1 1 1 1 1 1 1 1 1 1 1 1 1 1
RESPONSES 0 0 1 1 1 1 1 1 1 1 1 1 1 1 1 1 1 1 0 0 1 1 1 1 1 1 1
RESPONSES 1 1 1 1 1 1 0 1 1 1 1 1 1 1 1 1 1 1 1 1 1 1 1 1 1 1 1
RESPONSES 0 1 1 1 1 1 1 1 1 1 1 1 1 1 1 1 1 1 0 1 1 1 1 1 1 1 1
RESPONSES 0 1 1 1 1 1 1 1 1 1 1 1 1 1 1 1 1 1 0 1 1 1 1 1 1 1 1
RESPONSES 0 1 1 1 1 1 1 1 1 1 1 1 1 1 1 1 1 1 0 1 1 1 1 1 1 1 1
RESPONSES 1 1 1 1 1 1 1 1 1 1 1 1 1 1 1 1 1 1 1 1 1 1 1 1 1 1 1
RESPONSES 0 0 1 1 1 1 1 1 1 1 1 1 0 1 1 1 1 1 0 1 1 1 1 1 1 1 1
RESPONSES 1 1 1 1 1 1 0 1 1 1 1 1 1 1 1 1 1 1 0 1 1 1 1 1 1 1 1
RESPONSES 0 0 0 1 1 1 1 1 1 1 1 1 1 1 1 1 1 1 1 1 1 1 1 1 1 1 1
RESPONSES 0 0 0 1 1 1 1 1 1 1 1 1 1 1 1 1 1 1 1 1 1 1 1 1 1 1 1
COSTS 14 8 6 6 15 17 8 8 2 14 9 4 13 9 7 14 10 15 7 12 8 10 6 14 14 14 6
COSTS 15 6 6 7 15 17 7 8 2 14 10 4 13 9 7 14 10 15 6 14 8 10 9 14 14 14 6
COSTS 15 6 6 7 15 17 7 8 2 14 9 4 13 9 7 14 10 15 7 14 8 10 9 14 14 14 6
COSTS 15 6 6 7 15 17 7 8 2 14 9 4 13 9 7 14 10 15 7 14 8 10 9 14 14 14 6
COSTS 15 6 6 7 15 17 7 8 2 14 9 4 13 9 7 14 10 15 7 14 8 10 9 14 14 14 6
COSTS 14 8 6 7 15 17 7 8 2 14 9 4 14 9 7 14 13 15 6 14 8 10 9 14 14 14 6
COSTS 14 8 6 6 13 15 8 7 2 14 10 3 14 11 8 14 13 14 7 12 12 7 6 10 15 14 9
COSTS 14 6 6 7 15 17 7 8 2 14 9 4 13 9 7 14 10 15 6 14 8 10 9 14 14 14 6
COSTS 14 8 6 7 15 17 7 8 2 14 9 4 13 9 7 14 10 15 7 14 8 10 6 14 14 14 6
COSTS 14 8 7 7 15 17 8 8 2 14 9 4 13 9 7 14 10 15 7 14 8 10 9 14 14 14 6
COSTS 14 8 7 7 15 17 8 8 2 14 9 4 13 9 7 14 10 15 7 14 8 10 9 14 14 14 6
COSTS 14 8 7 7 15 17 7 8 2 14 10 4 13 9 7 14 10 15 7 14 8 10 9 14 14 14 6
COSTS 14 8 6 6 15 17 7 8 2 14 9 4 13 9 7 14 10 15 7 14 8 10 9 14 14 14 6
COSTS 14 8 7 7 15 17 7 8 2 14 10 4 13 9 7 14 10 15 6 14 8 10 9 14 14 14 6
COSTS 14 8 6 7 15 17 7 8 2 14 9 4 13 9 7 14 10 15 7 12 8 10 9 14 14 14 6
COSTS 15 6 6 7 15 17 8 8 2 14 9 4 13 9 7 14 10 15 6 14 8 10 9 14 14 14 6
COSTS 14 6 6 7 15 17 7 8 2 14 9 4 13 9 7 14 10 15 7 14 8 10 9 14 14 14 6
COSTS 14 6 6 7 15 17 7 8 2 14 9 4 13 9 7 14 10 15 7 14 8 10 9 14 14 14 6
COSTS 14 6 6 7 15 17 7 8 2 14 9 4 13 9 7 14 10 15 7 14 8 10 9 14 14 14 6
COSTS 15 6 6 7 15 17 7 8 2 14 9 4 13 9 7 14 10 15 6 14 8 10 9 14 14 14 6
COSTS 14 8 6 7 15 17 7 8 2 14 9 4 14 9 7 14 10 15 7 14 8 10 9 14 14 14 6
COSTS 15 6 6 7 15 17 8 8 2 14 9 4 13 9 7 14 10 15 7 14 8 10 9 14 14 14 6
COSTS 14 8 7 7 15 17 7 8 2 14 9 4 13 9 7 14 10 15 6 14 8 10 9 14 14 14 6
COSTS 14 8 7 7 15 17 7 8 2 14 9 4 13 9 7 14 10 15 6 14 8 10 9 14 14 14 6
END
STATE 4aec3162e1ca1a4d597ced4da0629c03554d54bd684f4e9949814e7e01803112 6002 16 13
LABELS 1 1 1 1 1 1 1 1 1 1 1 0 1 1 1 1
MASSES 3 29 29 22 20 1 31 29 14 10 1 27 19 27 3 4
QUERY_IDS 0 1 3 4 5 6 7 8 9 11 12 14 15
RESPONSES 0 1 1 1 1 0 0 0 1 2 1 0 2
RESPONSES 0 2 1 1 1 0 0 0 1 0 1 0 1
RESPONSES 0 1 1 1 1 0 0 0 1 2 1 0 1
RESPONSES 0 1 1 1 1 0 0 0 0 2 1 0 1
RESPONSES 0 1 1 1 1 0 0 0 0 2 1 0 1
RESPONSES 0 1 1 1 1 0 0 0 1 2 1 1 1
RESPONSES 1 2 1 1 1 0 0 0 1 2 1 0 2
RESPONSES 0 2 1 1 1 0 0 0 0 2 1 0 2
RESPONSES 1 1 0 0 0 1 1 1 1 1 0 0 2
RESPONSES 1 1 1 1 1 0 0 0 1 0 1 0 1
RESPONSES 0 2 1 1 1 0 0 0 1 2 1 0 0
RESPONSES 0 0 0 0 1 1 1 1 1 1 0 0 0
RESPONSES 0 0 1 1 1 0 0 0 0 2 1 0 0
RESPONSES 0 2 1 1 1 0 0 0 0 2 1 0 0
RESPONSES 0 1 1 1 1 0 0 0 0 2 1 0 2
RESPONSES 0 0 1 1 1 0 0 0 1 2 1 0 1
COSTS 14 6 14 7 2 6 2 13 10 4 10 15 5
COSTS 14 5 14 7 2 6 2 13 10 5 10 15 3
COSTS 14 6 14 7 2 6 2 13 10 4 10 15 3
COSTS 14 6 14 7 2 6 2 13 14 4 10 15 3
COSTS 14 6 14 7 2 6 2 13 14 4 10 15 3
COSTS 14 6 14 7 2 6 2 13 10 4 10 19 3
COSTS 15 5 14 7 2 6 2 13 10 4 10 15 5
COSTS 14 5 14 7 2 6 2 13 14 4 10 15 5
COSTS 15 6 14 4 4 8 3 11 10 5 14 15 5
COSTS 15 6 14 7 2 6 2 13 10 5 10 15 3
COSTS 14 5 14 7 2 6 2 13 10 4 10 15 3
COSTS 14 5 14 4 2 8 3 11 10 5 14 15 3
COSTS 14 5 14 7 2 6 2 13 14 4 10 15 3
COSTS 14 5 14 7 2 6 2 13 14 4 10 15 3
COSTS 14 6 14 7 2 6 2 13 14 4 10 15 5
COSTS 14 5 14 7 2 6 2 13 10 4 10 15 3
END
STATE 4b0517a713bb9f89fc788c703c173383389854cef6a2d529c1c4b8f624601a1f 6001 24 24
LABELS 1 0 0 1 0 0 0 1 1 0 1 0 0 0 1 1 1 0 0 1 1 0 1 0
MASSES 1 18 28 31 13 13 30 21 15 3 12 22 14 30 23 7 8 22 20 2 18 12 22 26
QUERY_IDS 1 2 3 5 6 7 8 10 12 15 18 19 20 26 27 28 29 31 35 39 43 44 50 51
RESPONSES 0 0 0 1 0 0 0 1 1 0 0 0 1 1 1 1 1 1 1 1 1 1 0 0
RESPONSES 0 0 0 1 0 0 0 1 1 0 1 1 1 1 1 1 1 1 1 0 0 0 0 0
RESPONSES 0 0 0 1 0 0 0 1 1 0 1 1 1 1 1 1 1 0 1 0 0 0 1 1
RESPONSES 0 0 0 0 0 0 0 1 1 1 1 1 1 1 1 1 1 1 1 0 1 1 1 1
RESPONSES 1 1 1 1 0 0 0 1 1 1 1 1 1 1 1 1 1 1 1 0 0 0 0 0
RESPONSES 0 0 0 1 0 1 1 1 1 1 1 1 1 1 1 1 1 0 1 0 1 1 1 1
RESPONSES 0 1 1 1 1 1 1 1 1 0 1 1 1 1 1 1 1 0 1 0 1 1 1 1
RESPONSES 0 0 0 1 0 0 0 1 1 1 1 1 1 1 1 1 1 0 1 1 1 1 1 1
RESPONSES 0 0 0 1 0 0 0 1 1 0 1 1 1 1 1 1 1 0 1 1 1 1 0 0
RESPONSES 0 0 0 1 0 1 1 1 1 0 1 1 1 1 1 1 1 0 0 0 1 1 0 0
RESPONSES 0 0 0 1 0 0 0 0 1 0 1 1 1 1 1 1 1 0 0 0 1 1 0 1
RESPONSES 0 0 0 1 0 0 0 0 1 1 1 1 1 1 1 1 1 1 1 1 1 1 0 0
RESPONSES 0 0 0 1 0 0 0 0 1 1 1 1 1 1 1 1 1 0 1 0 1 1 1 1
RESPONSES 0 0 0 1 0 0 0 1 1 0 1 1 1 1 1 1 1 0 1 0 1 1 0 0
RESPONSES 0 0 0 0 0 0 0 0 1 0 1 1 1 1 1 1 1 0 1 1 1 1 0 1
RESPONSES 0 0 0 1 0 0 0 0 0 0 0 0 1 1 1 1 1 0 0 0 1 1 0 0
RESPONSES 0 0 0 1 0 0 0 1 1 1 1 1 1 1 1 1 1 0 1 0 1 1 0 1
RESPONSES 0 1 1 1 0 0 0 0 0 0 1 1 0 0 0 0 0 0 1 0 1 1 1 1
RESPONSES 0 0 0 0 0 0 0 0 0 0 1 1 1 1 1 1 1 0 0 1 1 1 1 1
RESPONSES 0 0 0 1 0 0 0 0 1 0 0 0 1 1 1 1 1 0 0 1 1 1 0 0
RESPONSES 0 0 0 0 0 0 0 1 1 1 1 1 1 1 1 1 1 0 1 0 0 0 1 1
RESPONSES 1 1 1 1 0 0 0 1 1 0 0 0 1 1 1 1 1 0 0 0 0 0 0 0
RESPONSES 0 0 0 0 0 0 0 1 1 1 1 1 1 1 1 1 1 0 1 0 1 1 0 1
RESPONSES 0 0 0 0 0 0 0 0 1 0 1 1 1 1 1 1 1 0 1 0 0 0 0 0
COSTS 6 10 16 2 14 7 7 15 17 6 8 15 8 5 9 7 8 15 5 3 6 1 14 17
COSTS 6 10 16 2 14 7 7 15 17 6 11 18 8 5 9 7 8 15 5 6 7 2 14 17
COSTS 6 10 16 2 14 7 7 15 17 6 11 18 8 5 9 7 8 19 5 6 7 2 12 18
COSTS 6 10 16 4 14 7 7 15 17 6 11 18 8 5 9 7 8 15 5 6 6 1 12 18
COSTS 7 11 15 2 14 7 7 15 17 6 11 18 8 5 9 7 8 15 5 6 7 2 14 17
COSTS 6 10 16 2 14 8 9 15 17 6 11 18 8 5 9 7 8 19 5 6 6 1 12 18
COSTS 6 11 15 2 12 8 9 15 17 6 11 18 8 5 9 7 8 19 5 6 6 1 12 18
COSTS 6 10 16 2 14 7 7 15 17 6 11 18 8 5 9 7 8 19 5 3 6 1 12 18
COSTS 6 10 16 2 14 7 7 15 17 6 11 18 8 5 9 7 8 19 5 3 6 1 14 17
COSTS 6 10 16 2 14 8 9 15 17 6 11 18 8 5 9 7 8 19 5 6 6 1 14 17
COSTS 6 10 16 2 14 7 7 15 17 6 11 18 8 5 9 7 8 19 5 6 6 1 14 18
COSTS 6 10 16 2 14 7 7 15 17 6 11 18 8 5 9 7 8 15 5 3 6 1 14 17
COSTS 6 10 16 2 14 7 7 15 17 6 11 18 8 5 9 7 8 19 5 6 6 1 12 18
COSTS 6 10 16 2 14 7 7 15 17 6 11 18 8 5 9 7 8 19 5 6 6 1 14 17
COSTS 6 10 16 4 14 7 7 15 17 6 11 18 8 5 9 7 8 19 5 3 6 1 14 18
COSTS 6 10 16 2 14 7 7 15 15 6 8 15 8 5 9 7 8 19 5 6 6 1 14 17
COSTS 6 10 16 2 14 7 7 15 17 6 11 18 8 5 9 7 8 19 5 6 6 1 14 18
COSTS 6 11 15 2 14 7 7 15 15 6 11 18 9 4 10 11 8 19 5 6 6 1 12 18
COSTS 6 10 16 4 14 7 7 15 15 6 11 18 8 5 9 7 8 19 5 3 6 1 12 18
COSTS 6 10 16 2 14 7 7 15 17 6 8 15 8 5 9 7 8 19 5 3 6 1 14 17
COSTS 6 10 16 4 14 7 7 15 17 6 11 18 8 5 9 7 8 19 5 6 7 2 12 18
COSTS 7 11 15 2 14 7 7 15 17 6 8 15 8 5 9 7 8 19 5 6 7 2 14 17
COSTS 6 10 16 4 14 7 7 15 17 6 11 18 8 5 9 7 8 19 5 6 6 1 14 18
COSTS 6 10 16 4 14 7 7 15 17 6 11 18 8 5 9 7 8 19 5 6 7 2 14 17
END
STATE 4b97473a1e1fd96489c20b0640109b6c87a3af0b2454fbea19c0607d17bb9e0f 6002 24 32
LABELS 2 0 1 1 3 1 1 3 4 2 1 3 2 3 1 3 1 1 1 3 2 1 0 3
MASSES 11 19 10 20 4 16 23 27 21 23 23 27 2 26 5 15 10 26 28 14 11 13 16 23
QUERY_IDS 0 3 4 6 16 17 21 22 23 24 25 27 28 30 31 32 33 36 44 45 46 47 51 52 56 57 61 62 65 67 76 77
RESPONSES 0 0 0 0 0 0 1 1 0 0 0 1 1 0 0 0 0 1 0 0 0 1 1 1 1 1 1 1 0 1 0 0
RESPONSES 1 0 0 1 0 0 1 1 0 0 0 0 0 0 0 0 0 1 1 1 1 1 1 1 1 1 1 1 0 0 0 0
RESPONSES 1 0 0 1 0 0 1 1 0 0 0 0 0 0 0 0 0 0 1 1 1 1 1 1 1 1 1 1 0 1 0 0
RESPONSES 1 0 0 1 1 1 1 1 0 0 0 1 1 0 0 0 0 1 0 0 0 0 0 1 1 1 1 1 0 1 0 1
RESPONSES 1 1 1 1 1 1 1 1 0 0 0 0 0 0 0 0 0 1 0 0 0 0 0 0 0 0 1 1 1 1 0 1
RESPONSES 0 0 0 0 0 0 1 1 0 0 0 0 0 0 0 0 0 1 1 1 1 1 0 1 1 1 1 1 0 0 0 0
RESPONSES 0 0 0 0 0 0 1 1 0 0 0 0 0 0 0 0 0 1 0 0 0 0 0 0 1 1 1 1 1 1 0 0
RESPONSES 0 0 0 0 1 1 1 1 0 0 0 0 0 0 0 0 0 0 0 0 0 0 1 1 1 1 1 1 1 1 0 0
RESPONSES 1 0 0 1 0 0 0 0 1 1 1 1 1 1 1 1 1 1 0 0 0 0 0 0 1 1 0 0 1 1 1 1
RESPONSES 1 0 0 1 0 0 0 0 0 0 1 1 1 1 1 1 1 1 0 0 0 0 0 0 1 1 1 1 1 1 0 1
RESPONSES 0 0 0 0 0 0 1 1 0 0 0 0 0 0 0 0 0 1 1 1 1 1 0 1 1 1 1 1 0 1 0 0
RESPONSES 1 0 0 1 1 1 1 1 0 0 0 1 1 0 0 0 0 1 0 0 0 0 0 0 1 1 1 1 0 0 1 1
RESPONSES 0 0 0 0 0 0 1 1 0 0 0 1 1 0 0 0 0 1 0 0 0 0 0 0 1 1 1 1 1 1 0 0
RESPONSES 1 1 1 1 1 1 1 1 0 0 0 1 1 0 0 0 0 1 0 0 0 0 0 0 0 0 1 1 1 1 0 1
RESPONSES 1 1 1 1 1 1 1 1 0 0 0 0 0 0 0 0 0 1 0 0 0 1 1 1 1 1 1 1 0 0 1 1
RESPONSES 1 0 0 1 1 1 1 1 0 0 0 0 0 0 0 0 0 1 0 0 0 0 0 0 1 1 1 1 0 0 0 1
RESPONSES 1 0 0 1 0 0 1 1 0 0 0 0 0 0 0 0 0 1 1 1 1 1 1 1 1 1 1 1 0 1 0 0
RESPONSES 0 0 0 0 0 0 1 1 0 0 0 0 0 0 0 0 0 0 0 0 0 0 0 0 1 1 1 1 1 1 0 0
RESPONSES 0 0 0 0 0 0 1 1 0 0 0 0 0 0 0 0 0 1 1 1 1 1 1 1 1 1 1 1 0 1 0 0
RESPONSES 1 1 1 1 1 1 1 1 0 0 0 0 0 0 0 0 0 1 0 0 0 0 0 0 0 0 1 1 1 1 1 1
RESPONSES 1 0 0 1 0 0 0 0 0 0 1 1 1 1 1 1 1 1 0 0 0 0 0 0 1 1 1 1 1 1 1 1
RESPONSES 1 0 0 1 0 0 1 1 0 0 0 0 0 0 0 0 0 1 1 1 1 1 1 1 1 1 1 1 0 1 0 0
RESPONSES 1 0 0 1 0 0 1 1 0 0 0 0 0 0 0 0 0 1 1 1 1 1 0 1 1 1 1 1 0 0 0 0
RESPONSES 0 0 0 0 1 1 1 1 0 0 0 0 0 0 0 0 0 0 0 0 0 1 1 1 1 1 1 1 0 1 0 0
COSTS 18 9 3 10 18 19 13 12 15 5 11 10 17 7 6 8 9 15 11 12 14 18 11 15 2 10 17 6 9 12 1 11
COSTS 16 9 3 11 18 19 13 12 15 5 11 10 18 7 6 8 9 15 12 11 13 18 11 15 2 10 17 6 9 10 1 11
COSTS 16 9 3 11 18 19 13 12 15 5 11 10 18 7 6 8 9 16 12 11 13 18 11 15 2 10 17 6 9 12 1 11
COSTS 16 9 3 11 18 18 13 12 15 5 11 10 17 7 6 8 9 15 11 12 14 15 12 15 2 10 17 6 9 12 1 10
COSTS 16 8 6 11 18 18 13 12 15 5 11 10 18 7 6 8 9 15 11 12 14 15 12 15 2 10 17 6 9 12 1 10
COSTS 18 9 3 10 18 19 13 12 15 5 11 10 18 7 6 8 9 15 12 11 13 18 12 15 2 10 17 6 9 10 1 11
COSTS 18 9 3 10 18 19 13 12 15 5 11 10 18 7 6 8 9 15 11 12 14 15 12 15 2 10 17 6 9 12 1 11
COSTS 18 9 3 10 18 18 13 12 15 5 11 10 18 7 6 8 9 16 11 12 14 15 11 15 2 10 17 6 9 12 1 11
COSTS 16 9 3 11 18 19 14 12 12 7 9 10 17 7 8 10 11 15 11 12 14 15 12 15 2 10 16 7 9 12 1 10
COSTS 16 9 3 11 18 19 14 12 15 5 9 10 17 7 8 10 11 15 11 12 14 15 12 15 2 10 17 6 9 12 1 10
COSTS 18 9 3 10 18 19 13 12 15 5 11 10 18 7 6 8 9 15 12 11 13 18 12 15 2 10 17 6 9 12 1 11
COSTS 16 9 3 11 18 18 13 12 15 5 11 10 17 7 6 8 9 15 11 12 14 15 12 15 2 10 17 6 9 10 1 10
COSTS 18 9 3 10 18 19 13 12 15 5 11 10 17 7 6 8 9 15 11 12 14 15 12 15 2 10 17 6 9 12 1 11
COSTS 16 8 6 11 18 18 13 12 15 5 11 10 17 7 6 8 9 15 11 12 14 15 12 15 2 10 17 6 9 12 1 10
COSTS 16 8 6 11 18 18 13 12 15 5 11 10 18 7 6 8 9 15 11 12 14 18 11 15 2 10 17 6 9 10 1 10
COSTS 16 9 3 11 18 18 13 12 15 5 11 10 18 7 6 8 9 15 11 12 14 15 12 15 2 10 17 6 9 10 1 10
COSTS 16 9 3 11 18 19 13 12 15 5 11 10 18 7 6 8 9 15 12 11 13 18 11 15 2 10 17 6 9 12 1 11
COSTS 18 9 3 10 18 19 13 12 15 5 11 10 18 7 6 8 9 16 11 12 14 15 12 15 2 10 17 6 9 12 1 11
COSTS 18 9 3 10 18 19 13 12 15 5 11 10 18 7 6 8 9 15 12 11 13 18 11 15 2 10 17 6 9 12 1 11
COSTS 16 8 6 11 18 18 13 12 15 5 11 10 18 7 6 8 9 15 11 12 14 15 12 15 2 10 17 6 9 12 1 10
COSTS 16 9 3 11 18 19 14 12 15 5 9 10 17 7 8 10 11 15 11 12 14 15 12 15 2 10 17 6 9 12 1 10
COSTS 16 9 3 11 18 19 13 12 15 5 11 10 18 7 6 8 9 15 12 11 13 18 11 15 2 10 17 6 9 12 1 11
COSTS 16 9 3 11 18 19 13 12 15 5 11 10 18 7 6 8 9 15 12 11 13 18 12 15 2 10 17 6 9 10 1 11
COSTS 18 9 3 10 18 18 13 12 15 5 11 10 18 7 6 8 9 16 11 12 14 18 11 15 2 10 17 6 9 12 1 11
END
STATE 4de76173b64ff5eabbef8af9edefb2dda7a76cd72b3208a72840565af8c0f9a6 6002 24 32
LABELS 5 5 0 1 5 2 5 2 5 3 3 5 2 1 4 5 2 1 2 1 0 1 5 5
MASSES 1 31 19 23 15 10 8 16 22 25 8 8 23 19 29 15 28 30 13 8 16 7 18 5
QUERY_IDS 1 2 3 18 23 24 25 26 28 30 31 32 33 40 41 44 45 49 50 52 53 54 55 56 60 61 62 69 70 74 75 76
RESPONSES 0 0 0 1 0 0 0 0 1 0 0 0 0 0 0 0 0 0 0 0 0 0 0 0 1 1 1 1 1 1 1 1
RESPONSES 0 0 0 0 0 0 0 0 0 0 0 0 0 1 1 1 1 1 1 1 1 1 1 1 1 1 1 0 0 0 0 0
RESPONSES 0 0 0 1 0 0 0 0 0 0 0 0 0 0 0 1 1 1 1 1 1 1 1 1 1 1 1 1 1 0 0 0
RESPONSES 0 0 0 0 0 0 0 0 1 0 0 0 0 0 0 0 0 1 1 1 1 1 1 1 1 1 1 1 1 1 1 1
RESPONSES 0 0 0 1 0 0 0 0 0 0 0 0 0 0 0 0 0 1 1 1 1 1 1 1 1 1 1 1 1 0 0 0
RESPONSES 0 0 0 1 0 0 0 0 0 0 0 0 0 0 0 1 1 1 1 1 1 1 1 1 1 1 1 1 1 0 0 0
RESPONSES 0 0 0 1 0 0 0 0 1 0 0 0 0 0 0 0 0 0 0 0 0 0 0 0 1 1 1 1 1 1 1 1
RESPONSES 0 0 0 0 0 0 0 0 0 0 0 0 0 0 0 1 1 1 1 1 1 1 1 1 1 1 1 1 1 0 0 0
RESPONSES 1 1 1 1 0 0 0 0 0 0 0 0 1 0 0 0 0 0 0 0 0 0 0 0 1 1 1 1 1 1 1 1
RESPONSES 0 0 0 0 0 0 0 0 1 1 1 1 1 0 0 0 0 1 1 0 0 1 1 1 0 0 1 1 1 0 0 0
RESPONSES 0 0 0 0 0 0 0 0 0 0 0 0 1 1 1 0 0 1 1 1 1 1 1 1 0 0 0 0 0 0 0 0
RESPONSES 1 1 1 1 0 0 0 0 0 0 0 0 0 0 0 0 0 1 1 0 0 0 0 0 1 1 1 1 1 1 1 1
RESPONSES 0 0 0 0 0 0 0 0 0 0 0 0 0 0 0 1 1 1 1 1 1 1 1 1 1 1 1 1 1 0 0 0
RESPONSES 0 0 0 1 0 0 0 0 0 0 0 0 0 1 1 0 0 1 1 1 1 1 1 1 1 1 1 1 1 0 0 0
RESPONSES 0 0 0 0 1 1 1 1 1 0 0 0 0 0 0 0 0 1 1 0 0 0 0 0 1 1 1 1 1 0 0 0
RESPONSES 0 0 0 1 0 0 0 0 0 0 0 0 0 0 0 0 0 1 1 0 0 1 1 1 1 1 1 1 1 0 0 0
RESPONSES 0 0 0 0 0 0 0 0 0 0 0 0 0 0 0 1 1 1 1 1 1 1 1 1 1 1 1 1 1 0 0 0
RESPONSES 0 0 0 0 0 0 0 0 1 0 0 0 0 0 0 0 0 0 0 1 1 1 1 1 0 1 1 1 1 1 1 1
RESPONSES 0 0 0 0 0 0 0 0 0 0 0 0 0 0 0 1 1 1 1 1 1 1 1 1 1 1 1 1 1 0 0 0
RESPONSES 0 0 0 1 0 0 0 0 0 0 0 0 0 1 1 0 0 1 1 1 1 1 1 1 1 1 1 1 1 0 0 0
RESPONSES 0 0 0 1 0 0 0 0 0 0 0 0 0 0 0 1 1 1 1 1 1 1 1 1 1 1 1 1 1 0 0 0
RESPONSES 0 0 0 1 0 0 0 0 0 0 0 0 0 1 1 0 0 1 1 1 1 1 1 1 1 1 1 1 1 0 0 0
RESPONSES 0 0 0 1 0 0 0 0 1 0 0 0 0 0 0 0 0 0 0 0 0 0 0 0 1 1 1 1 1 1 1 1
RESPONSES 0 0 0 0 0 0 0 0 0 0 0 0 0 1 1 1 1 1 1 1 1 1 1 1 1 1 1 0 0 0 0 0
COSTS 19 11 9 10 15 5 11 15 17 7 6 8 9 11 4 11 12 4 15 15 6 11 5 2 3 17 6 9 14 14 4 1
COSTS 19 11 9 7 15 5 11 15 18 7 6 8 9 11 3 12 11 8 15 15 6 11 5 2 3 17 6 9 15 17 2 1
COSTS 19 11 9 10 15 5 11 15 18 7 6 8 9 11 4 12 11 8 15 15 6 11 5 2 3 17 6 9 14 17 2 1
COSTS 19 11 9 7 15 5 11 15 17 7 6 8 9 11 4 11 12 8 15 15 6 11 5 2 3 17 6 9 14 14 4 1
COSTS 19 11 9 10 15 5 11 15 18 7 6 8 9 11 4 11 12 8 15 15 6 11 5 2 3 17 6 9 14 17 2 1
COSTS 19 11 9 10 15 5 11 15 18 7 6 8 9 11 4 12 11 8 15 15 6 11 5 2 3 17 6 9 14 17 2 1
COSTS 19 11 9 10 15 5 11 15 17 7 6 8 9 11 4 11 12 4 15 15 6 11 5 2 3 17 6 9 14 14 4 1
COSTS 19 11 9 7 15 5 11 15 18 7 6 8 9 11 4 12 11 8 15 15 6 11 5 2 3 17 6 9 14 17 2 1
COSTS 17 11 8 10 15 5 11 15 18 7 6 8 11 11 4 11 12 4 15 15 6 11 5 2 3 17 6 9 14 14 4 1
COSTS 19 11 9 7 15 5 11 15 17 7 8 10 11 11 4 11 12 8 15 15 6 11 5 2 2 16 6 9 14 17 2 1
COSTS 19 11 9 7 15 5 11 15 18 7 6 8 11 11 3 11 12 8 15 15 6 11 5 2 2 16 7 9 15 17 2 1
COSTS 17 11 8 10 15 5 11 15 18 7 6 8 9 11 4 11 12 8 15 15 6 11 5 2 3 17 6 9 14 14 4 1
COSTS 19 11 9 7 15 5 11 15 18 7 6 8 9 11 4 12 11 8 15 15 6 11 5 2 3 17 6 9 14 17 2 1
COSTS 19 11 9 10 15 5 11 15 18 7 6 8 9 11 3 11 12 8 15 15 6 11 5 2 3 17 6 9 14 17 2 1
COSTS 19 11 9 7 12 7 9 14 17 7 6 8 9 11 4 11 12 8 15 15 6 11 5 2 3 17 6 9 14 17 2 1
COSTS 19 11 9 10 15 5 11 15 18 7 6 8 9 11 4 11 12 8 15 15 6 11 5 2 3 17 6 9 14 17 2 1
COSTS 19 11 9 7 15 5 11 15 18 7 6 8 9 11 4 12 11 8 15 15 6 11 5 2 3 17 6 9 14 17 2 1
COSTS 19 11 9 7 15 5 11 15 17 7 6 8 9 11 4 11 12 4 15 15 6 11 5 2 2 17 6 9 14 14 4 1
COSTS 19 11 9 7 15 5 11 15 18 7 6 8 9 11 4 12 11 8 15 15 6 11 5 2 3 17 6 9 14 17 2 1
COSTS 19 11 9 10 15 5 11 15 18 7 6 8 9 11 3 11 12 8 15 15 6 11 5 2 3 17 6 9 14 17 2 1
COSTS 19 11 9 10 15 5 11 15 18 7 6 8 9 11 4 12 11 8 15 15 6 11 5 2 3 17 6 9 14 17 2 1
COSTS 19 11 9 10 15 5 11 15 18 7 6 8 9 11 3 11 12 8 15 15 6 11 5 2 3 17 6 9 14 17 2 1
COSTS 19 11 9 10 15 5 11 15 17 7 6 8 9 11 4 11 12 4 15 15 6 11 5 2 3 17 6 9 14 14 4 1
COSTS 19 11 9 7 15 5 11 15 18 7 6 8 9 11 3 12 11 8 15 15 6 11 5 2 3 17 6 9 15 17 2 1
END
STATE 4ea499f1ff13e977e527c28a1480592e4b4f01198cf4bf3464d870ea994214d2 6002 24 24
LABELS 1 0 0 1 0 0 0 1 1 0 1 0 0 0 1 1 1 0 0 1 1 0 1 0
MASSES 22 17 16 17 31 28 28 2 31 25 29 24 5 13 11 5 5 1 30 12 16 30 15 24
QUERY_IDS 1 2 3 7 8 16 17 18 19 20 26 27 28 29 32 33 35 38 39 43 44 49 50 51
RESPONSES 0 0 0 0 0 0 0 0 0 1 1 1 1 1 1 1 1 0 1 1 1 0 0 0
RESPONSES 0 0 0 0 0 0 1 1 1 1 1 1 1 1 1 1 1 0 0 0 0 0 0 0
RESPONSES 0 0 0 0 0 0 0 1 1 1 1 1 1 1 1 1 1 0 0 0 0 1 1 1
RESPONSES 0 0 0 0 0 1 1 1 1 1 1 1 1 1 1 1 1 0 0 1 1 1 1 1
RESPONSES 1 1 1 0 0 1 1 1 1 1 1 1 1 1 1 1 1 0 0 0 0 0 0 0
RESPONSES 0 0 0 1 1 1 1 1 1 1 1 1 1 1 0 0 1 0 0 1 1 1 1 1
RESPONSES 0 1 1 1 1 1 1 1 1 1 1 1 1 1 0 0 1 0 0 1 1 0 1 1
RESPONSES 0 0 0 0 0 1 1 1 1 1 1 1 1 1 0 0 1 0 1 1 1 0 1 1
RESPONSES 0 0 0 0 0 0 0 1 1 1 1 1 1 1 0 0 1 1 1 1 1 0 0 0
RESPONSES 0 0 0 1 1 0 1 1 1 1 1 1 1 1 0 0 0 0 0 1 1 0 0 0
RESPONSES 0 0 0 0 0 0 0 1 1 1 1 1 1 1 0 0 0 0 0 1 1 0 0 1
RESPONSES 0 0 0 0 0 1 1 1 1 1 1 1 1 1 1 1 1 1 1 1 1 0 0 0
RESPONSES 0 0 0 0 0 1 1 1 1 1 1 1 1 1 0 1 1 0 0 1 1 0 1 1
RESPONSES 0 0 0 0 0 0 0 1 1 1 1 1 1 1 1 1 1 0 0 1 1 0 0 0
RESPONSES 0 0 0 0 0 0 0 1 1 1 1 1 1 1 0 0 1 1 1 1 1 0 0 1
RESPONSES 0 0 0 0 0 0 0 0 0 1 1 1 1 1 0 0 0 0 0 1 1 0 0 0
RESPONSES 0 0 0 0 0 1 1 1 1 1 1 1 1 1 0 0 1 0 0 1 1 0 0 1
RESPONSES 0 1 1 0 0 1 1 1 1 0 0 0 0 0 0 0 1 0 0 1 1 1 1 1
RESPONSES 0 0 0 0 0 1 1 1 1 1 1 1 1 1 0 0 0 0 1 1 1 0 1 1
RESPONSES 0 0 0 0 0 0 0 0 0 1 1 1 1 1 0 0 0 1 1 1 1 0 0 0
RESPONSES 0 0 0 0 0 1 1 1 1 1 1 1 1 1 0 0 1 0 0 0 0 1 1 1
RESPONSES 1 1 1 0 0 0 0 0 0 1 1 1 1 1 0 0 0 0 0 0 0 0 0 0
RESPONSES 0 0 0 0 0 1 1 1 1 1 1 1 1 1 0 0 1 0 0 1 1 0 0 1
RESPONSES 0 0 0 0 0 0 0 1 1 1 1 1 1 1 0 1 1 0 0 0 0 0 0 0
COSTS 5 15 14 18 13 14 8 5 8 11 9 4 14 10 18 19 13 3 2 8 13 16 11 6
COSTS 5 15 14 18 13 14 7 8 8 11 9 4 14 10 18 19 13 3 2 8 11 16 11 6
COSTS 5 15 14 18 13 14 8 8 8 11 9 4 14 10 18 19 13 3 2 8 11 13 11 7
COSTS 5 15 14 18 13 11 7 8 8 11 9 4 14 10 18 19 13 3 2 8 13 13 11 7
COSTS 4 11 16 18 13 11 7 8 8 11 9 4 14 10 18 19 13 3 2 8 11 16 11 6
COSTS 5 15 14 15 13 11 7 8 8 11 9 4 14 10 18 18 13 3 2 8 13 13 11 7
COSTS 5 11 16 15 13 11 7 8 8 11 9 4 14 10 18 18 13 3 2 8 13 16 11 7
COSTS 5 15 14 18 13 11 7 8 8 11 9 4 14 10 18 18 13 3 2 8 13 16 11 7
COSTS 5 15 14 18 13 14 8 8 8 11 9 4 14 10 18 18 13 6 2 8 13 16 11 6
COSTS 5 15 14 15 13 14 7 8 8 11 9 4 14 10 18 18 14 3 2 8 13 16 11 6
COSTS 5 15 14 18 13 14 8 8 8 11 9 4 14 10 18 18 14 3 2 8 13 16 11 7
COSTS 5 15 14 18 13 11 7 8 8 11 9 4 14 10 18 19 13 6 2 8 13 16 11 6
COSTS 5 15 14 18 13 11 7 8 8 11 9 4 14 10 18 19 13 3 2 8 13 16 11 7
COSTS 5 15 14 18 13 14 8 8 8 11 9 4 14 10 18 19 13 3 2 8 13 16 11 6
COSTS 5 15 14 18 13 14 8 8 8 11 9 4 14 10 18 18 13 6 2 8 13 16 11 7
COSTS 5 15 14 18 13 14 8 5 8 11 9 4 14 10 18 18 14 3 2 8 13 16 11 6
COSTS 5 15 14 18 13 11 7 8 8 11 9 4 14 10 18 18 13 3 2 8 13 16 11 7
COSTS 5 11 16 18 13 11 7 8 8 7 8 6 11 7 18 18 13 3 2 8 13 13 11 7
COSTS 5 15 14 18 13 11 7 8 8 11 9 4 14 10 18 18 14 3 2 8 13 16 11 7
COSTS 5 15 14 18 13 14 8 5 8 11 9 4 14 10 18 18 14 6 2 8 13 16 11 6
COSTS 5 15 14 18 13 11 7 8 8 11 9 4 14 10 18 18 13 3 2 8 11 13 11 7
COSTS 4 11 16 18 13 14 8 5 8 11 9 4 14 10 18 18 14 3 2 8 11 16 11 6
COSTS 5 15 14 18 13 11 7 8 8 11 9 4 14 10 18 18 13 3 2 8 13 16 11 7
COSTS 5 15 14 18 13 14 8 8 8 11 9 4 14 10 18 19 13 3 2 8 11 16 11 6
END
STATE 4f64ff39364240536f565b1b451c1a7ca7b7bf3276ff574f6a80d472e254c307 6003 24 13
LABELS 1 1 1 1 1 1 1 1 1 1 1 1 1 1 1 1 0 0 1 1 1 1 1 1
MASSES 12 9 6 3 10 22 14 3 26 5 29 18 21 6 9 21 12 24 22 13 10 28 5 12
QUERY_IDS 0 1 3 4 5 7 8 9 10 11 12 13 14
RESPONSES 1 1 1 2 1 0 0 0 2 2 2 1 0
RESPONSES 0 2 1 2 1 0 0 1 1 0 2 1 0
RESPONSES 0 1 1 2 1 0 0 1 1 2 2 1 0
RESPONSES 0 1 1 2 1 0 0 1 1 2 2 1 0
RESPONSES 0 1 1 2 1 0 0 1 1 2 2 1 0
RESPONSES 0 1 1 2 1 0 0 1 1 2 2 1 0
RESPONSES 0 1 1 2 1 0 0 0 1 2 2 1 0
RESPONSES 0 1 1 2 1 0 0 0 1 2 2 1 0
RESPONSES 0 1 1 2 1 0 0 0 1 2 2 1 0
RESPONSES 0 1 1 2 1 0 0 0 1 2 2 1 0
RESPONSES 0 1 1 2 1 0 0 0 1 2 2 1 0
RESPONSES 0 1 1 2 1 0 0 0 1 2 2 1 0
RESPONSES 0 1 1 2 1 0 0 0 1 2 2 1 0
RESPONSES 0 1 1 2 1 0 0 0 1 2 2 1 0
RESPONSES 0 0 1 2 1 0 0 0 1 2 2 1 0
RESPONSES 1 1 1 2 1 0 0 1 1 2 2 1 0
RESPONSES 0 2 1 2 1 0 0 0 2 2 1 1 0
RESPONSES 1 2 0 1 0 1 1 0 2 1 1 0 1
RESPONSES 1 1 1 2 1 0 0 1 1 0 2 1 0
RESPONSES 0 2 1 0 1 0 0 1 1 2 2 1 0
RESPONSES 0 2 1 2 1 0 0 1 1 2 0 1 0
RESPONSES 0 2 1 2 1 0 0 0 1 0 2 1 0
RESPONSES 0 2 1 2 0 0 0 0 0 0 2 1 0
RESPONSES 0 0 1 2 1 0 0 1 1 2 2 1 0
COSTS 4 3 15 15 12 17 14 12 6 11 8 6 4
COSTS 4 3 15 15 12 17 14 13 3 11 8 6 4
COSTS 4 3 15 15 12 17 14 13 3 11 8 6 4
COSTS 4 3 15 15 12 17 14 13 3 11 8 6 4
COSTS 4 3 15 15 12 17 14 13 3 11 8 6 4
COSTS 4 3 15 15 12 17 14 13 3 11 8 6 4
COSTS 4 3 15 15 12 17 14 12 3 11 8 6 4
COSTS 4 3 15 15 12 17 14 12 3 11 8 6 4
COSTS 4 3 15 15 12 17 14 12 3 11 8 6 4
COSTS 4 3 15 15 12 17 14 12 3 11 8 6 4
COSTS 4 3 15 15 12 17 14 12 3 11 8 6 4
COSTS 4 3 15 15 12 17 14 12 3 11 8 6 4
COSTS 4 3 15 15 12 17 14 12 3 11 8 6 4
COSTS 4 3 15 15 12 17 14 12 3 11 8 6 4
COSTS 4 3 15 15 12 17 14 12 3 11 8 6 4
COSTS 4 3 15 15 12 17 14 13 3 11 8 6 4
COSTS 4 3 15 15 12 17 14 12 6 11 6 6 4
COSTS 4 3 13 12 14 17 16 12 6 9 6 6 5
COSTS 4 3 15 15 12 17 14 13 3 11 8 6 4
COSTS 4 3 15 15 12 17 14 13 3 11 8 6 4
COSTS 4 3 15 15 12 17 14 13 3 11 4 6 4
COSTS 4 3 15 15 12 17 14 12 3 11 8 6 4
COSTS 4 3 15 15 14 17 14 12 3 11 8 6 4
COSTS 4 3 15 15 12 17 14 13 3 11 8 6 4
END
STATE 51be5810908a9f27a4ac3b09c24c6f303a56bab936616ee052892f1cf9be2415 6003 24 11
LABELS 1 4 2 1 4 3 2 2 2 0 0 0 0 1 1 3 3 2 2 2 1 0 2 2
MASSES 13 18 28 12 7 26 10 26 25 29 7 13 6 18 23 5 20 16 7 16 28 25 27 2
QUERY_IDS 0 1 2 4 5 6 7 8 9 10 11
RESPONSES 1 1 0 0 0 0 0 0 0 0 0
RESPONSES 3 3 0 0 0 0 0 1 0 0 0
RESPONSES 1 0 0 0 1 0 0 1 1 0 0
RESPONSES 0 2 0 0 1 0 0 1 0 0 0
RESPONSES 0 3 0 0 1 0 0 1 0 0 0
RESPONSES 1 1 1 0 1 0 0 1 0 0 0
RESPONSES 1 0 1 1 1 0 1 1 0 0 0
RESPONSES 3 2 0 0 0 0 0 1 0 0 0
RESPONSES 3 1 0 0 1 0 0 1 0 0 0
RESPONSES 4 1 1 0 0 0 0 1 1 0 0
RESPONSES 4 2 0 0 0 0 0 0 0 0 0
RESPONSES 4 2 0 0 0 0 0 0 0 0 0
RESPONSES 4 2 0 0 0 0 0 0 0 0 0
RESPONSES 2 2 0 0 0 0 0 0 0 0 0
RESPONSES 2 2 0 0 0 0 0 0 0 0 0
RESPONSES 1 1 0 0 0 0 0 1 0 0 0
RESPONSES 1 0 0 0 0 0 1 1 0 2 0
RESPONSES 0 1 0 0 0 0 0 1 0 0 0
RESPONSES 0 2 0 0 0 0 0 1 0 0 0
RESPONSES 0 2 0 0 0 0 0 1 0 0 0
RESPONSES 2 1 1 1 0 0 0 1 0 0 0
RESPONSES 4 2 0 0 0 0 0 1 1 1 0
RESPONSES 3 2 0 0 0 0 0 1 1 0 0
RESPONSES 1 1 0 0 1 0 0 1 0 0 0
COSTS 8 14 9 16 7 14 16 18 7 4 17
COSTS 12 16 9 16 7 14 16 14 7 4 17
COSTS 8 16 9 16 10 14 16 14 11 4 17
COSTS 11 13 9 16 10 14 16 14 7 4 17
COSTS 11 16 9 16 10 14 16 14 7 4 17
COSTS 8 14 9 16 10 14 16 14 7 4 17
COSTS 8 16 9 15 10 14 16 14 7 4 17
COSTS 12 13 9 16 7 14 16 14 7 4 17
COSTS 12 14 9 16 10 14 16 14 7 4 17
COSTS 8 14 9 16 7 14 16 14 11 4 17
COSTS 8 13 9 16 7 14 16 18 7 4 17
COSTS 8 13 9 16 7 14 16 18 7 4 17
COSTS 8 13 9 16 7 14 16 18 7 4 17
COSTS 8 13 9 16 7 14 16 18 7 4 17
COSTS 8 13 9 16 7 14 16 18 7 4 17
COSTS 8 14 9 16 7 14 16 14 7 4 17
COSTS 8 16 9 16 7 14 16 14 7 8 17
COSTS 11 14 9 16 7 14 16 14 7 4 17
COSTS 11 13 9 16 7 14 16 14 7 4 17
COSTS 11 13 9 16 7 14 16 14 7 4 17
COSTS 8 14 9 15 7 14 16 14 7 4 17
COSTS 8 13 9 16 7 14 16 14 11 8 17
COSTS 12 13 9 16 7 14 16 14 11 4 17
COSTS 8 14 9 16 10 14 16 14 7 4 17
END
STATE 5215d6bb74a40c9a3a77f8083fc0720b008d2beab6951f31b810c502514bb735 6003 24 32
LABELS 5 5 0 1 5 2 5 2 5 3 3 5 2 1 4 5 2 1 2 1 0 1 5 5
MASSES 9 21 27 15 29 3 21 9 12 21 28 27 19 6 14 23 20 1 25 13 13 9 26 6
QUERY_IDS 1 2 3 18 23 24 25 26 28 30 31 32 33 40 41 44 45 49 50 52 53 54 55 56 60 61 62 69 70 74 75 76
RESPONSES 0 0 0 1 0 0 0 0 1 0 0 0 0 0 0 0 0 0 0 0 0 0 0 0 1 1 1 1 1 1 1 1
RESPONSES 0 0 0 0 0 0 0 0 0 0 0 0 0 1 1 1 1 1 1 1 1 1 1 1 1 1 1 0 0 0 0 0
RESPONSES 0 0 0 1 0 0 0 0 0 0 0 0 0 0 0 1 1 1 1 1 1 1 1 1 1 1 1 1 1 0 0 0
RESPONSES 0 0 0 0 0 0 0 0 1 0 0 0 0 0 0 0 0 1 1 1 1 1 1 1 1 1 1 1 1 1 1 1
RESPONSES 0 0 0 1 0 0 0 0 0 0 0 0 0 0 0 0 0 1 1 1 1 1 1 1 1 1 1 1 1 0 0 0
RESPONSES 0 0 0 1 0 0 0 0 0 0 0 0 0 0 0 1 1 1 1 1 1 1 1 1 1 1 1 1 1 0 0 0
RESPONSES 0 0 0 1 0 0 0 0 1 0 0 0 0 0 0 0 0 0 0 0 0 0 0 0 1 1 1 1 1 1 1 1
RESPONSES 0 0 0 0 0 0 0 0 0 0 0 0 0 0 0 1 1 1 1 1 1 1 1 1 1 1 1 1 1 0 0 0
RESPONSES 1 1 1 1 0 0 0 0 0 0 0 0 1 0 0 0 0 0 0 0 0 0 0 0 1 1 1 1 1 1 1 1
RESPONSES 0 0 0 0 0 0 0 0 1 1 1 1 1 0 0 0 0 1 1 0 0 1 1 1 0 0 1 1 1 0 0 0
RESPONSES 0 0 0 0 0 0 0 0 0 0 0 0 1 1 1 0 0 1 1 1 1 1 1 1 0 0 0 0 0 0 0 0
RESPONSES 1 1 1 1 0 0 0 0 0 0 0 0 0 0 0 0 0 1 1 0 0 0 0 0 1 1 1 1 1 1 1 1
RESPONSES 0 0 0 0 0 0 0 0 0 0 0 0 0 0 0 1 1 1 1 1 1 1 1 1 1 1 1 1 1 0 0 0
RESPONSES 0 0 0 1 0 0 0 0 0 0 0 0 0 1 1 0 0 1 1 1 1 1 1 1 1 1 1 1 1 0 0 0
RESPONSES 0 0 0 0 1 1 1 1 1 0 0 0 0 0 0 0 0 1 1 0 0 0 0 0 1 1 1 1 1 0 0 0
RESPONSES 0 0 0 1 0 0 0 0 0 0 0 0 0 0 0 0 0 1 1 0 0 1 1 1 1 1 1 1 1 0 0 0
RESPONSES 0 0 0 0 0 0 0 0 0 0 0 0 0 0 0 1 1 1 1 1 1 1 1 1 1 1 1 1 1 0 0 0
RESPONSES 0 0 0 0 0 0 0 0 1 0 0 0 0 0 0 0 0 0 0 1 1 1 1 1 0 1 1 1 1 1 1 1
RESPONSES 0 0 0 0 0 0 0 0 0 0 0 0 0 0 0 1 1 1 1 1 1 1 1 1 1 1 1 1 1 0 0 0
RESPONSES 0 0 0 1 0 0 0 0 0 0 0 0 0 1 1 0 0 1 1 1 1 1 1 1 1 1 1 1 1 0 0 0
RESPONSES 0 0 0 1 0 0 0 0 0 0 0 0 0 0 0 1 1 1 1 1 1 1 1 1 1 1 1 1 1 0 0 0
RESPONSES 0 0 0 1 0 0 0 0 0 0 0 0 0 1 1 0 0 1 1 1 1 1 1 1 1 1 1 1 1 0 0 0
RESPONSES 0 0 0 1 0 0 0 0 1 0 0 0 0 0 0 0 0 0 0 0 0 0 0 0 1 1 1 1 1 1 1 1
RESPONSES 0 0 0 0 0 0 0 0 0 0 0 0 0 1 1 1 1 1 1 1 1 1 1 1 1 1 1 0 0 0 0 0
COSTS 12 11 13 18 6 4 10 2 3 6 13 12 14 12 14 14 15 6 17 6 15 8 9 4 13 13 7 13 3 15 1 15
COSTS 12 11 13 17 6 4 10 2 3 6 13 12 14 11 17 16 13 9 17 5 15 10 9 7 13 13 7 12 2 13 4 15
COSTS 12 11 13 18 6 4 10 2 3 6 13 12 14 12 14 16 13 9 17 5 15 10 9 7 13 13 7 13 3 13 4 15
COSTS 12 11 13 17 6 4 10 2 3 6 13 12 14 12 14 14 15 9 17 5 15 10 9 7 13 13 7 13 3 15 1 15
COSTS 12 11 13 18 6 4 10 2 3 6 13 12 14 12 14 14 15 9 17 5 15 10 9 7 13 13 7 13 3 13 4 15
COSTS 12 11 13 18 6 4 10 2 3 6 13 12 14 12 14 16 13 9 17 5 15 10 9 7 13 13 7 13 3 13 4 15
COSTS 12 11 13 18 6 4 10 2 3 6 13 12 14 12 14 14 15 6 17 6 15 8 9 4 13 13 7 13 3 15 1 15
COSTS 12 11 13 17 6 4 10 2 3 6 13 12 14 12 14 16 13 9 17 5 15 10 9 7 13 13 7 13 3 13 4 15
COSTS 9 11 16 18 6 4 10 2 3 6 13 12 11 12 14 14 15 6 17 6 15 8 9 4 13 13 7 13 3 15 1 15
COSTS 12 11 13 17 6 4 10 2 3 8 13 16 11 12 14 14 15 9 17 6 15 10 9 7 16 15 7 13 3 13 4 15
COSTS 12 11 13 17 6 4 10 2 3 6 13 12 11 11 17 14 15 9 17 5 15 10 9 7 16 15 7 12 2 13 4 15
COSTS 9 11 16 18 6 4 10 2 3 6 13 12 14 12 14 14 15 9 17 6 15 8 9 4 13 13 7 13 3 15 1 15
COSTS 12 11 13 17 6 4 10 2 3 6 13 12 14 12 14 16 13 9 17 5 15 10 9 7 13 13 7 13 3 13 4 15
COSTS 12 11 13 18 6 4 10 2 3 6 13 12 14 11 17 14 15 9 17 5 15 10 9 7 13 13 7 13 3 13 4 15
COSTS 12 11 13 17 3 5 12 6 3 6 13 12 14 12 14 14 15 9 17 6 15 8 9 4 13 13 7 13 3 13 4 15
COSTS 12 11 13 18 6 4 10 2 3 6 13 12 14 12 14 14 15 9 17 6 15 10 9 7 13 13 7 13 3 13 4 15
COSTS 12 11 13 17 6 4 10 2 3 6 13 12 14 12 14 16 13 9 17 5 15 10 9 7 13 13 7 13 3 13 4 15
COSTS 12 11 13 17 6 4 10 2 3 6 13 12 14 12 14 14 15 6 17 5 15 10 9 7 16 13 7 13 3 15 1 15
COSTS 12 11 13 17 6 4 10 2 3 6 13 12 14 12 14 16 13 9 17 5 15 10 9 7 13 13 7 13 3 13 4 15
COSTS 12 11 13 18 6 4 10 2 3 6 13 12 14 11 17 14 15 9 17 5 15 10 9 7 13 13 7 13 3 13 4 15
COSTS 12 11 13 18 6 4 10 2 3 6 13 12 14 12 14 16 13 9 17 5 15 10 9 7 13 13 7 13 3 13 4 15
COSTS 12 11 13 18 6 4 10 2 3 6 13 12 14 11 17 14 15 9 17 5 15 10 9 7 13 13 7 13 3 13 4 15
COSTS 12 11 13 18 6 4 10 2 3 6 13 12 14 12 14 14 15 6 17 6 15 8 9 4 13 13 7 13 3 15 1 15
COSTS 12 11 13 17 6 4 10 2 3 6 13 12 14 11 17 16 13 9 17 5 15 10 9 7 13 13 7 12 2 13 4 15
END
STATE 529b7cdaa2dc2a350df4ce1e537fc927ab695648735b1f32a5060ff7cbc54749 6002 24 11
LABELS 1 4 4 2 3 1 0 1 0 0 0 0 2 1 1 2 4 2 2 4 4 2 4 4
MASSES 24 18 10 19 18 9 3 27 13 14 9 21 29 7 4 10 2 15 11 7 23 18 2 1
QUERY_IDS 0 1 2 4 5 6 7 8 9 10 11
RESPONSES 2 0 0 0 0 1 0 0 0 0 0
RESPONSES 4 2 0 0 0 1 0 1 0 0 0
RESPONSES 4 2 0 0 0 1 0 1 0 0 0
RESPONSES 2 1 0 0 0 1 0 1 0 0 0
RESPONSES 2 0 1 0 1 1 0 1 0 0 0
RESPONSES 3 1 0 0 0 1 0 1 0 0 0
RESPONSES 5 0 0 0 0 1 0 0 0 0 0
RESPONSES 4 1 0 0 0 1 0 1 1 1 0
RESPONSES 5 1 0 0 0 1 0 0 0 0 0
RESPONSES 5 1 0 0 0 1 0 0 0 0 0
RESPONSES 5 1 0 0 0 1 0 0 0 0 0
RESPONSES 5 1 0 0 0 1 0 0 0 0 0
RESPONSES 3 1 0 0 0 1 0 0 0 0 0
RESPONSES 3 1 0 0 0 1 0 0 0 0 0
RESPONSES 0 0 0 0 0 1 0 1 0 0 0
RESPONSES 0 1 0 0 0 1 0 1 0 0 0
RESPONSES 4 2 1 0 1 1 0 1 0 0 0
RESPONSES 4 0 0 0 0 1 0 0 0 0 0
RESPONSES 0 0 0 0 1 1 0 1 0 0 0
RESPONSES 1 2 0 0 0 1 0 1 0 0 0
RESPONSES 1 2 0 0 0 1 0 1 0 0 0
RESPONSES 2 0 0 0 1 1 0 1 0 0 0
RESPONSES 4 2 0 0 1 1 0 1 0 0 0
RESPONSES 4 2 0 0 0 0 0 1 0 0 0
COSTS 8 7 8 15 4 13 15 13 10 10 12
COSTS 6 8 8 15 4 13 15 10 10 10 12
COSTS 6 8 8 15 4 13 15 10 10 10 12
COSTS 8 5 8 15 4 13 15 10 10 10 12
COSTS 8 7 5 15 5 13 15 10 10 10 12
COSTS 6 5 8 15 4 13 15 10 10 10 12
COSTS 7 7 8 15 4 13 15 13 10 10 12
COSTS 6 5 8 15 4 13 15 10 10 9 12
COSTS 7 5 8 15 4 13 15 13 10 10 12
COSTS 7 5 8 15 4 13 15 13 10 10 12
COSTS 7 5 8 15 4 13 15 13 10 10 12
COSTS 7 5 8 15 4 13 15 13 10 10 12
COSTS 6 5 8 15 4 13 15 13 10 10 12
COSTS 6 5 8 15 4 13 15 13 10 10 12
COSTS 5 7 8 15 4 13 15 10 10 10 12
COSTS 5 5 8 15 4 13 15 10 10 10 12
COSTS 6 8 5 15 5 13 15 10 10 10 12
COSTS 6 7 8 15 4 13 15 13 10 10 12
COSTS 5 7 8 15 5 13 15 10 10 10 12
COSTS 7 8 8 15 4 13 15 10 10 10 12
COSTS 7 8 8 15 4 13 15 10 10 10 12
COSTS 8 7 8 15 5 13 15 10 10 10 12
COSTS 6 8 8 15 5 13 15 10 10 10 12
COSTS 6 8 8 15 4 12 15 10 10 10 12
END
STATE 535d1c7c8f7fd14e8627685c0e445b4f6be57078a812d3636f2f254417d892fc 6001 24 11
LABELS 3 0 2 2 2 0 2 0 1 1 0 0 0 2 1 3 3 2 3 0 3 3 1 3
MASSES 23 18 29 3 19 24 2 23 10 11 22 6 5 24 22 30 23 5 22 17 30 3 11 5
QUERY_IDS 0 1 2 3 4 6 7 8 9 10 11
RESPONSES 4 2 0 2 0 1 0 1 0 0 0
RESPONSES 5 1 0 1 0 1 0 0 0 0 0
RESPONSES 0 1 0 1 0 1 0 0 0 0 0
RESPONSES 0 1 0 1 0 1 0 0 0 0 0
RESPONSES 2 1 0 2 0 1 0 1 0 0 0
RESPONSES 5 1 0 2 0 1 0 1 0 0 0
RESPONSES 3 1 0 2 0 1 0 1 0 0 0
RESPONSES 5 0 0 2 0 1 0 0 0 0 0
RESPONSES 4 1 0 2 0 1 0 1 0 0 0
RESPONSES 0 1 0 1 0 1 0 1 0 0 0
RESPONSES 5 1 0 2 0 1 0 0 0 0 0
RESPONSES 5 1 0 2 0 1 0 0 0 0 0
RESPONSES 5 1 0 2 0 1 0 0 0 0 0
RESPONSES 2 0 0 2 0 1 0 1 0 0 0
RESPONSES 1 0 1 2 0 1 0 1 0 0 0
RESPONSES 4 2 0 1 0 1 0 1 0 0 0
RESPONSES 4 2 0 1 0 1 0 1 0 0 0
RESPONSES 0 0 0 2 0 1 0 1 0 0 0
RESPONSES 1 2 0 2 0 1 0 1 0 0 0
RESPONSES 5 1 0 2 0 1 0 1 1 1 0
RESPONSES 4 2 0 2 0 0 0 1 0 0 0
RESPONSES 3 2 0 1 0 0 0 1 0 0 0
RESPONSES 3 1 1 0 0 1 0 1 0 0 0
RESPONSES 4 2 0 1 0 0 0 1 0 0 0
COSTS 8 5 3 16 15 7 5 17 6 9 15
COSTS 8 6 3 15 15 7 5 19 6 9 15
COSTS 7 6 3 15 15 7 5 19 6 9 15
COSTS 7 6 3 15 15 7 5 19 6 9 15
COSTS 4 6 3 16 15 7 5 17 6 9 15
COSTS 8 6 3 16 15 7 5 17 6 9 15
COSTS 7 6 3 16 15 7 5 17 6 9 15
COSTS 8 7 3 16 15 7 5 19 6 9 15
COSTS 8 6 3 16 15 7 5 17 6 9 15
COSTS 7 6 3 15 15 7 5 17 6 9 15
COSTS 8 6 3 16 15 7 5 19 6 9 15
COSTS 8 6 3 16 15 7 5 19 6 9 15
COSTS 8 6 3 16 15 7 5 19 6 9 15
COSTS 4 7 3 16 15 7 5 17 6 9 15
COSTS 4 7 5 16 15 7 5 17 6 9 15
COSTS 8 5 3 15 15 7 5 17 6 9 15
COSTS 8 5 3 15 15 7 5 17 6 9 15
COSTS 7 7 3 16 15 7 5 17 6 9 15
COSTS 4 5 3 16 15 7 5 17 6 9 15
COSTS 8 6 3 16 15 7 5 17 7 12 15
COSTS 8 5 3 16 15 6 5 17 6 9 15
COSTS 7 5 3 15 15 6 5 17 6 9 15
COSTS 7 6 5 19 15 7 5 17 6 9 15
COSTS 8 5 3 15 15 6 5 17 6 9 15
END
STATE 5365f6eb1f2cc845d2527e09d8efac7c366167017a0acc890a046b9d1d5b72d6 6002 24 32
LABELS 0 3 0 1 5 2 2 0 5 3 2 1 5 4 1 5 2 1 0 1 1 5 0 5
MASSES 19 11 19 23 15 10 28 20 27 9 23 1 13 17 8 21 13 8 16 5 7 23 24 12
QUERY_IDS 1 3 4 5 14 20 21 25 26 28 32 33 36 38 39 41 42 45 48 58 59 60 61 62 63 64 66 68 72 73 74 75
RESPONSES 0 0 0 0 1 1 1 0 0 1 0 0 1 0 0 1 1 1 1 0 1 1 1 1 1 1 0 0 0 0 0 0
RESPONSES 0 0 0 0 1 0 1 0 0 1 0 0 1 0 0 0 0 0 1 0 1 1 1 1 1 1 0 1 0 0 0 0
RESPONSES 0 0 0 0 1 1 1 0 0 0 0 0 1 0 0 0 0 1 1 0 1 1 1 1 1 1 0 0 0 0 0 0
RESPONSES 0 0 0 0 1 1 1 0 0 1 0 0 1 0 0 0 0 0 1 0 1 1 1 1 1 1 1 1 0 1 1 1
RESPONSES 0 0 0 0 1 1 1 0 0 0 0 0 1 0 0 0 0 0 1 1 1 1 1 1 1 1 0 1 0 0 0 0
RESPONSES 0 0 0 0 1 1 1 0 0 0 0 0 0 0 0 0 0 1 1 1 1 1 1 1 1 1 0 1 0 0 0 0
RESPONSES 0 0 0 0 1 1 1 0 0 0 0 0 1 0 0 0 0 1 1 0 1 1 1 1 1 1 0 1 0 0 0 0
RESPONSES 0 1 1 1 1 1 1 1 1 1 0 0 1 0 0 0 0 0 0 0 1 1 1 1 1 1 1 1 0 0 0 0
RESPONSES 0 0 0 0 1 1 1 0 0 0 0 0 0 0 0 0 0 0 1 1 1 1 1 1 1 1 1 1 0 0 0 0
RESPONSES 0 0 0 0 1 0 1 0 0 1 0 0 1 0 0 0 0 0 1 0 1 1 1 1 1 1 0 1 0 0 0 0
RESPONSES 0 0 0 0 1 1 1 0 0 0 0 0 1 0 0 0 0 1 1 1 1 1 1 1 1 1 1 1 0 0 0 0
RESPONSES 0 0 0 0 1 0 1 0 0 1 0 0 0 0 0 0 0 1 1 1 1 1 1 1 1 1 0 1 0 0 0 0
RESPONSES 0 1 1 1 1 1 1 0 0 0 0 0 1 0 0 0 0 0 0 1 1 1 1 1 1 1 1 1 0 0 0 0
RESPONSES 1 1 1 1 0 1 1 0 0 1 0 0 1 1 1 1 1 0 1 0 0 0 0 0 0 0 0 1 0 0 0 0
RESPONSES 0 0 0 0 1 0 0 0 0 0 1 1 1 0 0 1 1 0 1 0 0 0 0 0 0 0 0 1 1 1 1 1
RESPONSES 0 1 1 1 1 1 1 0 0 0 0 0 1 0 0 0 0 0 0 1 1 1 1 1 1 1 0 0 0 0 0 0
RESPONSES 0 0 0 0 1 1 1 0 0 0 0 0 1 0 0 0 0 1 1 0 1 1 1 1 1 1 0 1 0 0 0 0
RESPONSES 0 0 1 1 1 1 1 0 0 0 0 0 0 0 0 1 1 0 1 1 1 1 1 1 1 1 0 1 0 0 0 0
RESPONSES 0 0 0 0 1 1 1 0 0 0 0 0 1 0 0 0 0 1 1 0 1 1 1 1 1 1 0 1 0 0 0 0
RESPONSES 0 0 0 0 1 0 1 0 0 1 0 0 0 0 0 0 0 1 1 1 1 1 1 1 1 1 1 1 0 0 0 0
RESPONSES 0 0 1 1 1 1 1 0 0 0 0 0 0 0 0 1 1 0 1 1 1 1 1 1 1 1 0 1 0 0 0 0
RESPONSES 0 0 0 0 1 1 1 0 0 0 0 0 0 0 0 0 0 0 1 1 1 1 1 1 1 1 1 1 0 0 0 0
RESPONSES 0 1 1 1 1 1 1 0 0 0 0 0 1 0 0 0 0 1 1 0 1 1 1 1 1 1 0 0 0 0 0 0
RESPONSES 0 0 0 0 1 1 1 0 0 0 0 0 0 0 0 0 0 0 0 1 1 1 1 1 1 1 0 0 0 0 0 0
COSTS 19 9 3 14 5 5 13 11 15 17 8 9 15 16 13 3 13 11 8 15 4 3 17 6 7 11 9 10 10 5 17 2
COSTS 19 9 3 14 5 6 13 11 15 17 8 9 15 16 13 4 13 12 8 15 4 3 17 6 7 11 9 10 10 5 17 2
COSTS 19 9 3 14 5 5 13 11 15 18 8 9 15 16 13 4 13 11 8 15 4 3 17 6 7 11 9 10 10 5 17 2
COSTS 19 9 3 14 5 5 13 11 15 17 8 9 15 16 13 4 13 12 8 15 4 3 17 6 7 11 8 10 10 1 14 4
COSTS 19 9 3 14 5 5 13 11 15 18 8 9 15 16 13 4 13 12 8 14 4 3 17 6 7 11 9 10 10 5 17 2
COSTS 19 9 3 14 5 5 13 11 15 18 8 9 16 16 13 4 13 11 8 14 4 3 17 6 7 11 9 10 10 5 17 2
COSTS 19 9 3 14 5 5 13 11 15 18 8 9 15 16 13 4 13 11 8 15 4 3 17 6 7 11 9 10 10 5 17 2
COSTS 19 8 6 13 5 5 13 9 14 17 8 9 15 16 13 4 13 12 7 15 4 3 17 6 7 11 8 10 10 5 17 2
COSTS 19 9 3 14 5 5 13 11 15 18 8 9 16 16 13 4 13 12 8 14 4 3 17 6 7 11 8 10 10 5 17 2
COSTS 19 9 3 14 5 6 13 11 15 17 8 9 15 16 13 4 13 12 8 15 4 3 17 6 7 11 9 10 10 5 17 2
COSTS 19 9 3 14 5 5 13 11 15 18 8 9 15 16 13 4 13 11 8 14 4 3 17 6 7 11 8 10 10 5 17 2
COSTS 19 9 3 14 5 6 13 11 15 17 8 9 16 16 13 4 13 11 8 14 4 3 17 6 7 11 9 10 10 5 17 2
COSTS 19 8 6 13 5 5 13 11 15 18 8 9 15 16 13 4 13 12 7 14 4 3 17 6 7 11 8 10 10 5 17 2
COSTS 17 8 6 13 3 5 13 11 15 17 8 9 15 17 12 3 13 12 8 15 3 2 16 7 11 14 9 10 10 5 17 2
COSTS 19 9 3 14 5 6 14 11 15 18 10 11 15 16 13 3 13 12 8 15 3 2 16 7 11 14 9 10 10 1 14 4
COSTS 19 8 6 13 5 5 13 11 15 18 8 9 15 16 13 4 13 12 7 14 4 3 17 6 7 11 9 10 10 5 17 2
COSTS 19 9 3 14 5 5 13 11 15 18 8 9 15 16 13 4 13 11 8 15 4 3 17 6 7 11 9 10 10 5 17 2
COSTS 19 9 6 13 5 5 13 11 15 18 8 9 16 16 13 3 13 12 8 14 4 3 17 6 7 11 9 10 10 5 17 2
COSTS 19 9 3 14 5 5 13 11 15 18 8 9 15 16 13 4 13 11 8 15 4 3 17 6 7 11 9 10 10 5 17 2
COSTS 19 9 3 14 5 6 13 11 15 17 8 9 16 16 13 4 13 11 8 14 4 3 17 6 7 11 8 10 10 5 17 2
COSTS 19 9 6 13 5 5 13 11 15 18 8 9 16 16 13 3 13 12 8 14 4 3 17 6 7 11 9 10 10 5 17 2
COSTS 19 9 3 14 5 5 13 11 15 18 8 9 16 16 13 4 13 12 8 14 4 3 17 6 7 11 8 10 10 5 17 2
COSTS 19 8 6 13 5 5 13 11 15 18 8 9 15 16 13 4 13 11 8 15 4 3 17 6 7 11 9 10 10 5 17 2
COSTS 19 9 3 14 5 5 13 11 15 18 8 9 16 16 13 4 13 12 7 14 4 3 17 6 7 11 9 10 10 5 17 2
END
STATE 53c3ca5ec28b3e5dc5b39dcfb71f37d592d2feb0c10e8b3f1ba8d2a090ef1717 6001 24 36
LABELS 0 0 0 0 0 0 0 0 0 0 0 0 0 0 0 0 0 0 0 0 0 0 0 0
MASSES 28 23 8 14 27 15 5 5 16 11 21 6 26 29 23 2 3 16 10 15 13 24 19 8
QUERY_IDS 0 1 3 4 6 7 8 10 11 18 19 22 24 25 26 27 28 29 30 31 32 33 34 35 36 41 42 43 51 52 53 54 55 56 57 60
RESPONSES 0 1 1 1 1 1 0 0 0 0 0 0 0 0 0 0 0 0 0 0 0 0 0 0 0 0 0 0 0 0 0 0 0 0 0 1
RESPONSES 0 1 1 1 1 1 0 0 0 0 0 0 0 0 0 0 0 0 0 0 0 0 0 0 0 0 0 0 0 0 0 0 0 0 0 1
RESPONSES 1 1 1 1 1 1 0 1 0 0 0 0 0 0 0 0 0 0 0 0 0 0 0 0 0 0 0 0 0 0 0 0 0 0 0 1
RESPONSES 0 1 1 1 1 2 0 0 0 0 0 0 0 0 0 0 0 0 0 0 0 0 0 0 0 0 0 0 0 0 0 0 0 0 0 1
RESPONSES 0 1 1 1 1 1 0 0 0 0 0 0 0 0 0 0 0 0 0 0 0 0 0 0 0 0 0 0 0 0 0 0 0 0 0 1
RESPONSES 0 0 0 1 1 1 0 0 0 0 0 0 0 0 0 0 0 1 0 0 0 0 1 1 0 0 0 0 0 0 0 0 0 0 0 1
RESPONSES 0 0 1 1 1 1 0 0 0 0 0 0 0 0 0 0 0 0 0 0 0 0 0 0 0 0 0 0 0 0 0 0 0 0 0 1
RESPONSES 0 0 1 1 1 1 0 0 0 0 0 0 0 0 0 0 0 0 0 0 0 0 0 0 0 0 0 0 0 0 0 0 0 0 0 1
RESPONSES 0 0 1 1 1 1 0 0 0 0 0 0 0 0 0 0 0 0 0 0 0 0 0 0 0 0 0 0 0 0 0 0 0 0 0 1
RESPONSES 0 0 1 1 1 1 0 0 0 0 0 0 0 0 0 0 0 0 0 0 0 0 0 0 0 0 0 0 0 0 0 0 0 0 0 1
RESPONSES 0 0 1 1 1 1 0 0 0 0 0 0 0 0 0 0 0 0 0 0 0 0 0 0 0 0 0 0 0 0 0 0 0 0 0 1
RESPONSES 0 1 1 1 1 2 0 0 0 0 0 1 1 1 1 1 1 1 1 1 1 1 1 1 1 1 1 1 1 1 1 1 1 1 1 0
RESPONSES 0 0 0 0 1 1 0 0 1 0 0 0 0 0 0 0 0 0 0 0 0 0 0 0 0 0 0 0 0 0 0 0 0 0 0 1
RESPONSES 0 0 1 1 1 2 0 0 0 0 0 0 0 0 0 0 0 0 0 0 0 0 0 0 0 0 0 0 0 0 0 0 0 0 0 1
RESPONSES 0 0 0 0 1 2 0 0 0 0 0 1 1 1 1 1 1 1 1 1 1 1 1 1 1 1 1 1 0 0 0 0 0 0 0 1
RESPONSES 0 0 0 1 1 0 0 0 0 0 0 0 0 0 0 0 0 0 0 0 0 0 0 0 0 0 0 0 0 0 0 0 0 0 0 1
RESPONSES 0 0 0 0 1 2 0 0 0 0 1 0 0 0 0 0 0 0 0 0 0 0 0 0 0 0 0 0 0 0 0 0 0 0 0 1
RESPONSES 0 0 0 0 0 1 1 0 0 0 1 1 1 1 1 1 1 0 0 0 0 0 0 0 0 0 0 0 0 0 0 0 0 0 0 1
RESPONSES 1 1 1 1 1 1 0 0 0 0 0 0 0 0 0 0 0 0 0 0 0 0 0 0 0 0 0 0 0 0 0 0 0 0 0 1
RESPONSES 0 1 1 1 1 1 0 0 0 0 0 0 0 0 0 0 0 1 0 0 1 1 1 1 0 0 0 0 0 0 0 0 0 0 0 1
RESPONSES 0 0 1 1 1 1 0 0 0 1 1 0 0 0 0 0 0 0 0 0 0 0 0 0 0 0 0 0 0 0 0 0 0 0 0 1
RESPONSES 1 1 1 1 1 1 0 0 0 0 0 0 0 0 0 0 0 1 0 0 0 0 1 1 0 0 0 0 0 0 0 0 0 0 0 1
RESPONSES 0 0 0 0 1 2 0 0 0 0 0 1 1 1 1 1 1 0 0 0 0 0 0 0 0 0 0 0 0 0 0 0 0 0 0 1
RESPONSES 0 0 0 0 0 2 1 0 0 0 0 1 0 0 0 0 0 0 0 0 0 0 0 0 0 0 0 0 0 0 0 0 0 0 0 1
COSTS 9 11 15 15 4 12 12 15 2 6 8 10 13 14 11 14 16 16 4 17 14 3 12 5 7 12 15 10 5 7 12 11 11 13 2 6
COSTS 9 11 15 15 4 12 12 15 2 6 8 10 13 14 11 14 16 16 4 17 14 3 12 5 7 12 15 10 5 7 12 11 11 13 2 6
COSTS 6 11 15 15 4 12 12 14 2 6 8 10 13 14 11 14 16 16 4 17 14 3 12 5 7 12 15 10 5 7 12 11 11 13 2 6
COSTS 9 11 15 15 4 13 12 15 2 6 8 10 13 14 11 14 16 16 4 17 14 3 12 5 7 12 15 10 5 7 12 11 11 13 2 6
COSTS 9 11 15 15 4 12 12 15 2 6 8 10 13 14 11 14 16 16 4 17 14 3 12 5 7 12 15 10 5 7 12 11 11 13 2 6
COSTS 9 10 14 15 4 12 12 15 2 6 8 10 13 14 11 14 16 14 4 17 14 3 10 5 7 12 15 10 5 7 12 11 11 13 2 6
COSTS 9 10 15 15 4 12 12 15 2 6 8 10 13 14 11 14 16 16 4 17 14 3 12 5 7 12 15 10 5 7 12 11 11 13 2 6
COSTS 9 10 15 15 4 12 12 15 2 6 8 10 13 14 11 14 16 16 4 17 14 3 12 5 7 12 15 10 5 7 12 11 11 13 2 6
COSTS 9 10 15 15 4 12 12 15 2 6 8 10 13 14 11 14 16 16 4 17 14 3 12 5 7 12 15 10 5 7 12 11 11 13 2 6
COSTS 9 10 15 15 4 12 12 15 2 6 8 10 13 14 11 14 16 16 4 17 14 3 12 5 7 12 15 10 5 7 12 11 11 13 2 6
COSTS 9 10 15 15 4 12 12 15 2 6 8 10 13 14 11 14 16 16 4 17 14 3 12 5 7 12 15 10 5 7 12 11 11 13 2 6
COSTS 9 11 15 15 4 13 12 15 2 6 8 8 13 17 14 14 18 14 5 13 13 1 10 5 6 15 18 13 7 5 13 14 14 15 2 9
COSTS 9 10 14 11 4 12 12 15 2 6 8 10 13 14 11 14 16 16 4 17 14 3 12 5 7 12 15 10 5 7 12 11 11 13 2 6
COSTS 9 10 15 15 4 13 12 15 2 6 8 10 13 14 11 14 16 16 4 17 14 3 12 5 7 12 15 10 5 7 12 11 11 13 2 6
COSTS 9 10 14 11 4 13 12 15 2 6 8 8 13 17 14 14 18 14 5 13 13 1 10 5 6 15 18 13 5 7 12 11 11 13 2 6
COSTS 9 10 14 15 4 14 12 15 2 6 8 10 13 14 11 14 16 16 4 17 14 3 12 5 7 12 15 10 5 7 12 11 11 13 2 6
COSTS 9 10 14 11 4 13 12 15 2 6 4 10 13 14 11 14 16 16 4 17 14 3 12 5 7 12 15 10 5 7 12 11 11 13 2 6
COSTS 9 10 14 11 7 12 14 15 2 6 4 8 13 17 14 14 18 16 4 17 14 3 12 5 7 12 15 10 5 7 12 11 11 13 2 6
COSTS 6 11 15 15 4 12 12 15 2 6 8 10 13 14 11 14 16 16 4 17 14 3 12 5 7 12 15 10 5 7 12 11 11 13 2 6
COSTS 9 11 15 15 4 12 12 15 2 6 8 10 13 14 11 14 16 14 4 17 13 1 10 5 7 12 15 10 5 7 12 11 11 13 2 6
COSTS 9 10 15 15 4 12 12 15 2 8 4 10 13 14 11 14 16 16 4 17 14 3 12 5 7 12 15 10 5 7 12 11 11 13 2 6
COSTS 6 11 15 15 4 12 12 15 2 6 8 10 13 14 11 14 16 14 4 17 14 3 10 5 7 12 15 10 5 7 12 11 11 13 2 6
COSTS 9 10 14 11 4 13 12 15 2 6 8 8 13 17 14 14 18 16 4 17 14 3 12 5 7 12 15 10 5 7 12 11 11 13 2 6
COSTS 9 10 14 11 7 13 14 15 2 6 8 8 13 14 11 14 16 16 4 17 14 3 12 5 7 12 15 10 5 7 12 11 11 13 2 6
END
STATE 5495b99c4e689ee79dde4f313dc9a9f3fd549fb92c457bccda067a11f5507b56 6002 24 24
LABELS 1 0 0 1 0 0 0 1 1 0 1 0 0 0 1 1 1 0 0 1 1 0 1 0
MASSES 22 17 16 17 31 28 28 2 31 25 29 24 5 13 11 5 5 1 30 12 16 30 15 24
QUERY_IDS 1 2 3 5 6 7 8 10 12 15 18 19 20 26 27 28 29 31 35 39 43 44 50 51
RESPONSES 0 0 0 1 0 0 0 1 1 0 0 0 1 1 1 1 1 1 1 1 1 1 0 0
RESPONSES 0 0 0 1 0 0 0 1 1 0 1 1 1 1 1 1 1 1 1 0 0 0 0 0
RESPONSES 0 0 0 1 0 0 0 1 1 0 1 1 1 1 1 1 1 0 1 0 0 0 1 1
RESPONSES 0 0 0 0 0 0 0 1 1 1 1 1 1 1 1 1 1 1 1 0 1 1 1 1
RESPONSES 1 1 1 1 0 0 0 1 1 1 1 1 1 1 1 1 1 1 1 0 0 0 0 0
RESPONSES 0 0 0 1 0 1 1 1 1 1 1 1 1 1 1 1 1 0 1 0 1 1 1 1
RESPONSES 0 1 1 1 1 1 1 1 1 0 1 1 1 1 1 1 1 0 1 0 1 1 1 1
RESPONSES 0 0 0 1 0 0 0 1 1 1 1 1 1 1 1 1 1 0 1 1 1 1 1 1
RESPONSES 0 0 0 1 0 0 0 1 1 0 1 1 1 1 1 1 1 0 1 1 1 1 0 0
RESPONSES 0 0 0 1 0 1 1 1 1 0 1 1 1 1 1 1 1 0 0 0 1 1 0 0
RESPONSES 0 0 0 1 0 0 0 0 1 0 1 1 1 1 1 1 1 0 0 0 1 1 0 1
RESPONSES 0 0 0 1 0 0 0 0 1 1 1 1 1 1 1 1 1 1 1 1 1 1 0 0
RESPONSES 0 0 0 1 0 0 0 0 1 1 1 1 1 1 1 1 1 0 1 0 1 1 1 1
RESPONSES 0 0 0 1 0 0 0 1 1 0 1 1 1 1 1 1 1 0 1 0 1 1 0 0
RESPONSES 0 0 0 0 0 0 0 0 1 0 1 1 1 1 1 1 1 0 1 1 1 1 0 1
RESPONSES 0 0 0 1 0 0 0 0 0 0 0 0 1 1 1 1 1 0 0 0 1 1 0 0
RESPONSES 0 0 0 1 0 0 0 1 1 1 1 1 1 1 1 1 1 0 1 0 1 1 0 1
RESPONSES 0 1 1 1 0 0 0 0 0 0 1 1 0 0 0 0 0 0 1 0 1 1 1 1
RESPONSES 0 0 0 0 0 0 0 0 0 0 1 1 1 1 1 1 1 0 0 1 1 1 1 1
RESPONSES 0 0 0 1 0 0 0 0 1 0 0 0 1 1 1 1 1 0 0 1 1 1 0 0
RESPONSES 0 0 0 0 0 0 0 1 1 1 1 1 1 1 1 1 1 0 1 0 0 0 1 1
RESPONSES 1 1 1 1 0 0 0 1 1 0 0 0 1 1 1 1 1 0 0 0 0 0 0 0
RESPONSES 0 0 0 0 0 0 0 1 1 1 1 1 1 1 1 1 1 0 1 0 1 1 0 1
RESPONSES 0 0 0 0 0 0 0 0 1 0 1 1 1 1 1 1 1 0 1 0 0 0 0 0
COSTS 5 15 14 19 14 18 13 9 12 13 5 8 11 9 4 14 10 17 13 2 8 13 11 6
COSTS 5 15 14 19 14 18 13 9 12 13 8 8 11 9 4 14 10 17 13 2 8 11 11 6
COSTS 5 15 14 19 14 18 13 9 12 13 8 8 11 9 4 14 10 18 13 2 8 11 11 7
COSTS 5 15 14 18 14 18 13 9 12 14 8 8 11 9 4 14 10 17 13 2 8 13 11 7
COSTS 4 11 16 19 14 18 13 9 12 14 8 8 11 9 4 14 10 17 13 2 8 11 11 6
COSTS 5 15 14 19 14 15 13 9 12 14 8 8 11 9 4 14 10 18 13 2 8 13 11 7
COSTS 5 11 16 19 18 15 13 9 12 13 8 8 11 9 4 14 10 18 13 2 8 13 11 7
COSTS 5 15 14 19 14 18 13 9 12 14 8 8 11 9 4 14 10 18 13 2 8 13 11 7
COSTS 5 15 14 19 14 18 13 9 12 13 8 8 11 9 4 14 10 18 13 2 8 13 11 6
COSTS 5 15 14 19 14 15 13 9 12 13 8 8 11 9 4 14 10 18 14 2 8 13 11 6
COSTS 5 15 14 19 14 18 13 9 12 13 8 8 11 9 4 14 10 18 14 2 8 13 11 7
COSTS 5 15 14 19 14 18 13 9 12 14 8 8 11 9 4 14 10 17 13 2 8 13 11 6
COSTS 5 15 14 19 14 18 13 9 12 14 8 8 11 9 4 14 10 18 13 2 8 13 11 7
COSTS 5 15 14 19 14 18 13 9 12 13 8 8 11 9 4 14 10 18 13 2 8 13 11 6
COSTS 5 15 14 18 14 18 13 9 12 13 8 8 11 9 4 14 10 18 13 2 8 13 11 7
COSTS 5 15 14 19 14 18 13 9 10 13 5 8 11 9 4 14 10 18 14 2 8 13 11 6
COSTS 5 15 14 19 14 18 13 9 12 14 8 8 11 9 4 14 10 18 13 2 8 13 11 7
COSTS 5 11 16 19 14 18 13 9 10 13 8 8 7 8 6 11 7 18 13 2 8 13 11 7
COSTS 5 15 14 18 14 18 13 9 10 13 8 8 11 9 4 14 10 18 14 2 8 13 11 7
COSTS 5 15 14 19 14 18 13 9 12 13 5 8 11 9 4 14 10 18 14 2 8 13 11 6
COSTS 5 15 14 18 14 18 13 9 12 14 8 8 11 9 4 14 10 18 13 2 8 11 11 7
COSTS 4 11 16 19 14 18 13 9 12 13 5 8 11 9 4 14 10 18 14 2 8 11 11 6
COSTS 5 15 14 18 14 18 13 9 12 14 8 8 11 9 4 14 10 18 13 2 8 13 11 7
COSTS 5 15 14 18 14 18 13 9 12 13 8 8 11 9 4 14 10 18 13 2 8 11 11 6
END
STATE 54997acb8c699b85bc9f3e3858bc4f7f0c751c0d1a6954a110fd7778a62ab64b 6002 24 36
LABELS 0 0 0 0 0 0 0 0 0 0 0 0 0 0 0 0 0 0 0 0 0 0 0 0
MASSES 19 16 30 21 30 4 26 5 12 1 30 16 8 27 10 7 10 14 23 2 11 14 9 3
QUERY_IDS 0 2 3 4 5 6 7 8 11 18 19 22 24 25 26 27 28 29 30 31 32 33 34 35 36 41 42 43 51 52 53 54 55 56 57 60
RESPONSES 0 1 1 1 1 1 1 0 0 0 0 0 0 0 0 0 0 0 0 0 0 0 0 0 0 0 0 0 0 0 0 0 0 0 0 1
RESPONSES 0 1 1 1 1 1 1 0 0 0 0 0 0 0 0 0 0 0 0 0 0 0 0 0 0 0 0 0 0 0 0 0 0 0 0 1
RESPONSES 1 1 1 1 1 1 1 0 0 0 0 0 0 0 0 0 0 0 0 0 0 0 0 0 0 0 0 0 0 0 0 0 0 0 0 1
RESPONSES 0 1 1 1 1 1 2 0 0 0 0 0 0 0 0 0 0 0 0 0 0 0 0 0 0 0 0 0 0 0 0 0 0 0 0 1
RESPONSES 0 1 1 1 1 1 1 0 0 0 0 0 0 0 0 0 0 0 0 0 0 0 0 0 0 0 0 0 0 0 0 0 0 0 0 1
RESPONSES 0 0 0 1 1 1 1 0 0 0 0 0 0 0 0 0 0 1 0 0 0 0 1 1 0 0 0 0 0 0 0 0 0 0 0 1
RESPONSES 0 1 1 1 1 1 1 0 0 0 0 0 0 0 0 0 0 0 0 0 0 0 0 0 0 0 0 0 0 0 0 0 0 0 0 1
RESPONSES 0 1 1 1 1 1 1 0 0 0 0 0 0 0 0 0 0 0 0 0 0 0 0 0 0 0 0 0 0 0 0 0 0 0 0 1
RESPONSES 0 1 1 1 1 1 1 0 0 0 0 0 0 0 0 0 0 0 0 0 0 0 0 0 0 0 0 0 0 0 0 0 0 0 0 1
RESPONSES 0 0 1 1 1 1 1 0 0 0 0 0 0 0 0 0 0 0 0 0 0 0 0 0 0 0 0 0 0 0 0 0 0 0 0 1
RESPONSES 0 0 1 1 1 1 1 0 0 0 0 0 0 0 0 0 0 0 0 0 0 0 0 0 0 0 0 0 0 0 0 0 0 0 0 1
RESPONSES 0 1 1 1 1 1 2 0 0 0 0 1 1 1 1 1 1 1 1 1 1 1 1 1 1 1 1 1 1 1 1 1 1 1 1 0
RESPONSES 0 0 0 0 1 1 1 0 1 0 0 0 0 0 0 0 0 0 0 0 0 0 0 0 0 0 0 0 0 0 0 0 0 0 0 1
RESPONSES 0 0 1 1 1 1 2 0 0 0 0 0 0 0 0 0 0 0 0 0 0 0 0 0 0 0 0 0 0 0 0 0 0 0 0 1
RESPONSES 0 0 0 0 0 1 2 0 0 0 0 1 1 1 1 1 1 1 1 1 1 1 1 1 1 1 1 1 0 0 0 0 0 0 0 1
RESPONSES 0 0 0 1 1 1 0 0 0 0 0 0 0 0 0 0 0 0 0 0 0 0 0 0 0 0 0 0 0 0 0 0 0 0 0 1
RESPONSES 0 0 0 0 0 1 2 0 0 0 1 0 0 0 0 0 0 0 0 0 0 0 0 0 0 0 0 0 0 0 0 0 0 0 0 1
RESPONSES 0 0 0 0 0 0 1 1 0 0 1 1 1 1 1 1 1 0 0 0 0 0 0 0 0 0 0 0 0 0 0 0 0 0 0 1
RESPONSES 1 1 1 1 1 1 1 0 0 0 0 0 0 0 0 0 0 0 0 0 0 0 0 0 0 0 0 0 0 0 0 0 0 0 0 1
RESPONSES 0 1 1 1 1 1 1 0 0 0 0 0 0 0 0 0 0 1 0 0 1 1 1 1 0 0 0 0 0 0 0 0 0 0 0 1
RESPONSES 0 1 1 1 1 1 1 0 0 1 1 0 0 0 0 0 0 0 0 0 0 0 0 0 0 0 0 0 0 0 0 0 0 0 0 1
RESPONSES 1 1 1 1 1 1 1 0 0 0 0 0 0 0 0 0 0 1 0 0 0 0 1 1 0 0 0 0 0 0 0 0 0 0 0 1
RESPONSES 0 0 0 0 0 1 2 0 0 0 0 1 1 1 1 1 1 0 0 0 0 0 0 0 0 0 0 0 0 0 0 0 0 0 0 1
RESPONSES 0 0 0 0 0 0 2 1 0 0 0 1 0 0 0 0 0 0 0 0 0 0 0 0 0 0 0 0 0 0 0 0 0 0 0 1
COSTS 10 7 6 13 13 12 14 6 7 17 11 6 11 12 5 9 4 6 2 9 17 1 11 8 15 14 16 13 13 15 9 7 8 7 12 5
COSTS 10 7 6 13 13 12 14 6 7 17 11 6 11 12 5 9 4 6 2 9 17 1 11 8 15 14 16 13 13 15 9 7 8 7 12 5
COSTS 7 7 6 13 13 12 14 6 7 17 11 6 11 12 5 9 4 6 2 9 17 1 11 8 15 14 16 13 13 15 9 7 8 7 12 5
COSTS 10 7 6 13 13 12 16 6 7 17 11 6 11 12 5 9 4 6 2 9 17 1 11 8 15 14 16 13 13 15 9 7 8 7 12 5
COSTS 10 7 6 13 13 12 14 6 7 17 11 6 11 12 5 9 4 6 2 9 17 1 11 8 15 14 16 13 13 15 9 7 8 7 12 5
COSTS 10 8 5 13 13 12 14 6 7 17 11 6 11 12 5 9 4 5 2 9 17 1 13 8 15 14 16 13 13 15 9 7 8 7 12 5
COSTS 10 7 6 13 13 12 14 6 7 17 11 6 11 12 5 9 4 6 2 9 17 1 11 8 15 14 16 13 13 15 9 7 8 7 12 5
COSTS 10 7 6 13 13 12 14 6 7 17 11 6 11 12 5 9 4 6 2 9 17 1 11 8 15 14 16 13 13 15 9 7 8 7 12 5
COSTS 10 7 6 13 13 12 14 6 7 17 11 6 11 12 5 9 4 6 2 9 17 1 11 8 15 14 16 13 13 15 9 7 8 7 12 5
COSTS 10 8 6 13 13 12 14 6 7 17 11 6 11 12 5 9 4 6 2 9 17 1 11 8 15 14 16 13 13 15 9 7 8 7 12 5
COSTS 10 8 6 13 13 12 14 6 7 17 11 6 11 12 5 9 4 6 2 9 17 1 11 8 15 14 16 13 13 15 9 7 8 7 12 5
COSTS 10 7 6 13 13 12 16 6 7 17 11 2 12 16 8 12 3 5 3 9 13 3 13 8 13 11 18 11 14 16 6 9 5 7 10 3
COSTS 10 8 5 15 13 12 14 6 10 17 11 6 11 12 5 9 4 6 2 9 17 1 11 8 15 14 16 13 13 15 9 7 8 7 12 5
COSTS 10 8 6 13 13 12 16 6 7 17 11 6 11 12 5 9 4 6 2 9 17 1 11 8 15 14 16 13 13 15 9 7 8 7 12 5
COSTS 10 8 5 15 13 12 16 6 7 17 11 2 12 16 8 12 3 5 3 9 13 3 13 8 13 11 18 11 13 15 9 7 8 7 12 5
COSTS 10 8 5 13 13 12 18 6 7 17 11 6 11 12 5 9 4 6 2 9 17 1 11 8 15 14 16 13 13 15 9 7 8 7 12 5
COSTS 10 8 5 15 13 12 16 6 7 17 10 6 11 12 5 9 4 6 2 9 17 1 11 8 15 14 16 13 13 15 9 7 8 7 12 5
COSTS 10 8 5 15 13 12 14 5 7 17 10 2 12 16 8 12 3 6 2 9 17 1 11 8 15 14 16 13 13 15 9 7 8 7 12 5
COSTS 7 7 6 13 13 12 14 6 7 17 11 6 11 12 5 9 4 6 2 9 17 1 11 8 15 14 16 13 13 15 9 7 8 7 12 5
COSTS 10 7 6 13 13 12 14 6 7 17 11 6 11 12 5 9 4 5 2 9 13 3 13 8 15 14 16 13 13 15 9 7 8 7 12 5
COSTS 10 7 6 13 13 12 14 6 7 14 10 6 11 12 5 9 4 6 2 9 17 1 11 8 15 14 16 13 13 15 9 7 8 7 12 5
COSTS 7 7 6 13 13 12 14 6 7 17 11 6 11 12 5 9 4 5 2 9 17 1 13 8 15 14 16 13 13 15 9 7 8 7 12 5
COSTS 10 8 5 15 13 12 16 6 7 17 11 2 12 16 8 12 3 6 2 9 17 1 11 8 15 14 16 13 13 15 9 7 8 7 12 5
COSTS 10 8 5 15 13 12 16 5 7 17 11 2 11 12 5 9 4 6 2 9 17 1 11 8 15 14 16 13 13 15 9 7 8 7 12 5
END
STATE 55a5851bb13840de353cd8338925edc007f443920f842b516966f982e5d30563 6003 24 11
LABELS 3 0 2 2 2 0 2 0 1 1 0 0 0 2 1 3 3 2 3 0 3 3 1 3
MASSES 21 27 22 25 14 19 19 1 7 23 10 6 15 21 19 5 28 25 7 25 20 22 21 12
QUERY_IDS 0 1 2 3 4 6 7 8 9 10 11
RESPONSES 4 2 0 2 0 1 0 1 0 0 0
RESPONSES 5 1 0 1 0 1 0 0 0 0 0
RESPONSES 0 1 0 1 0 1 0 0 0 0 0
RESPONSES 0 1 0 1 0 1 0 0 0 0 0
RESPONSES 2 1 0 2 0 1 0 1 0 0 0
RESPONSES 5 1 0 2 0 1 0 1 0 0 0
RESPONSES 3 1 0 2 0 1 0 1 0 0 0
RESPONSES 5 0 0 2 0 1 0 0 0 0 0
RESPONSES 4 1 0 2 0 1 0 1 0 0 0
RESPONSES 0 1 0 1 0 1 0 1 0 0 0
RESPONSES 5 1 0 2 0 1 0 0 0 0 0
RESPONSES 5 1 0 2 0 1 0 0 0 0 0
RESPONSES 5 1 0 2 0 1 0 0 0 0 0
RESPONSES 2 0 0 2 0 1 0 1 0 0 0
RESPONSES 1 0 1 2 0 1 0 1 0 0 0
RESPONSES 4 2 0 1 0 1 0 1 0 0 0
RESPONSES 4 2 0 1 0 1 0 1 0 0 0
RESPONSES 0 0 0 2 0 1 0 1 0 0 0
RESPONSES 1 2 0 2 0 1 0 1 0 0 0
RESPONSES 5 1 0 2 0 1 0 1 1 1 0
RESPONSES 4 2 0 2 0 0 0 1 0 0 0
RESPONSES 3 2 0 1 0 0 0 1 0 0 0
RESPONSES 3 1 1 0 0 1 0 1 0 0 0
RESPONSES 4 2 0 1 0 0 0 1 0 0 0
COSTS 12 16 9 7 16 14 16 14 7 4 17
COSTS 8 13 9 5 16 14 16 18 7 4 17
COSTS 11 13 9 5 16 14 16 18 7 4 17
COSTS 11 13 9 5 16 14 16 18 7 4 17
COSTS 8 13 9 7 16 14 16 14 7 4 17
COSTS 8 13 9 7 16 14 16 14 7 4 17
COSTS 8 13 9 7 16 14 16 14 7 4 17
COSTS 8 14 9 7 16 14 16 18 7 4 17
COSTS 12 13 9 7 16 14 16 14 7 4 17
COSTS 11 13 9 5 16 14 16 14 7 4 17
COSTS 8 13 9 7 16 14 16 18 7 4 17
COSTS 8 13 9 7 16 14 16 18 7 4 17
COSTS 8 13 9 7 16 14 16 18 7 4 17
COSTS 8 14 9 7 16 14 16 14 7 4 17
COSTS 12 14 9 7 16 14 16 14 7 4 17
COSTS 12 16 9 5 16 14 16 14 7 4 17
COSTS 12 16 9 5 16 14 16 14 7 4 17
COSTS 11 14 9 7 16 14 16 14 7 4 17
COSTS 12 16 9 7 16 14 16 14 7 4 17
COSTS 8 13 9 7 16 14 16 14 11 8 17
COSTS 12 16 9 7 16 13 16 14 7 4 17
COSTS 8 16 9 5 16 13 16 14 7 4 17
COSTS 8 13 9 8 16 14 16 14 7 4 17
COSTS 12 16 9 5 16 13 16 14 7 4 17
END
STATE 55b759a0d6c7a960832aaeefb267aada1672c56f08fe221ba6aefc6e9c5b4122 6002 24 32
LABELS 5 5 0 1 5 2 5 2 5 3 3 5 2 1 4 5 2 1 2 1 0 1 5 5
MASSES 1 31 19 23 15 10 8 16 22 25 8 8 23 19 29 15 28 30 13 8 16 7 18 5
QUERY_IDS 0 1 2 3 4 23 24 25 26 28 30 31 32 33 40 41 44 45 46 47 49 50 52 53 54 55 56 69 70 74 75 76
RESPONSES 0 0 0 0 0 0 0 0 0 1 0 0 0 0 0 0 0 0 0 0 0 0 0 0 0 0 0 1 1 1 1 1
RESPONSES 1 0 0 0 0 0 0 0 0 0 0 0 0 0 1 1 1 1 1 1 1 1 1 1 1 1 1 0 0 0 0 0
RESPONSES 1 0 0 0 0 0 0 0 0 0 0 0 0 0 0 0 1 1 1 1 1 1 1 1 1 1 1 1 1 0 0 0
RESPONSES 0 0 0 0 0 0 0 0 0 1 0 0 0 0 0 0 0 0 0 0 1 1 1 1 1 1 1 1 1 1 1 1
RESPONSES 0 0 0 0 0 0 0 0 0 0 0 0 0 0 0 0 0 0 1 1 1 1 1 1 1 1 1 1 1 0 0 0
RESPONSES 1 0 0 0 0 0 0 0 0 0 0 0 0 0 0 0 1 1 1 1 1 1 1 1 1 1 1 1 1 0 0 0
RESPONSES 0 0 0 0 0 0 0 0 0 1 0 0 0 0 0 0 0 0 0 0 0 0 0 0 0 0 0 1 1 1 1 1
RESPONSES 0 0 0 0 0 0 0 0 0 0 0 0 0 0 0 0 1 1 1 1 1 1 1 1 1 1 1 1 1 0 0 0
RESPONSES 1 1 1 1 1 0 0 0 0 0 0 0 0 1 0 0 0 0 0 0 0 0 0 0 0 0 0 1 1 1 1 1
RESPONSES 1 0 0 0 0 0 0 0 0 1 1 1 1 1 0 0 0 0 0 0 1 1 0 0 1 1 1 1 1 0 0 0
RESPONSES 0 0 0 0 1 0 0 0 0 0 0 0 0 1 1 1 0 0 0 0 1 1 1 1 1 1 1 0 0 0 0 0
RESPONSES 1 1 1 1 1 0 0 0 0 0 0 0 0 0 0 0 0 0 0 0 1 1 0 0 0 0 0 1 1 1 1 1
RESPONSES 0 0 0 0 0 0 0 0 0 0 0 0 0 0 0 0 1 1 1 1 1 1 1 1 1 1 1 1 1 0 0 0
RESPONSES 0 0 0 0 1 0 0 0 0 0 0 0 0 0 1 1 0 0 0 1 1 1 1 1 1 1 1 1 1 0 0 0
RESPONSES 1 0 0 0 0 1 1 1 1 1 0 0 0 0 0 0 0 0 0 1 1 1 0 0 0 0 0 1 1 0 0 0
RESPONSES 1 0 0 0 0 0 0 0 0 0 0 0 0 0 0 0 0 0 0 0 1 1 0 0 1 1 1 1 1 0 0 0
RESPONSES 0 0 0 0 0 0 0 0 0 0 0 0 0 0 0 0 1 1 1 1 1 1 1 1 1 1 1 1 1 0 0 0
RESPONSES 0 0 0 0 0 0 0 0 0 1 0 0 0 0 0 0 0 0 0 0 0 0 1 1 1 1 1 1 1 1 1 1
RESPONSES 1 0 0 0 0 0 0 0 0 0 0 0 0 0 0 0 1 1 1 1 1 1 1 1 1 1 1 1 1 0 0 0
RESPONSES 0 0 0 0 1 0 0 0 0 0 0 0 0 0 1 1 0 0 0 0 1 1 1 1 1 1 1 1 1 0 0 0
RESPONSES 1 0 0 0 0 0 0 0 0 0 0 0 0 0 0 0 1 1 1 1 1 1 1 1 1 1 1 1 1 0 0 0
RESPONSES 0 0 0 0 1 0 0 0 0 0 0 0 0 0 1 1 0 0 0 0 1 1 1 1 1 1 1 1 1 0 0 0
RESPONSES 0 0 0 0 0 0 0 0 0 1 0 0 0 0 0 0 0 0 0 0 0 0 0 0 0 0 0 1 1 1 1 1
RESPONSES 1 0 0 0 0 0 0 0 0 0 0 0 0 0 1 1 1 1 1 1 1 1 1 1 1 1 1 0 0 0 0 0
COSTS 18 19 11 9 3 15 5 11 15 17 7 6 8 9 11 4 11 12 14 15 4 15 15 6 11 5 2 9 14 14 4 1
COSTS 16 19 11 9 3 15 5 11 15 18 7 6 8 9 11 3 12 11 13 18 8 15 15 6 11 5 2 9 15 17 2 1
COSTS 16 19 11 9 3 15 5 11 15 18 7 6 8 9 11 4 12 11 13 18 8 15 15 6 11 5 2 9 14 17 2 1
COSTS 18 19 11 9 3 15 5 11 15 17 7 6 8 9 11 4 11 12 14 15 8 15 15 6 11 5 2 9 14 14 4 1
COSTS 18 19 11 9 3 15 5 11 15 18 7 6 8 9 11 4 11 12 13 18 8 15 15 6 11 5 2 9 14 17 2 1
COSTS 16 19 11 9 3 15 5 11 15 18 7 6 8 9 11 4 12 11 13 18 8 15 15 6 11 5 2 9 14 17 2 1
COSTS 18 19 11 9 3 15 5 11 15 17 7 6 8 9 11 4 11 12 14 15 4 15 15 6 11 5 2 9 14 14 4 1
COSTS 18 19 11 9 3 15 5 11 15 18 7 6 8 9 11 4 12 11 13 18 8 15 15 6 11 5 2 9 14 17 2 1
COSTS 16 17 11 8 6 15 5 11 15 18 7 6 8 11 11 4 11 12 14 15 4 15 15 6 11 5 2 9 14 14 4 1
COSTS 16 19 11 9 3 15 5 11 15 17 7 8 10 11 11 4 11 12 14 15 8 15 15 6 11 5 2 9 14 17 2 1
COSTS 18 19 11 9 6 15 5 11 15 18 7 6 8 11 11 3 11 12 14 15 8 15 15 6 11 5 2 9 15 17 2 1
COSTS 16 17 11 8 6 15 5 11 15 18 7 6 8 9 11 4 11 12 14 15 8 15 15 6 11 5 2 9 14 14 4 1
COSTS 18 19 11 9 3 15 5 11 15 18 7 6 8 9 11 4 12 11 13 18 8 15 15 6 11 5 2 9 14 17 2 1
COSTS 18 19 11 9 6 15 5 11 15 18 7 6 8 9 11 3 11 12 14 18 8 15 15 6 11 5 2 9 14 17 2 1
COSTS 16 19 11 9 3 12 7 9 14 17 7 6 8 9 11 4 11 12 14 18 8 15 15 6 11 5 2 9 14 17 2 1
COSTS 16 19 11 9 3 15 5 11 15 18 7 6 8 9 11 4 11 12 14 15 8 15 15 6 11 5 2 9 14 17 2 1
COSTS 18 19 11 9 3 15 5 11 15 18 7 6 8 9 11 4 12 11 13 18 8 15 15 6 11 5 2 9 14 17 2 1
COSTS 18 19 11 9 3 15 5 11 15 17 7 6 8 9 11 4 11 12 14 15 4 15 15 6 11 5 2 9 14 14 4 1
COSTS 16 19 11 9 3 15 5 11 15 18 7 6 8 9 11 4 12 11 13 18 8 15 15 6 11 5 2 9 14 17 2 1
COSTS 18 19 11 9 6 15 5 11 15 18 7 6 8 9 11 3 11 12 14 15 8 15 15 6 11 5 2 9 14 17 2 1
COSTS 16 19 11 9 3 15 5 11 15 18 7 6 8 9 11 4 12 11 13 18 8 15 15 6 11 5 2 9 14 17 2 1
COSTS 18 19 11 9 6 15 5 11 15 18 7 6 8 9 11 3 11 12 14 15 8 15 15 6 11 5 2 9 14 17 2 1
COSTS 18 19 11 9 3 15 5 11 15 17 7 6 8 9 11 4 11 12 14 15 4 15 15 6 11 5 2 9 14 14 4 1
COSTS 16 19 11 9 3 15 5 11 15 18 7 6 8 9 11 3 12 11 13 18 8 15 15 6 11 5 2 9 15 17 2 1
END
STATE 576317ab2bfe36d708edafbb70ffe4c692d6dd8c890395eab70a6889ec057b57 6003 24 11
LABELS 1 4 0 1 2 1 4 0 0 0 0 4 4 1 1 1 2 2 0 2 2 2 3 4
MASSES 13 7 16 24 2 7 23 20 31 6 26 29 3 16 14 19 17 25 19 9 30 27 28 24
QUERY_IDS 0 1 2 3 4 6 7 8 9 10 11
RESPONSES 2 0 0 1 0 1 0 0 0 0 0
RESPONSES 4 2 0 1 0 1 0 1 0 0 0
RESPONSES 5 1 0 0 0 1 0 0 0 0 0
RESPONSES 3 1 0 1 0 1 0 1 0 0 0
RESPONSES 4 1 0 1 0 1 0 1 0 0 0
RESPONSES 4 1 0 1 0 1 0 1 0 0 0
RESPONSES 0 2 0 0 0 1 0 1 0 0 0
RESPONSES 5 1 0 1 0 1 0 0 0 0 0
RESPONSES 5 1 0 1 0 1 0 0 0 0 0
RESPONSES 5 1 0 1 0 1 0 0 0 0 0
RESPONSES 5 1 0 1 0 1 0 0 0 0 0
RESPONSES 3 2 0 0 0 1 0 1 0 0 0
RESPONSES 4 2 0 0 0 1 0 1 0 0 0
RESPONSES 1 0 1 0 1 1 0 1 1 1 0
RESPONSES 0 0 0 1 0 1 0 1 0 0 0
RESPONSES 4 1 0 0 0 1 0 1 0 0 0
RESPONSES 0 0 0 0 0 1 0 1 0 0 0
RESPONSES 0 0 0 0 0 1 0 1 0 0 0
RESPONSES 5 1 1 1 0 1 0 1 0 1 0
RESPONSES 4 0 0 1 0 1 0 0 0 0 0
RESPONSES 0 0 0 0 0 1 0 0 0 0 0
RESPONSES 4 1 0 1 0 1 0 1 1 0 0
RESPONSES 2 1 0 1 0 1 0 1 1 0 0
RESPONSES 3 2 0 0 0 0 0 1 0 0 0
COSTS 8 14 9 7 16 14 16 18 7 4 17
COSTS 12 16 9 7 16 14 16 14 7 4 17
COSTS 8 13 9 5 16 14 16 18 7 4 17
COSTS 8 13 9 7 16 14 16 14 7 4 17
COSTS 12 13 9 7 16 14 16 14 7 4 17
COSTS 12 13 9 7 16 14 16 14 7 4 17
COSTS 11 16 9 5 16 14 16 14 7 4 17
COSTS 8 13 9 7 16 14 16 18 7 4 17
COSTS 8 13 9 7 16 14 16 18 7 4 17
COSTS 8 13 9 7 16 14 16 18 7 4 17
COSTS 8 13 9 7 16 14 16 18 7 4 17
COSTS 8 16 9 5 16 14 16 14 7 4 17
COSTS 12 16 9 5 16 14 16 14 7 4 17
COSTS 12 14 9 5 15 14 16 14 11 8 17
COSTS 11 14 9 7 16 14 16 14 7 4 17
COSTS 12 13 9 5 16 14 16 14 7 4 17
COSTS 11 14 9 5 16 14 16 14 7 4 17
COSTS 11 14 9 5 16 14 16 14 7 4 17
COSTS 8 13 9 7 16 14 16 14 7 8 17
COSTS 12 14 9 7 16 14 16 18 7 4 17
COSTS 11 14 9 5 16 14 16 18 7 4 17
COSTS 12 13 9 7 16 14 16 14 11 4 17
COSTS 8 13 9 7 16 14 16 14 11 4 17
COSTS 8 16 9 5 16 13 16 14 7 4 17
END
STATE 5791e0d4caa627704512df1fb16fb1c1a3e7aed46de5c9af9de5c302c18dc33e 6001 24 28
LABELS 0 0 0 0 0 0 0 0 0 1 0 0 0 0 0 0 1 0 0 0 0 0 0 0
MASSES 17 27 2 21 9 31 4 13 20 15 15 19 3 18 11 8 31 3 23 18 17 9 7 29
QUERY_IDS 0 1 2 3 4 5 7 8 9 10 11 12 15 16 17 19 20 21 22 23 25 26 27 28 29 30 31 32
RESPONSES 0 0 1 1 1 1 1 1 1 1 1 1 1 1 1 1 1 1 1 1 1 1 1 1 1 1 1 1
RESPONSES 0 0 1 1 1 1 1 1 1 1 1 1 1 1 1 1 1 1 1 1 1 1 1 1 1 1 1 1
RESPONSES 0 0 1 1 1 1 0 1 1 1 0 1 0 1 1 1 1 1 1 1 0 0 1 1 1 0 1 1
RESPONSES 1 1 1 1 1 1 1 1 1 1 1 1 1 1 1 1 1 1 1 1 0 1 1 1 1 1 1 1
RESPONSES 0 0 0 0 1 1 0 0 1 1 1 1 1 1 1 1 1 1 1 1 1 1 1 1 1 1 1 1
RESPONSES 0 1 1 1 1 1 0 0 1 1 1 1 1 1 1 1 1 1 1 1 0 1 1 1 1 1 1 1
RESPONSES 0 0 0 0 1 1 1 1 1 1 1 1 1 1 1 1 1 1 1 1 1 1 1 1 1 1 1 1
RESPONSES 0 0 0 1 1 1 1 1 1 1 1 1 1 1 1 1 1 1 1 1 0 0 1 1 1 1 1 1
RESPONSES 0 0 0 1 1 1 0 1 1 1 1 1 1 1 1 1 1 1 1 1 1 1 1 1 1 1 1 1
RESPONSES 0 0 0 0 0 1 0 0 0 0 0 0 0 0 0 0 1 1 0 1 0 0 0 0 1 0 0 0
RESPONSES 0 0 1 1 1 1 1 1 1 1 1 1 1 1 1 1 1 1 1 1 0 1 1 1 1 0 1 1
RESPONSES 0 0 0 0 1 1 1 1 1 1 1 1 1 1 1 1 1 1 1 1 0 0 1 1 1 1 1 1
RESPONSES 1 1 1 1 1 1 1 1 1 1 1 1 1 1 1 1 1 1 1 1 0 0 1 1 1 1 1 1
RESPONSES 1 1 1 1 1 1 1 1 1 1 1 1 1 1 1 1 1 1 1 1 0 0 1 1 1 1 1 1
RESPONSES 0 0 0 1 1 1 1 1 1 1 0 1 1 1 1 1 1 1 1 1 0 1 1 1 1 1 1 1
RESPONSES 0 0 0 1 1 1 1 1 1 1 0 1 1 1 1 1 1 1 1 1 1 1 1 1 1 1 1 1
RESPONSES 0 0 0 0 0 0 0 0 0 0 0 0 0 0 0 0 0 0 0 1 0 0 0 0 0 0 1 1
RESPONSES 0 0 1 1 1 1 1 1 1 1 1 1 1 1 1 1 1 1 1 1 0 0 1 1 1 1 1 1
RESPONSES 0 0 1 1 1 1 1 1 1 1 1 1 1 1 1 1 1 1 1 1 0 0 1 1 1 1 1 1
RESPONSES 1 1 1 1 1 1 0 1 1 1 0 1 1 1 1 1 1 1 1 1 1 1 1 1 1 1 1 1
RESPONSES 0 0 1 1 1 1 1 1 1 1 1 1 1 1 1 1 1 1 0 0 0 0 0 0 1 1 1 1
RESPONSES 0 0 0 0 1 1 1 1 1 1 1 1 1 1 1 1 1 1 1 1 0 1 1 1 1 0 1 1
RESPONSES 0 0 0 1 1 1 1 1 1 1 1 1 1 1 1 1 1 1 1 1 1 1 1 1 1 1 1 1
RESPONSES 0 0 0 1 1 1 0 0 1 1 0 1 1 1 1 1 1 1 1 1 0 0 1 1 1 0 1 1
COSTS 14 8 6 9 11 5 7 15 17 4 7 8 14 9 4 13 9 7 14 10 6 14 8 10 12 9 14 14
COSTS 14 8 6 9 11 5 7 15 17 4 7 8 14 9 4 13 9 7 14 10 6 14 8 10 12 9 14 14
COSTS 14 8 6 9 11 5 6 15 17 4 8 8 14 9 4 13 9 7 14 10 7 12 8 10 12 6 14 14
COSTS 15 6 6 9 11 5 7 15 17 4 7 8 14 9 4 13 9 7 14 10 7 14 8 10 12 9 14 14
COSTS 14 8 7 5 11 5 6 13 17 4 7 8 14 9 4 13 9 7 14 10 6 14 8 10 12 9 14 14
COSTS 14 6 6 9 11 5 6 13 17 4 7 8 14 9 4 13 9 7 14 10 7 14 8 10 12 9 14 14
COSTS 14 8 7 5 11 5 7 15 17 4 7 8 14 9 4 13 9 7 14 10 6 14 8 10 12 9 14 14
COSTS 14 8 7 9 11 5 7 15 17 4 7 8 14 9 4 13 9 7 14 10 7 12 8 10 12 9 14 14
COSTS 14 8 7 9 11 5 6 15 17 4 7 8 14 9 4 13 9 7 14 10 6 14 8 10 12 9 14 14
COSTS 14 8 7 5 10 5 6 13 15 6 8 7 14 10 3 14 9 7 14 10 7 12 12 7 12 6 10 15
COSTS 14 8 6 9 11 5 7 15 17 4 7 8 14 9 4 13 9 7 14 10 7 14 8 10 12 6 14 14
COSTS 14 8 7 5 11 5 7 15 17 4 7 8 14 9 4 13 9 7 14 10 7 12 8 10 12 9 14 14
COSTS 15 6 6 9 11 5 7 15 17 4 7 8 14 9 4 13 9 7 14 10 7 12 8 10 12 9 14 14
COSTS 15 6 6 9 11 5 7 15 17 4 7 8 14 9 4 13 9 7 14 10 7 12 8 10 12 9 14 14
COSTS 14 8 7 9 11 5 7 15 17 4 8 8 14 9 4 13 9 7 14 10 7 14 8 10 12 9 14 14
COSTS 14 8 7 9 11 5 7 15 17 4 8 8 14 9 4 13 9 7 14 10 6 14 8 10 12 9 14 14
COSTS 14 8 7 5 10 3 6 13 15 6 8 7 14 10 3 14 11 8 14 10 7 12 12 7 12 6 14 14
COSTS 14 8 6 9 11 5 7 15 17 4 7 8 14 9 4 13 9 7 14 10 7 12 8 10 12 9 14 14
COSTS 14 8 6 9 11 5 7 15 17 4 7 8 14 9 4 13 9 7 14 10 7 12 8 10 12 9 14 14
COSTS 15 6 6 9 11 5 6 15 17 4 8 8 14 9 4 13 9 7 14 10 6 14 8 10 12 9 14 14
COSTS 14 8 6 9 11 5 7 15 17 4 7 8 14 9 4 13 9 7 14 13 7 12 12 7 12 9 14 14
COSTS 14 8 7 5 11 5 7 15 17 4 7 8 14 9 4 13 9 7 14 10 7 14 8 10 12 6 14 14
COSTS 14 8 7 9 11 5 7 15 17 4 7 8 14 9 4 13 9 7 14 10 6 14 8 10 12 9 14 14
COSTS 14 8 7 9 11 5 6 13 17 4 8 8 14 9 4 13 9 7 14 10 7 12 8 10 12 6 14 14
END
STATE 58c4b29675d773bb851b8fa1817dd5b030670e5a02f3ead94b939149a012f1bf 6002 24 28
LABELS 0 0 0 0 0 0 0 0 0 0 0 1 1 0 0 0 0 0 0 0 0 0 0 0
MASSES 23 12 27 6 12 27 27 12 25 13 6 27 24 17 25 21 17 7 10 29 28 20 9 9
QUERY_IDS 0 1 2 3 4 5 7 8 9 10 11 12 15 16 17 19 20 21 22 23 25 26 27 30 31 32 33 34
RESPONSES 0 0 0 0 1 1 0 0 1 1 0 1 0 0 0 1 1 1 1 1 1 1 1 1 1 1 1 1
RESPONSES 1 1 1 1 1 1 1 1 1 1 1 1 1 1 1 1 1 1 1 1 0 1 1 1 1 1 1 1
RESPONSES 1 1 1 1 1 1 1 1 1 1 1 1 1 1 1 1 1 1 1 1 0 1 1 1 1 1 1 1
RESPONSES 1 1 1 1 1 1 1 1 1 1 1 1 1 1 1 1 1 1 1 1 0 1 1 1 1 1 1 1
RESPONSES 1 1 1 1 1 1 1 1 1 1 1 1 1 1 1 1 1 1 1 1 0 1 1 1 1 1 1 1
RESPONSES 0 0 0 0 1 1 1 1 1 1 1 1 1 1 1 1 1 1 1 1 1 1 1 1 1 1 1 1
RESPONSES 0 0 0 1 1 1 1 1 1 1 1 1 1 1 1 1 1 1 1 1 0 0 1 1 1 1 1 1
RESPONSES 0 0 0 0 1 1 1 1 1 1 1 1 1 1 1 1 1 1 1 1 0 0 1 1 1 1 1 1
RESPONSES 0 0 0 0 1 1 1 1 1 1 1 1 1 1 1 1 1 1 1 1 0 0 1 1 1 1 1 1
RESPONSES 1 1 1 1 1 1 1 1 1 1 1 1 1 1 1 1 1 1 1 1 0 0 1 1 1 1 1 1
RESPONSES 1 1 1 1 1 1 1 1 1 1 1 1 0 1 1 1 1 1 1 1 0 0 1 1 1 1 1 1
RESPONSES 0 0 0 0 0 0 0 0 1 1 0 0 0 0 1 0 1 1 0 1 0 0 0 0 0 0 1 1
RESPONSES 0 0 0 0 0 0 0 0 0 0 0 0 0 0 1 0 0 0 0 0 0 0 0 0 0 0 0 0
RESPONSES 1 1 1 1 1 1 0 1 1 1 0 1 1 1 1 1 1 1 1 1 1 1 1 1 1 1 1 1
RESPONSES 0 0 1 1 1 1 1 1 1 1 1 1 1 1 1 1 1 1 0 0 0 0 0 1 1 1 1 1
RESPONSES 0 0 0 0 1 1 1 1 1 1 1 1 0 0 1 0 1 1 1 1 0 0 1 0 1 1 1 1
RESPONSES 0 1 1 1 1 1 1 1 1 1 1 1 1 1 1 1 1 1 1 1 0 1 1 1 1 1 1 1
RESPONSES 1 1 1 1 1 1 1 1 1 1 1 1 1 1 1 1 1 1 1 1 1 1 1 1 1 1 1 1
RESPONSES 0 0 0 1 1 1 1 1 1 1 1 1 1 1 1 1 1 1 1 1 1 1 1 1 1 1 1 1
RESPONSES 0 0 0 1 1 1 1 1 1 1 1 1 1 1 1 1 1 1 1 1 1 1 1 1 1 1 1 1
RESPONSES 0 0 0 1 1 1 1 1 1 1 1 1 1 1 1 1 1 1 1 1 1 1 1 1 1 1 1 1
RESPONSES 0 1 1 1 1 1 1 1 1 1 1 1 1 1 1 1 1 1 1 1 0 0 1 1 1 1 1 1
RESPONSES 0 1 1 1 1 1 1 1 1 1 1 1 1 1 1 1 1 1 1 1 0 0 1 1 1 1 1 1
RESPONSES 0 1 1 1 1 1 1 1 1 1 1 1 1 1 1 1 1 1 1 1 0 0 1 1 1 1 1 1
COSTS 12 10 14 7 9 9 11 11 8 14 15 3 3 8 13 17 5 14 4 7 15 11 18 4 1 5 12 9
COSTS 14 11 10 9 9 9 13 11 8 14 14 3 4 9 16 17 5 14 4 7 16 11 18 4 1 5 12 9
COSTS 14 11 10 9 9 9 13 11 8 14 14 3 4 9 16 17 5 14 4 7 16 11 18 4 1 5 12 9
COSTS 14 11 10 9 9 9 13 11 8 14 14 3 4 9 16 17 5 14 4 7 16 11 18 4 1 5 12 9
COSTS 14 11 10 9 9 9 13 11 8 14 14 3 4 9 16 17 5 14 4 7 16 11 18 4 1 5 12 9
COSTS 12 10 14 7 9 9 13 11 8 14 14 3 4 9 16 17 5 14 4 7 15 11 18 4 1 5 12 9
COSTS 12 10 14 9 9 9 13 11 8 14 14 3 4 9 16 17 5 14 4 7 16 12 18 4 1 5 12 9
COSTS 12 10 14 7 9 9 13 11 8 14 14 3 4 9 16 17 5 14 4 7 16 12 18 4 1 5 12 9
COSTS 12 10 14 7 9 9 13 11 8 14 14 3 4 9 16 17 5 14 4 7 16 12 18 4 1 5 12 9
COSTS 14 11 10 9 9 9 13 11 8 14 14 3 4 9 16 17 5 14 4 7 16 12 18 4 1 5 12 9
COSTS 14 11 10 9 9 9 13 11 8 14 14 3 3 9 16 17 5 14 4 7 16 12 18 4 1 5 12 9
COSTS 12 10 14 7 9 11 11 11 8 14 15 3 3 8 16 14 5 14 1 7 16 12 17 5 2 2 12 9
COSTS 12 10 14 7 9 11 11 11 8 15 15 3 3 8 16 14 7 14 1 11 16 12 17 5 2 2 10 10
COSTS 14 11 10 9 9 9 11 11 8 14 15 3 4 9 16 17 5 14 4 7 15 11 18 4 1 5 12 9
COSTS 12 10 10 9 9 9 13 11 8 14 14 3 4 9 16 17 5 14 1 11 16 12 17 4 1 5 12 9
COSTS 12 10 14 7 9 9 13 11 8 14 14 3 3 8 16 14 5 14 4 7 16 12 18 5 1 5 12 9
COSTS 12 11 10 9 9 9 13 11 8 14 14 3 4 9 16 17 5 14 4 7 16 11 18 4 1 5 12 9
COSTS 14 11 10 9 9 9 13 11 8 14 14 3 4 9 16 17 5 14 4 7 15 11 18 4 1 5 12 9
COSTS 12 10 14 9 9 9 13 11 8 14 14 3 4 9 16 17 5 14 4 7 15 11 18 4 1 5 12 9
COSTS 12 10 14 9 9 9 13 11 8 14 14 3 4 9 16 17 5 14 4 7 15 11 18 4 1 5 12 9
COSTS 12 10 14 9 9 9 13 11 8 14 14 3 4 9 16 17 5 14 4 7 15 11 18 4 1 5 12 9
COSTS 12 11 10 9 9 9 13 11 8 14 14 3 4 9 16 17 5 14 4 7 16 12 18 4 1 5 12 9
COSTS 12 11 10 9 9 9 13 11 8 14 14 3 4 9 16 17 5 14 4 7 16 12 18 4 1 5 12 9
COSTS 12 11 10 9 9 9 13 11 8 14 14 3 4 9 16 17 5 14 4 7 16 12 18 4 1 5 12 9
END
STATE 58e034c130e411be0d6fac84463253cf6ecfa5204860e20931b6fa841f090c8d 6003 24 25
LABELS 1 1 0 1 1 1 0 1 1 1 0 0 1 1 1 0 0 1 0 1 0 0 0 1
MASSES 1 6 9 17 21 10 27 11 18 27 31 15 31 23 22 29 28 20 11 29 16 4 4 17
QUERY_IDS 6 7 9 10 11 12 13 14 15 16 18 19 20 21 22 26 27 28 29 31 38 40 41 47 50
RESPONSES 0 0 0 0 0 1 0 0 0 0 1 1 0 0 0 0 0 0 0 0 0 0 0 0 1
RESPONSES 0 0 1 1 1 1 0 0 0 0 1 1 1 1 1 1 1 1 1 0 0 1 1 0 1
RESPONSES 0 0 0 1 1 1 0 0 0 0 0 0 1 1 1 1 1 1 1 0 0 0 1 0 1
RESPONSES 0 0 0 1 1 1 1 1 1 1 1 1 1 1 1 1 1 1 1 1 0 1 1 0 1
RESPONSES 0 0 0 0 0 1 0 0 0 0 1 1 1 1 1 1 1 1 1 0 1 1 1 0 0
RESPONSES 0 0 0 0 0 0 0 0 1 1 1 1 1 1 1 1 1 1 1 1 0 0 0 0 1
RESPONSES 1 1 1 1 1 1 0 0 0 0 1 1 1 1 1 1 1 1 1 0 0 0 0 0 1
RESPONSES 0 0 0 0 0 0 0 0 0 0 0 0 1 1 1 1 1 1 1 0 0 0 1 0 0
RESPONSES 0 0 0 0 0 0 0 0 0 0 1 1 0 0 1 0 0 0 0 0 0 0 0 0 0
RESPONSES 0 0 1 1 1 1 0 0 0 0 0 0 0 0 0 1 1 1 1 0 0 1 1 0 0
RESPONSES 0 0 1 1 1 1 0 0 1 1 1 1 1 1 1 1 1 1 1 1 0 1 1 0 1
RESPONSES 0 0 1 1 1 1 0 0 0 0 0 0 0 0 1 1 1 1 1 1 0 1 1 0 0
RESPONSES 0 0 0 1 1 1 0 0 0 0 1 1 1 1 1 1 1 1 1 0 1 1 1 0 0
RESPONSES 0 0 0 1 1 1 0 0 0 0 0 0 1 1 1 1 1 1 1 0 0 1 1 0 1
RESPONSES 0 0 1 1 1 1 0 0 1 1 1 1 1 1 1 1 1 1 1 0 0 0 0 0 1
RESPONSES 1 1 1 1 1 1 0 0 0 0 1 1 1 1 1 1 1 1 1 1 1 1 1 0 1
RESPONSES 0 0 1 1 1 1 0 0 0 0 1 1 0 0 0 1 1 1 1 0 0 0 0 0 0
RESPONSES 0 0 0 0 0 1 0 0 0 0 0 0 1 1 1 1 1 1 1 0 0 1 1 0 0
RESPONSES 0 0 1 1 1 1 1 1 1 1 1 1 1 1 1 1 1 1 1 0 0 0 0 0 0
RESPONSES 0 0 1 1 1 1 0 0 1 1 1 1 1 1 1 1 1 1 1 0 0 1 1 0 0
RESPONSES 0 0 1 1 1 1 0 0 0 0 1 1 1 1 1 1 1 1 1 1 1 1 1 0 0
RESPONSES 1 1 1 1 1 1 1 1 1 1 1 1 1 1 1 1 1 1 1 0 0 0 0 1 1
RESPONSES 0 0 1 1 1 1 0 0 0 0 1 1 0 0 0 0 0 0 0 0 1 1 1 0 1
RESPONSES 0 0 0 0 0 0 0 0 0 0 1 1 0 0 0 1 1 1 1 0 0 0 0 0 0
COSTS 15 10 6 16 10 8 12 7 5 6 14 11 18 5 16 16 14 2 8 12 6 11 4 5 8
COSTS 15 10 7 15 10 8 12 7 5 6 14 11 18 4 14 14 13 4 8 12 6 9 7 5 8
COSTS 15 10 6 15 10 8 12 7 5 6 14 14 18 4 14 14 13 4 8 12 6 11 7 5 8
COSTS 15 10 6 15 10 8 9 9 4 7 14 11 18 4 14 14 13 4 8 12 6 9 7 5 8
COSTS 15 10 6 16 10 8 12 7 5 6 14 11 18 4 14 14 13 4 8 12 3 9 7 5 7
COSTS 15 10 6 16 10 8 12 7 4 7 14 11 18 4 14 14 13 4 8 12 6 11 4 5 8
COSTS 15 11 7 15 10 8 12 7 5 6 14 11 18 4 14 14 13 4 8 12 6 11 4 5 8
COSTS 15 10 6 16 10 8 12 7 5 6 14 14 18 4 14 14 13 4 8 12 6 11 7 5 7
COSTS 15 10 6 16 10 8 12 7 5 6 14 11 18 5 14 16 14 2 8 12 6 11 4 5 7
COSTS 15 10 7 15 10 8 12 7 5 6 14 14 18 5 16 14 13 4 8 12 6 9 7 5 7
COSTS 15 10 7 15 10 8 12 7 4 7 14 11 18 4 14 14 13 4 8 12 6 9 7 5 8
COSTS 15 10 7 15 10 8 12 7 5 6 14 14 18 5 14 14 13 4 8 12 6 9 7 5 7
COSTS 15 10 6 15 10 8 12 7 5 6 14 11 18 4 14 14 13 4 8 12 3 9 7 5 7
COSTS 15 10 6 15 10 8 12 7 5 6 14 14 18 4 14 14 13 4 8 12 6 9 7 5 8
COSTS 15 10 7 15 10 8 12 7 4 7 14 11 18 4 14 14 13 4 8 12 6 11 4 5 8
COSTS 15 11 7 15 10 8 12 7 5 6 14 11 18 4 14 14 13 4 8 12 3 9 7 5 8
COSTS 15 10 7 15 10 8 12 7 5 6 14 11 18 5 16 14 13 4 8 12 6 11 4 5 7
COSTS 15 10 6 16 10 8 12 7 5 6 14 14 18 4 14 14 13 4 8 12 6 9 7 5 7
COSTS 15 10 7 15 10 8 9 9 4 7 14 11 18 4 14 14 13 4 8 12 6 11 4 5 7
COSTS 15 10 7 15 10 8 12 7 4 7 14 11 18 4 14 14 13 4 8 12 6 9 7 5 7
COSTS 15 10 7 15 10 8 12 7 5 6 14 11 18 4 14 14 13 4 8 12 3 9 7 5 7
COSTS 15 11 7 15 10 8 9 9 4 7 14 11 18 4 14 14 13 4 8 12 6 11 4 5 8
COSTS 15 10 7 15 10 8 12 7 5 6 14 11 18 5 16 16 14 2 8 12 3 9 7 5 8
COSTS 15 10 6 16 10 8 12 7 5 6 14 11 18 5 16 14 13 4 8 12 6 11 4 5 7
END
STATE 598eb65503635b0b97ee0ee996466251d5ae6ec32b186e8d0f6e87e0ca3bf131 6001 24 25
LABELS 1 1 0 1 1 1 0 1 1 1 0 0 1 1 1 0 0 1 0 1 0 0 0 1
MASSES 17 7 10 31 28 10 27 16 22 26 26 23 15 18 16 12 27 24 16 8 29 23 27 16
QUERY_IDS 4 6 7 10 11 13 14 15 16 17 18 19 20 21 22 26 27 28 29 33 37 39 40 48 51
RESPONSES 0 0 0 0 0 0 0 0 0 0 1 1 0 0 0 0 0 0 0 0 0 0 0 0 1
RESPONSES 0 0 0 1 1 0 0 0 0 1 1 1 1 1 1 1 1 1 1 1 1 0 1 0 1
RESPONSES 1 0 0 1 1 0 0 0 0 0 0 0 1 1 1 1 1 1 1 0 1 0 0 0 1
RESPONSES 0 0 0 1 1 1 1 1 1 1 1 1 1 1 1 1 1 1 1 1 1 0 1 0 1
RESPONSES 1 0 0 0 0 0 0 0 0 0 1 1 1 1 1 1 1 1 1 1 1 1 1 0 0
RESPONSES 0 0 0 0 0 0 0 1 1 1 1 1 1 1 1 1 1 1 1 1 1 0 0 0 1
RESPONSES 0 1 1 1 1 0 0 0 0 0 1 1 1 1 1 1 1 1 1 0 1 0 0 0 1
RESPONSES 0 0 0 0 0 0 0 0 0 0 0 0 1 1 1 1 1 1 1 0 1 0 0 0 0
RESPONSES 1 0 0 0 0 0 0 0 0 1 1 1 0 0 1 0 0 0 0 1 1 0 0 0 0
RESPONSES 0 0 0 1 1 0 0 0 0 0 0 0 0 0 0 1 1 1 1 0 0 0 1 0 1
RESPONSES 1 0 0 1 1 0 0 1 1 1 1 1 1 1 1 1 1 1 1 1 1 0 1 1 1
RESPONSES 0 0 0 1 1 0 0 0 0 0 0 0 0 0 1 1 1 1 1 1 1 1 1 0 1
RESPONSES 1 0 0 1 1 0 0 0 0 0 1 1 1 1 1 1 1 1 1 0 1 1 1 0 0
RESPONSES 1 0 0 1 1 0 0 0 0 0 0 0 1 1 1 1 1 1 1 0 0 1 1 1 1
RESPONSES 0 0 0 1 1 0 0 1 1 1 1 1 1 1 1 1 1 1 1 1 1 0 0 0 1
RESPONSES 1 1 1 1 1 0 0 0 0 0 1 1 1 1 1 1 1 1 1 1 1 1 1 0 1
RESPONSES 1 0 0 1 1 0 0 0 0 0 1 1 0 0 0 1 1 1 1 0 1 0 0 0 0
RESPONSES 0 0 0 0 0 0 0 0 0 0 0 0 1 1 1 1 1 1 1 1 1 1 1 0 0
RESPONSES 0 0 0 1 1 1 1 1 1 1 1 1 1 1 1 1 1 1 1 0 1 0 0 0 1
RESPONSES 0 0 0 1 1 0 0 1 1 1 1 1 1 1 1 1 1 1 1 0 1 0 1 0 1
RESPONSES 0 0 0 1 1 0 0 0 0 0 1 1 1 1 1 1 1 1 1 1 1 1 1 0 1
RESPONSES 1 1 1 1 1 1 1 1 1 1 1 1 1 1 1 1 1 1 1 0 1 0 0 1 1
RESPONSES 1 0 0 1 1 0 0 0 0 1 1 1 0 0 0 0 0 0 0 0 1 1 1 1 1
RESPONSES 0 0 0 0 0 0 0 0 0 1 1 1 0 0 0 1 1 1 1 0 0 0 0 0 1
COSTS 10 14 7 15 5 11 4 6 12 11 11 18 9 10 5 4 10 11 8 16 14 6 8 17 18
COSTS 10 14 7 15 4 11 4 6 12 9 11 18 8 8 4 5 9 7 8 16 18 6 11 17 18
COSTS 12 14 7 15 4 11 4 6 12 11 8 15 8 8 4 5 9 7 8 16 18 6 8 17 18
COSTS 10 14 7 15 4 10 4 6 11 9 11 18 8 8 4 5 9 7 8 16 18 6 11 17 18
COSTS 12 14 7 15 5 11 4 6 12 11 11 18 8 8 4 5 9 7 8 16 18 3 11 17 17
COSTS 10 14 7 15 5 11 4 6 11 9 11 18 8 8 4 5 9 7 8 16 18 6 8 17 18
COSTS 10 12 8 15 4 11 4 6 12 11 11 18 8 8 4 5 9 7 8 16 18 6 8 17 18
COSTS 10 14 7 15 5 11 4 6 12 11 8 15 8 8 4 5 9 7 8 16 18 6 8 17 17
COSTS 12 14 7 15 5 11 4 6 12 9 11 18 9 10 4 4 10 11 8 16 18 6 8 17 17
COSTS 10 14 7 15 4 11 4 6 12 11 8 15 9 10 5 5 9 7 8 16 14 6 11 17 18
COSTS 12 14 7 15 4 11 4 6 11 9 11 18 8 8 4 5 9 7 8 16 18 6 11 17 18
COSTS 10 14 7 15 4 11 4 6 12 11 8 15 9 10 4 5 9 7 8 16 18 3 11 17 18
COSTS 12 14 7 15 4 11 4 6 12 11 11 18 8 8 4 5 9 7 8 16 18 3 11 17 17
COSTS 12 14 7 15 4 11 4 6 12 11 8 15 8 8 4 5 9 7 8 16 14 3 11 17 18
COSTS 10 14 7 15 4 11 4 6 11 9 11 18 8 8 4 5 9 7 8 16 18 6 8 17 18
COSTS 12 12 8 15 4 11 4 6 12 11 11 18 8 8 4 5 9 7 8 16 18 3 11 17 18
COSTS 12 14 7 15 4 11 4 6 12 11 11 18 9 10 5 5 9 7 8 16 18 6 8 17 17
COSTS 10 14 7 15 5 11 4 6 12 11 8 15 8 8 4 5 9 7 8 16 18 3 11 17 17
COSTS 10 14 7 15 4 10 4 6 11 9 11 18 8 8 4 5 9 7 8 16 18 6 8 17 18
COSTS 10 14 7 15 4 11 4 6 11 9 11 18 8 8 4 5 9 7 8 16 18 6 11 17 18
COSTS 10 14 7 15 4 11 4 6 12 11 11 18 8 8 4 5 9 7 8 16 18 3 11 17 18
COSTS 12 12 8 15 4 10 4 6 11 9 11 18 8 8 4 5 9 7 8 16 18 6 8 17 18
COSTS 12 14 7 15 4 11 4 6 12 9 11 18 9 10 5 4 10 11 8 16 18 3 11 17 18
COSTS 10 14 7 15 5 11 4 6 12 9 11 18 9 10 5 5 9 7 8 16 14 6 8 17 18
END
STATE 599d8ffa955dff4778e4179ee7cb74d5ce1d48c3d3271992cbe42baac3a3e7a6 6002 24 36
LABELS 0 0 0 0 0 0 0 0 0 0 0 0 0 0 0 0 0 0 0 0 0 0 0 0
MASSES 19 16 30 21 30 4 26 5 12 1 30 16 8 27 10 7 10 14 23 2 11 14 9 3
QUERY_IDS 2 3 4 5 6 7 8 10 11 18 19 22 24 25 26 27 28 29 30 31 32 33 34 35 36 41 42 43 51 52 53 54 55 56 57 60
RESPONSES 1 1 1 1 1 1 0 0 0 0 0 0 0 0 0 0 0 0 0 0 0 0 0 0 0 0 0 0 0 0 0 0 0 0 0 1
RESPONSES 1 1 1 1 1 1 0 0 0 0 0 0 0 0 0 0 0 0 0 0 0 0 0 0 0 0 0 0 0 0 0 0 0 0 0 1
RESPONSES 1 1 1 1 1 1 0 1 0 0 0 0 0 0 0 0 0 0 0 0 0 0 0 0 0 0 0 0 0 0 0 0 0 0 0 1
RESPONSES 1 1 1 1 1 2 0 0 0 0 0 0 0 0 0 0 0 0 0 0 0 0 0 0 0 0 0 0 0 0 0 0 0 0 0 1
RESPONSES 1 1 1 1 1 1 0 0 0 0 0 0 0 0 0 0 0 0 0 0 0 0 0 0 0 0 0 0 0 0 0 0 0 0 0 1
RESPONSES 0 0 1 1 1 1 0 0 0 0 0 0 0 0 0 0 0 1 0 0 0 0 1 1 0 0 0 0 0 0 0 0 0 0 0 1
RESPONSES 1 1 1 1 1 1 0 0 0 0 0 0 0 0 0 0 0 0 0 0 0 0 0 0 0 0 0 0 0 0 0 0 0 0 0 1
RESPONSES 1 1 1 1 1 1 0 0 0 0 0 0 0 0 0 0 0 0 0 0 0 0 0 0 0 0 0 0 0 0 0 0 0 0 0 1
RESPONSES 1 1 1 1 1 1 0 0 0 0 0 0 0 0 0 0 0 0 0 0 0 0 0 0 0 0 0 0 0 0 0 0 0 0 0 1
RESPONSES 0 1 1 1 1 1 0 0 0 0 0 0 0 0 0 0 0 0 0 0 0 0 0 0 0 0 0 0 0 0 0 0 0 0 0 1
RESPONSES 0 1 1 1 1 1 0 0 0 0 0 0 0 0 0 0 0 0 0 0 0 0 0 0 0 0 0 0 0 0 0 0 0 0 0 1
RESPONSES 1 1 1 1 1 2 0 0 0 0 0 1 1 1 1 1 1 1 1 1 1 1 1 1 1 1 1 1 1 1 1 1 1 1 1 0
RESPONSES 0 0 0 1 1 1 0 0 1 0 0 0 0 0 0 0 0 0 0 0 0 0 0 0 0 0 0 0 0 0 0 0 0 0 0 1
RESPONSES 0 1 1 1 1 2 0 0 0 0 0 0 0 0 0 0 0 0 0 0 0 0 0 0 0 0 0 0 0 0 0 0 0 0 0 1
RESPONSES 0 0 0 0 1 2 0 0 0 0 0 1 1 1 1 1 1 1 1 1 1 1 1 1 1 1 1 1 0 0 0 0 0 0 0 1
RESPONSES 0 0 1 1 1 0 0 0 0 0 0 0 0 0 0 0 0 0 0 0 0 0 0 0 0 0 0 0 0 0 0 0 0 0 0 1
RESPONSES 0 0 0 0 1 2 0 0 0 0 1 0 0 0 0 0 0 0 0 0 0 0 0 0 0 0 0 0 0 0 0 0 0 0 0 1
RESPONSES 0 0 0 0 0 1 1 0 0 0 1 1 1 1 1 1 1 0 0 0 0 0 0 0 0 0 0 0 0 0 0 0 0 0 0 1
RESPONSES 1 1 1 1 1 1 0 0 0 0 0 0 0 0 0 0 0 0 0 0 0 0 0 0 0 0 0 0 0 0 0 0 0 0 0 1
RESPONSES 1 1 1 1 1 1 0 0 0 0 0 0 0 0 0 0 0 1 0 0 1 1 1 1 0 0 0 0 0 0 0 0 0 0 0 1
RESPONSES 1 1 1 1 1 1 0 0 0 1 1 0 0 0 0 0 0 0 0 0 0 0 0 0 0 0 0 0 0 0 0 0 0 0 0 1
RESPONSES 1 1 1 1 1 1 0 0 0 0 0 0 0 0 0 0 0 1 0 0 0 0 1 1 0 0 0 0 0 0 0 0 0 0 0 1
RESPONSES 0 0 0 0 1 2 0 0 0 0 0 1 1 1 1 1 1 0 0 0 0 0 0 0 0 0 0 0 0 0 0 0 0 0 0 1
RESPONSES 0 0 0 0 0 2 1 0 0 0 0 1 0 0 0 0 0 0 0 0 0 0 0 0 0 0 0 0 0 0 0 0 0 0 0 1
COSTS 7 6 13 13 12 14 6 18 7 17 11 6 11 12 5 9 4 6 2 9 17 1 11 8 15 14 16 13 13 15 9 7 8 7 12 5
COSTS 7 6 13 13 12 14 6 18 7 17 11 6 11 12 5 9 4 6 2 9 17 1 11 8 15 14 16 13 13 15 9 7 8 7 12 5
COSTS 7 6 13 13 12 14 6 19 7 17 11 6 11 12 5 9 4 6 2 9 17 1 11 8 15 14 16 13 13 15 9 7 8 7 12 5
COSTS 7 6 13 13 12 16 6 18 7 17 11 6 11 12 5 9 4 6 2 9 17 1 11 8 15 14 16 13 13 15 9 7 8 7 12 5
COSTS 7 6 13 13 12 14 6 18 7 17 11 6 11 12 5 9 4 6 2 9 17 1 11 8 15 14 16 13 13 15 9 7 8 7 12 5
COSTS 8 5 13 13 12 14 6 18 7 17 11 6 11 12 5 9 4 5 2 9 17 1 13 8 15 14 16 13 13 15 9 7 8 7 12 5
COSTS 7 6 13 13 12 14 6 18 7 17 11 6 11 12 5 9 4 6 2 9 17 1 11 8 15 14 16 13 13 15 9 7 8 7 12 5
COSTS 7 6 13 13 12 14 6 18 7 17 11 6 11 12 5 9 4 6 2 9 17 1 11 8 15 14 16 13 13 15 9 7 8 7 12 5
COSTS 7 6 13 13 12 14 6 18 7 17 11 6 11 12 5 9 4 6 2 9 17 1 11 8 15 14 16 13 13 15 9 7 8 7 12 5
COSTS 8 6 13 13 12 14 6 18 7 17 11 6 11 12 5 9 4 6 2 9 17 1 11 8 15 14 16 13 13 15 9 7 8 7 12 5
COSTS 8 6 13 13 12 14 6 18 7 17 11 6 11 12 5 9 4 6 2 9 17 1 11 8 15 14 16 13 13 15 9 7 8 7 12 5
COSTS 7 6 13 13 12 16 6 18 7 17 11 2 12 16 8 12 3 5 3 9 13 3 13 8 13 11 18 11 14 16 6 9 5 7 10 3
COSTS 8 5 15 13 12 14 6 18 10 17 11 6 11 12 5 9 4 6 2 9 17 1 11 8 15 14 16 13 13 15 9 7 8 7 12 5
COSTS 8 6 13 13 12 16 6 18 7 17 11 6 11 12 5 9 4 6 2 9 17 1 11 8 15 14 16 13 13 15 9 7 8 7 12 5
COSTS 8 5 15 13 12 16 6 18 7 17 11 2 12 16 8 12 3 5 3 9 13 3 13 8 13 11 18 11 13 15 9 7 8 7 12 5
COSTS 8 5 13 13 12 18 6 18 7 17 11 6 11 12 5 9 4 6 2 9 17 1 11 8 15 14 16 13 13 15 9 7 8 7 12 5
COSTS 8 5 15 13 12 16 6 18 7 17 10 6 11 12 5 9 4 6 2 9 17 1 11 8 15 14 16 13 13 15 9 7 8 7 12 5
COSTS 8 5 15 13 12 14 5 18 7 17 10 2 12 16 8 12 3 6 2 9 17 1 11 8 15 14 16 13 13 15 9 7 8 7 12 5
COSTS 7 6 13 13 12 14 6 18 7 17 11 6 11 12 5 9 4 6 2 9 17 1 11 8 15 14 16 13 13 15 9 7 8 7 12 5
COSTS 7 6 13 13 12 14 6 18 7 17 11 6 11 12 5 9 4 5 2 9 13 3 13 8 15 14 16 13 13 15 9 7 8 7 12 5
COSTS 7 6 13 13 12 14 6 18 7 14 10 6 11 12 5 9 4 6 2 9 17 1 11 8 15 14 16 13 13 15 9 7 8 7 12 5
COSTS 7 6 13 13 12 14 6 18 7 17 11 6 11 12 5 9 4 5 2 9 17 1 13 8 15 14 16 13 13 15 9 7 8 7 12 5
COSTS 8 5 15 13 12 16 6 18 7 17 11 2 12 16 8 12 3 6 2 9 17 1 11 8 15 14 16 13 13 15 9 7 8 7 12 5
COSTS 8 5 15 13 12 16 5 18 7 17 11 2 11 12 5 9 4 6 2 9 17 1 11 8 15 14 16 13 13 15 9 7 8 7 12 5
END
STATE 5b50037a7eb3531f7f6b67cd8293a423006d649c0e93e0677a9b6355a62b1967 6001 24 28
LABELS 1 0 0 0 0 0 0 0 0 0 0 0 0 0 0 0 0 1 0 0 0 0 0 0
MASSES 30 26 10 5 22 17 10 30 17 16 20 13 16 16 3 29 2 31 4 14 12 27 8 6
QUERY_IDS 0 1 2 3 7 8 9 10 11 12 13 14 15 16 19 20 21 22 23 24 25 26 27 30 31 32 33 34
RESPONSES 0 0 0 0 0 0 0 0 0 0 0 0 0 0 0 0 0 1 1 1 0 0 0 0 0 0 0 0
RESPONSES 0 0 1 1 1 1 1 1 1 1 1 1 1 1 1 1 1 1 1 1 1 1 1 1 1 1 1 1
RESPONSES 1 1 1 1 1 1 1 1 1 1 1 1 0 0 1 1 1 1 1 1 1 1 1 1 1 1 1 1
RESPONSES 1 1 1 1 1 1 1 1 0 1 1 1 0 1 1 1 1 1 1 1 0 0 1 1 1 1 1 1
RESPONSES 1 1 1 1 1 1 1 1 1 1 1 1 1 1 1 1 1 1 1 1 0 1 1 1 1 1 1 1
RESPONSES 0 0 1 1 1 1 1 1 0 1 1 1 1 1 1 1 1 0 0 0 0 1 1 1 1 1 1 1
RESPONSES 0 0 0 1 1 1 1 1 1 1 1 1 1 1 1 1 1 1 1 1 0 0 1 1 1 1 1 1
RESPONSES 0 1 1 1 1 1 1 1 1 1 1 1 1 1 1 1 1 1 1 1 1 1 1 1 1 1 1 1
RESPONSES 0 1 1 1 1 1 1 1 1 1 1 1 1 1 1 1 1 1 1 1 1 1 1 1 1 1 1 1
RESPONSES 0 1 1 1 1 1 1 1 1 1 1 1 1 1 1 1 1 1 1 1 1 1 1 1 1 1 1 1
RESPONSES 1 1 1 1 1 1 1 1 1 1 1 1 1 1 1 1 1 1 1 1 0 0 1 1 1 1 1 1
RESPONSES 1 1 1 1 1 1 1 1 1 1 1 1 1 1 1 1 1 1 1 1 0 0 1 1 1 1 1 1
RESPONSES 0 0 0 1 1 1 1 1 1 1 1 1 0 0 1 1 1 1 1 1 0 1 1 1 1 1 1 1
RESPONSES 0 1 1 1 1 1 1 1 1 1 1 1 1 1 0 1 1 1 1 1 0 1 1 1 1 1 1 1
RESPONSES 0 0 1 1 1 1 1 1 1 1 1 1 1 1 1 1 1 0 0 0 0 0 1 1 1 1 1 1
RESPONSES 0 0 0 1 1 1 1 1 1 1 1 1 1 1 1 1 1 1 1 1 1 1 1 0 1 1 1 1
RESPONSES 0 0 1 1 1 1 1 1 1 1 1 1 1 1 1 1 1 1 1 1 0 0 1 1 1 1 1 1
RESPONSES 0 0 0 0 0 0 0 1 0 0 1 1 0 1 0 0 1 0 1 1 0 0 0 0 1 1 1 1
RESPONSES 0 1 1 1 0 0 1 1 1 1 1 1 1 1 0 0 1 1 1 1 1 1 1 1 1 1 1 1
RESPONSES 0 0 0 0 1 1 1 1 1 1 1 1 1 1 1 1 1 1 1 1 0 1 1 1 1 1 1 1
RESPONSES 0 0 0 0 1 1 1 1 1 1 1 1 0 1 1 1 1 1 1 1 0 1 1 1 1 1 1 1
RESPONSES 1 1 1 1 1 1 1 1 0 1 1 1 1 1 1 1 1 1 1 1 0 1 1 1 1 1 1 1
RESPONSES 0 0 0 1 1 1 1 1 1 1 1 1 1 1 1 1 1 1 1 1 1 1 1 1 1 1 1 1
RESPONSES 0 1 1 1 1 1 1 1 1 1 1 1 1 1 1 1 1 1 1 1 0 0 1 1 1 1 1 1
COSTS 14 8 7 5 6 13 15 6 8 7 2 19 14 10 14 11 8 14 10 15 7 12 12 6 10 15 14 9
COSTS 14 8 6 9 7 15 17 4 7 8 2 18 14 9 13 9 7 14 10 15 6 14 8 9 14 14 14 6
COSTS 15 6 6 9 7 15 17 4 7 8 2 18 14 10 13 9 7 14 10 15 6 14 8 9 14 14 14 6
COSTS 15 6 6 9 7 15 17 4 8 8 2 18 14 9 13 9 7 14 10 15 7 12 8 9 14 14 14 6
COSTS 15 6 6 9 7 15 17 4 7 8 2 18 14 9 13 9 7 14 10 15 7 14 8 9 14 14 14 6
COSTS 14 8 6 9 7 15 17 4 8 8 2 18 14 9 13 9 7 14 13 14 7 14 8 9 14 14 14 6
COSTS 14 8 7 9 7 15 17 4 7 8 2 18 14 9 13 9 7 14 10 15 7 12 8 9 14 14 14 6
COSTS 14 6 6 9 7 15 17 4 7 8 2 18 14 9 13 9 7 14 10 15 6 14 8 9 14 14 14 6
COSTS 14 6 6 9 7 15 17 4 7 8 2 18 14 9 13 9 7 14 10 15 6 14 8 9 14 14 14 6
COSTS 14 6 6 9 7 15 17 4 7 8 2 18 14 9 13 9 7 14 10 15 6 14 8 9 14 14 14 6
COSTS 15 6 6 9 7 15 17 4 7 8 2 18 14 9 13 9 7 14 10 15 7 12 8 9 14 14 14 6
COSTS 15 6 6 9 7 15 17 4 7 8 2 18 14 9 13 9 7 14 10 15 7 12 8 9 14 14 14 6
COSTS 14 8 7 9 7 15 17 4 7 8 2 18 14 10 13 9 7 14 10 15 7 14 8 9 14 14 14 6
COSTS 14 6 6 9 7 15 17 4 7 8 2 18 14 9 14 9 7 14 10 15 7 14 8 9 14 14 14 6
COSTS 14 8 6 9 7 15 17 4 7 8 2 18 14 9 13 9 7 14 13 14 7 12 8 9 14 14 14 6
COSTS 14 8 7 9 7 15 17 4 7 8 2 18 14 9 13 9 7 14 10 15 6 14 8 6 14 14 14 6
COSTS 14 8 6 9 7 15 17 4 7 8 2 18 14 9 13 9 7 14 10 15 7 12 8 9 14 14 14 6
COSTS 14 8 7 5 6 13 15 4 8 7 2 18 14 9 14 11 7 14 10 15 7 12 12 6 14 14 14 6
COSTS 14 6 6 9 6 13 17 4 7 8 2 18 14 9 14 11 7 14 10 15 6 14 8 9 14 14 14 6
COSTS 14 8 7 5 7 15 17 4 7 8 2 18 14 9 13 9 7 14 10 15 7 14 8 9 14 14 14 6
COSTS 14 8 7 5 7 15 17 4 7 8 2 18 14 9 13 9 7 14 10 15 7 14 8 9 14 14 14 6
COSTS 15 6 6 9 7 15 17 4 8 8 2 18 14 9 13 9 7 14 10 15 7 14 8 9 14 14 14 6
COSTS 14 8 7 9 7 15 17 4 7 8 2 18 14 9 13 9 7 14 10 15 6 14 8 9 14 14 14 6
COSTS 14 6 6 9 7 15 17 4 7 8 2 18 14 9 13 9 7 14 10 15 7 12 8 9 14 14 14 6
END
STATE 5b7691ef86f35282b04d4e46bcf19b011c6ff1251810be2bc25c867226f1e289 6003 24 32
LABELS 5 5 0 1 5 2 5 2 5 3 3 5 2 1 4 5 2 1 2 1 0 1 5 5
MASSES 9 21 27 15 29 3 21 9 12 21 28 27 19 6 14 23 20 1 25 13 13 9 26 6
QUERY_IDS 1 2 3 18 23 24 25 26 30 31 32 33 35 36 40 41 44 45 49 50 51 52 53 54 55 56 69 70 74 75 76 77
RESPONSES 0 0 0 1 0 0 0 0 0 0 0 0 0 0 0 0 0 0 0 0 0 0 0 0 0 0 1 1 1 1 1 1
RESPONSES 0 0 0 0 0 0 0 0 0 0 0 0 0 0 1 1 1 1 1 1 1 1 1 1 1 1 0 0 0 0 0 1
RESPONSES 0 0 0 1 0 0 0 0 0 0 0 0 0 1 0 0 1 1 1 1 1 1 1 1 1 1 1 1 0 0 0 0
RESPONSES 0 0 0 0 0 0 0 0 0 0 0 0 1 1 0 0 0 0 1 1 1 1 1 1 1 1 1 1 1 1 1 1
RESPONSES 0 0 0 1 0 0 0 0 0 0 0 0 0 1 0 0 0 0 1 1 1 1 1 1 1 1 1 1 0 0 0 0
RESPONSES 0 0 0 1 0 0 0 0 0 0 0 0 0 0 0 0 1 1 1 1 1 1 1 1 1 1 1 1 0 0 0 0
RESPONSES 0 0 0 1 0 0 0 0 0 0 0 0 0 0 0 0 0 0 0 0 0 0 0 0 0 0 1 1 1 1 1 1
RESPONSES 0 0 0 0 0 0 0 0 0 0 0 0 0 1 0 0 1 1 1 1 0 1 1 1 1 1 1 1 0 0 0 0
RESPONSES 1 1 1 1 0 0 0 0 0 0 0 1 1 1 0 0 0 0 0 0 0 0 0 0 0 0 1 1 1 1 1 1
RESPONSES 0 0 0 0 0 0 0 0 1 1 1 1 1 1 0 0 0 0 1 1 0 0 0 1 1 1 1 1 0 0 0 1
RESPONSES 0 0 0 0 0 0 0 0 0 0 0 1 1 1 1 1 0 0 1 1 1 1 1 1 1 1 0 0 0 0 0 1
RESPONSES 1 1 1 1 0 0 0 0 0 0 0 0 1 1 0 0 0 0 1 1 0 0 0 0 0 0 1 1 1 1 1 1
RESPONSES 0 0 0 0 0 0 0 0 0 0 0 0 1 1 0 0 1 1 1 1 0 1 1 1 1 1 1 1 0 0 0 0
RESPONSES 0 0 0 1 0 0 0 0 0 0 0 0 0 0 1 1 0 0 1 1 0 1 1 1 1 1 1 1 0 0 0 0
RESPONSES 0 0 0 0 1 1 1 1 0 0 0 0 1 1 0 0 0 0 1 1 0 0 0 0 0 0 1 1 0 0 0 0
RESPONSES 0 0 0 1 0 0 0 0 0 0 0 0 0 1 0 0 0 0 1 1 0 0 0 1 1 1 1 1 0 0 0 1
RESPONSES 0 0 0 0 0 0 0 0 0 0 0 0 1 1 0 0 1 1 1 1 1 1 1 1 1 1 1 1 0 0 0 0
RESPONSES 0 0 0 0 0 0 0 0 0 0 0 0 0 0 0 0 0 0 0 0 0 1 1 1 1 1 1 1 1 1 1 1
RESPONSES 0 0 0 0 0 0 0 0 0 0 0 0 0 1 0 0 1 1 1 1 1 1 1 1 1 1 1 1 0 0 0 0
RESPONSES 0 0 0 1 0 0 0 0 0 0 0 0 0 0 1 1 0 0 1 1 0 1 1 1 1 1 1 1 0 0 0 0
RESPONSES 0 0 0 1 0 0 0 0 0 0 0 0 0 1 0 0 1 1 1 1 0 1 1 1 1 1 1 1 0 0 0 0
RESPONSES 0 0 0 1 0 0 0 0 0 0 0 0 0 0 1 1 0 0 1 1 0 1 1 1 1 1 1 1 0 0 0 0
RESPONSES 0 0 0 1 0 0 0 0 0 0 0 0 0 0 0 0 0 0 0 0 0 0 0 0 0 0 1 1 1 1 1 1
RESPONSES 0 0 0 0 0 0 0 0 0 0 0 0 0 0 1 1 1 1 1 1 1 1 1 1 1 1 0 0 0 0 0 1
COSTS 12 11 13 18 6 4 10 2 6 13 12 14 15 12 12 14 14 15 6 17 9 6 15 8 9 4 13 3 15 1 15 7
COSTS 12 11 13 17 6 4 10 2 6 13 12 14 15 12 11 17 16 13 9 17 10 5 15 10 9 7 12 2 13 4 15 7
COSTS 12 11 13 18 6 4 10 2 6 13 12 14 15 12 12 14 16 13 9 17 10 5 15 10 9 7 13 3 13 4 15 5
COSTS 12 11 13 17 6 4 10 2 6 13 12 14 15 12 12 14 14 15 9 17 10 5 15 10 9 7 13 3 15 1 15 7
COSTS 12 11 13 18 6 4 10 2 6 13 12 14 15 12 12 14 14 15 9 17 10 5 15 10 9 7 13 3 13 4 15 5
COSTS 12 11 13 18 6 4 10 2 6 13 12 14 15 12 12 14 16 13 9 17 10 5 15 10 9 7 13 3 13 4 15 5
COSTS 12 11 13 18 6 4 10 2 6 13 12 14 15 12 12 14 14 15 6 17 9 6 15 8 9 4 13 3 15 1 15 7
COSTS 12 11 13 17 6 4 10 2 6 13 12 14 15 12 12 14 16 13 9 17 9 5 15 10 9 7 13 3 13 4 15 5
COSTS 9 11 16 18 6 4 10 2 6 13 12 11 15 12 12 14 14 15 6 17 9 6 15 8 9 4 13 3 15 1 15 7
COSTS 12 11 13 17 6 4 10 2 8 13 16 11 15 12 12 14 14 15 9 17 9 6 15 10 9 7 13 3 13 4 15 7
COSTS 12 11 13 17 6 4 10 2 6 13 12 11 15 12 11 17 14 15 9 17 10 5 15 10 9 7 12 2 13 4 15 7
COSTS 9 11 16 18 6 4 10 2 6 13 12 14 15 12 12 14 14 15 9 17 9 6 15 8 9 4 13 3 15 1 15 7
COSTS 12 11 13 17 6 4 10 2 6 13 12 14 15 12 12 14 16 13 9 17 9 5 15 10 9 7 13 3 13 4 15 5
COSTS 12 11 13 18 6 4 10 2 6 13 12 14 15 12 11 17 14 15 9 17 9 5 15 10 9 7 13 3 13 4 15 5
COSTS 12 11 13 17 3 5 12 6 6 13 12 14 15 12 12 14 14 15 9 17 9 6 15 8 9 4 13 3 13 4 15 5
COSTS 12 11 13 18 6 4 10 2 6 13 12 14 15 12 12 14 14 15 9 17 9 6 15 10 9 7 13 3 13 4 15 7
COSTS 12 11 13 17 6 4 10 2 6 13 12 14 15 12 12 14 16 13 9 17 10 5 15 10 9 7 13 3 13 4 15 5
COSTS 12 11 13 17 6 4 10 2 6 13 12 14 15 12 12 14 14 15 6 17 9 5 15 10 9 7 13 3 15 1 15 7
COSTS 12 11 13 17 6 4 10 2 6 13 12 14 15 12 12 14 16 13 9 17 10 5 15 10 9 7 13 3 13 4 15 5
COSTS 12 11 13 18 6 4 10 2 6 13 12 14 15 12 11 17 14 15 9 17 9 5 15 10 9 7 13 3 13 4 15 5
COSTS 12 11 13 18 6 4 10 2 6 13 12 14 15 12 12 14 16 13 9 17 9 5 15 10 9 7 13 3 13 4 15 5
COSTS 12 11 13 18 6 4 10 2 6 13 12 14 15 12 11 17 14 15 9 17 9 5 15 10 9 7 13 3 13 4 15 5
COSTS 12 11 13 18 6 4 10 2 6 13 12 14 15 12 12 14 14 15 6 17 9 6 15 8 9 4 13 3 15 1 15 7
COSTS 12 11 13 17 6 4 10 2 6 13 12 14 15 12 11 17 16 13 9 17 10 5 15 10 9 7 12 2 13 4 15 7
END
STATE 5b7cdf67293dd2c7cc1586faa6f9a2400a30ffec828a5dd83d43a0570db51e39 6003 24 21
LABELS 2 1 3 0 0 0 0 0 0 0 0 0 0 0 0 0 2 0 1 1 0 0 1 0
MASSES 30 3 14 26 29 9 16 31 8 18 3 9 1 11 19 13 23 27 25 5 28 27 13 16
QUERY_IDS 0 1 4 5 6 7 19 21 22 24 25 26 27 28 31 32 34 35 36 37 38
RESPONSES 0 0 0 0 0 1 1 1 1 0 1 1 1 1 1 0 0 0 1 1 1
RESPONSES 0 1 1 1 1 1 0 1 1 0 0 1 1 1 1 0 0 0 1 1 1
RESPONSES 0 1 1 1 1 1 0 1 1 1 0 0 0 0 1 0 0 1 1 1 1
RESPONSES 0 1 1 1 1 1 0 1 1 1 0 0 0 0 0 0 1 1 1 1 1
RESPONSES 0 0 1 1 1 0 0 0 0 0 0 0 0 0 1 0 0 0 1 1 1
RESPONSES 0 0 0 0 1 0 0 0 0 0 0 1 1 1 1 0 1 1 1 1 1
RESPONSES 1 1 1 1 1 0 0 1 1 1 0 1 1 1 1 0 0 1 1 1 1
RESPONSES 0 1 1 1 1 1 0 1 1 1 0 0 0 0 1 0 1 1 1 1 1
RESPONSES 1 1 1 1 1 1 0 1 1 0 0 0 0 0 0 0 0 0 0 0 0
RESPONSES 0 0 0 0 1 0 0 1 1 1 0 0 0 0 1 0 1 1 1 1 1
RESPONSES 0 0 1 1 1 1 0 0 0 0 0 0 0 0 1 0 1 1 1 1 1
RESPONSES 0 1 1 1 1 0 0 1 1 0 0 0 1 1 1 0 1 1 1 1 1
RESPONSES 0 0 1 1 1 1 0 1 1 0 0 0 0 0 1 0 1 1 1 1 1
RESPONSES 0 0 1 1 1 1 0 1 1 1 0 0 0 0 0 1 1 1 1 1 1
RESPONSES 0 1 1 1 1 1 0 1 1 1 0 0 0 0 0 0 1 1 1 1 1
RESPONSES 0 0 0 0 1 0 0 0 0 1 0 0 0 0 1 0 0 0 1 1 1
RESPONSES 0 0 1 1 1 0 0 0 0 0 0 0 1 1 1 1 0 0 1 1 1
RESPONSES 0 0 1 1 1 1 1 1 1 1 0 0 0 0 1 1 0 1 1 1 1
RESPONSES 1 1 1 1 1 1 0 0 1 1 0 0 0 0 1 1 1 1 1 1 1
RESPONSES 0 0 1 1 1 0 1 1 1 0 0 1 1 1 1 1 1 1 1 1 1
RESPONSES 1 1 1 1 1 0 0 1 1 1 0 0 0 0 1 1 1 1 1 1 1
RESPONSES 1 1 1 1 1 0 0 0 0 0 0 0 0 0 1 0 1 1 1 1 1
RESPONSES 0 1 1 1 1 1 1 1 1 0 0 0 0 0 1 0 0 0 1 1 1
RESPONSES 0 0 1 1 1 0 0 0 0 0 0 0 0 0 1 0 1 1 1 1 1
COSTS 6 11 16 11 10 8 5 13 3 3 2 10 7 11 15 12 17 12 16 6 16
COSTS 6 7 17 13 7 8 5 13 3 3 5 10 7 11 15 12 17 12 16 6 16
COSTS 6 7 17 13 7 8 5 13 3 4 5 10 6 14 15 12 17 11 16 6 16
COSTS 6 7 17 13 7 8 5 13 3 4 5 10 6 14 16 12 15 11 16 6 16
COSTS 6 11 17 13 7 5 5 13 5 3 5 10 6 14 15 12 17 12 16 6 16
COSTS 6 11 16 11 7 5 5 13 5 3 5 10 7 11 15 12 15 11 16 6 16
COSTS 10 7 17 13 7 5 5 13 3 4 5 10 7 11 15 12 17 11 16 6 16
COSTS 6 7 17 13 7 8 5 13 3 4 5 10 6 14 15 12 15 11 16 6 16
COSTS 10 7 17 13 7 8 5 13 3 3 5 10 6 14 16 12 17 12 16 6 19
COSTS 6 11 16 11 7 5 5 13 3 4 5 10 6 14 15 12 15 11 16 6 16
COSTS 6 11 17 13 7 8 5 13 5 3 5 10 6 14 15 12 15 11 16 6 16
COSTS 6 7 17 13 7 5 5 13 3 3 5 10 7 11 15 12 15 11 16 6 16
COSTS 6 11 17 13 7 8 5 13 3 3 5 10 6 14 15 12 15 11 16 6 16
COSTS 6 11 17 13 7 8 5 13 3 4 5 10 6 14 16 11 15 11 16 6 16
COSTS 6 7 17 13 7 8 5 13 3 4 5 10 6 14 16 12 15 11 16 6 16
COSTS 6 11 16 11 7 5 5 13 5 4 5 10 6 14 15 12 17 12 16 6 16
COSTS 6 11 17 13 7 5 5 13 5 3 5 10 7 11 15 11 17 12 16 6 16
COSTS 6 11 17 13 7 8 5 13 3 4 5 10 6 14 15 11 17 11 16 6 16
COSTS 10 7 17 13 7 8 5 13 3 4 5 10 6 14 15 11 15 11 16 6 16
COSTS 6 11 17 13 7 5 5 13 3 3 5 10 7 11 15 11 15 11 16 6 16
COSTS 10 7 17 13 7 5 5 13 3 4 5 10 6 14 15 11 15 11 16 6 16
COSTS 10 7 17 13 7 5 5 13 5 3 5 10 6 14 15 12 15 11 16 6 16
COSTS 6 7 17 13 7 8 5 13 3 3 5 10 6 14 15 12 17 12 16 6 16
COSTS 6 11 17 13 7 5 5 13 5 3 5 10 6 14 15 12 15 11 16 6 16
END
STATE 5bdd79b0325aa3dfb29c47146b07bf77e3deb53c320258f72751ec9febfb5519 6001 24 24
LABELS 1 0 1 0 1 0 1 1 0 0 0 1 0 0 1 0 1 1 1 0 1 1 0 0
MASSES 14 9 1 11 28 8 12 7 20 29 23 15 16 24 4 5 26 23 17 18 29 2 25 27
QUERY_IDS 0 1 2 6 7 12 14 15 16 17 18 19 20 21 22 23 26 27 28 29 30 32 33 38
RESPONSES 1 1 1 0 0 1 0 0 0 0 0 0 0 0 0 1 0 0 0 0 1 0 0 0
RESPONSES 0 0 0 1 1 1 1 1 1 1 1 1 0 0 1 1 1 1 1 1 1 1 1 1
RESPONSES 0 0 0 0 0 1 0 0 0 0 0 0 1 1 1 1 1 1 1 1 1 1 1 0
RESPONSES 0 0 0 0 0 1 0 0 0 0 1 1 0 0 0 0 1 1 1 1 1 0 0 0
RESPONSES 0 0 0 0 0 1 0 0 0 0 1 1 1 1 1 1 1 1 1 1 1 0 1 1
RESPONSES 0 0 0 0 0 1 0 0 0 0 1 1 1 1 1 1 1 1 1 1 1 0 0 1
RESPONSES 0 0 0 0 0 1 0 0 0 1 1 1 1 1 1 1 1 1 1 1 1 0 0 0
RESPONSES 1 1 1 0 0 0 0 0 0 1 1 1 1 1 1 1 1 1 1 1 1 0 0 1
RESPONSES 0 0 0 0 0 1 0 0 1 1 1 1 0 0 0 0 0 0 0 0 0 1 1 1
RESPONSES 0 0 0 1 1 1 1 1 1 1 1 1 1 1 1 1 1 1 1 1 1 0 0 0
RESPONSES 0 0 0 0 0 1 0 0 0 0 0 0 0 0 1 1 1 1 1 1 1 1 1 0
RESPONSES 0 0 0 0 0 1 0 0 0 0 1 1 1 1 1 1 1 1 1 1 1 0 0 1
RESPONSES 0 0 0 0 0 1 0 0 0 1 1 1 0 0 0 0 1 1 1 1 1 0 0 1
RESPONSES 0 0 0 0 0 1 0 0 0 0 1 1 0 0 0 0 0 0 0 0 1 0 0 1
RESPONSES 0 0 0 0 0 0 0 0 1 1 1 1 0 0 0 0 0 0 0 0 1 1 1 1
RESPONSES 0 0 0 0 0 1 0 0 0 1 1 1 0 0 0 0 0 0 1 1 1 1 1 1
RESPONSES 0 0 0 0 0 1 0 0 1 1 1 1 0 0 0 1 1 1 1 1 1 0 1 1
RESPONSES 0 0 0 0 0 1 0 0 0 0 1 1 1 1 1 1 1 1 1 1 1 0 0 1
RESPONSES 0 0 0 0 0 0 1 1 1 1 1 1 0 0 0 0 1 1 1 1 1 0 0 0
RESPONSES 0 0 0 0 0 1 0 0 1 1 1 1 0 0 0 0 0 0 1 1 1 0 0 1
RESPONSES 0 0 0 0 0 1 0 0 0 0 1 1 0 0 0 0 0 0 0 0 0 0 0 0
RESPONSES 0 0 0 0 0 1 0 0 0 0 0 0 1 1 1 1 1 1 1 1 1 0 0 1
RESPONSES 1 1 1 1 1 1 0 0 0 0 1 1 1 1 1 1 1 1 1 1 1 0 0 0
RESPONSES 0 0 0 0 0 1 0 0 0 0 1 1 1 1 1 1 1 1 1 1 1 0 0 0
COSTS 15 7 11 14 7 17 4 6 12 11 8 15 9 10 5 17 4 10 11 8 11 7 16 5
COSTS 18 6 10 12 8 17 4 6 11 9 11 18 9 10 4 17 5 9 7 8 11 9 16 5
COSTS 18 6 10 14 7 17 4 6 12 11 8 15 8 8 4 17 5 9 7 8 11 9 16 5
COSTS 18 6 10 14 7 17 4 6 12 11 11 18 9 10 5 13 5 9 7 8 11 7 16 5
COSTS 18 6 10 14 7 17 4 6 12 11 11 18 8 8 4 17 5 9 7 8 11 7 16 5
COSTS 18 6 10 14 7 17 4 6 12 11 11 18 8 8 4 17 5 9 7 8 11 7 16 5
COSTS 18 6 10 14 7 17 4 6 12 9 11 18 8 8 4 17 5 9 7 8 11 7 16 5
COSTS 15 7 11 14 7 15 4 6 12 9 11 18 8 8 4 17 5 9 7 8 11 7 16 5
COSTS 18 6 10 14 7 17 4 6 11 9 11 18 9 10 5 13 4 10 11 8 11 9 16 5
COSTS 18 6 10 12 8 17 4 6 11 9 11 18 8 8 4 17 5 9 7 8 11 7 16 5
COSTS 18 6 10 14 7 17 4 6 12 11 8 15 9 10 4 17 5 9 7 8 11 9 16 5
COSTS 18 6 10 14 7 17 4 6 12 11 11 18 8 8 4 17 5 9 7 8 11 7 16 5
COSTS 18 6 10 14 7 17 4 6 12 9 11 18 9 10 5 13 5 9 7 8 11 7 16 5
COSTS 18 6 10 14 7 17 4 6 12 11 11 18 9 10 5 13 4 10 11 8 11 7 16 5
COSTS 18 6 10 14 7 15 4 6 11 9 11 18 9 10 5 13 4 10 11 8 11 9 16 5
COSTS 18 6 10 14 7 17 4 6 12 9 11 18 9 10 5 13 4 10 7 8 11 9 16 5
COSTS 18 6 10 14 7 17 4 6 11 9 11 18 9 10 5 17 5 9 7 8 11 7 16 5
COSTS 18 6 10 14 7 17 4 6 12 11 11 18 8 8 4 17 5 9 7 8 11 7 16 5
COSTS 18 6 10 14 7 15 4 6 11 9 11 18 9 10 5 13 5 9 7 8 11 7 16 5
COSTS 18 6 10 14 7 17 4 6 11 9 11 18 9 10 5 13 4 10 7 8 11 7 16 5
COSTS 18 6 10 14 7 17 4 6 12 11 11 18 9 10 5 13 4 10 11 8 11 7 16 5
COSTS 18 6 10 14 7 17 4 6 12 11 8 15 8 8 4 17 5 9 7 8 11 7 16 5
COSTS 15 7 11 12 8 17 4 6 12 11 11 18 8 8 4 17 5 9 7 8 11 7 16 5
COSTS 18 6 10 14 7 17 4 6 12 11 11 18 8 8 4 17 5 9 7 8 11 7 16 5
END
STATE 5c96788f766c50b357fc5b9af0308a7f8acc21e6bf431767b640cf73f9e006ba 6001 24 28
LABELS 0 0 0 0 0 0 0 0 0 0 0 1 1 0 0 0 0 0 0 0 0 0 0 0
MASSES 31 9 22 31 15 28 30 28 25 5 17 19 21 18 17 10 19 11 7 8 6 17 16 31
QUERY_IDS 0 1 2 3 4 5 7 8 9 10 11 12 15 16 17 19 20 21 22 23 25 26 27 30 31 32 33 34
RESPONSES 0 0 0 0 1 1 0 0 1 1 0 1 0 0 0 1 1 1 1 1 1 1 1 1 1 1 1 1
RESPONSES 1 1 1 1 1 1 1 1 1 1 1 1 1 1 1 1 1 1 1 1 0 1 1 1 1 1 1 1
RESPONSES 1 1 1 1 1 1 1 1 1 1 1 1 1 1 1 1 1 1 1 1 0 1 1 1 1 1 1 1
RESPONSES 1 1 1 1 1 1 1 1 1 1 1 1 1 1 1 1 1 1 1 1 0 1 1 1 1 1 1 1
RESPONSES 1 1 1 1 1 1 1 1 1 1 1 1 1 1 1 1 1 1 1 1 0 1 1 1 1 1 1 1
RESPONSES 0 0 0 0 1 1 1 1 1 1 1 1 1 1 1 1 1 1 1 1 1 1 1 1 1 1 1 1
RESPONSES 0 0 0 1 1 1 1 1 1 1 1 1 1 1 1 1 1 1 1 1 0 0 1 1 1 1 1 1
RESPONSES 0 0 0 0 1 1 1 1 1 1 1 1 1 1 1 1 1 1 1 1 0 0 1 1 1 1 1 1
RESPONSES 0 0 0 0 1 1 1 1 1 1 1 1 1 1 1 1 1 1 1 1 0 0 1 1 1 1 1 1
RESPONSES 1 1 1 1 1 1 1 1 1 1 1 1 1 1 1 1 1 1 1 1 0 0 1 1 1 1 1 1
RESPONSES 1 1 1 1 1 1 1 1 1 1 1 1 0 1 1 1 1 1 1 1 0 0 1 1 1 1 1 1
RESPONSES 0 0 0 0 0 0 0 0 1 1 0 0 0 0 1 0 1 1 0 1 0 0 0 0 0 0 1 1
RESPONSES 0 0 0 0 0 0 0 0 0 0 0 0 0 0 1 0 0 0 0 0 0 0 0 0 0 0 0 0
RESPONSES 1 1 1 1 1 1 0 1 1 1 0 1 1 1 1 1 1 1 1 1 1 1 1 1 1 1 1 1
RESPONSES 0 0 1 1 1 1 1 1 1 1 1 1 1 1 1 1 1 1 0 0 0 0 0 1 1 1 1 1
RESPONSES 0 0 0 0 1 1 1 1 1 1 1 1 0 0 1 0 1 1 1 1 0 0 1 0 1 1 1 1
RESPONSES 0 1 1 1 1 1 1 1 1 1 1 1 1 1 1 1 1 1 1 1 0 1 1 1 1 1 1 1
RESPONSES 1 1 1 1 1 1 1 1 1 1 1 1 1 1 1 1 1 1 1 1 1 1 1 1 1 1 1 1
RESPONSES 0 0 0 1 1 1 1 1 1 1 1 1 1 1 1 1 1 1 1 1 1 1 1 1 1 1 1 1
RESPONSES 0 0 0 1 1 1 1 1 1 1 1 1 1 1 1 1 1 1 1 1 1 1 1 1 1 1 1 1
RESPONSES 0 0 0 1 1 1 1 1 1 1 1 1 1 1 1 1 1 1 1 1 1 1 1 1 1 1 1 1
RESPONSES 0 1 1 1 1 1 1 1 1 1 1 1 1 1 1 1 1 1 1 1 0 0 1 1 1 1 1 1
RESPONSES 0 1 1 1 1 1 1 1 1 1 1 1 1 1 1 1 1 1 1 1 0 0 1 1 1 1 1 1
RESPONSES 0 1 1 1 1 1 1 1 1 1 1 1 1 1 1 1 1 1 1 1 0 0 1 1 1 1 1 1
COSTS 14 8 7 5 11 5 6 13 17 4 8 8 14 10 3 13 9 7 14 10 6 14 8 9 14 14 14 6
COSTS 15 6 6 9 11 5 7 15 17 4 7 8 14 9 4 13 9 7 14 10 7 14 8 9 14 14 14 6
COSTS 15 6 6 9 11 5 7 15 17 4 7 8 14 9 4 13 9 7 14 10 7 14 8 9 14 14 14 6
COSTS 15 6 6 9 11 5 7 15 17 4 7 8 14 9 4 13 9 7 14 10 7 14 8 9 14 14 14 6
COSTS 15 6 6 9 11 5 7 15 17 4 7 8 14 9 4 13 9 7 14 10 7 14 8 9 14 14 14 6
COSTS 14 8 7 5 11 5 7 15 17 4 7 8 14 9 4 13 9 7 14 10 6 14 8 9 14 14 14 6
COSTS 14 8 7 9 11 5 7 15 17 4 7 8 14 9 4 13 9 7 14 10 7 12 8 9 14 14 14 6
COSTS 14 8 7 5 11 5 7 15 17 4 7 8 14 9 4 13 9 7 14 10 7 12 8 9 14 14 14 6
COSTS 14 8 7 5 11 5 7 15 17 4 7 8 14 9 4 13 9 7 14 10 7 12 8 9 14 14 14 6
COSTS 15 6 6 9 11 5 7 15 17 4 7 8 14 9 4 13 9 7 14 10 7 12 8 9 14 14 14 6
COSTS 15 6 6 9 11 5 7 15 17 4 7 8 14 9 4 13 9 7 14 10 7 12 8 9 14 14 14 6
COSTS 14 8 7 5 10 3 6 13 17 4 8 7 14 10 4 14 9 7 14 10 7 12 12 6 10 15 14 6
COSTS 14 8 7 5 10 3 6 13 15 6 8 7 14 10 4 14 11 8 14 13 7 12 12 6 10 15 14 9
COSTS 15 6 6 9 11 5 6 15 17 4 8 8 14 9 4 13 9 7 14 10 6 14 8 9 14 14 14 6
COSTS 14 8 6 9 11 5 7 15 17 4 7 8 14 9 4 13 9 7 14 13 7 12 12 9 14 14 14 6
COSTS 14 8 7 5 11 5 7 15 17 4 7 8 14 10 4 14 9 7 14 10 7 12 8 6 14 14 14 6
COSTS 14 6 6 9 11 5 7 15 17 4 7 8 14 9 4 13 9 7 14 10 7 14 8 9 14 14 14 6
COSTS 15 6 6 9 11 5 7 15 17 4 7 8 14 9 4 13 9 7 14 10 6 14 8 9 14 14 14 6
COSTS 14 8 7 9 11 5 7 15 17 4 7 8 14 9 4 13 9 7 14 10 6 14 8 9 14 14 14 6
COSTS 14 8 7 9 11 5 7 15 17 4 7 8 14 9 4 13 9 7 14 10 6 14 8 9 14 14 14 6
COSTS 14 8 7 9 11 5 7 15 17 4 7 8 14 9 4 13 9 7 14 10 6 14 8 9 14 14 14 6
COSTS 14 6 6 9 11 5 7 15 17 4 7 8 14 9 4 13 9 7 14 10 7 12 8 9 14 14 14 6
COSTS 14 6 6 9 11 5 7 15 17 4 7 8 14 9 4 13 9 7 14 10 7 12 8 9 14 14 14 6
COSTS 14 6 6 9 11 5 7 15 17 4 7 8 14 9 4 13 9 7 14 10 7 12 8 9 14 14 14 6
END
STATE 5cabd75d6cdb883d1e149fc89e57f3667a70e133cfbf67b71b045a6d629c78c2 6003 24 21
LABELS 1 0 0 0 0 0 0 0 0 0 0 0 0 0 0 0 0 0 0 0 0 0 0 0
MASSES 24 24 19 18 28 25 20 28 19 6 1 7 24 3 29 11 29 10 17 27 22 26 22 13
QUERY_IDS 3 4 5 6 10 12 13 14 15 17 18 23 24 27 30 31 33 34 35 39 41
RESPONSES 0 1 1 1 0 1 1 1 1 0 0 0 1 0 0 1 1 1 1 1 0
RESPONSES 1 1 1 1 1 1 1 1 1 1 1 0 0 0 0 1 1 1 1 0 0
RESPONSES 1 1 1 1 1 1 1 1 1 0 0 0 0 0 1 1 0 0 0 0 0
RESPONSES 1 1 1 1 1 1 1 1 1 0 0 0 0 0 0 0 0 0 1 0 0
RESPONSES 1 1 1 1 0 1 1 1 1 1 1 1 0 0 0 0 1 1 1 0 0
RESPONSES 1 1 1 1 1 1 1 1 1 1 1 1 0 0 1 1 1 1 1 0 2
RESPONSES 0 1 1 1 0 1 1 1 1 0 1 0 0 1 1 1 0 0 1 1 2
RESPONSES 1 1 1 1 1 1 1 1 1 0 0 0 0 0 0 1 1 1 1 2 0
RESPONSES 1 1 1 1 0 0 1 1 1 0 0 0 1 0 1 1 0 0 0 1 0
RESPONSES 1 1 1 1 1 1 1 1 1 1 1 0 0 0 0 0 1 1 1 0 0
RESPONSES 1 1 1 1 1 1 1 1 1 1 1 0 0 0 0 1 1 1 1 0 0
RESPONSES 1 1 1 1 0 1 1 1 1 1 1 0 0 0 0 1 1 1 1 0 0
RESPONSES 1 1 1 1 0 0 1 1 1 1 1 0 0 0 1 1 0 0 1 0 0
RESPONSES 1 1 1 1 0 1 1 1 1 1 1 0 1 0 0 0 1 1 1 0 0
RESPONSES 0 0 0 1 0 0 0 1 1 1 1 0 0 0 0 0 1 1 1 0 0
RESPONSES 1 1 1 1 1 1 1 1 1 1 1 0 0 0 0 0 0 0 1 0 0
RESPONSES 1 1 1 1 0 1 1 1 1 1 1 0 1 0 0 1 0 0 0 0 0
RESPONSES 1 1 1 1 1 1 1 1 1 1 1 0 0 1 1 1 1 1 1 1 0
RESPONSES 1 1 1 1 0 1 1 1 1 0 1 0 1 0 1 1 1 1 1 0 2
RESPONSES 1 1 1 1 1 1 1 1 1 0 0 0 0 0 1 1 1 1 1 0 0
RESPONSES 1 1 1 1 0 1 1 1 1 0 1 0 1 0 0 0 1 1 1 0 0
RESPONSES 1 1 1 1 0 0 1 1 1 1 1 0 0 1 1 1 1 1 1 1 1
RESPONSES 0 0 0 0 0 0 0 0 0 0 0 0 1 1 1 1 1 1 1 0 0
RESPONSES 1 1 1 1 0 1 1 1 1 0 0 0 1 0 0 0 0 0 1 1 0
COSTS 8 17 13 7 10 13 10 6 7 1 6 6 4 6 11 15 6 15 11 9 5
COSTS 9 17 13 7 7 13 10 6 7 2 6 6 3 6 11 15 6 15 11 13 5
COSTS 9 17 13 7 7 13 10 6 7 1 6 6 3 6 9 15 9 17 12 13 5
COSTS 9 17 13 7 7 13 10 6 7 1 6 6 3 6 11 16 9 17 11 13 5
COSTS 9 17 13 7 10 13 10 6 7 2 6 5 3 6 11 16 6 15 11 13 5
COSTS 9 17 13 7 7 13 10 6 7 2 6 5 3 6 9 15 6 15 11 13 8
COSTS 8 17 13 7 10 13 10 6 7 1 6 6 3 7 9 15 9 17 11 9 8
COSTS 9 17 13 7 7 13 10 6 7 1 6 6 3 6 11 15 6 15 11 11 5
COSTS 9 17 13 7 10 16 10 6 7 1 6 6 4 6 9 15 9 17 12 9 5
COSTS 9 17 13 7 7 13 10 6 7 2 6 6 3 6 11 16 6 15 11 13 5
COSTS 9 17 13 7 7 13 10 6 7 2 6 6 3 6 11 15 6 15 11 13 5
COSTS 9 17 13 7 10 13 10 6 7 2 6 6 3 6 11 15 6 15 11 13 5
COSTS 9 17 13 7 10 16 10 6 7 2 6 6 3 6 9 15 9 17 11 13 5
COSTS 9 17 13 7 10 13 10 6 7 2 6 6 4 6 11 16 6 15 11 13 5
COSTS 8 16 11 7 10 16 9 6 7 2 6 6 3 6 11 16 6 15 11 13 5
COSTS 9 17 13 7 7 13 10 6 7 2 6 6 3 6 11 16 9 17 11 13 5
COSTS 9 17 13 7 10 13 10 6 7 2 6 6 4 6 11 15 9 17 12 13 5
COSTS 9 17 13 7 7 13 10 6 7 2 6 6 3 7 9 15 6 15 11 9 5
COSTS 9 17 13 7 10 13 10 6 7 1 6 6 4 6 9 15 6 15 11 13 8
COSTS 9 17 13 7 7 13 10 6 7 1 6 6 3 6 9 15 6 15 11 13 5
COSTS 9 17 13 7 10 13 10 6 7 1 6 6 4 6 11 16 6 15 11 13 5
COSTS 9 17 13 7 10 16 10 6 7 2 6 6 3 7 9 15 6 15 11 9 5
COSTS 8 16 11 10 10 16 9 7 6 1 6 6 4 7 9 15 6 15 11 13 5
COSTS 9 17 13 7 10 13 10 6 7 1 6 6 4 6 11 16 9 17 11 9 5
END
STATE 5dfdc60250591f0782459f41fc6b5b3c464a3a85ba06bc5ee2451455f44a5236 6001 24 21
LABELS 1 0 0 0 0 0 0 0 0 0 0 0 0 0 0 0 0 0 0 0 0 0 0 0
MASSES 6 3 13 15 11 6 22 1 20 29 8 27 27 12 25 22 1 22 17 17 3 28 22 29
QUERY_IDS 3 4 5 6 10 12 13 14 15 17 18 23 24 27 30 31 33 34 35 39 41
RESPONSES 0 1 1 1 0 1 1 1 1 0 0 0 1 0 0 1 1 1 1 1 0
RESPONSES 1 1 1 1 1 1 1 1 1 1 1 0 0 0 0 1 1 1 1 0 0
RESPONSES 1 1 1 1 1 1 1 1 1 0 0 0 0 0 1 1 0 0 0 0 0
RESPONSES 1 1 1 1 1 1 1 1 1 0 0 0 0 0 0 0 0 0 1 0 0
RESPONSES 1 1 1 1 0 1 1 1 1 1 1 1 0 0 0 0 1 1 1 0 0
RESPONSES 1 1 1 1 1 1 1 1 1 1 1 1 0 0 1 1 1 1 1 0 2
RESPONSES 0 1 1 1 0 1 1 1 1 0 1 0 0 1 1 1 0 0 1 1 2
RESPONSES 1 1 1 1 1 1 1 1 1 0 0 0 0 0 0 1 1 1 1 2 0
RESPONSES 1 1 1 1 0 0 1 1 1 0 0 0 1 0 1 1 0 0 0 1 0
RESPONSES 1 1 1 1 1 1 1 1 1 1 1 0 0 0 0 0 1 1 1 0 0
RESPONSES 1 1 1 1 1 1 1 1 1 1 1 0 0 0 0 1 1 1 1 0 0
RESPONSES 1 1 1 1 0 1 1 1 1 1 1 0 0 0 0 1 1 1 1 0 0
RESPONSES 1 1 1 1 0 0 1 1 1 1 1 0 0 0 1 1 0 0 1 0 0
RESPONSES 1 1 1 1 0 1 1 1 1 1 1 0 1 0 0 0 1 1 1 0 0
RESPONSES 0 0 0 1 0 0 0 1 1 1 1 0 0 0 0 0 1 1 1 0 0
RESPONSES 1 1 1 1 1 1 1 1 1 1 1 0 0 0 0 0 0 0 1 0 0
RESPONSES 1 1 1 1 0 1 1 1 1 1 1 0 1 0 0 1 0 0 0 0 0
RESPONSES 1 1 1 1 1 1 1 1 1 1 1 0 0 1 1 1 1 1 1 1 0
RESPONSES 1 1 1 1 0 1 1 1 1 0 1 0 1 0 1 1 1 1 1 0 2
RESPONSES 1 1 1 1 1 1 1 1 1 0 0 0 0 0 1 1 1 1 1 0 0
RESPONSES 1 1 1 1 0 1 1 1 1 0 1 0 1 0 0 0 1 1 1 0 0
RESPONSES 1 1 1 1 0 0 1 1 1 1 1 0 0 1 1 1 1 1 1 1 1
RESPONSES 0 0 0 0 0 0 0 0 0 0 0 0 1 1 1 1 1 1 1 0 0
RESPONSES 1 1 1 1 0 1 1 1 1 0 0 0 1 0 0 0 0 0 1 1 0
COSTS 16 16 7 10 13 6 11 10 8 8 11 15 8 15 10 5 18 18 13 11 7
COSTS 17 16 7 10 14 6 11 10 8 6 13 15 6 15 10 5 18 18 13 14 7
COSTS 17 16 7 10 14 6 11 10 8 8 11 15 6 15 12 5 18 17 12 14 7
COSTS 17 16 7 10 14 6 11 10 8 8 11 15 6 15 10 6 18 17 13 14 7
COSTS 17 16 7 10 13 6 11 10 8 6 13 14 6 15 10 6 18 18 13 14 7
COSTS 17 16 7 10 14 6 11 10 8 6 13 14 6 15 12 5 18 18 13 14 10
COSTS 16 16 7 10 13 6 11 10 8 8 13 15 6 17 12 5 18 17 13 11 10
COSTS 17 16 7 10 14 6 11 10 8 8 11 15 6 15 10 5 18 18 13 13 7
COSTS 17 16 7 10 13 4 11 10 8 8 11 15 8 15 12 5 18 17 12 11 7
COSTS 17 16 7 10 14 6 11 10 8 6 13 15 6 15 10 6 18 18 13 14 7
COSTS 17 16 7 10 14 6 11 10 8 6 13 15 6 15 10 5 18 18 13 14 7
COSTS 17 16 7 10 13 6 11 10 8 6 13 15 6 15 10 5 18 18 13 14 7
COSTS 17 16 7 10 13 4 11 10 8 6 13 15 6 15 12 5 18 17 13 14 7
COSTS 17 16 7 10 13 6 11 10 8 6 13 15 8 15 10 6 18 18 13 14 7
COSTS 16 16 8 10 13 4 11 10 8 6 13 15 6 15 10 6 18 18 13 14 7
COSTS 17 16 7 10 14 6 11 10 8 6 13 15 6 15 10 6 18 17 13 14 7
COSTS 17 16 7 10 13 6 11 10 8 6 13 15 8 15 10 5 18 17 12 14 7
COSTS 17 16 7 10 14 6 11 10 8 6 13 15 6 17 12 5 18 18 13 11 7
COSTS 17 16 7 10 13 6 11 10 8 8 13 15 8 15 12 5 18 18 13 14 10
COSTS 17 16 7 10 14 6 11 10 8 8 11 15 6 15 12 5 18 18 13 14 7
COSTS 17 16 7 10 13 6 11 10 8 8 13 15 8 15 10 6 18 18 13 14 7
COSTS 17 16 7 10 13 4 11 10 8 6 13 15 6 17 12 5 18 18 13 11 7
COSTS 16 16 8 8 13 4 11 14 9 8 11 15 8 17 12 5 18 18 13 14 7
COSTS 17 16 7 10 13 6 11 10 8 8 11 15 8 15 10 6 18 17 13 11 7
END
STATE 5e46a5c562a10d37e23d388f4dd9e0cdffd99b5084024efc7c2a7236dae446dd 6002 24 13
LABELS 0 0 0 0 0 0 0 0 0 0 0 0 0 0 1 0 0 0 0 0 0 0 0 0
MASSES 5 2 20 29 26 10 2 16 10 8 24 19 21 13 6 26 16 28 21 17 12 17 26 4
QUERY_IDS 0 1 2 3 4 5 6 7 8 10 12 13 15
RESPONSES 1 2 1 0 0 0 1 1 1 1 1 1 0
RESPONSES 1 1 1 0 0 0 1 1 1 2 1 1 1
RESPONSES 1 0 1 0 0 0 1 1 1 0 1 1 0
RESPONSES 0 1 1 0 0 0 1 1 1 2 1 1 1
RESPONSES 0 1 1 0 0 0 1 1 1 2 1 1 1
RESPONSES 1 2 1 0 0 1 1 1 1 1 1 1 1
RESPONSES 1 2 1 0 0 0 1 1 1 2 1 1 0
RESPONSES 0 1 1 0 0 0 1 1 1 1 1 2 1
RESPONSES 1 1 1 0 0 1 1 1 1 1 1 1 1
RESPONSES 1 1 1 0 0 0 1 1 1 1 1 1 0
RESPONSES 1 1 1 0 0 0 1 1 1 1 1 1 0
RESPONSES 1 1 1 0 0 0 1 1 1 1 1 1 0
RESPONSES 1 1 1 0 0 0 1 1 1 1 1 1 0
RESPONSES 1 2 1 0 0 0 1 1 1 2 1 1 1
RESPONSES 0 2 1 1 1 1 1 0 0 1 0 0 0
RESPONSES 1 1 1 0 0 0 1 1 1 2 1 1 0
RESPONSES 1 2 1 0 0 0 0 1 1 2 1 1 1
RESPONSES 0 1 1 0 0 1 1 1 1 1 1 1 1
RESPONSES 1 0 1 0 0 0 1 1 1 1 1 1 0
RESPONSES 1 0 1 0 0 0 1 1 1 1 1 1 0
RESPONSES 1 2 1 0 0 0 1 1 1 1 1 1 1
RESPONSES 1 2 1 0 0 0 1 1 1 1 1 1 1
RESPONSES 1 2 1 0 0 0 1 1 1 1 1 1 1
RESPONSES 0 1 0 0 0 1 1 1 1 2 1 2 1
COSTS 15 5 8 14 4 4 8 3 11 5 14 19 3
COSTS 15 6 8 14 4 4 8 3 11 9 14 19 5
COSTS 15 5 8 14 4 4 8 3 11 8 14 19 3
COSTS 14 6 8 14 4 4 8 3 11 9 14 19 5
COSTS 14 6 8 14 4 4 8 3 11 9 14 19 5
COSTS 15 5 8 14 4 2 8 3 11 5 14 19 5
COSTS 15 5 8 14 4 4 8 3 11 9 14 19 3
COSTS 14 6 8 14 4 4 8 3 11 5 14 15 5
COSTS 15 6 8 14 4 2 8 3 11 5 14 19 5
COSTS 15 6 8 14 4 4 8 3 11 5 14 19 3
COSTS 15 6 8 14 4 4 8 3 11 5 14 19 3
COSTS 15 6 8 14 4 4 8 3 11 5 14 19 3
COSTS 15 6 8 14 4 4 8 3 11 5 14 19 3
COSTS 15 5 8 14 4 4 8 3 11 9 14 19 5
COSTS 14 5 8 14 7 2 8 6 13 5 12 16 3
COSTS 15 6 8 14 4 4 8 3 11 9 14 19 3
COSTS 15 5 8 14 4 4 6 3 11 9 14 19 5
COSTS 14 6 8 14 4 2 8 3 11 5 14 19 5
COSTS 15 5 8 14 4 4 8 3 11 5 14 19 3
COSTS 15 5 8 14 4 4 8 3 11 5 14 19 3
COSTS 15 5 8 14 4 4 8 3 11 5 14 19 5
COSTS 15 5 8 14 4 4 8 3 11 5 14 19 5
COSTS 15 5 8 14 4 4 8 3 11 5 14 19 5
COSTS 14 6 6 14 4 2 8 3 11 9 14 15 5
END
STATE 5eec16569c88b9ee54648e66a8e4ceed88e09671edb6ec0d87d1c0911e56050d 6003 24 34
LABELS 0 0 0 0 0 0 0 0 0 0 0 0 0 0 0 0 0 0 0 0 0 0 0 0
MASSES 5 27 13 8 5 13 16 4 4 16 27 14 13 4 10 3 29 10 20 3 10 10 10 6
QUERY_IDS 0 1 2 3 7 8 10 16 19 22 24 25 26 27 28 29 30 31 32 33 34 35 36 41 42 43 51 52 53 54 55 56 57 60
RESPONSES 0 1 1 1 0 0 0 0 0 0 0 0 0 0 0 0 0 0 0 0 0 0 0 0 0 0 0 0 0 0 0 0 0 1
RESPONSES 0 1 1 1 0 0 0 0 0 0 0 0 0 0 0 0 0 0 0 0 0 0 0 0 0 0 0 0 0 0 0 0 0 1
RESPONSES 0 1 1 1 0 0 0 0 0 0 0 0 0 0 0 0 0 0 0 0 0 0 0 0 0 0 0 0 0 0 0 0 0 1
RESPONSES 0 1 1 1 1 0 0 0 0 0 0 0 0 0 0 0 0 0 0 0 0 0 0 0 0 0 0 0 0 0 0 0 0 1
RESPONSES 0 1 1 1 0 0 0 0 0 0 0 0 0 0 0 0 0 0 0 0 0 0 0 0 0 0 0 0 0 0 0 0 0 1
RESPONSES 0 1 1 1 0 0 0 0 0 0 0 0 0 0 0 0 0 0 0 0 0 0 0 0 0 0 0 0 0 0 0 0 0 1
RESPONSES 0 0 0 0 0 0 0 0 0 0 0 0 0 0 0 1 0 0 0 0 1 1 0 0 0 0 0 0 0 0 0 0 0 1
RESPONSES 0 0 0 0 0 0 0 1 0 0 0 0 0 0 0 0 0 0 0 0 0 0 0 0 0 0 0 0 0 0 0 0 0 1
RESPONSES 0 0 0 0 0 0 0 1 0 0 0 0 0 0 0 0 0 0 0 0 0 0 0 0 0 0 0 0 0 0 0 0 0 1
RESPONSES 0 0 1 1 0 0 0 0 0 0 0 0 0 0 0 0 0 0 0 0 0 0 0 0 0 0 0 0 0 0 0 0 0 1
RESPONSES 0 0 1 1 0 0 0 0 0 0 0 0 0 0 0 0 0 0 0 0 0 0 0 0 0 0 0 0 0 0 0 0 0 1
RESPONSES 0 0 0 1 0 0 0 0 0 0 0 0 0 0 0 0 0 0 0 0 0 0 0 0 0 0 0 0 0 0 0 0 0 1
RESPONSES 0 0 0 1 0 0 0 0 0 0 0 0 0 0 0 0 0 0 0 0 0 0 0 0 0 0 0 0 0 0 0 0 0 1
RESPONSES 0 1 1 1 1 0 0 0 0 1 1 1 1 1 1 1 1 1 1 1 1 1 1 1 1 1 1 1 1 1 1 1 1 0
RESPONSES 1 1 1 1 0 0 0 1 0 0 0 0 0 0 0 0 0 0 0 0 0 0 0 0 0 0 0 0 0 0 0 0 0 1
RESPONSES 0 0 0 1 1 0 0 0 0 0 0 0 0 0 0 0 0 0 0 0 0 0 0 0 0 0 0 0 0 0 0 0 0 1
RESPONSES 0 0 1 1 0 0 0 0 0 0 0 0 0 0 0 0 0 0 0 0 0 0 0 0 0 0 0 0 0 0 0 0 0 1
RESPONSES 0 0 1 1 0 0 0 0 0 0 0 0 0 0 0 0 0 0 0 0 0 0 0 0 0 0 0 0 0 0 0 0 0 1
RESPONSES 1 1 1 1 0 0 0 0 1 0 0 0 0 0 0 0 0 0 0 0 0 0 0 0 0 0 0 0 0 0 0 0 0 1
RESPONSES 1 1 1 1 0 0 0 0 0 0 0 0 0 0 0 0 0 0 0 0 0 0 0 0 0 0 0 0 0 0 0 0 0 1
RESPONSES 0 0 0 0 1 1 0 1 0 1 0 0 0 0 0 1 1 1 1 1 1 1 1 1 1 1 0 0 0 0 0 0 0 1
RESPONSES 1 1 1 1 0 0 0 0 0 0 0 0 0 0 0 1 0 0 0 0 1 1 0 0 0 0 0 0 0 0 0 0 0 1
RESPONSES 1 1 1 1 0 0 1 1 0 0 0 0 0 0 0 0 0 0 0 0 0 0 0 0 0 0 0 0 0 0 0 0 0 1
RESPONSES 1 1 1 1 0 0 1 1 0 0 0 0 0 0 0 0 0 0 0 0 0 0 0 0 0 0 0 0 0 0 0 0 0 1
COSTS 3 18 5 12 11 9 13 17 6 4 7 6 15 15 18 9 3 7 2 13 1 13 5 7 6 12 7 18 13 4 5 8 19 17
COSTS 3 18 5 12 11 9 13 17 6 4 7 6 15 15 18 9 3 7 2 13 1 13 5 7 6 12 7 18 13 4 5 8 19 17
COSTS 3 18 5 12 11 9 13 17 6 4 7 6 15 15 18 9 3 7 2 13 1 13 5 7 6 12 7 18 13 4 5 8 19 17
COSTS 3 18 5 12 11 9 13 17 6 4 7 6 15 15 18 9 3 7 2 13 1 13 5 7 6 12 7 18 13 4 5 8 19 17
COSTS 3 18 5 12 11 9 13 17 6 4 7 6 15 15 18 9 3 7 2 13 1 13 5 7 6 12 7 18 13 4 5 8 19 17
COSTS 3 18 5 12 11 9 13 17 6 4 7 6 15 15 18 9 3 7 2 13 1 13 5 7 6 12 7 18 13 4 5 8 19 17
COSTS 3 16 2 14 11 9 13 17 6 4 7 6 15 15 18 9 3 7 2 13 5 15 5 7 6 12 7 18 13 4 5 8 19 17
COSTS 3 16 2 14 11 9 13 15 6 4 7 6 15 15 18 9 3 7 2 13 1 13 5 7 6 12 7 18 13 4 5 8 19 17
COSTS 3 16 2 14 11 9 13 15 6 4 7 6 15 15 18 9 3 7 2 13 1 13 5 7 6 12 7 18 13 4 5 8 19 17
COSTS 3 16 5 12 11 9 13 17 6 4 7 6 15 15 18 9 3 7 2 13 1 13 5 7 6 12 7 18 13 4 5 8 19 17
COSTS 3 16 5 12 11 9 13 17 6 4 7 6 15 15 18 9 3 7 2 13 1 13 5 7 6 12 7 18 13 4 5 8 19 17
COSTS 3 16 2 12 11 9 13 17 6 4 7 6 15 15 18 9 3 7 2 13 1 13 5 7 6 12 7 18 13 4 5 8 19 17
COSTS 3 16 2 12 11 9 13 17 6 4 7 6 15 15 18 9 3 7 2 13 1 13 5 7 6 12 7 18 13 4 5 8 19 17
COSTS 3 18 5 12 11 9 13 17 6 3 4 8 17 13 17 9 6 7 4 10 5 15 8 4 6 12 6 15 15 4 9 8 15 14
COSTS 1 18 5 12 11 9 13 15 6 4 7 6 15 15 18 9 3 7 2 13 1 13 5 7 6 12 7 18 13 4 5 8 19 17
COSTS 3 16 2 12 11 9 13 17 6 4 7 6 15 15 18 9 3 7 2 13 1 13 5 7 6 12 7 18 13 4 5 8 19 17
COSTS 3 16 5 12 11 9 13 17 6 4 7 6 15 15 18 9 3 7 2 13 1 13 5 7 6 12 7 18 13 4 5 8 19 17
COSTS 3 16 5 12 11 9 13 17 6 4 7 6 15 15 18 9 3 7 2 13 1 13 5 7 6 12 7 18 13 4 5 8 19 17
COSTS 1 18 5 12 11 9 13 17 10 4 7 6 15 15 18 9 3 7 2 13 1 13 5 7 6 12 7 18 13 4 5 8 19 17
COSTS 1 18 5 12 11 9 13 17 6 4 7 6 15 15 18 9 3 7 2 13 1 13 5 7 6 12 7 18 13 4 5 8 19 17
COSTS 3 16 2 14 11 9 13 15 6 3 7 6 15 15 18 9 6 7 4 10 5 15 8 4 6 12 7 18 13 4 5 8 19 17
COSTS 1 18 5 12 11 9 13 17 6 4 7 6 15 15 18 9 3 7 2 13 5 15 5 7 6 12 7 18 13 4 5 8 19 17
COSTS 1 18 5 12 11 9 13 15 6 4 7 6 15 15 18 9 3 7 2 13 1 13 5 7 6 12 7 18 13 4 5 8 19 17
COSTS 1 18 5 12 11 9 13 15 6 4 7 6 15 15 18 9 3 7 2 13 1 13 5 7 6 12 7 18 13 4 5 8 19 17
END
STATE 60219f1d53ae132f4d8c57bce10c3c30368d840c125f7989138470fc1436123f 6001 24 13
LABELS 0 0 0 0 0 0 0 0 0 0 0 0 0 0 1 0 0 0 0 0 0 0 0 0
MASSES 4 21 29 4 12 12 6 27 17 19 17 3 9 28 22 20 27 3 30 23 10 12 13 24
QUERY_IDS 0 1 2 3 4 5 6 7 8 10 12 13 15
RESPONSES 1 2 1 0 0 0 1 1 1 1 1 1 0
RESPONSES 1 1 1 0 0 0 1 1 1 2 1 1 1
RESPONSES 1 0 1 0 0 0 1 1 1 0 1 1 0
RESPONSES 0 1 1 0 0 0 1 1 1 2 1 1 1
RESPONSES 0 1 1 0 0 0 1 1 1 2 1 1 1
RESPONSES 1 2 1 0 0 1 1 1 1 1 1 1 1
RESPONSES 1 2 1 0 0 0 1 1 1 2 1 1 0
RESPONSES 0 1 1 0 0 0 1 1 1 1 1 2 1
RESPONSES 1 1 1 0 0 1 1 1 1 1 1 1 1
RESPONSES 1 1 1 0 0 0 1 1 1 1 1 1 0
RESPONSES 1 1 1 0 0 0 1 1 1 1 1 1 0
RESPONSES 1 1 1 0 0 0 1 1 1 1 1 1 0
RESPONSES 1 1 1 0 0 0 1 1 1 1 1 1 0
RESPONSES 1 2 1 0 0 0 1 1 1 2 1 1 1
RESPONSES 0 2 1 1 1 1 1 0 0 1 0 0 0
RESPONSES 1 1 1 0 0 0 1 1 1 2 1 1 0
RESPONSES 1 2 1 0 0 0 0 1 1 2 1 1 1
RESPONSES 0 1 1 0 0 1 1 1 1 1 1 1 1
RESPONSES 1 0 1 0 0 0 1 1 1 1 1 1 0
RESPONSES 1 0 1 0 0 0 1 1 1 1 1 1 0
RESPONSES 1 2 1 0 0 0 1 1 1 1 1 1 1
RESPONSES 1 2 1 0 0 0 1 1 1 1 1 1 1
RESPONSES 1 2 1 0 0 0 1 1 1 1 1 1 1
RESPONSES 0 1 0 0 0 1 1 1 1 2 1 2 1
COSTS 5 18 7 15 16 7 19 14 12 17 8 14 12
COSTS 5 16 7 15 16 7 19 14 12 19 8 14 12
COSTS 5 15 7 15 16 7 19 14 12 19 8 14 12
COSTS 6 16 7 15 16 7 19 14 12 19 8 14 12
COSTS 6 16 7 15 16 7 19 14 12 19 8 14 12
COSTS 5 18 7 15 16 5 19 14 12 17 8 14 12
COSTS 5 18 7 15 16 7 19 14 12 19 8 14 12
COSTS 6 16 7 15 16 7 19 14 12 17 8 15 12
COSTS 5 16 7 15 16 5 19 14 12 17 8 14 12
COSTS 5 16 7 15 16 7 19 14 12 17 8 14 12
COSTS 5 16 7 15 16 7 19 14 12 17 8 14 12
COSTS 5 16 7 15 16 7 19 14 12 17 8 14 12
COSTS 5 16 7 15 16 7 19 14 12 17 8 14 12
COSTS 5 18 7 15 16 7 19 14 12 19 8 14 12
COSTS 6 18 7 14 14 5 19 11 14 17 11 14 12
COSTS 5 16 7 15 16 7 19 14 12 19 8 14 12
COSTS 5 18 7 15 16 7 15 14 12 19 8 14 12
COSTS 6 16 7 15 16 5 19 14 12 17 8 14 12
COSTS 5 15 7 15 16 7 19 14 12 17 8 14 12
COSTS 5 15 7 15 16 7 19 14 12 17 8 14 12
COSTS 5 18 7 15 16 7 19 14 12 17 8 14 12
COSTS 5 18 7 15 16 7 19 14 12 17 8 14 12
COSTS 5 18 7 15 16 7 19 14 12 17 8 14 12
COSTS 6 16 9 15 16 5 19 14 12 19 8 15 12
END
STATE 63f918da35f8ac3f16a8d87a98dbe12f72ecec767990271383c81f126716b6a3 6001 16 13
LABELS 1 1 1 1 1 1 1 1 1 0 1 1 1 1 1 1
MASSES 3 20 4 3 29 18 8 6 2 3 1 24 12 25 26 13
QUERY_IDS 0 1 3 4 5 7 8 9 10 11 12 13 14
RESPONSES 1 1 1 2 1 0 0 0 2 2 1 1 0
RESPONSES 0 2 1 2 1 0 0 1 2 2 1 1 0
RESPONSES 1 2 1 2 1 0 0 1 2 1 1 0 0
RESPONSES 0 1 1 2 1 0 0 1 1 2 1 1 0
RESPONSES 0 1 1 2 1 0 0 1 1 2 1 1 0
RESPONSES 0 1 1 2 1 0 0 0 1 2 1 1 0
RESPONSES 0 1 1 2 1 0 0 0 1 2 1 1 0
RESPONSES 0 1 1 2 1 0 0 0 1 2 1 1 0
RESPONSES 1 2 1 2 1 0 0 1 1 2 1 1 0
RESPONSES 1 2 0 1 0 1 1 0 2 1 0 0 1
RESPONSES 1 1 1 2 1 0 0 1 1 0 1 1 0
RESPONSES 0 2 1 0 1 0 0 1 1 2 1 1 0
RESPONSES 0 2 1 2 1 0 0 0 1 0 1 1 0
RESPONSES 0 2 1 2 0 0 0 0 0 0 1 1 0
RESPONSES 0 1 1 2 0 0 0 1 1 2 1 1 0
RESPONSES 0 0 1 2 1 0 0 1 1 2 1 1 0
COSTS 5 16 14 14 5 12 14 17 19 9 9 15 12
COSTS 6 18 14 14 5 12 14 15 19 9 9 15 12
COSTS 5 18 14 14 5 12 14 15 19 9 9 14 12
COSTS 6 16 14 14 5 12 14 15 17 9 9 15 12
COSTS 6 16 14 14 5 12 14 15 17 9 9 15 12
COSTS 6 16 14 14 5 12 14 17 17 9 9 15 12
COSTS 6 16 14 14 5 12 14 17 17 9 9 15 12
COSTS 6 16 14 14 5 12 14 17 17 9 9 15 12
COSTS 5 18 14 14 5 12 14 15 17 9 9 15 12
COSTS 5 18 15 16 7 14 12 17 19 9 8 14 12
COSTS 5 16 14 14 5 12 14 15 17 6 9 15 12
COSTS 6 18 14 17 5 12 14 15 17 9 9 15 12
COSTS 6 18 14 14 5 12 14 17 17 6 9 15 12
COSTS 6 18 14 14 7 12 14 17 19 6 9 15 12
COSTS 6 16 14 14 7 12 14 15 17 9 9 15 12
COSTS 6 15 14 14 5 12 14 15 17 9 9 15 12
END
STATE 641f80ce1cdda9406d82089e96161beaa4678a9a418c5d6cef241e8a1578b771 6001 24 11
LABELS 1 4 0 1 2 1 4 0 0 0 0 4 4 1 1 1 2 2 0 2 2 2 3 4
MASSES 27 16 22 25 16 14 1 29 28 6 24 21 9 2 30 21 21 17 16 30 30 17 1 30
QUERY_IDS 0 1 2 3 4 6 7 8 9 10 11
RESPONSES 2 0 0 1 0 1 0 0 0 0 0
RESPONSES 4 2 0 1 0 1 0 1 0 0 0
RESPONSES 5 1 0 0 0 1 0 0 0 0 0
RESPONSES 3 1 0 1 0 1 0 1 0 0 0
RESPONSES 4 1 0 1 0 1 0 1 0 0 0
RESPONSES 4 1 0 1 0 1 0 1 0 0 0
RESPONSES 0 2 0 0 0 1 0 1 0 0 0
RESPONSES 5 1 0 1 0 1 0 0 0 0 0
RESPONSES 5 1 0 1 0 1 0 0 0 0 0
RESPONSES 5 1 0 1 0 1 0 0 0 0 0
RESPONSES 5 1 0 1 0 1 0 0 0 0 0
RESPONSES 3 2 0 0 0 1 0 1 0 0 0
RESPONSES 4 2 0 0 0 1 0 1 0 0 0
RESPONSES 1 0 1 0 1 1 0 1 1 1 0
RESPONSES 0 0 0 1 0 1 0 1 0 0 0
RESPONSES 4 1 0 0 0 1 0 1 0 0 0
RESPONSES 0 0 0 0 0 1 0 1 0 0 0
RESPONSES 0 0 0 0 0 1 0 1 0 0 0
RESPONSES 5 1 1 1 0 1 0 1 0 1 0
RESPONSES 4 0 0 1 0 1 0 0 0 0 0
RESPONSES 0 0 0 0 0 1 0 0 0 0 0
RESPONSES 4 1 0 1 0 1 0 1 1 0 0
RESPONSES 2 1 0 1 0 1 0 1 1 0 0
RESPONSES 3 2 0 0 0 0 0 1 0 0 0
COSTS 4 7 3 16 15 7 5 19 6 9 15
COSTS 8 5 3 16 15 7 5 17 6 9 15
COSTS 8 6 3 15 15 7 5 19 6 9 15
COSTS 7 6 3 16 15 7 5 17 6 9 15
COSTS 8 6 3 16 15 7 5 17 6 9 15
COSTS 8 6 3 16 15 7 5 17 6 9 15
COSTS 7 5 3 15 15 7 5 17 6 9 15
COSTS 8 6 3 16 15 7 5 19 6 9 15
COSTS 8 6 3 16 15 7 5 19 6 9 15
COSTS 8 6 3 16 15 7 5 19 6 9 15
COSTS 8 6 3 16 15 7 5 19 6 9 15
COSTS 7 5 3 15 15 7 5 17 6 9 15
COSTS 8 5 3 15 15 7 5 17 6 9 15
COSTS 4 7 5 15 18 7 5 17 7 12 15
COSTS 7 7 3 16 15 7 5 17 6 9 15
COSTS 8 6 3 15 15 7 5 17 6 9 15
COSTS 7 7 3 15 15 7 5 17 6 9 15
COSTS 7 7 3 15 15 7 5 17 6 9 15
COSTS 8 6 5 16 15 7 5 17 6 12 15
COSTS 8 7 3 16 15 7 5 19 6 9 15
COSTS 7 7 3 15 15 7 5 19 6 9 15
COSTS 8 6 3 16 15 7 5 17 7 9 15
COSTS 4 6 3 16 15 7 5 17 7 9 15
COSTS 7 5 3 15 15 6 5 17 6 9 15
END
STATE 653dbdec7150bd40307218fb03c6034dbca1f0ff7733c36f834ee1749f6e28ed 6001 24 32
LABELS 0 0 0 0 0 0 0 0 0 0 0 0 0 0 0 0 0 0 0 0 0 0 0 0
MASSES 28 25 23 8 14 13 27 5 5 16 6 29 9 5 21 13 22 10 15 13 25 24 9 20
QUERY_IDS 0 1 7 10 16 18 19 22 24 25 26 27 28 29 30 31 32 33 34 35 36 41 42 43 51 52 53 54 55 56 57 60
RESPONSES 0 1 0 0 0 0 0 0 0 0 0 0 0 0 0 0 0 0 0 0 0 0 0 0 0 0 0 0 0 0 0 1
RESPONSES 0 1 0 0 0 0 0 0 0 0 0 0 0 0 0 0 0 0 0 0 0 0 0 0 0 0 0 0 0 0 0 1
RESPONSES 0 1 0 0 0 0 0 0 0 0 0 0 0 0 0 0 0 0 0 0 0 0 0 0 0 0 0 0 0 0 0 1
RESPONSES 1 1 0 1 0 0 0 0 0 0 0 0 0 0 0 0 0 0 0 0 0 0 0 0 0 0 0 0 0 0 0 1
RESPONSES 0 1 1 0 0 0 0 0 0 0 0 0 0 0 0 0 0 0 0 0 0 0 0 0 0 0 0 0 0 0 0 1
RESPONSES 0 1 0 0 0 0 0 0 0 0 0 0 0 0 0 0 0 0 0 0 0 0 0 0 0 0 0 0 0 0 0 1
RESPONSES 0 1 0 0 0 0 0 0 0 0 0 0 0 0 0 0 0 0 0 0 0 0 0 0 0 0 0 0 0 0 0 1
RESPONSES 0 0 0 0 0 0 0 0 0 0 0 0 0 0 0 0 0 0 0 0 0 0 0 0 0 0 0 0 0 0 0 1
RESPONSES 0 0 0 0 0 0 0 0 0 0 0 0 0 0 0 0 0 0 0 0 0 0 0 0 0 0 0 0 0 0 0 1
RESPONSES 0 0 0 0 0 0 0 0 0 0 0 0 0 0 0 0 0 0 0 0 0 0 0 0 0 0 0 0 0 0 0 1
RESPONSES 0 1 1 0 0 0 0 1 1 1 1 1 1 1 1 1 1 1 1 1 1 1 1 1 1 1 1 1 1 1 1 0
RESPONSES 1 1 0 0 1 0 0 0 0 0 0 0 0 0 0 0 0 0 0 0 0 0 0 0 0 0 0 0 0 0 0 1
RESPONSES 0 0 0 0 0 0 0 0 0 0 0 0 0 0 0 0 0 0 0 0 0 0 0 0 0 0 0 0 0 0 0 1
RESPONSES 0 0 0 0 0 0 0 0 0 0 0 0 0 0 0 0 0 0 0 0 0 0 0 0 0 0 0 0 0 0 0 1
RESPONSES 0 0 0 0 0 0 0 0 0 0 0 0 0 0 0 0 0 0 0 0 0 0 0 0 0 0 0 0 0 0 0 1
RESPONSES 0 0 0 0 0 0 0 0 0 0 0 0 0 0 0 0 0 0 0 0 0 0 0 0 0 0 0 0 0 0 0 1
RESPONSES 1 1 0 0 0 0 1 0 0 0 0 0 0 0 0 0 0 0 0 0 0 0 0 0 0 0 0 0 0 0 0 1
RESPONSES 1 1 0 0 0 0 0 0 0 0 0 0 0 0 0 0 0 0 0 0 0 0 0 0 0 0 0 0 0 0 0 1
RESPONSES 0 1 0 0 0 0 0 0 0 0 0 0 0 1 0 0 1 1 1 1 0 0 0 0 0 0 0 0 0 0 0 1
RESPONSES 0 0 0 0 0 1 1 0 0 0 0 0 0 0 0 0 0 0 0 0 0 0 0 0 0 0 0 0 0 0 0 1
RESPONSES 1 1 0 0 0 0 0 0 0 0 0 0 0 0 0 0 0 0 0 0 0 0 0 0 0 0 0 0 0 0 0 1
RESPONSES 1 1 0 0 0 0 0 0 0 0 0 0 0 1 0 0 0 0 1 1 0 0 0 0 0 0 0 0 0 0 0 1
RESPONSES 1 1 0 1 1 0 0 0 0 0 0 0 0 0 0 0 0 0 0 0 0 0 0 0 0 0 0 0 0 0 0 1
RESPONSES 1 1 0 1 1 0 0 0 0 0 0 0 0 0 0 0 0 0 0 0 0 0 0 0 0 0 0 0 0 0 0 1
COSTS 9 11 12 15 8 6 8 10 13 14 11 14 16 16 4 17 14 3 12 5 7 12 15 10 5 7 12 11 11 13 2 6
COSTS 9 11 12 15 8 6 8 10 13 14 11 14 16 16 4 17 14 3 12 5 7 12 15 10 5 7 12 11 11 13 2 6
COSTS 9 11 12 15 8 6 8 10 13 14 11 14 16 16 4 17 14 3 12 5 7 12 15 10 5 7 12 11 11 13 2 6
COSTS 6 11 12 14 8 6 8 10 13 14 11 14 16 16 4 17 14 3 12 5 7 12 15 10 5 7 12 11 11 13 2 6
COSTS 9 11 13 15 8 6 8 10 13 14 11 14 16 16 4 17 14 3 12 5 7 12 15 10 5 7 12 11 11 13 2 6
COSTS 9 11 12 15 8 6 8 10 13 14 11 14 16 16 4 17 14 3 12 5 7 12 15 10 5 7 12 11 11 13 2 6
COSTS 9 11 12 15 8 6 8 10 13 14 11 14 16 16 4 17 14 3 12 5 7 12 15 10 5 7 12 11 11 13 2 6
COSTS 9 10 12 15 8 6 8 10 13 14 11 14 16 16 4 17 14 3 12 5 7 12 15 10 5 7 12 11 11 13 2 6
COSTS 9 10 12 15 8 6 8 10 13 14 11 14 16 16 4 17 14 3 12 5 7 12 15 10 5 7 12 11 11 13 2 6
COSTS 9 10 12 15 8 6 8 10 13 14 11 14 16 16 4 17 14 3 12 5 7 12 15 10 5 7 12 11 11 13 2 6
COSTS 9 11 13 15 8 6 8 8 13 17 14 14 18 14 5 13 13 1 10 5 6 15 18 13 7 5 13 14 14 15 2 9
COSTS 6 11 12 15 11 6 8 10 13 14 11 14 16 16 4 17 14 3 12 5 7 12 15 10 5 7 12 11 11 13 2 6
COSTS 9 10 12 15 8 6 8 10 13 14 11 14 16 16 4 17 14 3 12 5 7 12 15 10 5 7 12 11 11 13 2 6
COSTS 9 10 12 15 8 6 8 10 13 14 11 14 16 16 4 17 14 3 12 5 7 12 15 10 5 7 12 11 11 13 2 6
COSTS 9 10 12 15 8 6 8 10 13 14 11 14 16 16 4 17 14 3 12 5 7 12 15 10 5 7 12 11 11 13 2 6
COSTS 9 10 12 15 8 6 8 10 13 14 11 14 16 16 4 17 14 3 12 5 7 12 15 10 5 7 12 11 11 13 2 6
COSTS 6 11 12 15 8 6 4 10 13 14 11 14 16 16 4 17 14 3 12 5 7 12 15 10 5 7 12 11 11 13 2 6
COSTS 6 11 12 15 8 6 8 10 13 14 11 14 16 16 4 17 14 3 12 5 7 12 15 10 5 7 12 11 11 13 2 6
COSTS 9 11 12 15 8 6 8 10 13 14 11 14 16 14 4 17 13 1 10 5 7 12 15 10 5 7 12 11 11 13 2 6
COSTS 9 10 12 15 8 8 4 10 13 14 11 14 16 16 4 17 14 3 12 5 7 12 15 10 5 7 12 11 11 13 2 6
COSTS 6 11 12 15 8 6 8 10 13 14 11 14 16 16 4 17 14 3 12 5 7 12 15 10 5 7 12 11 11 13 2 6
COSTS 6 11 12 15 8 6 8 10 13 14 11 14 16 14 4 17 14 3 10 5 7 12 15 10 5 7 12 11 11 13 2 6
COSTS 6 11 12 14 11 6 8 10 13 14 11 14 16 16 4 17 14 3 12 5 7 12 15 10 5 7 12 11 11 13 2 6
COSTS 6 11 12 14 11 6 8 10 13 14 11 14 16 16 4 17 14 3 12 5 7 12 15 10 5 7 12 11 11 13 2 6
END
STATE 6698f0166adbdb765523178c2a0a660ccbff6bd1ad8b445d4ecb823cd5aa20e7 6002 24 25
LABELS 1 1 0 1 1 1 0 1 1 1 0 0 1 1 1 0 0 1 0 1 0 0 0 1
MASSES 12 1 12 17 31 26 12 3 16 31 2 12 31 11 2 5 16 16 11 5 9 26 26 2
QUERY_IDS 6 7 9 10 11 12 13 14 15 16 18 19 20 21 22 26 27 28 29 31 38 40 41 47 50
RESPONSES 0 0 0 0 0 1 0 0 0 0 1 1 0 0 0 0 0 0 0 0 0 0 0 0 1
RESPONSES 0 0 1 1 1 1 0 0 0 0 1 1 1 1 1 1 1 1 1 0 0 1 1 0 1
RESPONSES 0 0 0 1 1 1 0 0 0 0 0 0 1 1 1 1 1 1 1 0 0 0 1 0 1
RESPONSES 0 0 0 1 1 1 1 1 1 1 1 1 1 1 1 1 1 1 1 1 0 1 1 0 1
RESPONSES 0 0 0 0 0 1 0 0 0 0 1 1 1 1 1 1 1 1 1 0 1 1 1 0 0
RESPONSES 0 0 0 0 0 0 0 0 1 1 1 1 1 1 1 1 1 1 1 1 0 0 0 0 1
RESPONSES 1 1 1 1 1 1 0 0 0 0 1 1 1 1 1 1 1 1 1 0 0 0 0 0 1
RESPONSES 0 0 0 0 0 0 0 0 0 0 0 0 1 1 1 1 1 1 1 0 0 0 1 0 0
RESPONSES 0 0 0 0 0 0 0 0 0 0 1 1 0 0 1 0 0 0 0 0 0 0 0 0 0
RESPONSES 0 0 1 1 1 1 0 0 0 0 0 0 0 0 0 1 1 1 1 0 0 1 1 0 0
RESPONSES 0 0 1 1 1 1 0 0 1 1 1 1 1 1 1 1 1 1 1 1 0 1 1 0 1
RESPONSES 0 0 1 1 1 1 0 0 0 0 0 0 0 0 1 1 1 1 1 1 0 1 1 0 0
RESPONSES 0 0 0 1 1 1 0 0 0 0 1 1 1 1 1 1 1 1 1 0 1 1 1 0 0
RESPONSES 0 0 0 1 1 1 0 0 0 0 0 0 1 1 1 1 1 1 1 0 0 1 1 0 1
RESPONSES 0 0 1 1 1 1 0 0 1 1 1 1 1 1 1 1 1 1 1 0 0 0 0 0 1
RESPONSES 1 1 1 1 1 1 0 0 0 0 1 1 1 1 1 1 1 1 1 1 1 1 1 0 1
RESPONSES 0 0 1 1 1 1 0 0 0 0 1 1 0 0 0 1 1 1 1 0 0 0 0 0 0
RESPONSES 0 0 0 0 0 1 0 0 0 0 0 0 1 1 1 1 1 1 1 0 0 1 1 0 0
RESPONSES 0 0 1 1 1 1 1 1 1 1 1 1 1 1 1 1 1 1 1 0 0 0 0 0 0
RESPONSES 0 0 1 1 1 1 0 0 1 1 1 1 1 1 1 1 1 1 1 0 0 1 1 0 0
RESPONSES 0 0 1 1 1 1 0 0 0 0 1 1 1 1 1 1 1 1 1 1 1 1 1 0 0
RESPONSES 1 1 1 1 1 1 1 1 1 1 1 1 1 1 1 1 1 1 1 0 0 0 0 1 1
RESPONSES 0 0 1 1 1 1 0 0 0 0 1 1 0 0 0 0 0 0 0 0 1 1 1 0 1
RESPONSES 0 0 0 0 0 0 0 0 0 0 1 1 0 0 0 1 1 1 1 0 0 0 0 0 0
COSTS 14 18 12 9 11 12 10 3 13 14 8 8 7 7 14 8 6 11 7 18 3 16 8 6 11
COSTS 14 18 11 9 14 12 10 3 13 14 8 8 11 5 16 9 4 14 10 18 3 12 10 6 11
COSTS 14 18 12 9 14 12 10 3 13 14 5 8 11 5 16 9 4 14 10 18 3 16 10 6 11
COSTS 14 18 12 9 14 12 12 5 14 11 8 8 11 5 16 9 4 14 10 17 3 12 10 6 11
COSTS 14 18 12 9 11 12 10 3 13 14 8 8 11 5 16 9 4 14 10 18 6 12 10 6 11
COSTS 14 18 12 9 11 10 10 3 14 11 8 8 11 5 16 9 4 14 10 17 3 16 8 6 11
COSTS 18 15 11 9 14 12 10 3 13 14 8 8 11 5 16 9 4 14 10 18 3 16 8 6 11
COSTS 14 18 12 9 11 10 10 3 13 14 5 8 11 5 16 9 4 14 10 18 3 16 10 6 11
COSTS 14 18 12 9 11 10 10 3 13 14 8 8 7 7 16 8 6 11 7 18 3 16 8 6 11
COSTS 14 18 11 9 14 12 10 3 13 14 5 8 7 7 14 9 4 14 10 18 3 12 10 6 11
COSTS 14 18 11 9 14 12 10 3 14 11 8 8 11 5 16 9 4 14 10 17 3 12 10 6 11
COSTS 14 18 11 9 14 12 10 3 13 14 5 8 7 7 16 9 4 14 10 17 3 12 10 6 11
COSTS 14 18 12 9 14 12 10 3 13 14 8 8 11 5 16 9 4 14 10 18 6 12 10 6 11
COSTS 14 18 12 9 14 12 10 3 13 14 5 8 11 5 16 9 4 14 10 18 3 12 10 6 11
COSTS 14 18 11 9 14 12 10 3 14 11 8 8 11 5 16 9 4 14 10 18 3 16 8 6 11
COSTS 18 15 11 9 14 12 10 3 13 14 8 8 11 5 16 9 4 14 10 17 6 12 10 6 11
COSTS 14 18 11 9 14 12 10 3 13 14 8 8 7 7 14 9 4 14 10 18 3 16 8 6 11
COSTS 14 18 12 9 11 12 10 3 13 14 5 8 11 5 16 9 4 14 10 18 3 12 10 6 11
COSTS 14 18 11 9 14 12 12 5 14 11 8 8 11 5 16 9 4 14 10 18 3 16 8 6 11
COSTS 14 18 11 9 14 12 10 3 14 11 8 8 11 5 16 9 4 14 10 18 3 12 10 6 11
COSTS 14 18 11 9 14 12 10 3 13 14 8 8 11 5 16 9 4 14 10 17 6 12 10 6 11
COSTS 18 15 11 9 14 12 12 5 14 11 8 8 11 5 16 9 4 14 10 18 3 16 8 8 11
COSTS 14 18 11 9 14 12 10 3 13 14 8 8 7 7 14 8 6 11 7 18 6 12 10 6 11
COSTS 14 18 12 9 11 10 10 3 13 14 8 8 7 7 14 9 4 14 10 18 3 16 8 6 11
END
STATE 689685ed4fd8428b5522ce93e2337359436de2bac9f4045f68168224cd7c174f 6002 24 11
LABELS 3 1 3 1 1 0 0 0 0 4 1 1 1 1 0 2 1 1 2 1 2 2 0 1
MASSES 10 18 15 11 28 26 25 21 2 21 22 8 4 13 8 8 1 9 15 11 24 12 21 21
QUERY_IDS 0 1 2 3 4 5 7 8 9 10 11
RESPONSES 2 0 0 2 0 0 0 1 0 2 0
RESPONSES 0 1 0 2 0 1 0 1 0 0 0
RESPONSES 0 0 1 1 1 1 0 1 0 1 0
RESPONSES 2 1 0 2 0 0 0 1 0 0 0
RESPONSES 2 1 0 2 0 0 0 1 0 0 0
RESPONSES 3 1 0 2 0 0 0 0 0 0 0
RESPONSES 3 1 0 2 0 0 0 0 0 0 0
RESPONSES 3 1 0 2 0 0 0 0 0 0 0
RESPONSES 3 1 0 2 0 0 0 0 0 0 0
RESPONSES 2 2 0 1 0 0 0 1 0 0 0
RESPONSES 2 1 1 1 0 1 0 1 0 1 0
RESPONSES 0 0 0 2 0 0 0 1 0 0 0
RESPONSES 2 1 0 1 0 0 0 1 0 0 0
RESPONSES 2 1 0 0 0 0 0 1 0 0 0
RESPONSES 3 1 1 2 0 0 0 1 0 1 0
RESPONSES 0 0 0 2 0 1 0 1 0 0 0
RESPONSES 2 1 0 1 0 1 0 1 0 0 0
RESPONSES 2 1 0 2 0 0 0 1 0 1 0
RESPONSES 0 0 1 2 0 1 0 0 0 0 0
RESPONSES 1 0 0 2 0 1 0 1 1 3 0
RESPONSES 0 0 1 1 1 0 0 1 0 0 0
RESPONSES 1 1 0 2 0 1 0 1 1 0 0
RESPONSES 3 1 0 2 0 0 0 1 0 1 0
RESPONSES 2 0 0 1 0 1 0 0 0 0 0
COSTS 6 7 8 6 15 4 15 10 10 8 12
COSTS 5 5 8 6 15 5 15 10 10 10 12
COSTS 5 7 5 3 15 5 15 10 10 9 12
COSTS 6 5 8 6 15 4 15 10 10 10 12
COSTS 6 5 8 6 15 4 15 10 10 10 12
COSTS 7 5 8 6 15 4 15 13 10 10 12
COSTS 7 5 8 6 15 4 15 13 10 10 12
COSTS 7 5 8 6 15 4 15 13 10 10 12
COSTS 7 5 8 6 15 4 15 13 10 10 12
COSTS 6 8 8 3 15 4 15 10 10 10 12
COSTS 6 5 5 3 15 5 15 10 10 9 12
COSTS 5 7 8 6 15 4 15 10 10 10 12
COSTS 6 5 8 3 15 4 15 10 10 10 12
COSTS 6 5 8 4 15 4 15 10 10 10 12
COSTS 7 5 5 6 15 4 15 10 10 9 12
COSTS 5 7 8 6 15 5 15 10 10 10 12
COSTS 6 5 8 3 15 5 15 10 10 10 12
COSTS 6 5 8 6 15 4 15 10 10 9 12
COSTS 5 7 5 6 15 5 15 13 10 10 12
COSTS 8 7 8 6 15 5 15 10 10 7 12
COSTS 5 7 5 3 15 4 15 10 10 10 12
COSTS 8 5 8 6 15 5 15 10 10 10 12
COSTS 7 5 8 6 15 4 15 10 10 9 12
COSTS 6 7 8 3 15 5 15 13 10 10 12
END
STATE 6b146441318a77eb3ca46ffa54f0212e51719929df8fca4b5db9e7363a2659f4 6002 16 13
LABELS 0 0 1 1 1 1 1 0 0 0 0 0 1 1 0 0
MASSES 26 4 30 3 28 14 3 15 16 28 28 5 7 3 12 10
QUERY_IDS 0 1 2 3 4 5 6 7 8 11 12 13 14
RESPONSES 1 1 1 0 0 0 1 1 1 0 0 0 1
RESPONSES 1 0 1 0 0 0 1 1 1 0 1 0 2
RESPONSES 0 2 0 1 1 1 0 0 0 1 1 1 1
RESPONSES 0 2 0 1 1 1 0 0 0 1 1 1 1
RESPONSES 0 2 0 1 1 1 0 0 0 0 1 1 0
RESPONSES 0 0 0 1 1 1 0 0 0 1 1 1 1
RESPONSES 1 0 0 1 1 1 0 1 0 1 1 1 1
RESPONSES 0 0 1 0 0 0 1 1 1 0 0 0 2
RESPONSES 1 1 1 0 0 0 1 1 1 0 0 0 0
RESPONSES 1 1 1 0 1 1 0 0 0 0 0 0 1
RESPONSES 0 1 1 0 0 1 1 1 1 0 0 0 2
RESPONSES 1 2 1 0 0 0 1 1 1 0 0 0 1
RESPONSES 0 1 0 1 1 1 0 0 0 1 1 1 1
RESPONSES 0 1 0 1 1 1 0 0 0 1 1 1 1
RESPONSES 1 2 1 0 0 0 1 1 1 0 0 0 2
RESPONSES 1 2 1 0 0 0 1 1 1 0 0 0 2
COSTS 15 6 8 14 4 4 8 3 11 5 14 19 15
COSTS 15 5 8 14 4 4 8 3 11 5 10 19 19
COSTS 14 5 6 14 7 2 6 2 13 4 10 15 15
COSTS 14 5 6 14 7 2 6 2 13 4 10 15 15
COSTS 14 5 6 14 7 2 6 2 13 5 10 15 16
COSTS 14 5 6 14 7 2 6 2 13 4 10 15 15
COSTS 15 5 6 14 7 2 6 3 13 4 10 15 15
COSTS 14 5 8 14 4 4 8 3 11 5 14 19 19
COSTS 15 6 8 14 4 4 8 3 11 5 14 19 16
COSTS 15 6 8 14 7 2 6 2 13 5 14 19 15
COSTS 14 6 8 14 4 2 8 3 11 5 14 19 19
COSTS 15 5 8 14 4 4 8 3 11 5 14 19 15
COSTS 14 6 6 14 7 2 6 2 13 4 10 15 15
COSTS 14 6 6 14 7 2 6 2 13 4 10 15 15
COSTS 15 5 8 14 4 4 8 3 11 5 14 19 19
COSTS 15 5 8 14 4 4 8 3 11 5 14 19 19
END
STATE 6b84720b83598d01c8436c9bb25e647a33502074b6efcda40665181c1993bdb5 6001 24 11
LABELS 1 4 4 2 3 1 0 1 0 0 0 0 2 1 1 2 4 2 2 4 4 2 4 4
MASSES 27 16 3 19 30 25 30 18 28 26 8 8 20 1 22 16 11 30 21 20 22 19 9 30
QUERY_IDS 0 1 2 4 5 6 7 8 9 10 11
RESPONSES 2 0 0 0 0 1 0 0 0 0 0
RESPONSES 4 2 0 0 0 1 0 1 0 0 0
RESPONSES 4 2 0 0 0 1 0 1 0 0 0
RESPONSES 2 1 0 0 0 1 0 1 0 0 0
RESPONSES 2 0 1 0 1 1 0 1 0 0 0
RESPONSES 3 1 0 0 0 1 0 1 0 0 0
RESPONSES 5 0 0 0 0 1 0 0 0 0 0
RESPONSES 4 1 0 0 0 1 0 1 1 1 0
RESPONSES 5 1 0 0 0 1 0 0 0 0 0
RESPONSES 5 1 0 0 0 1 0 0 0 0 0
RESPONSES 5 1 0 0 0 1 0 0 0 0 0
RESPONSES 5 1 0 0 0 1 0 0 0 0 0
RESPONSES 3 1 0 0 0 1 0 0 0 0 0
RESPONSES 3 1 0 0 0 1 0 0 0 0 0
RESPONSES 0 0 0 0 0 1 0 1 0 0 0
RESPONSES 0 1 0 0 0 1 0 1 0 0 0
RESPONSES 4 2 1 0 1 1 0 1 0 0 0
RESPONSES 4 0 0 0 0 1 0 0 0 0 0
RESPONSES 0 0 0 0 1 1 0 1 0 0 0
RESPONSES 1 2 0 0 0 1 0 1 0 0 0
RESPONSES 1 2 0 0 0 1 0 1 0 0 0
RESPONSES 2 0 0 0 1 1 0 1 0 0 0
RESPONSES 4 2 0 0 1 1 0 1 0 0 0
RESPONSES 4 2 0 0 0 0 0 1 0 0 0
COSTS 4 7 3 15 4 7 5 19 6 9 15
COSTS 8 5 3 15 4 7 5 17 6 9 15
COSTS 8 5 3 15 4 7 5 17 6 9 15
COSTS 4 6 3 15 4 7 5 17 6 9 15
COSTS 4 7 5 15 2 7 5 17 6 9 15
COSTS 7 6 3 15 4 7 5 17 6 9 15
COSTS 8 7 3 15 4 7 5 19 6 9 15
COSTS 8 6 3 15 4 7 5 17 7 12 15
COSTS 8 6 3 15 4 7 5 19 6 9 15
COSTS 8 6 3 15 4 7 5 19 6 9 15
COSTS 8 6 3 15 4 7 5 19 6 9 15
COSTS 8 6 3 15 4 7 5 19 6 9 15
COSTS 7 6 3 15 4 7 5 19 6 9 15
COSTS 7 6 3 15 4 7 5 19 6 9 15
COSTS 7 7 3 15 4 7 5 17 6 9 15
COSTS 7 6 3 15 4 7 5 17 6 9 15
COSTS 8 5 5 15 2 7 5 17 6 9 15
COSTS 8 7 3 15 4 7 5 19 6 9 15
COSTS 7 7 3 15 2 7 5 17 6 9 15
COSTS 4 5 3 15 4 7 5 17 6 9 15
COSTS 4 5 3 15 4 7 5 17 6 9 15
COSTS 4 7 3 15 2 7 5 17 6 9 15
COSTS 8 5 3 15 2 7 5 17 6 9 15
COSTS 8 5 3 15 4 6 5 17 6 9 15
END
STATE 6c9d837c1d657018cae2347b7fd5c53cc01af23a0ad84d6b293ac0a28d81009b 6003 24 21
LABELS 2 0 0 1 0 1 0 0 2 0 0 3 0 0 0 0 1 0 0 0 0 0 0 0
MASSES 30 22 19 20 27 17 27 28 11 7 6 31 29 7 11 27 10 5 27 16 30 5 12 13
QUERY_IDS 1 4 5 6 11 12 13 16 18 19 20 23 25 26 27 30 31 32 33 35 37
RESPONSES 0 0 0 0 1 1 1 0 0 1 1 0 1 1 1 1 1 0 0 0 1
RESPONSES 0 0 0 0 1 1 1 0 1 1 1 0 1 1 1 1 1 0 0 0 1
RESPONSES 1 1 1 1 1 1 1 0 0 1 1 1 0 0 0 0 0 0 0 1 1
RESPONSES 1 1 1 1 1 1 1 1 1 1 1 0 0 0 0 1 1 0 1 1 1
RESPONSES 0 0 0 0 1 1 1 0 0 0 0 0 0 0 0 1 1 0 0 1 1
RESPONSES 0 0 1 1 0 1 1 0 0 0 0 0 0 0 0 0 1 0 1 1 1
RESPONSES 1 1 1 1 1 1 1 0 1 1 1 0 0 0 0 0 0 0 1 1 1
RESPONSES 1 1 1 1 1 1 1 0 1 1 1 0 0 0 0 1 1 1 0 0 0
RESPONSES 0 1 1 1 0 1 1 0 0 0 0 1 1 1 1 1 1 1 0 0 1
RESPONSES 1 1 1 1 0 1 1 0 0 1 1 0 0 0 0 0 0 1 0 1 1
RESPONSES 1 1 1 1 1 1 1 1 1 1 1 0 0 0 0 0 0 0 1 1 1
RESPONSES 1 1 1 1 1 1 1 1 1 1 1 0 1 1 1 1 1 1 0 0 0
RESPONSES 0 1 1 1 1 1 1 0 1 1 1 0 0 0 0 1 1 0 0 0 1
RESPONSES 1 1 1 1 1 1 1 1 1 1 1 0 0 0 0 0 1 0 1 1 1
RESPONSES 0 1 1 1 1 1 1 1 1 1 1 0 0 0 0 1 1 0 0 0 0
RESPONSES 0 1 1 1 1 1 1 0 0 1 1 0 0 0 0 1 1 1 0 1 1
RESPONSES 0 1 1 1 0 0 0 0 0 0 0 0 0 0 0 0 1 1 0 0 1
RESPONSES 1 1 1 1 1 1 1 0 1 1 1 0 0 0 0 1 1 0 1 1 1
RESPONSES 1 1 1 1 1 1 1 0 0 1 1 0 0 0 0 1 1 0 1 1 1
RESPONSES 0 1 1 1 1 1 1 0 0 0 0 0 0 0 0 0 1 0 1 1 1
RESPONSES 0 1 1 1 1 1 1 0 0 0 0 0 0 0 0 1 1 0 0 1 1
RESPONSES 0 1 1 1 0 0 0 0 0 1 1 0 0 0 0 1 1 0 0 0 1
RESPONSES 1 1 1 1 0 0 0 0 0 1 1 0 0 0 0 1 1 1 0 1 1
RESPONSES 1 1 1 1 0 1 1 0 0 1 1 0 0 0 0 0 0 0 0 1 1
COSTS 11 16 11 10 12 13 10 12 6 5 11 6 2 10 7 9 15 12 9 12 6
COSTS 11 16 11 10 12 13 10 12 6 5 11 6 2 10 7 9 15 12 9 12 6
COSTS 7 17 13 7 12 13 10 12 6 5 11 5 5 10 6 11 16 12 9 11 6
COSTS 7 17 13 7 12 13 10 14 6 5 11 6 5 10 6 9 15 12 6 11 6
COSTS 11 16 11 10 12 13 10 12 6 5 15 6 5 10 6 9 15 12 9 11 6
COSTS 11 16 13 7 12 13 10 12 6 5 15 6 5 10 6 11 15 12 6 11 6
COSTS 7 17 13 7 12 13 10 12 6 5 11 6 5 10 6 11 16 12 6 11 6
COSTS 7 17 13 7 12 13 10 12 6 5 11 6 5 10 6 9 15 11 9 12 6
COSTS 11 17 13 7 12 13 10 12 6 5 15 5 2 10 7 9 15 11 9 12 6
COSTS 7 17 13 7 12 13 10 12 6 5 11 6 5 10 6 11 16 11 9 11 6
COSTS 7 17 13 7 12 13 10 14 6 5 11 6 5 10 6 11 16 12 6 11 6
COSTS 7 17 13 7 12 13 10 14 6 5 11 6 2 10 7 9 15 11 9 12 6
COSTS 11 17 13 7 12 13 10 12 6 5 11 6 5 10 6 9 15 12 9 12 6
COSTS 7 17 13 7 12 13 10 14 6 5 11 6 5 10 6 11 15 12 6 11 6
COSTS 11 17 13 7 12 13 10 14 6 5 11 6 5 10 6 9 15 12 9 12 6
COSTS 11 17 13 7 12 13 10 12 6 5 11 6 5 10 6 9 15 11 9 11 6
COSTS 11 17 13 7 12 16 9 12 6 5 15 6 5 10 6 11 15 11 9 12 6
COSTS 7 17 13 7 12 13 10 12 6 5 11 6 5 10 6 9 15 12 6 11 6
COSTS 7 17 13 7 12 13 10 12 6 5 11 6 5 10 6 9 15 12 6 11 6
COSTS 11 17 13 7 12 13 10 12 6 5 15 6 5 10 6 11 15 12 6 11 6
COSTS 11 17 13 7 12 13 10 12 6 5 15 6 5 10 6 9 15 12 9 11 6
COSTS 11 17 13 7 12 16 9 12 6 5 11 6 5 10 6 9 15 12 9 12 6
COSTS 7 17 13 7 12 16 9 12 6 5 11 6 5 10 6 9 15 11 9 11 6
COSTS 7 17 13 7 12 13 10 12 6 5 11 6 5 10 6 11 16 12 9 11 6
END
STATE 6e4d73e55c0a4c4c8a9b9f5290957f2a13efb798f916ab969cac64d409cec346 6003 24 11
LABELS 4 0 2 4 2 1 3 0 2 2 2 0 0 0 2 2 2 2 2 1 4 2 4 4
MASSES 8 17 22 7 23 24 8 7 2 25 25 31 13 9 2 31 16 17 26 21 7 8 17 31
QUERY_IDS 0 1 2 4 5 6 7 8 9 10 11
RESPONSES 4 3 0 0 0 0 0 1 0 0 0
RESPONSES 5 2 0 0 0 0 0 1 0 0 0
RESPONSES 0 2 0 0 1 0 0 1 0 0 0
RESPONSES 0 3 0 0 1 0 0 1 0 0 0
RESPONSES 3 2 0 0 0 0 0 1 0 0 0
RESPONSES 3 2 0 0 0 0 0 1 0 0 0
RESPONSES 0 2 1 0 1 0 0 1 0 0 0
RESPONSES 5 1 0 0 0 0 0 1 0 0 0
RESPONSES 4 2 0 0 0 0 0 1 0 0 0
RESPONSES 4 1 0 0 1 0 0 1 0 0 0
RESPONSES 4 1 0 0 1 0 0 1 0 0 0
RESPONSES 5 2 0 0 0 0 0 0 0 0 0
RESPONSES 5 2 0 0 0 0 0 0 0 0 0
RESPONSES 5 2 0 0 0 0 0 0 0 0 0
RESPONSES 4 2 0 0 1 0 0 1 0 0 0
RESPONSES 2 0 0 1 1 0 0 1 0 1 0
RESPONSES 0 2 0 0 0 0 0 1 0 0 0
RESPONSES 0 1 0 0 1 0 0 1 0 0 0
RESPONSES 0 1 0 0 1 0 0 1 0 0 0
RESPONSES 0 1 0 0 1 0 0 1 0 0 0
RESPONSES 1 3 0 0 0 0 0 1 0 0 0
RESPONSES 1 1 1 1 1 0 0 1 0 0 0
RESPONSES 0 3 0 0 0 0 0 1 0 0 0
RESPONSES 0 3 0 0 1 0 0 1 0 1 1
COSTS 12 16 9 16 7 14 16 14 7 4 17
COSTS 8 13 9 16 7 14 16 14 7 4 17
COSTS 11 13 9 16 10 14 16 14 7 4 17
COSTS 11 16 9 16 10 14 16 14 7 4 17
COSTS 8 13 9 16 7 14 16 14 7 4 17
COSTS 8 13 9 16 7 14 16 14 7 4 17
COSTS 11 13 9 16 10 14 16 14 7 4 17
COSTS 8 14 9 16 7 14 16 14 7 4 17
COSTS 12 13 9 16 7 14 16 14 7 4 17
COSTS 12 14 9 16 10 14 16 14 7 4 17
COSTS 12 14 9 16 10 14 16 14 7 4 17
COSTS 8 13 9 16 7 14 16 18 7 4 17
COSTS 8 13 9 16 7 14 16 18 7 4 17
COSTS 8 13 9 16 7 14 16 18 7 4 17
COSTS 12 13 9 16 10 14 16 14 7 4 17
COSTS 8 16 9 15 10 14 16 14 7 8 17
COSTS 11 13 9 16 7 14 16 14 7 4 17
COSTS 11 14 9 16 10 14 16 14 7 4 17
COSTS 11 14 9 16 10 14 16 14 7 4 17
COSTS 11 14 9 16 10 14 16 14 7 4 17
COSTS 12 16 9 16 7 14 16 14 7 4 17
COSTS 12 14 9 15 10 14 16 14 7 4 17
COSTS 11 16 9 16 7 14 16 14 7 4 17
COSTS 11 16 9 16 10 14 16 14 7 8 17
END
STATE 6ea04680a5a69ad55431caa132b14d725f5b0a6cb2b7978f2bf840af4683cdc2 6001 20 13
LABELS 0 0 1 0 0 1 1 1 0 1 0 1 0 0 0 0 0 1 1 0
MASSES 14 4 12 13 8 3 30 25 3 23 17 19 4 21 3 22 10 30 17 10
QUERY_IDS 0 1 2 3 4 5 6 7 8 11 12 13 14
RESPONSES 1 1 1 0 0 0 1 1 1 0 1 1 1
RESPONSES 1 1 1 0 0 0 1 1 1 0 1 1 1
RESPONSES 0 1 0 1 1 0 0 0 0 1 1 2 0
RESPONSES 1 0 1 0 0 0 1 1 1 0 2 1 2
RESPONSES 1 0 1 0 0 0 1 1 1 0 2 1 2
RESPONSES 0 2 0 1 1 1 0 0 0 1 2 2 1
RESPONSES 0 2 0 1 1 1 0 0 0 1 2 2 1
RESPONSES 0 2 0 1 1 1 0 0 0 0 2 2 0
RESPONSES 1 0 1 0 0 0 1 1 1 0 1 1 2
RESPONSES 0 0 0 1 1 1 0 0 0 1 2 2 1
RESPONSES 1 1 1 0 0 1 1 1 1 0 1 1 2
RESPONSES 0 1 1 1 1 1 1 0 0 1 2 2 1
RESPONSES 1 1 1 0 0 0 1 1 1 0 1 1 0
RESPONSES 1 2 1 0 0 0 1 1 1 0 0 0 2
RESPONSES 0 1 1 0 0 1 1 1 1 0 1 1 2
RESPONSES 0 2 0 1 1 1 0 0 0 0 0 2 2
RESPONSES 1 2 1 0 0 0 1 1 1 0 1 1 1
RESPONSES 0 1 0 1 1 1 0 0 0 1 2 2 1
RESPONSES 0 1 0 1 1 1 0 0 0 1 2 2 1
RESPONSES 1 2 1 0 0 0 1 1 1 0 1 1 2
COSTS 5 16 7 15 16 7 19 14 12 9 8 14 12
COSTS 5 16 7 15 16 7 19 14 12 9 8 14 12
COSTS 6 16 9 14 14 7 15 12 14 9 8 15 12
COSTS 5 15 7 15 16 7 19 14 12 9 9 14 12
COSTS 5 15 7 15 16 7 19 14 12 9 9 14 12
COSTS 6 18 9 14 14 5 15 12 14 9 9 15 12
COSTS 6 18 9 14 14 5 15 12 14 9 9 15 12
COSTS 6 18 9 14 14 5 15 12 14 9 9 15 12
COSTS 5 15 7 15 16 7 19 14 12 9 8 14 12
COSTS 6 15 9 14 14 5 15 12 14 9 9 15 12
COSTS 5 16 7 15 16 5 19 14 12 9 8 14 12
COSTS 6 16 7 14 14 5 19 12 14 9 9 15 12
COSTS 5 16 7 15 16 7 19 14 12 9 8 14 12
COSTS 5 18 7 15 16 7 19 14 12 9 11 14 12
COSTS 6 16 7 15 16 5 19 14 12 9 8 14 12
COSTS 6 18 9 14 14 5 15 12 14 9 11 15 12
COSTS 5 18 7 15 16 7 19 14 12 9 8 14 12
COSTS 6 16 9 14 14 5 15 12 14 9 9 15 12
COSTS 6 16 9 14 14 5 15 12 14 9 9 15 12
COSTS 5 18 7 15 16 7 19 14 12 9 8 14 12
END
STATE 6fd4e1d1c7e93566ad9cd67a482dbdadad06d55417f0ad4f38de23487e36fce4 6003 24 32
LABELS 2 0 1 1 3 1 1 3 4 2 1 3 2 3 1 3 1 1 1 3 2 1 0 3
MASSES 16 27 3 1 10 9 18 7 18 28 19 1 31 28 27 23 18 14 20 22 9 25 13 26
QUERY_IDS 0 2 3 4 6 11 16 17 20 21 22 23 24 25 26 27 28 30 31 32 33 34 44 45 46 51 56 57 61 62 67 77
RESPONSES 0 0 0 0 0 1 0 0 0 1 1 0 0 0 0 1 1 0 0 0 0 1 0 0 0 1 1 1 1 1 1 0
RESPONSES 1 0 0 0 1 1 0 0 1 1 1 0 0 0 0 0 0 0 0 0 0 0 1 1 1 1 1 1 1 1 0 0
RESPONSES 1 0 0 0 1 1 0 0 1 1 1 0 0 0 0 0 0 0 0 0 0 0 1 1 1 1 1 1 1 1 1 0
RESPONSES 1 0 0 0 1 0 1 1 1 1 1 0 0 0 0 1 1 0 0 0 0 1 0 0 0 0 1 1 1 1 1 1
RESPONSES 1 0 1 1 1 1 1 1 1 1 1 0 0 0 0 0 0 0 0 0 0 0 0 0 0 0 0 0 1 1 1 1
RESPONSES 0 0 0 0 0 1 0 0 1 1 1 0 0 0 0 0 0 0 0 0 0 0 1 1 1 0 1 1 1 1 0 0
RESPONSES 0 0 0 0 0 0 0 0 1 1 1 0 0 0 0 0 0 0 0 0 0 0 0 0 0 0 1 1 1 1 1 0
RESPONSES 0 0 0 0 0 0 1 1 1 1 1 0 0 0 0 0 0 0 0 0 0 0 0 0 0 1 1 1 1 1 1 0
RESPONSES 1 0 0 0 1 1 0 0 0 0 0 1 1 1 1 1 1 1 1 1 1 1 0 0 0 0 1 1 0 0 1 1
RESPONSES 1 0 0 0 1 1 0 0 0 0 0 0 0 1 1 1 1 1 1 1 1 1 0 0 0 0 1 1 1 1 1 1
RESPONSES 0 0 0 0 0 1 0 0 1 1 1 0 0 0 0 0 0 0 0 0 0 0 1 1 1 0 1 1 1 1 1 0
RESPONSES 1 0 0 0 1 0 1 1 1 1 1 0 0 0 0 1 1 0 0 0 0 0 0 0 0 0 1 1 1 1 0 1
RESPONSES 0 0 0 0 0 1 0 0 1 1 1 0 0 0 1 1 1 0 0 0 0 0 0 0 0 0 1 1 1 1 1 0
RESPONSES 1 0 1 1 1 0 1 1 1 1 1 0 0 0 1 1 1 0 0 0 0 1 0 0 0 0 0 0 1 1 1 1
RESPONSES 1 1 1 1 1 0 1 1 1 1 1 0 0 0 0 0 0 0 0 0 0 0 0 0 0 1 1 1 1 1 0 1
RESPONSES 1 0 0 0 1 1 1 1 1 1 1 0 0 0 0 0 0 0 0 0 0 0 0 0 0 0 1 1 1 1 0 1
RESPONSES 1 0 0 0 1 1 0 0 1 1 1 0 0 0 0 0 0 0 0 0 0 0 1 1 1 1 1 1 1 1 1 0
RESPONSES 0 0 0 0 0 1 0 0 1 1 1 0 0 0 0 0 0 0 0 0 0 0 0 0 0 0 1 1 1 1 1 0
RESPONSES 0 0 0 0 0 1 0 0 1 1 1 0 0 0 0 0 0 0 0 0 0 0 1 1 1 1 1 1 1 1 1 0
RESPONSES 1 0 1 1 1 1 1 1 1 1 1 0 0 0 0 0 0 0 0 0 0 0 0 0 0 0 0 0 1 1 1 1
RESPONSES 1 0 0 0 1 1 0 0 0 0 0 0 0 1 1 1 1 1 1 1 1 1 0 0 0 0 1 1 1 1 1 1
RESPONSES 1 0 0 0 1 1 0 0 1 1 1 0 0 0 0 0 0 0 0 0 0 0 1 1 1 1 1 1 1 1 1 0
RESPONSES 1 0 0 0 1 1 0 0 1 1 1 0 0 0 0 0 0 0 0 0 0 0 1 1 1 0 1 1 1 1 0 0
RESPONSES 0 0 0 0 0 1 1 1 1 1 1 0 0 0 0 0 0 0 0 0 0 0 0 0 0 1 1 1 1 1 1 0
COSTS 12 11 13 15 9 12 9 13 3 7 11 6 4 10 2 11 3 6 13 12 14 12 14 15 10 10 7 14 13 7 3 5
COSTS 13 11 13 15 6 12 9 13 2 7 11 6 4 10 2 11 3 6 13 12 14 12 16 13 9 10 7 14 13 7 1 5
COSTS 13 11 13 15 6 12 9 13 2 7 11 6 4 10 2 11 3 6 13 12 14 12 16 13 9 10 7 14 13 7 3 5
COSTS 13 11 13 15 6 12 8 13 2 7 11 6 4 10 2 11 3 6 13 12 14 12 14 15 10 9 7 14 13 7 3 7
COSTS 13 11 16 13 6 12 8 13 2 7 11 6 4 10 2 11 3 6 13 12 14 12 14 15 10 9 4 16 13 7 3 7
COSTS 12 11 13 15 9 12 9 13 2 7 11 6 4 10 2 11 3 6 13 12 14 12 16 13 9 9 7 14 13 7 1 5
COSTS 12 11 13 15 9 12 9 13 2 7 11 6 4 10 2 11 3 6 13 12 14 12 14 15 10 9 7 14 13 7 3 5
COSTS 12 11 13 15 9 12 8 13 2 7 11 6 4 10 2 11 3 6 13 12 14 12 14 15 10 10 7 14 13 7 3 5
COSTS 13 11 13 15 6 12 9 13 3 5 9 3 5 12 6 11 3 8 13 16 11 12 14 15 10 9 7 14 15 7 3 7
COSTS 13 11 13 15 6 12 9 13 3 5 9 6 4 12 6 11 3 8 13 16 11 12 14 15 10 9 7 14 13 7 3 7
COSTS 12 11 13 15 9 12 9 13 2 7 11 6 4 10 2 11 3 6 13 12 14 12 16 13 9 9 7 14 13 7 3 5
COSTS 13 11 13 15 6 12 8 13 2 7 11 6 4 10 2 11 3 6 13 12 14 12 14 15 10 9 7 14 13 7 1 7
COSTS 12 11 13 15 9 12 9 13 2 7 11 6 4 10 6 11 3 6 13 12 14 12 14 15 10 9 7 14 13 7 3 5
COSTS 13 11 16 13 6 12 8 13 2 7 11 6 4 10 6 11 3 6 13 12 14 12 14 15 10 9 4 16 13 7 3 7
COSTS 13 11 16 13 6 12 8 13 2 7 11 6 4 10 2 11 3 6 13 12 14 12 14 15 10 10 7 14 13 7 1 7
COSTS 13 11 13 15 6 12 8 13 2 7 11 6 4 10 2 11 3 6 13 12 14 12 14 15 10 9 7 14 13 7 1 7
COSTS 13 11 13 15 6 12 9 13 2 7 11 6 4 10 2 11 3 6 13 12 14 12 16 13 9 10 7 14 13 7 3 5
COSTS 12 11 13 15 9 12 9 13 2 7 11 6 4 10 2 11 3 6 13 12 14 12 14 15 10 9 7 14 13 7 3 5
COSTS 12 11 13 15 9 12 9 13 2 7 11 6 4 10 2 11 3 6 13 12 14 12 16 13 9 10 7 14 13 7 3 5
COSTS 13 11 16 13 6 12 8 13 2 7 11 6 4 10 2 11 3 6 13 12 14 12 14 15 10 9 4 16 13 7 3 7
COSTS 13 11 13 15 6 12 9 13 3 5 9 6 4 12 6 11 3 8 13 16 11 12 14 15 10 9 7 14 13 7 3 7
COSTS 13 11 13 15 6 12 9 13 2 7 11 6 4 10 2 11 3 6 13 12 14 12 16 13 9 10 7 14 13 7 3 5
COSTS 13 11 13 15 6 12 9 13 2 7 11 6 4 10 2 11 3 6 13 12 14 12 16 13 9 9 7 14 13 7 1 5
COSTS 12 11 13 15 9 12 8 13 2 7 11 6 4 10 2 11 3 6 13 12 14 12 14 15 10 10 7 14 13 7 3 5
END
STATE 6febbc863178aa315f82001d1de759657b8cd075a72372221d9951524f61923f 6002 24 11
LABELS 4 2 0 0 2 0 0 0 4 0 0 0 4 4 3 2 1 1 1 4 2 4 4 1
MASSES 30 21 16 20 14 9 14 3 10 26 10 4 24 19 4 31 9 13 9 23 15 20 1 11
QUERY_IDS 0 1 2 3 4 5 6 8 9 10 11
RESPONSES 4 2 0 1 0 0 1 1 0 0 0
RESPONSES 0 1 0 0 0 0 1 0 0 0 0
RESPONSES 5 1 0 1 0 0 1 1 0 0 0
RESPONSES 5 1 0 1 0 0 1 1 0 0 0
RESPONSES 3 1 0 0 0 0 1 0 0 0 0
RESPONSES 5 0 0 1 0 0 1 0 0 0 0
RESPONSES 5 0 0 1 0 0 1 0 0 0 0
RESPONSES 5 0 0 1 0 0 1 0 0 0 0
RESPONSES 2 2 1 0 1 1 1 1 0 0 0
RESPONSES 5 1 0 1 0 0 1 0 0 0 0
RESPONSES 5 1 0 1 0 0 1 0 0 0 0
RESPONSES 5 1 0 1 0 0 1 0 0 0 0
RESPONSES 3 2 0 0 0 0 1 1 0 0 0
RESPONSES 3 2 0 0 0 0 1 1 0 0 0
RESPONSES 4 0 0 1 0 0 1 1 0 0 0
RESPONSES 0 0 0 0 0 1 1 0 0 0 0
RESPONSES 3 1 0 0 0 1 1 0 0 0 0
RESPONSES 4 1 0 0 0 0 1 1 0 0 0
RESPONSES 0 0 0 1 0 1 1 1 0 0 0
RESPONSES 1 2 0 1 0 0 1 1 0 0 0
RESPONSES 0 0 1 1 0 1 1 0 0 0 0
RESPONSES 4 2 0 1 0 0 0 1 0 0 0
RESPONSES 4 2 0 1 0 0 0 1 0 0 0
RESPONSES 2 0 0 1 0 1 1 1 1 1 0
COSTS 6 8 8 6 15 4 13 10 10 10 12
COSTS 5 5 8 3 15 4 13 13 10 10 12
COSTS 7 5 8 6 15 4 13 10 10 10 12
COSTS 7 5 8 6 15 4 13 10 10 10 12
COSTS 6 5 8 3 15 4 13 13 10 10 12
COSTS 7 7 8 6 15 4 13 13 10 10 12
COSTS 7 7 8 6 15 4 13 13 10 10 12
COSTS 7 7 8 6 15 4 13 13 10 10 12
COSTS 8 8 5 3 15 5 13 10 10 10 12
COSTS 7 5 8 6 15 4 13 13 10 10 12
COSTS 7 5 8 6 15 4 13 13 10 10 12
COSTS 7 5 8 6 15 4 13 13 10 10 12
COSTS 6 8 8 3 15 4 13 10 10 10 12
COSTS 6 8 8 3 15 4 13 10 10 10 12
COSTS 6 7 8 6 15 4 13 10 10 10 12
COSTS 5 7 8 3 15 5 13 13 10 10 12
COSTS 6 5 8 3 15 5 13 13 10 10 12
COSTS 6 5 8 3 15 4 13 10 10 10 12
COSTS 5 7 8 6 15 5 13 10 10 10 12
COSTS 7 8 8 6 15 4 13 10 10 10 12
COSTS 5 7 5 6 15 5 13 13 10 10 12
COSTS 6 8 8 6 15 4 12 10 10 10 12
COSTS 6 8 8 6 15 4 12 10 10 10 12
COSTS 8 7 8 6 15 5 13 10 10 7 12
END
STATE 710ee50b84bf78db2ae4fa2affb4aee9b35b2a94364c95aa388db9fd47abc366 6003 20 13
LABELS 1 1 1 1 1 1 1 1 1 1 1 1 0 1 0 0 1 1 1 1
MASSES 12 17 14 3 26 5 29 18 21 6 4 9 19 8 12 24 28 5 21 24
QUERY_IDS 0 1 3 4 5 6 7 8 10 11 12 13 14
RESPONSES 1 1 1 1 1 1 1 0 2 2 1 1 0
RESPONSES 0 2 1 1 1 0 1 0 1 0 1 1 0
RESPONSES 0 1 1 1 1 1 1 0 1 2 1 1 0
RESPONSES 0 1 1 1 1 1 1 0 1 2 1 1 0
RESPONSES 0 1 1 1 1 1 1 0 1 2 1 1 0
RESPONSES 0 1 1 1 1 1 1 0 1 2 1 1 0
RESPONSES 0 1 1 1 1 1 1 0 1 2 1 1 0
RESPONSES 0 1 1 1 1 1 1 0 1 2 1 1 0
RESPONSES 0 1 1 1 1 1 1 0 1 2 1 1 0
RESPONSES 0 1 1 1 1 1 1 0 1 2 1 1 0
RESPONSES 0 0 1 1 1 1 1 0 1 2 1 1 0
RESPONSES 0 0 1 1 1 1 1 0 1 2 1 1 0
RESPONSES 0 1 1 1 1 1 1 0 2 2 1 1 0
RESPONSES 0 1 1 1 0 1 1 0 1 2 0 1 0
RESPONSES 0 2 1 1 1 1 1 0 2 2 0 1 0
RESPONSES 1 2 0 0 0 1 2 1 2 1 0 0 1
RESPONSES 0 2 1 1 1 1 1 0 1 0 1 1 0
RESPONSES 0 2 1 1 0 1 1 0 0 0 1 1 0
RESPONSES 1 2 1 1 1 1 0 0 2 2 1 1 0
RESPONSES 1 2 1 1 1 2 1 0 1 2 1 1 0
COSTS 4 3 15 15 12 18 17 14 6 11 8 6 4
COSTS 4 3 15 15 12 17 17 14 3 11 8 6 4
COSTS 4 3 15 15 12 18 17 14 3 11 8 6 4
COSTS 4 3 15 15 12 18 17 14 3 11 8 6 4
COSTS 4 3 15 15 12 18 17 14 3 11 8 6 4
COSTS 4 3 15 15 12 18 17 14 3 11 8 6 4
COSTS 4 3 15 15 12 18 17 14 3 11 8 6 4
COSTS 4 3 15 15 12 18 17 14 3 11 8 6 4
COSTS 4 3 15 15 12 18 17 14 3 11 8 6 4
COSTS 4 3 15 15 12 18 17 14 3 11 8 6 4
COSTS 4 3 15 15 12 18 17 14 3 11 8 6 4
COSTS 4 3 15 15 12 18 17 14 3 11 8 6 4
COSTS 4 3 15 15 12 18 17 14 6 11 8 6 4
COSTS 4 3 15 15 14 18 17 14 3 11 6 6 4
COSTS 4 3 15 15 12 18 17 14 6 11 6 6 4
COSTS 4 3 13 12 14 18 17 16 6 9 6 6 5
COSTS 4 3 15 15 12 18 17 14 3 11 8 6 4
COSTS 4 3 15 15 14 18 17 14 3 11 8 6 4
COSTS 4 3 15 15 12 18 18 14 6 11 8 6 4
COSTS 4 3 15 15 12 17 17 14 3 11 8 6 4
END
STATE 7120a10c4829e886d2f553fefb542169d367d14147560d5e29b94af3992fe387 6001 24 32
LABELS 2 0 1 1 3 1 1 3 4 2 1 3 2 3 1 3 1 1 1 3 2 1 0 3
MASSES 7 21 3 13 20 3 12 15 26 30 27 10 7 25 24 9 4 11 9 24 24 5 23 3
QUERY_IDS 0 3 4 6 16 17 21 22 23 24 25 27 28 30 31 32 33 36 44 45 46 47 51 52 56 57 61 62 65 67 76 77
RESPONSES 0 0 0 0 0 0 1 1 0 0 0 1 1 0 0 0 0 1 0 0 0 1 1 1 1 1 1 1 0 1 0 0
RESPONSES 1 0 0 1 0 0 1 1 0 0 0 0 0 0 0 0 0 1 1 1 1 1 1 1 1 1 1 1 0 0 0 0
RESPONSES 1 0 0 1 0 0 1 1 0 0 0 0 0 0 0 0 0 0 1 1 1 1 1 1 1 1 1 1 0 1 0 0
RESPONSES 1 0 0 1 1 1 1 1 0 0 0 1 1 0 0 0 0 1 0 0 0 0 0 1 1 1 1 1 0 1 0 1
RESPONSES 1 1 1 1 1 1 1 1 0 0 0 0 0 0 0 0 0 1 0 0 0 0 0 0 0 0 1 1 1 1 0 1
RESPONSES 0 0 0 0 0 0 1 1 0 0 0 0 0 0 0 0 0 1 1 1 1 1 0 1 1 1 1 1 0 0 0 0
RESPONSES 0 0 0 0 0 0 1 1 0 0 0 0 0 0 0 0 0 1 0 0 0 0 0 0 1 1 1 1 1 1 0 0
RESPONSES 0 0 0 0 1 1 1 1 0 0 0 0 0 0 0 0 0 0 0 0 0 0 1 1 1 1 1 1 1 1 0 0
RESPONSES 1 0 0 1 0 0 0 0 1 1 1 1 1 1 1 1 1 1 0 0 0 0 0 0 1 1 0 0 1 1 1 1
RESPONSES 1 0 0 1 0 0 0 0 0 0 1 1 1 1 1 1 1 1 0 0 0 0 0 0 1 1 1 1 1 1 0 1
RESPONSES 0 0 0 0 0 0 1 1 0 0 0 0 0 0 0 0 0 1 1 1 1 1 0 1 1 1 1 1 0 1 0 0
RESPONSES 1 0 0 1 1 1 1 1 0 0 0 1 1 0 0 0 0 1 0 0 0 0 0 0 1 1 1 1 0 0 1 1
RESPONSES 0 0 0 0 0 0 1 1 0 0 0 1 1 0 0 0 0 1 0 0 0 0 0 0 1 1 1 1 1 1 0 0
RESPONSES 1 1 1 1 1 1 1 1 0 0 0 1 1 0 0 0 0 1 0 0 0 0 0 0 0 0 1 1 1 1 0 1
RESPONSES 1 1 1 1 1 1 1 1 0 0 0 0 0 0 0 0 0 1 0 0 0 1 1 1 1 1 1 1 0 0 1 1
RESPONSES 1 0 0 1 1 1 1 1 0 0 0 0 0 0 0 0 0 1 0 0 0 0 0 0 1 1 1 1 0 0 0 1
RESPONSES 1 0 0 1 0 0 1 1 0 0 0 0 0 0 0 0 0 1 1 1 1 1 1 1 1 1 1 1 0 1 0 0
RESPONSES 0 0 0 0 0 0 1 1 0 0 0 0 0 0 0 0 0 0 0 0 0 0 0 0 1 1 1 1 1 1 0 0
RESPONSES 0 0 0 0 0 0 1 1 0 0 0 0 0 0 0 0 0 1 1 1 1 1 1 1 1 1 1 1 0 1 0 0
RESPONSES 1 1 1 1 1 1 1 1 0 0 0 0 0 0 0 0 0 1 0 0 0 0 0 0 0 0 1 1 1 1 1 1
RESPONSES 1 0 0 1 0 0 0 0 0 0 1 1 1 1 1 1 1 1 0 0 0 0 0 0 1 1 1 1 1 1 1 1
RESPONSES 1 0 0 1 0 0 1 1 0 0 0 0 0 0 0 0 0 1 1 1 1 1 1 1 1 1 1 1 0 1 0 0
RESPONSES 1 0 0 1 0 0 1 1 0 0 0 0 0 0 0 0 0 1 1 1 1 1 0 1 1 1 1 1 0 0 0 0
RESPONSES 0 0 0 0 1 1 1 1 0 0 0 0 0 0 0 0 0 0 0 0 0 1 1 1 1 1 1 1 0 1 0 0
COSTS 5 17 7 18 16 10 12 13 16 18 16 12 13 14 5 10 3 15 3 11 5 1 6 14 4 7 10 15 10 11 7 5
COSTS 4 17 7 19 16 10 12 13 16 18 16 9 14 14 5 10 3 15 3 11 4 1 6 14 4 7 10 15 10 9 7 5
COSTS 4 17 7 19 16 10 12 13 16 18 16 9 14 14 5 10 3 13 3 11 4 1 6 14 4 7 10 15 10 11 7 5
COSTS 4 17 7 19 16 7 12 13 16 18 16 12 13 14 5 10 3 15 3 11 5 2 2 14 4 7 10 15 10 11 7 3
COSTS 4 16 6 19 16 7 12 13 16 18 16 9 14 14 5 10 3 15 3 11 5 2 2 15 7 7 10 15 14 11 7 3
COSTS 5 17 7 18 16 10 12 13 16 18 16 9 14 14 5 10 3 15 3 11 4 1 2 14 4 7 10 15 10 9 7 5
COSTS 5 17 7 18 16 10 12 13 16 18 16 9 14 14 5 10 3 15 3 11 5 2 2 15 4 7 10 15 14 11 7 5
COSTS 5 17 7 18 16 7 12 13 16 18 16 9 14 14 5 10 3 13 3 11 5 2 6 14 4 7 10 15 14 11 7 5
COSTS 4 17 7 19 16 10 11 9 15 18 14 12 13 16 6 10 4 15 3 11 5 2 2 15 4 7 10 16 14 11 6 3
COSTS 4 17 7 19 16 10 11 9 16 18 14 12 13 16 6 10 4 15 3 11 5 2 2 15 4 7 10 15 14 11 7 3
COSTS 5 17 7 18 16 10 12 13 16 18 16 9 14 14 5 10 3 15 3 11 4 1 2 14 4 7 10 15 10 11 7 5
COSTS 4 17 7 19 16 7 12 13 16 18 16 12 13 14 5 10 3 15 3 11 5 2 2 15 4 7 10 15 10 9 6 3
COSTS 5 17 7 18 16 10 12 13 16 18 16 12 13 14 5 10 3 15 3 11 5 2 2 15 4 7 10 15 14 11 7 5
COSTS 4 16 6 19 16 7 12 13 16 18 16 12 13 14 5 10 3 15 3 11 5 2 2 15 7 7 10 15 14 11 7 3
COSTS 4 16 6 19 16 7 12 13 16 18 16 9 14 14 5 10 3 15 3 11 5 1 6 14 4 7 10 15 10 9 6 3
COSTS 4 17 7 19 16 7 12 13 16 18 16 9 14 14 5 10 3 15 3 11 5 2 2 15 4 7 10 15 10 9 7 3
COSTS 4 17 7 19 16 10 12 13 16 18 16 9 14 14 5 10 3 15 3 11 4 1 6 14 4 7 10 15 10 11 7 5
COSTS 5 17 7 18 16 10 12 13 16 18 16 9 14 14 5 10 3 13 3 11 5 2 2 15 4 7 10 15 14 11 7 5
COSTS 5 17 7 18 16 10 12 13 16 18 16 9 14 14 5 10 3 15 3 11 4 1 6 14 4 7 10 15 10 11 7 5
COSTS 4 16 6 19 16 7 12 13 16 18 16 9 14 14 5 10 3 15 3 11 5 2 2 15 7 7 10 15 14 11 6 3
COSTS 4 17 7 19 16 10 11 9 16 18 14 12 13 16 6 10 4 15 3 11 5 2 2 15 4 7 10 15 14 11 6 3
COSTS 4 17 7 19 16 10 12 13 16 18 16 9 14 14 5 10 3 15 3 11 4 1 6 14 4 7 10 15 10 11 7 5
COSTS 4 17 7 19 16 10 12 13 16 18 16 9 14 14 5 10 3 15 3 11 4 1 2 14 4 7 10 15 10 9 7 5
COSTS 5 17 7 18 16 7 12 13 16 18 16 9 14 14 5 10 3 13 3 11 5 1 6 14 4 7 10 15 10 11 7 5
END
STATE 7167562ce2143a4eaae6258c2c900699a014c0b0b9987aad63e716d373b74194 6002 20 13
LABELS 1 1 1 1 1 1 1 1 1 1 1 1 0 1 0 0 1 1 1 1
MASSES 6 8 31 2 10 22 1 20 9 7 5 7 13 9 22 15 12 30 1 15
QUERY_IDS 0 1 3 4 5 6 7 8 10 11 12 13 14
RESPONSES 1 1 1 1 1 1 1 0 2 2 1 1 0
RESPONSES 0 2 1 1 1 0 1 0 1 0 1 1 0
RESPONSES 0 1 1 1 1 1 1 0 1 2 1 1 0
RESPONSES 0 1 1 1 1 1 1 0 1 2 1 1 0
RESPONSES 0 1 1 1 1 1 1 0 1 2 1 1 0
RESPONSES 0 1 1 1 1 1 1 0 1 2 1 1 0
RESPONSES 0 1 1 1 1 1 1 0 1 2 1 1 0
RESPONSES 0 1 1 1 1 1 1 0 1 2 1 1 0
RESPONSES 0 1 1 1 1 1 1 0 1 2 1 1 0
RESPONSES 0 1 1 1 1 1 1 0 1 2 1 1 0
RESPONSES 0 0 1 1 1 1 1 0 1 2 1 1 0
RESPONSES 0 0 1 1 1 1 1 0 1 2 1 1 0
RESPONSES 0 1 1 1 1 1 1 0 2 2 1 1 0
RESPONSES 0 1 1 1 0 1 1 0 1 2 0 1 0
RESPONSES 0 2 1 1 1 1 1 0 2 2 0 1 0
RESPONSES 1 2 0 0 0 1 2 1 2 1 0 0 1
RESPONSES 0 2 1 1 1 1 1 0 1 0 1 1 0
RESPONSES 0 2 1 1 0 1 1 0 0 0 1 1 0
RESPONSES 1 2 1 1 1 1 0 0 2 2 1 1 0
RESPONSES 1 2 1 1 1 2 1 0 1 2 1 1 0
COSTS 15 6 14 7 2 6 2 13 9 4 10 15 15
COSTS 14 5 14 7 2 4 2 13 5 5 10 15 15
COSTS 14 6 14 7 2 6 2 13 5 4 10 15 15
COSTS 14 6 14 7 2 6 2 13 5 4 10 15 15
COSTS 14 6 14 7 2 6 2 13 5 4 10 15 15
COSTS 14 6 14 7 2 6 2 13 5 4 10 15 15
COSTS 14 6 14 7 2 6 2 13 5 4 10 15 15
COSTS 14 6 14 7 2 6 2 13 5 4 10 15 15
COSTS 14 6 14 7 2 6 2 13 5 4 10 15 15
COSTS 14 6 14 7 2 6 2 13 5 4 10 15 15
COSTS 14 5 14 7 2 6 2 13 5 4 10 15 15
COSTS 14 5 14 7 2 6 2 13 5 4 10 15 15
COSTS 14 6 14 7 2 6 2 13 9 4 10 15 15
COSTS 14 6 14 7 4 6 2 13 5 4 14 15 15
COSTS 14 5 14 7 2 6 2 13 9 4 14 15 15
COSTS 15 5 14 4 4 6 3 11 9 5 14 19 19
COSTS 14 5 14 7 2 6 2 13 5 5 10 15 15
COSTS 14 5 14 7 4 6 2 13 8 5 10 15 15
COSTS 15 5 14 7 2 6 6 13 9 4 10 15 15
COSTS 15 5 14 7 2 8 2 13 5 4 10 15 15
END
STATE 733d674e87fda270024ebb682caca8fbe70aa6e948c9e93ee48d9b4d7258a8b6 6003 24 32
LABELS 1 3 3 3 3 1 0 0 0 1 3 0 2 0 0 4 1 3 0 3 0 3 3 3
MASSES 7 9 29 21 7 13 22 15 12 14 16 1 15 13 26 11 17 15 6 20 9 15 26 22
QUERY_IDS 0 1 2 3 6 7 12 13 17 18 20 23 24 27 28 29 37 38 39 51 53 54 55 57 61 64 70 71 75 76 77 78
RESPONSES 1 0 0 1 1 1 1 1 1 1 1 0 0 1 1 1 0 0 0 0 0 0 1 1 1 1 1 1 1 1 1 1
RESPONSES 0 0 0 0 1 1 1 1 1 1 1 0 0 1 1 1 0 0 0 0 0 0 0 1 1 1 1 1 1 1 1 1
RESPONSES 0 0 0 0 1 1 1 1 1 1 1 0 0 1 1 1 0 0 0 0 0 0 0 1 1 1 1 1 1 1 1 1
RESPONSES 0 0 0 0 1 1 1 1 1 1 1 0 0 1 1 1 0 0 0 0 0 0 0 1 1 1 1 1 1 1 1 1
RESPONSES 0 0 0 0 0 0 1 1 1 1 1 0 0 0 0 0 0 0 0 1 1 1 1 1 1 1 1 1 0 0 0 0
RESPONSES 1 0 0 1 1 1 1 1 1 1 1 0 0 1 1 1 0 0 0 0 1 1 1 1 1 1 1 1 1 1 1 1
RESPONSES 1 1 1 1 1 1 1 1 0 0 1 1 1 1 1 1 0 0 0 0 1 1 1 1 0 1 0 1 1 1 1 1
RESPONSES 1 1 1 1 1 1 1 1 0 0 1 1 1 1 1 1 0 0 0 0 1 1 1 1 0 1 1 1 1 1 1 1
RESPONSES 1 1 1 1 1 1 1 1 0 0 1 1 1 1 1 1 0 0 0 0 1 1 1 1 0 1 1 1 1 1 1 1
RESPONSES 0 0 0 0 0 0 1 1 0 0 1 0 0 0 0 1 0 0 0 0 1 1 1 1 1 1 1 1 0 0 0 1
RESPONSES 1 1 1 1 1 1 1 1 1 1 1 0 0 1 1 1 0 0 0 0 1 1 1 1 0 1 1 1 1 1 1 1
RESPONSES 0 0 0 0 0 0 1 1 0 0 1 0 0 1 1 1 0 0 0 0 1 1 1 1 1 1 1 1 1 1 1 1
RESPONSES 1 1 1 1 1 1 1 1 0 0 1 0 0 1 1 1 1 1 1 0 1 1 1 1 0 1 0 0 1 1 1 1
RESPONSES 0 0 0 0 1 1 1 1 1 1 1 0 0 0 0 0 0 0 0 0 1 1 1 1 1 1 1 1 0 0 0 0
RESPONSES 1 1 1 1 1 1 1 1 0 0 1 1 1 1 1 1 0 0 0 0 1 1 1 1 0 1 1 1 1 1 1 1
RESPONSES 1 1 1 1 1 1 1 1 0 0 0 0 0 0 0 1 1 1 1 0 1 1 1 1 0 0 0 0 1 1 1 1
RESPONSES 1 0 0 1 1 1 1 1 1 1 1 0 0 1 1 1 0 0 0 0 0 0 1 1 0 1 1 1 1 1 1 1
RESPONSES 0 0 0 0 1 1 0 0 1 1 1 0 0 1 1 1 0 0 0 0 0 0 0 0 0 1 1 1 1 1 1 1
RESPONSES 1 1 1 1 1 1 1 1 0 0 1 1 1 1 1 1 0 0 0 0 1 1 1 1 0 1 0 1 1 1 1 1
RESPONSES 1 1 1 1 1 1 1 1 1 1 1 0 0 1 1 1 0 0 0 0 1 1 1 1 0 1 1 1 1 1 1 1
RESPONSES 0 0 0 0 1 1 1 1 1 1 1 0 0 0 0 0 0 0 0 0 1 1 1 1 1 1 1 1 0 0 0 0
RESPONSES 0 0 0 0 1 1 1 1 1 1 1 0 0 1 1 1 0 0 0 0 0 0 0 1 1 1 1 1 1 1 1 1
RESPONSES 0 0 0 0 1 1 1 1 1 1 1 0 0 1 1 1 0 0 0 0 0 0 0 1 1 1 1 1 1 1 1 1
RESPONSES 0 0 0 0 1 1 1 1 1 1 1 0 0 0 0 1 0 0 0 1 1 1 1 1 1 1 1 1 0 0 0 1
COSTS 13 12 11 16 6 13 6 14 13 18 2 6 4 11 3 14 14 11 5 9 15 8 9 14 13 15 3 5 1 15 7 11
COSTS 12 12 11 13 6 13 6 14 13 18 2 6 4 11 3 14 14 11 5 9 15 8 9 14 13 15 3 5 1 15 7 11
COSTS 12 12 11 13 6 13 6 14 13 18 2 6 4 11 3 14 14 11 5 9 15 8 9 14 13 15 3 5 1 15 7 11
COSTS 12 12 11 13 6 13 6 14 13 18 2 6 4 11 3 14 14 11 5 9 15 8 9 14 13 15 3 5 1 15 7 11
COSTS 12 12 11 13 9 9 6 14 13 18 2 6 4 11 3 11 14 11 5 10 15 10 9 14 13 15 3 5 4 15 5 11
COSTS 13 12 11 16 6 13 6 14 13 18 2 6 4 11 3 14 14 11 5 9 15 10 9 14 13 15 3 5 1 15 7 11
COSTS 13 9 11 16 6 13 6 14 13 17 2 3 5 11 3 14 14 11 5 9 15 10 9 14 15 15 2 5 1 15 7 11
COSTS 13 9 11 16 6 13 6 14 13 17 2 3 5 11 3 14 14 11 5 9 15 10 9 14 15 15 3 5 1 15 7 11
COSTS 13 9 11 16 6 13 6 14 13 17 2 3 5 11 3 14 14 11 5 9 15 10 9 14 15 15 3 5 1 15 7 11
COSTS 12 12 11 13 9 9 6 14 13 17 2 6 4 11 3 14 14 11 5 9 15 10 9 14 13 15 3 5 4 15 5 11
COSTS 13 9 11 16 6 13 6 14 13 18 2 6 4 11 3 14 14 11 5 9 15 10 9 14 15 15 3 5 1 15 7 11
COSTS 12 12 11 13 9 9 6 14 13 17 2 6 4 11 3 14 14 11 5 9 15 10 9 14 13 15 3 5 1 15 7 11
COSTS 13 9 11 16 6 13 6 14 13 17 2 6 4 11 3 14 18 9 5 9 15 10 9 14 15 15 2 5 1 15 7 11
COSTS 12 12 11 13 6 13 6 14 13 18 2 6 4 11 3 11 14 11 5 9 15 10 9 14 13 15 3 5 4 15 5 11
COSTS 13 9 11 16 6 13 6 14 13 17 2 3 5 11 3 14 14 11 5 9 15 10 9 14 15 15 3 5 1 15 7 11
COSTS 13 9 11 16 6 13 6 14 13 17 3 6 4 11 3 14 18 9 5 9 15 10 9 14 15 15 2 5 1 15 7 11
COSTS 13 12 11 16 6 13 6 14 13 18 2 6 4 11 3 14 14 11 5 9 15 8 9 14 15 15 3 5 1 15 7 11
COSTS 12 12 11 13 6 13 6 15 13 18 2 6 4 11 3 14 14 11 5 9 15 8 9 16 15 15 3 5 1 15 7 11
COSTS 13 9 11 16 6 13 6 14 13 17 2 3 5 11 3 14 14 11 5 9 15 10 9 14 15 15 2 5 1 15 7 11
COSTS 13 9 11 16 6 13 6 14 13 18 2 6 4 11 3 14 14 11 5 9 15 10 9 14 15 15 3 5 1 15 7 11
COSTS 12 12 11 13 6 13 6 14 13 18 2 6 4 11 3 11 14 11 5 9 15 10 9 14 13 15 3 5 4 15 5 11
COSTS 12 12 11 13 6 13 6 14 13 18 2 6 4 11 3 14 14 11 5 9 15 8 9 14 13 15 3 5 1 15 7 11
COSTS 12 12 11 13 6 13 6 14 13 18 2 6 4 11 3 14 14 11 5 9 15 8 9 14 13 15 3 5 1 15 7 11
COSTS 12 12 11 13 6 13 6 14 13 18 2 6 4 11 3 14 14 11 5 10 15 10 9 14 13 15 3 5 4 15 5 11
END
STATE 738ea9d1009e4e2618deff2aa448adf60d789caa653af885bb6f09d110a53816 6003 20 13
LABELS 0 0 1 0 0 1 1 1 0 1 0 1 0 0 0 0 0 1 1 0
MASSES 13 14 14 26 5 26 28 26 14 12 17 25 2 26 20 30 13 20 1 30
QUERY_IDS 0 1 2 3 4 5 6 7 8 11 12 13 14
RESPONSES 1 1 1 0 0 0 1 1 1 0 1 1 1
RESPONSES 1 1 1 0 0 0 1 1 1 0 1 1 1
RESPONSES 0 1 0 1 1 0 0 0 0 1 1 2 0
RESPONSES 1 0 1 0 0 0 1 1 1 0 2 1 2
RESPONSES 1 0 1 0 0 0 1 1 1 0 2 1 2
RESPONSES 0 2 0 1 1 1 0 0 0 1 2 2 1
RESPONSES 0 2 0 1 1 1 0 0 0 1 2 2 1
RESPONSES 0 2 0 1 1 1 0 0 0 0 2 2 0
RESPONSES 1 0 1 0 0 0 1 1 1 0 1 1 2
RESPONSES 0 0 0 1 1 1 0 0 0 1 2 2 1
RESPONSES 1 1 1 0 0 1 1 1 1 0 1 1 2
RESPONSES 0 1 1 1 1 1 1 0 0 1 2 2 1
RESPONSES 1 1 1 0 0 0 1 1 1 0 1 1 0
RESPONSES 1 2 1 0 0 0 1 1 1 0 0 0 2
RESPONSES 0 1 1 0 0 1 1 1 1 0 1 1 2
RESPONSES 0 2 0 1 1 1 0 0 0 0 0 2 2
RESPONSES 1 2 1 0 0 0 1 1 1 0 1 1 1
RESPONSES 0 1 0 1 1 1 0 0 0 1 2 2 1
RESPONSES 0 1 0 1 1 1 0 0 0 1 2 2 1
RESPONSES 1 2 1 0 0 0 1 1 1 0 1 1 2
COSTS 4 3 15 13 12 14 17 17 16 9 6 6 4
COSTS 4 3 15 13 12 14 17 17 16 9 6 6 4
COSTS 4 3 14 15 15 14 18 17 14 11 6 6 4
COSTS 4 3 15 13 12 14 17 17 16 9 8 6 5
COSTS 4 3 15 13 12 14 17 17 16 9 8 6 5
COSTS 4 3 14 15 15 12 18 17 14 11 8 6 4
COSTS 4 3 14 15 15 12 18 17 14 11 8 6 4
COSTS 4 3 14 15 15 12 18 17 14 9 8 6 4
COSTS 4 3 15 13 12 14 17 17 16 9 6 6 5
COSTS 4 3 14 15 15 12 18 17 14 11 8 6 4
COSTS 4 3 15 13 12 12 17 17 16 9 6 6 5
COSTS 4 3 15 15 15 12 17 17 14 11 8 6 4
COSTS 4 3 15 13 12 14 17 17 16 9 6 6 4
COSTS 4 3 15 13 12 14 17 17 16 9 4 5 5
COSTS 4 3 15 13 12 12 17 17 16 9 6 6 5
COSTS 4 3 14 15 15 12 18 17 14 9 4 6 5
COSTS 4 3 15 13 12 14 17 17 16 9 6 6 4
COSTS 4 3 14 15 15 12 18 17 14 11 8 6 4
COSTS 4 3 14 15 15 12 18 17 14 11 8 6 4
COSTS 4 3 15 13 12 14 17 17 16 9 6 6 5
END
STATE 76c0fbea3e0ca26cdd99c73718306fbd216e96f2ceac6a179a67638b927d3865 6003 24 11
LABELS 0 0 0 2 1 4 0 0 0 0 4 4 0 2 1 2 3 0 4 1 2 4 4 4
MASSES 2 20 4 14 7 17 18 31 26 16 29 5 23 3 14 25 6 19 7 7 27 14 12 12
QUERY_IDS 0 1 2 3 4 6 7 8 9 10 11
RESPONSES 5 1 0 1 0 1 0 0 0 0 0
RESPONSES 5 1 0 1 0 1 0 0 0 0 0
RESPONSES 5 1 0 2 0 1 0 1 1 0 0
RESPONSES 2 1 0 2 0 1 0 1 0 0 0
RESPONSES 4 1 0 1 0 1 0 0 0 0 0
RESPONSES 4 2 1 1 1 1 0 1 0 0 0
RESPONSES 5 0 0 2 0 1 0 0 0 0 0
RESPONSES 5 1 0 2 0 1 0 0 0 0 0
RESPONSES 5 1 0 2 0 1 0 0 0 0 0
RESPONSES 5 1 0 2 0 1 0 0 0 0 0
RESPONSES 3 2 0 1 0 1 0 1 0 0 0
RESPONSES 4 2 0 1 0 1 0 1 0 0 0
RESPONSES 5 1 1 1 1 1 0 0 0 0 0
RESPONSES 3 1 1 1 0 1 0 1 1 0 0
RESPONSES 0 0 0 2 0 1 0 1 0 0 0
RESPONSES 0 0 0 2 0 1 0 1 0 0 0
RESPONSES 0 0 0 2 0 1 0 1 0 0 0
RESPONSES 5 1 1 2 0 1 0 1 0 1 0
RESPONSES 1 2 0 2 0 1 0 1 0 0 0
RESPONSES 3 1 0 0 0 1 0 1 0 0 0
RESPONSES 4 1 0 2 0 1 0 1 1 0 0
RESPONSES 4 2 0 1 0 0 0 1 0 0 0
RESPONSES 4 2 0 1 0 0 0 1 0 0 0
RESPONSES 4 2 0 1 0 0 0 1 0 0 0
COSTS 8 13 9 5 16 14 16 18 7 4 17
COSTS 8 13 9 5 16 14 16 18 7 4 17
COSTS 8 13 9 7 16 14 16 14 11 4 17
COSTS 8 13 9 7 16 14 16 14 7 4 17
COSTS 12 13 9 5 16 14 16 18 7 4 17
COSTS 12 16 9 5 15 14 16 14 7 4 17
COSTS 8 14 9 7 16 14 16 18 7 4 17
COSTS 8 13 9 7 16 14 16 18 7 4 17
COSTS 8 13 9 7 16 14 16 18 7 4 17
COSTS 8 13 9 7 16 14 16 18 7 4 17
COSTS 8 16 9 5 16 14 16 14 7 4 17
COSTS 12 16 9 5 16 14 16 14 7 4 17
COSTS 8 13 9 5 15 14 16 18 7 4 17
COSTS 8 13 9 5 16 14 16 14 11 4 17
COSTS 11 14 9 7 16 14 16 14 7 4 17
COSTS 11 14 9 7 16 14 16 14 7 4 17
COSTS 11 14 9 7 16 14 16 14 7 4 17
COSTS 8 13 9 7 16 14 16 14 7 8 17
COSTS 12 16 9 7 16 14 16 14 7 4 17
COSTS 8 13 9 8 16 14 16 14 7 4 17
COSTS 12 13 9 7 16 14 16 14 11 4 17
COSTS 12 16 9 5 16 13 16 14 7 4 17
COSTS 12 16 9 5 16 13 16 14 7 4 17
COSTS 12 16 9 5 16 13 16 14 7 4 17
END
STATE 78422a9292b94f1bbd0dca087ff966efbe028d980afdac417500a9be4d07ca43 6002 24 32
LABELS 1 3 3 3 3 1 0 0 0 1 3 0 2 0 0 4 1 3 0 3 0 3 3 3
MASSES 4 1 22 8 27 21 29 22 6 26 10 30 19 8 29 14 4 29 12 23 7 8 18 12
QUERY_IDS 0 1 2 3 6 7 12 13 17 18 20 23 24 27 28 29 37 38 39 52 53 54 55 56 57 64 65 71 75 76 77 78
RESPONSES 1 0 0 1 1 1 1 1 1 1 1 0 0 1 1 1 0 0 0 0 0 0 1 1 1 1 1 1 1 1 1 1
RESPONSES 0 0 0 0 1 1 1 1 1 1 1 0 0 1 1 1 0 0 0 0 0 0 0 0 1 1 0 1 1 1 1 1
RESPONSES 0 0 0 0 1 1 1 1 1 1 1 0 0 1 1 1 0 0 0 0 0 0 0 1 1 1 0 1 1 1 1 1
RESPONSES 0 0 0 0 1 1 1 1 1 1 1 0 0 1 1 1 0 0 0 0 0 0 0 0 1 1 0 1 1 1 1 1
RESPONSES 0 0 0 0 0 0 1 1 1 1 1 0 0 0 0 0 0 0 0 1 1 1 1 1 1 1 1 1 0 0 0 0
RESPONSES 1 0 0 1 1 1 1 1 1 1 1 0 0 1 1 1 0 0 0 1 1 1 1 1 1 1 1 1 1 1 1 1
RESPONSES 1 1 1 1 1 1 1 1 0 0 1 1 1 1 1 1 0 0 0 0 1 1 1 1 1 1 0 1 1 1 1 1
RESPONSES 1 1 1 1 1 1 1 1 0 0 1 1 1 1 1 1 0 0 0 1 1 1 1 1 1 1 0 1 1 1 1 1
RESPONSES 1 1 1 1 1 1 1 1 0 0 1 1 1 1 1 1 0 0 0 1 1 1 1 1 1 1 0 1 1 1 1 1
RESPONSES 0 0 0 0 0 0 1 1 0 0 1 0 0 0 0 1 0 0 0 0 1 1 1 1 1 1 1 1 0 0 0 1
RESPONSES 1 1 1 1 1 1 1 1 1 1 1 0 0 1 1 1 0 0 0 1 1 1 1 1 1 1 0 1 1 1 1 1
RESPONSES 0 0 0 0 0 0 1 1 0 0 1 0 0 1 1 1 0 0 0 1 1 1 1 1 1 1 0 1 1 1 1 1
RESPONSES 1 1 1 1 1 1 1 1 0 0 1 0 0 1 1 1 1 1 1 0 1 1 1 1 1 1 0 0 1 1 1 1
RESPONSES 0 0 0 0 1 1 1 1 1 1 1 0 0 0 0 0 0 0 0 1 1 1 1 1 1 1 0 1 0 0 0 0
RESPONSES 1 1 1 1 1 1 1 1 0 0 1 1 1 1 1 1 0 0 0 1 1 1 1 1 1 1 0 1 1 1 1 1
RESPONSES 1 1 1 1 1 1 1 1 0 0 0 0 0 0 0 1 1 1 1 1 1 1 1 1 1 0 0 0 1 1 1 1
RESPONSES 1 0 0 1 1 1 1 1 1 1 1 0 0 1 1 1 0 0 0 0 0 0 1 1 1 1 1 1 1 1 1 1
RESPONSES 0 0 0 0 1 1 0 0 1 1 1 0 0 1 1 1 0 0 0 0 0 0 0 0 0 1 0 1 1 1 1 1
RESPONSES 1 1 1 1 1 1 1 1 0 0 1 1 1 1 1 1 0 0 0 0 1 1 1 1 1 1 0 1 1 1 1 1
RESPONSES 1 1 1 1 1 1 1 1 1 1 1 0 0 1 1 1 0 0 0 1 1 1 1 1 1 1 0 1 1 1 1 1
RESPONSES 0 0 0 0 1 1 1 1 1 1 1 0 0 0 0 0 0 0 0 1 1 1 1 1 1 1 0 1 0 0 0 0
RESPONSES 0 0 0 0 1 1 1 1 1 1 1 0 0 1 1 1 0 0 0 0 0 0 0 0 1 1 0 1 1 1 1 1
RESPONSES 0 0 0 0 1 1 1 1 1 1 1 0 0 1 1 1 0 0 0 0 0 0 0 0 1 1 0 1 1 1 1 1
RESPONSES 0 0 0 0 1 1 1 1 1 1 1 0 0 0 0 1 0 0 0 1 1 1 1 1 1 1 0 1 0 0 0 1
COSTS 16 19 11 8 11 3 7 18 18 10 5 15 5 10 17 6 9 16 13 15 6 11 5 2 10 11 9 2 4 1 10 13
COSTS 18 19 11 9 11 3 7 18 18 10 5 15 5 10 17 6 9 16 13 15 6 11 5 2 10 11 9 2 4 1 10 13
COSTS 18 19 11 9 11 3 7 18 18 10 5 15 5 10 17 6 9 16 13 15 6 11 5 2 10 11 9 2 4 1 10 13
COSTS 18 19 11 9 11 3 7 18 18 10 5 15 5 10 17 6 9 16 13 15 6 11 5 2 10 11 9 2 4 1 10 13
COSTS 18 19 11 9 10 5 7 18 18 10 5 15 5 10 18 6 9 16 13 15 6 11 5 2 10 11 9 2 2 1 11 16
COSTS 16 19 11 8 11 3 7 18 18 10 5 15 5 10 17 6 9 16 13 15 6 11 5 2 10 11 9 2 4 1 10 13
COSTS 16 17 11 8 11 3 7 18 19 7 5 12 7 10 17 6 9 16 13 15 6 11 5 2 10 11 9 2 4 1 10 13
COSTS 16 17 11 8 11 3 7 18 19 7 5 12 7 10 17 6 9 16 13 15 6 11 5 2 10 11 9 2 4 1 10 13
COSTS 16 17 11 8 11 3 7 18 19 7 5 12 7 10 17 6 9 16 13 15 6 11 5 2 10 11 9 2 4 1 10 13
COSTS 18 19 11 9 10 5 7 18 19 7 5 15 5 10 18 6 9 16 13 15 6 11 5 2 10 11 9 2 2 1 11 13
COSTS 16 17 11 8 11 3 7 18 18 10 5 15 5 10 17 6 9 16 13 15 6 11 5 2 10 11 9 2 4 1 10 13
COSTS 18 19 11 9 10 5 7 18 19 7 5 15 5 10 17 6 9 16 13 15 6 11 5 2 10 11 9 2 4 1 10 13
COSTS 16 17 11 8 11 3 7 18 19 7 5 15 5 10 17 6 11 17 12 15 6 11 5 2 10 11 9 4 4 1 10 13
COSTS 18 19 11 9 11 3 7 18 18 10 5 15 5 10 18 6 9 16 13 15 6 11 5 2 10 11 9 2 2 1 11 16
COSTS 16 17 11 8 11 3 7 18 19 7 5 12 7 10 17 6 9 16 13 15 6 11 5 2 10 11 9 2 4 1 10 13
COSTS 16 17 11 8 11 3 7 18 19 7 6 15 5 10 18 6 11 17 12 15 6 11 5 2 10 14 9 4 4 1 10 13
COSTS 16 19 11 8 11 3 7 18 18 10 5 15 5 10 17 6 9 16 13 15 6 11 5 2 10 11 9 2 4 1 10 13
COSTS 18 19 11 9 11 3 3 16 18 10 5 15 5 10 17 6 9 16 13 15 6 11 5 2 10 11 9 2 4 1 10 13
COSTS 16 17 11 8 11 3 7 18 19 7 5 12 7 10 17 6 9 16 13 15 6 11 5 2 10 11 9 2 4 1 10 13
COSTS 16 17 11 8 11 3 7 18 18 10 5 15 5 10 17 6 9 16 13 15 6 11 5 2 10 11 9 2 4 1 10 13
COSTS 18 19 11 9 11 3 7 18 18 10 5 15 5 10 18 6 9 16 13 15 6 11 5 2 10 11 9 2 2 1 11 16
COSTS 18 19 11 9 11 3 7 18 18 10 5 15 5 10 17 6 9 16 13 15 6 11 5 2 10 11 9 2 4 1 10 13
COSTS 18 19 11 9 11 3 7 18 18 10 5 15 5 10 17 6 9 16 13 15 6 11 5 2 10 11 9 2 4 1 10 13
COSTS 18 19 11 9 11 3 7 18 18 10 5 15 5 10 18 6 9 16 13 15 6 11 5 2 10 11 9 2 2 1 11 13
END
STATE 78fba51f2b378a4ec2e3ca3b16c55aa5efdff309f0ebe0d6b82b7c841ccf44af 6002 24 21
LABELS 2 1 3 0 0 0 0 0 0 0 0 0 0 0 0 0 2 0 1 1 0 0 1 0
MASSES 18 1 4 5 15 10 28 29 7 12 2 1 4 1 20 13 8 28 11 14 26 15 5 19
QUERY_IDS 0 2 3 4 5 6 8 11 13 20 25 27 28 29 34 35 36 37 38 39 41
RESPONSES 0 0 0 0 0 0 3 1 1 1 1 1 1 1 0 0 1 1 1 1 0
RESPONSES 0 1 1 1 1 1 0 1 1 0 0 1 1 1 0 0 1 1 1 1 1
RESPONSES 0 1 1 1 1 1 3 1 1 0 0 0 0 0 0 1 1 1 1 1 1
RESPONSES 0 1 1 1 1 1 3 1 1 0 0 0 0 0 1 1 1 1 1 0 0
RESPONSES 0 0 1 1 1 1 1 0 1 0 0 0 0 0 0 0 1 1 1 0 0
RESPONSES 0 0 0 0 0 1 2 0 0 0 0 1 1 1 1 1 1 1 1 0 1
RESPONSES 1 1 1 1 1 1 3 1 1 0 0 1 1 1 0 1 1 1 1 1 0
RESPONSES 0 1 1 1 1 1 2 0 0 1 0 0 0 1 1 1 1 1 1 0 0
RESPONSES 1 1 1 1 1 1 2 0 1 1 0 0 0 0 0 0 0 0 0 2 0
RESPONSES 0 0 0 0 0 1 2 0 1 1 0 0 0 0 1 1 1 1 1 0 0
RESPONSES 0 1 1 1 1 1 1 1 1 0 0 0 0 0 1 1 1 1 1 0 0
RESPONSES 0 1 1 1 1 1 2 0 1 0 0 1 1 1 1 1 1 1 1 0 0
RESPONSES 0 0 1 1 1 1 1 0 1 0 0 0 0 1 1 1 1 1 1 0 0
RESPONSES 0 1 1 1 1 1 3 0 0 0 0 0 0 0 1 1 1 1 1 0 0
RESPONSES 0 1 1 1 1 1 1 0 1 1 0 0 0 0 1 1 1 1 1 1 0
RESPONSES 0 0 0 0 0 1 3 0 0 0 0 0 0 1 0 0 1 1 1 1 0
RESPONSES 0 1 1 1 1 1 3 0 1 0 0 1 1 1 0 0 1 1 1 1 1
RESPONSES 0 0 0 1 1 1 2 1 1 1 0 0 0 1 0 1 1 1 1 1 1
RESPONSES 1 1 1 1 1 1 3 0 1 0 0 0 0 1 1 1 1 1 1 0 1
RESPONSES 0 0 0 1 1 1 3 0 0 1 0 1 1 1 1 1 1 1 1 1 1
RESPONSES 1 1 1 1 1 1 2 1 1 0 0 0 0 0 1 1 1 1 1 0 0
RESPONSES 1 1 1 1 1 1 1 0 1 0 0 0 0 0 1 1 1 1 1 0 0
RESPONSES 0 1 1 1 1 1 1 1 1 1 0 0 0 0 0 0 1 1 1 2 1
RESPONSES 0 0 0 1 1 1 2 1 1 0 0 0 0 0 1 1 1 1 1 0 0
COSTS 12 12 7 16 8 17 4 8 11 6 4 4 13 3 12 3 13 12 13 15 5
COSTS 12 8 7 14 12 17 8 8 11 6 6 4 13 3 12 3 13 12 13 15 6
COSTS 12 8 7 14 12 17 4 8 11 6 6 2 11 3 12 2 13 12 13 15 6
COSTS 12 8 7 14 12 17 4 8 11 6 6 2 11 3 11 2 13 12 13 13 5
COSTS 12 12 7 14 12 17 7 9 11 6 6 2 11 3 12 3 13 12 13 13 5
COSTS 12 12 7 16 8 17 8 9 12 6 6 4 13 3 11 2 13 12 13 13 6
COSTS 14 8 7 14 12 17 4 8 11 6 6 4 13 3 12 2 13 12 13 15 5
COSTS 12 8 7 14 12 17 8 9 12 6 6 2 11 3 11 2 13 12 13 13 5
COSTS 14 8 7 14 12 17 8 9 11 6 6 2 11 3 12 3 14 14 13 14 5
COSTS 12 12 7 16 8 17 8 9 11 6 6 2 11 3 11 2 13 12 13 13 5
COSTS 12 8 7 14 12 17 7 8 11 6 6 2 11 3 11 2 13 12 13 13 5
COSTS 12 8 7 14 12 17 8 9 11 6 6 4 13 3 11 2 13 12 13 13 5
COSTS 12 12 7 14 12 17 7 9 11 6 6 2 11 3 11 2 13 12 13 13 5
COSTS 12 8 7 14 12 17 4 9 12 6 6 2 11 3 11 2 13 12 13 13 5
COSTS 12 8 7 14 12 17 7 9 11 6 6 2 11 3 11 2 13 12 13 15 5
COSTS 12 12 7 16 8 17 4 9 12 6 6 2 11 3 12 3 13 12 13 15 5
COSTS 12 8 7 14 12 17 4 9 11 6 6 4 13 3 12 3 13 12 13 15 6
COSTS 12 12 7 14 12 17 8 8 11 6 6 2 11 3 12 2 13 12 13 15 6
COSTS 14 8 7 14 12 17 4 9 11 6 6 2 11 3 11 2 13 12 13 13 6
COSTS 12 12 7 14 12 17 4 9 12 6 6 4 13 3 11 2 13 12 13 15 6
COSTS 14 8 7 14 12 17 8 8 11 6 6 2 11 3 11 2 13 12 13 13 5
COSTS 14 8 7 14 12 17 7 9 11 6 6 2 11 3 11 2 13 12 13 13 5
COSTS 12 8 7 14 12 17 7 8 11 6 6 2 11 3 12 3 13 12 13 14 6
COSTS 12 12 7 14 12 17 8 8 11 6 6 2 11 3 11 2 13 12 13 13 5
END
STATE 7a0710c39d800f66dc8c5db292f435dae8474e3d6a0a6657b3a4d42c96ee17fc 6002 24 24
LABELS 1 1 0 0 0 1 0 0 1 0 0 1 0 0 0 1 1 1 1 1 0 0 0 0
MASSES 12 22 8 24 1 31 12 8 11 20 10 22 3 18 19 22 4 25 26 12 16 5 18 17
QUERY_IDS 1 2 4 7 8 9 11 20 21 23 24 26 27 29 33 34 38 41 45 46 47 48 49 51
RESPONSES 1 1 1 0 0 0 1 0 0 1 1 0 0 0 0 0 0 1 0 0 0 0 0 1
RESPONSES 0 0 1 0 0 0 0 0 0 0 0 0 0 0 0 0 0 0 0 0 0 1 1 1
RESPONSES 0 0 1 0 0 0 0 0 0 1 1 0 0 1 1 1 0 1 0 0 0 1 1 1
RESPONSES 1 1 1 0 0 0 1 1 1 1 1 1 1 1 1 1 0 1 0 0 0 1 1 1
RESPONSES 1 1 1 0 0 0 1 1 1 1 1 1 1 1 1 1 0 1 1 1 1 1 1 1
RESPONSES 0 0 0 0 1 1 1 0 0 0 0 1 1 1 0 0 0 1 0 0 0 0 0 1
RESPONSES 0 0 0 0 1 1 1 0 0 1 1 1 1 1 1 1 0 1 0 0 0 0 0 1
RESPONSES 0 0 0 1 1 1 1 0 0 1 1 0 0 1 0 0 0 1 0 0 0 0 0 1
RESPONSES 0 0 1 0 0 0 1 1 1 1 1 1 1 1 0 0 0 1 0 0 0 1 1 1
RESPONSES 0 0 1 1 1 1 1 0 0 0 0 0 0 1 0 0 0 0 0 0 0 1 1 1
RESPONSES 1 1 1 1 1 1 1 1 1 1 1 1 1 1 1 1 0 1 0 0 0 1 1 1
RESPONSES 1 1 1 0 0 0 0 0 0 1 1 1 1 1 0 0 0 0 0 0 0 0 0 1
RESPONSES 0 0 1 0 0 0 1 0 0 0 1 1 1 1 1 1 0 0 0 0 0 0 0 0
RESPONSES 1 1 1 0 0 0 0 0 0 0 0 0 0 1 0 0 0 1 0 0 0 0 0 0
RESPONSES 1 1 1 0 0 0 1 0 0 1 1 0 0 1 1 1 0 1 1 1 1 1 1 1
RESPONSES 0 0 1 0 0 0 1 0 0 0 0 0 0 1 0 0 0 1 0 0 0 0 0 1
RESPONSES 0 0 0 0 0 0 0 0 0 0 0 0 0 0 0 0 0 0 0 0 0 0 0 1
RESPONSES 1 1 1 0 0 0 0 0 0 0 0 1 1 1 0 0 0 1 0 0 0 1 1 1
RESPONSES 1 1 1 1 1 1 1 0 0 1 1 0 0 0 0 0 0 1 0 0 0 0 0 1
RESPONSES 0 0 1 0 0 0 0 1 1 1 1 1 1 1 0 0 1 1 0 0 0 0 0 0
RESPONSES 0 0 1 0 1 1 1 0 0 0 0 1 1 1 0 0 0 1 0 0 0 0 0 0
RESPONSES 1 1 1 1 1 1 1 0 0 0 1 0 0 1 0 0 0 0 1 1 1 1 1 1
RESPONSES 0 0 1 0 1 1 1 0 0 0 1 1 1 1 0 0 0 1 0 0 0 0 0 1
RESPONSES 1 1 1 0 0 0 0 0 0 0 0 0 0 0 0 0 0 1 0 0 0 1 1 1
COSTS 4 11 4 18 13 12 14 7 7 3 5 8 6 7 18 10 3 10 17 13 6 14 16 7
COSTS 5 15 4 18 13 12 11 7 7 2 4 8 6 7 18 10 3 8 17 13 6 18 13 7
COSTS 5 15 4 18 13 12 11 7 7 3 5 8 6 10 19 10 3 10 17 13 6 18 13 7
COSTS 4 11 4 18 13 12 14 11 5 3 5 9 4 10 19 10 3 10 17 13 6 18 13 7
COSTS 4 11 4 18 13 12 14 11 5 3 5 9 4 10 19 10 3 10 18 11 8 18 13 7
COSTS 5 15 2 18 13 11 14 7 7 2 4 9 4 10 18 10 3 10 17 13 6 14 16 7
COSTS 5 15 2 18 13 11 14 7 7 3 5 9 4 10 19 10 3 10 17 13 6 14 16 7
COSTS 5 15 2 15 13 11 14 7 7 3 5 8 6 10 18 10 3 10 17 13 6 14 16 7
COSTS 5 15 4 18 13 12 14 11 5 3 5 9 4 10 18 10 3 10 17 13 6 18 13 7
COSTS 5 15 4 15 13 11 14 7 7 2 4 8 6 10 18 10 3 8 17 13 6 18 13 7
COSTS 4 11 4 15 13 11 14 11 5 3 5 9 4 10 19 10 3 10 17 13 6 18 13 7
COSTS 4 11 4 18 13 12 11 7 7 3 5 9 4 10 18 10 3 8 17 13 6 14 16 7
COSTS 5 15 4 18 13 12 14 7 7 2 5 9 4 10 19 10 3 8 17 13 6 14 16 6
COSTS 4 11 4 18 13 12 11 7 7 2 4 8 6 10 18 10 3 10 17 13 6 14 16 6
COSTS 4 11 4 18 13 12 14 7 7 3 5 8 6 10 19 10 3 10 18 11 8 18 13 7
COSTS 5 15 4 18 13 12 14 7 7 2 4 8 6 10 18 10 3 10 17 13 6 14 16 7
COSTS 5 15 2 18 13 12 11 7 7 2 4 8 6 7 18 10 3 8 17 13 6 14 16 7
COSTS 4 11 4 18 13 12 11 7 7 2 4 9 4 10 18 10 3 10 17 13 6 18 13 7
COSTS 4 11 4 15 13 11 14 7 7 3 5 8 6 7 18 10 3 10 17 13 6 14 16 7
COSTS 5 15 4 18 13 12 11 11 5 3 5 9 4 10 18 10 6 10 17 13 6 14 16 6
COSTS 5 15 4 18 13 11 14 7 7 2 4 9 4 10 18 10 3 10 17 13 6 14 16 6
COSTS 4 11 4 15 13 11 14 7 7 2 5 8 6 10 18 10 3 8 18 11 8 18 13 7
COSTS 5 15 4 18 13 11 14 7 7 2 5 9 4 10 18 10 3 10 17 13 6 14 16 7
COSTS 4 11 4 18 13 12 11 7 7 2 4 8 6 7 18 10 3 10 17 13 6 18 13 7
END
STATE 7b687f323d1451ba6ccbccd30edf7ed9f2dcd74b77463d495754adaf0a8f55d1 6003 24 11
LABELS 1 1 3 2 3 2 3 2 1 1 2 1 3 0 0 1 2 2 2 2 2 1 2 2
MASSES 16 21 25 29 17 29 3 10 15 19 2 4 30 23 10 16 31 2 21 8 11 4 15 2
QUERY_IDS 0 1 2 3 5 6 7 8 9 10 11
RESPONSES 4 2 0 0 1 0 0 1 0 0 0
RESPONSES 4 2 0 0 1 0 0 1 0 0 0
RESPONSES 2 1 1 1 1 0 0 1 0 1 0
RESPONSES 0 1 1 1 1 0 0 1 0 0 0
RESPONSES 0 1 1 1 1 0 0 1 0 0 0
RESPONSES 2 0 1 2 1 0 0 1 1 2 1
RESPONSES 0 1 1 1 1 0 0 1 0 1 0
RESPONSES 2 0 1 2 1 0 1 1 0 0 0
RESPONSES 4 1 1 2 0 0 0 0 0 1 0
RESPONSES 3 2 0 1 0 0 0 1 0 0 0
RESPONSES 2 0 1 1 1 0 1 1 1 2 0
RESPONSES 2 2 0 1 1 0 0 1 0 0 0
RESPONSES 4 2 1 1 1 0 0 1 0 1 0
RESPONSES 5 2 1 1 0 0 0 0 0 0 0
RESPONSES 5 2 1 1 0 0 0 0 0 0 0
RESPONSES 1 1 1 1 0 0 0 1 1 1 0
RESPONSES 2 0 0 2 1 0 0 1 0 1 0
RESPONSES 2 0 1 1 1 0 0 1 0 0 0
RESPONSES 2 0 1 1 1 0 0 1 0 0 0
RESPONSES 1 1 1 2 1 0 0 1 0 0 0
RESPONSES 2 0 1 2 1 0 1 1 0 2 0
RESPONSES 4 2 0 1 1 0 0 1 0 0 0
RESPONSES 0 1 1 1 0 0 0 1 0 0 0
RESPONSES 2 0 1 1 1 0 1 1 1 0 1
COSTS 12 13 9 8 10 14 16 14 7 4 17
COSTS 12 13 9 8 10 14 16 14 7 4 17
COSTS 8 14 9 5 10 14 16 14 7 8 17
COSTS 11 14 9 5 10 14 16 14 7 4 17
COSTS 11 14 9 5 10 14 16 14 7 4 17
COSTS 8 16 9 7 10 14 16 14 11 8 17
COSTS 11 14 9 5 10 14 16 14 7 8 17
COSTS 8 16 9 7 10 14 16 14 7 4 17
COSTS 12 14 9 7 7 14 16 18 7 8 17
COSTS 8 13 9 5 7 14 16 14 7 4 17
COSTS 8 16 9 5 10 14 16 14 11 8 17
COSTS 8 13 9 5 10 14 16 14 7 4 17
COSTS 12 13 9 5 10 14 16 14 7 8 17
COSTS 8 13 9 5 7 14 16 18 7 4 17
COSTS 8 13 9 5 7 14 16 18 7 4 17
COSTS 12 14 9 5 7 14 16 14 11 8 17
COSTS 8 16 9 7 10 14 16 14 7 8 17
COSTS 8 16 9 5 10 14 16 14 7 4 17
COSTS 8 16 9 5 10 14 16 14 7 4 17
COSTS 12 14 9 7 10 14 16 14 7 4 17
COSTS 8 16 9 7 10 14 16 14 7 8 17
COSTS 12 13 9 5 10 14 16 14 7 4 17
COSTS 11 14 9 5 7 14 16 14 7 4 17
COSTS 8 16 9 5 10 14 16 14 11 4 17
END
STATE 7b7706b42e1e39e57fe7b191a4010841e3c634a0a55e0fbf6ba5867b65968e11 6001 24 21
LABELS 1 0 0 0 0 0 0 0 0 0 0 0 0 0 0 0 0 0 0 0 0 0 0 0
MASSES 6 3 13 15 11 6 22 1 20 29 8 27 27 12 25 22 1 22 17 17 3 28 22 29
QUERY_IDS 0 1 4 5 6 9 11 13 14 15 19 23 27 28 30 33 34 35 36 39 40
RESPONSES 0 0 1 1 1 0 0 1 1 1 1 0 0 0 0 1 1 1 1 1 1
RESPONSES 0 1 1 1 1 1 1 1 1 1 1 0 0 0 0 1 1 1 1 0 0
RESPONSES 0 0 1 1 1 0 1 1 1 1 0 0 0 0 1 0 0 0 1 0 0
RESPONSES 0 0 1 1 1 0 1 1 1 1 1 0 0 0 0 0 0 1 1 0 0
RESPONSES 0 0 1 1 1 0 0 1 1 1 1 1 0 0 0 1 1 1 1 0 0
RESPONSES 0 1 1 1 1 1 1 1 1 1 1 1 0 0 1 1 1 1 1 0 0
RESPONSES 0 0 1 1 1 0 1 1 1 1 1 0 1 1 1 0 0 1 1 1 3
RESPONSES 0 0 1 1 1 0 1 1 1 1 1 0 0 0 0 1 1 1 1 2 0
RESPONSES 0 0 1 1 1 0 0 1 1 1 0 0 0 0 1 0 0 0 0 1 0
RESPONSES 1 1 1 1 1 0 1 1 1 1 1 0 0 0 0 1 1 1 1 0 0
RESPONSES 1 1 1 1 1 1 1 1 1 1 1 0 0 0 0 1 1 1 1 0 1
RESPONSES 1 1 1 1 1 0 1 1 1 1 1 0 0 0 0 1 1 1 1 0 0
RESPONSES 0 0 1 1 1 0 0 1 1 1 1 0 0 0 1 0 0 1 1 0 1
RESPONSES 1 1 1 1 1 0 0 1 1 1 1 0 0 0 0 1 1 1 1 0 0
RESPONSES 0 0 0 0 1 0 0 0 1 1 1 0 0 0 0 1 1 1 1 0 2
RESPONSES 1 1 1 1 1 0 1 1 1 1 1 0 0 0 0 0 0 1 1 0 0
RESPONSES 1 1 1 1 1 0 0 1 1 1 1 0 0 0 0 0 0 0 0 0 0
RESPONSES 0 1 1 1 1 0 1 1 1 1 1 0 1 1 1 1 1 1 1 1 0
RESPONSES 0 0 1 1 1 0 0 1 1 1 1 0 0 0 1 1 1 1 1 0 0
RESPONSES 1 1 1 1 1 1 1 1 1 1 1 0 0 1 1 1 1 1 1 0 0
RESPONSES 0 1 1 1 1 0 0 1 1 1 1 0 0 0 0 1 1 1 1 0 0
RESPONSES 1 1 1 1 1 0 0 1 1 1 1 0 1 1 1 1 1 1 1 1 0
RESPONSES 0 0 0 0 0 0 0 0 0 0 0 0 1 1 1 1 1 1 1 0 0
RESPONSES 0 1 1 1 1 0 0 1 1 1 1 0 0 0 0 0 0 1 1 1 0
COSTS 15 3 16 7 10 12 18 11 10 8 9 15 15 5 10 18 18 13 5 11 9
COSTS 15 2 16 7 10 12 16 11 10 8 9 15 15 5 10 18 18 13 5 14 6
COSTS 15 3 16 7 10 12 16 11 10 8 8 15 15 5 12 18 17 12 5 14 6
COSTS 15 3 16 7 10 12 16 11 10 8 9 15 15 5 10 18 17 13 5 14 6
COSTS 15 3 16 7 10 12 18 11 10 8 9 14 15 5 10 18 18 13 5 14 6
COSTS 15 2 16 7 10 12 16 11 10 8 9 14 15 5 12 18 18 13 5 14 6
COSTS 15 3 16 7 10 12 16 11 10 8 9 15 17 3 12 18 17 13 5 11 7
COSTS 15 3 16 7 10 12 16 11 10 8 9 15 15 5 10 18 18 13 5 13 6
COSTS 15 3 16 7 10 12 18 11 10 8 8 15 15 5 12 18 17 12 6 11 6
COSTS 14 2 16 7 10 12 16 11 10 8 9 15 15 5 10 18 18 13 5 14 6
COSTS 14 2 16 7 10 12 16 11 10 8 9 15 15 5 10 18 18 13 5 14 9
COSTS 14 2 16 7 10 12 16 11 10 8 9 15 15 5 10 18 18 13 5 14 6
COSTS 15 3 16 7 10 12 18 11 10 8 9 15 15 5 12 18 17 13 5 14 9
COSTS 14 2 16 7 10 12 18 11 10 8 9 15 15 5 10 18 18 13 5 14 6
COSTS 15 3 16 8 10 12 18 11 10 8 9 15 15 5 10 18 18 13 5 14 8
COSTS 14 2 16 7 10 12 16 11 10 8 9 15 15 5 10 18 17 13 5 14 6
COSTS 14 2 16 7 10 12 18 11 10 8 9 15 15 5 10 18 17 12 6 14 6
COSTS 15 2 16 7 10 12 16 11 10 8 9 15 17 3 12 18 18 13 5 11 6
COSTS 15 3 16 7 10 12 18 11 10 8 9 15 15 5 12 18 18 13 5 14 6
COSTS 14 2 16 7 10 12 16 11 10 8 9 15 15 3 12 18 18 13 5 14 6
COSTS 15 2 16 7 10 12 18 11 10 8 9 15 15 5 10 18 18 13 5 14 6
COSTS 14 2 16 7 10 12 18 11 10 8 9 15 17 3 12 18 18 13 5 11 6
COSTS 15 3 16 8 8 12 18 11 14 9 8 15 17 3 12 18 18 13 5 14 6
COSTS 15 2 16 7 10 12 18 11 10 8 9 15 15 5 10 18 17 13 5 11 6
END
STATE 7bd28dc465c8018ea359a821f1de2efbade5c6b8d1ab4e346d2b1f9a05c2d0c0 6003 24 36
LABELS 0 0 0 0 0 0 0 0 0 0 0 0 0 0 0 0 0 0 0 0 0 0 0 0
MASSES 5 13 2 8 13 16 16 18 27 14 13 4 18 3 30 18 17 29 3 19 7 10 11 3
QUERY_IDS 2 3 4 5 6 7 8 10 11 18 19 22 24 25 26 27 28 29 30 31 32 33 34 35 36 41 42 43 51 52 53 54 55 56 57 60
RESPONSES 1 1 1 1 1 1 0 0 0 0 0 0 0 0 0 0 0 0 0 0 0 0 0 0 0 0 0 0 0 0 0 0 0 0 0 1
RESPONSES 1 1 1 1 1 1 0 0 0 0 0 0 0 0 0 0 0 0 0 0 0 0 0 0 0 0 0 0 0 0 0 0 0 0 0 1
RESPONSES 1 1 1 1 1 1 0 1 0 0 0 0 0 0 0 0 0 0 0 0 0 0 0 0 0 0 0 0 0 0 0 0 0 0 0 1
RESPONSES 1 1 1 1 1 2 0 0 0 0 0 0 0 0 0 0 0 0 0 0 0 0 0 0 0 0 0 0 0 0 0 0 0 0 0 1
RESPONSES 1 1 1 1 1 1 0 0 0 0 0 0 0 0 0 0 0 0 0 0 0 0 0 0 0 0 0 0 0 0 0 0 0 0 0 1
RESPONSES 0 0 1 1 1 1 0 0 0 0 0 0 0 0 0 0 0 1 0 0 0 0 1 1 0 0 0 0 0 0 0 0 0 0 0 1
RESPONSES 1 1 1 1 1 1 0 0 0 0 0 0 0 0 0 0 0 0 0 0 0 0 0 0 0 0 0 0 0 0 0 0 0 0 0 1
RESPONSES 1 1 1 1 1 1 0 0 0 0 0 0 0 0 0 0 0 0 0 0 0 0 0 0 0 0 0 0 0 0 0 0 0 0 0 1
RESPONSES 1 1 1 1 1 1 0 0 0 0 0 0 0 0 0 0 0 0 0 0 0 0 0 0 0 0 0 0 0 0 0 0 0 0 0 1
RESPONSES 0 1 1 1 1 1 0 0 0 0 0 0 0 0 0 0 0 0 0 0 0 0 0 0 0 0 0 0 0 0 0 0 0 0 0 1
RESPONSES 0 1 1 1 1 1 0 0 0 0 0 0 0 0 0 0 0 0 0 0 0 0 0 0 0 0 0 0 0 0 0 0 0 0 0 1
RESPONSES 1 1 1 1 1 2 0 0 0 0 0 1 1 1 1 1 1 1 1 1 1 1 1 1 1 1 1 1 1 1 1 1 1 1 1 0
RESPONSES 0 0 0 1 1 1 0 0 1 0 0 0 0 0 0 0 0 0 0 0 0 0 0 0 0 0 0 0 0 0 0 0 0 0 0 1
RESPONSES 0 1 1 1 1 2 0 0 0 0 0 0 0 0 0 0 0 0 0 0 0 0 0 0 0 0 0 0 0 0 0 0 0 0 0 1
RESPONSES 0 0 0 0 1 2 0 0 0 0 0 1 1 1 1 1 1 1 1 1 1 1 1 1 1 1 1 1 0 0 0 0 0 0 0 1
RESPONSES 0 0 1 1 1 0 0 0 0 0 0 0 0 0 0 0 0 0 0 0 0 0 0 0 0 0 0 0 0 0 0 0 0 0 0 1
RESPONSES 0 0 0 0 1 2 0 0 0 0 1 0 0 0 0 0 0 0 0 0 0 0 0 0 0 0 0 0 0 0 0 0 0 0 0 1
RESPONSES 0 0 0 0 0 1 1 0 0 0 1 1 1 1 1 1 1 0 0 0 0 0 0 0 0 0 0 0 0 0 0 0 0 0 0 1
RESPONSES 1 1 1 1 1 1 0 0 0 0 0 0 0 0 0 0 0 0 0 0 0 0 0 0 0 0 0 0 0 0 0 0 0 0 0 1
RESPONSES 1 1 1 1 1 1 0 0 0 0 0 0 0 0 0 0 0 1 0 0 1 1 1 1 0 0 0 0 0 0 0 0 0 0 0 1
RESPONSES 1 1 1 1 1 1 0 0 0 1 1 0 0 0 0 0 0 0 0 0 0 0 0 0 0 0 0 0 0 0 0 0 0 0 0 1
RESPONSES 1 1 1 1 1 1 0 0 0 0 0 0 0 0 0 0 0 1 0 0 0 0 1 1 0 0 0 0 0 0 0 0 0 0 0 1
RESPONSES 0 0 0 0 1 2 0 0 0 0 0 1 1 1 1 1 1 0 0 0 0 0 0 0 0 0 0 0 0 0 0 0 0 0 0 1
RESPONSES 0 0 0 0 0 2 1 0 0 0 0 1 0 0 0 0 0 0 0 0 0 0 0 0 0 0 0 0 0 0 0 0 0 0 0 1
COSTS 5 12 12 16 7 11 9 13 3 3 6 4 7 6 15 15 18 9 3 7 2 13 1 13 5 7 6 12 7 18 13 4 5 8 19 17
COSTS 5 12 12 16 7 11 9 13 3 3 6 4 7 6 15 15 18 9 3 7 2 13 1 13 5 7 6 12 7 18 13 4 5 8 19 17
COSTS 5 12 12 16 7 11 9 13 3 3 6 4 7 6 15 15 18 9 3 7 2 13 1 13 5 7 6 12 7 18 13 4 5 8 19 17
COSTS 5 12 12 16 7 11 9 13 3 3 6 4 7 6 15 15 18 9 3 7 2 13 1 13 5 7 6 12 7 18 13 4 5 8 19 17
COSTS 5 12 12 16 7 11 9 13 3 3 6 4 7 6 15 15 18 9 3 7 2 13 1 13 5 7 6 12 7 18 13 4 5 8 19 17
COSTS 2 14 12 16 7 11 9 13 3 3 6 4 7 6 15 15 18 9 3 7 2 13 5 15 5 7 6 12 7 18 13 4 5 8 19 17
COSTS 5 12 12 16 7 11 9 13 3 3 6 4 7 6 15 15 18 9 3 7 2 13 1 13 5 7 6 12 7 18 13 4 5 8 19 17
COSTS 5 12 12 16 7 11 9 13 3 3 6 4 7 6 15 15 18 9 3 7 2 13 1 13 5 7 6 12 7 18 13 4 5 8 19 17
COSTS 5 12 12 16 7 11 9 13 3 3 6 4 7 6 15 15 18 9 3 7 2 13 1 13 5 7 6 12 7 18 13 4 5 8 19 17
COSTS 2 12 12 16 7 11 9 13 3 3 6 4 7 6 15 15 18 9 3 7 2 13 1 13 5 7 6 12 7 18 13 4 5 8 19 17
COSTS 2 12 12 16 7 11 9 13 3 3 6 4 7 6 15 15 18 9 3 7 2 13 1 13 5 7 6 12 7 18 13 4 5 8 19 17
COSTS 5 12 12 16 7 11 9 13 3 3 6 3 4 8 17 13 17 9 6 7 4 10 5 15 8 4 6 12 6 15 15 4 9 8 15 14
COSTS 2 14 16 16 7 11 9 13 6 3 6 4 7 6 15 15 18 9 3 7 2 13 1 13 5 7 6 12 7 18 13 4 5 8 19 17
COSTS 2 12 12 16 7 11 9 13 3 3 6 4 7 6 15 15 18 9 3 7 2 13 1 13 5 7 6 12 7 18 13 4 5 8 19 17
COSTS 2 14 16 14 7 11 9 13 3 3 6 3 4 8 17 13 17 9 6 7 4 10 5 15 8 4 6 12 7 18 13 4 5 8 19 17
COSTS 2 14 12 16 7 10 9 13 3 3 6 4 7 6 15 15 18 9 3 7 2 13 1 13 5 7 6 12 7 18 13 4 5 8 19 17
COSTS 2 14 16 14 7 11 9 13 3 3 10 4 7 6 15 15 18 9 3 7 2 13 1 13 5 7 6 12 7 18 13 4 5 8 19 17
COSTS 2 14 16 14 6 11 9 13 3 3 10 3 4 8 17 13 17 9 3 7 2 13 1 13 5 7 6 12 7 18 13 4 5 8 19 17
COSTS 5 12 12 16 7 11 9 13 3 3 6 4 7 6 15 15 18 9 3 7 2 13 1 13 5 7 6 12 7 18 13 4 5 8 19 17
COSTS 5 12 12 16 7 11 9 13 3 3 6 4 7 6 15 15 18 9 3 7 4 10 5 15 5 7 6 12 7 18 13 4 5 8 19 17
COSTS 5 12 12 16 7 11 9 13 3 5 10 4 7 6 15 15 18 9 3 7 2 13 1 13 5 7 6 12 7 18 13 4 5 8 19 17
COSTS 5 12 12 16 7 11 9 13 3 3 6 4 7 6 15 15 18 9 3 7 2 13 5 15 5 7 6 12 7 18 13 4 5 8 19 17
COSTS 2 14 16 14 7 11 9 13 3 3 6 3 4 8 17 13 17 9 3 7 2 13 1 13 5 7 6 12 7 18 13 4 5 8 19 17
COSTS 2 14 16 14 6 11 9 13 3 3 6 3 7 6 15 15 18 9 3 7 2 13 1 13 5 7 6 12 7 18 13 4 5 8 19 17
END
STATE 7c2c34f0dc1c40e154a147651130adff0dcda183ff9ad84f87fb2d2182ef569f 6002 24 11
LABELS 0 0 0 2 1 4 0 0 0 0 4 4 0 2 1 2 3 0 4 1 2 4 4 4
MASSES 4 25 8 19 11 4 9 13 19 27 15 28 10 12 8 4 26 8 23 11 26 23 13 11
QUERY_IDS 0 1 2 3 4 6 7 8 9 10 11
RESPONSES 5 1 0 1 0 1 0 0 0 0 0
RESPONSES 5 1 0 1 0 1 0 0 0 0 0
RESPONSES 5 1 0 2 0 1 0 1 1 0 0
RESPONSES 2 1 0 2 0 1 0 1 0 0 0
RESPONSES 4 1 0 1 0 1 0 0 0 0 0
RESPONSES 4 2 1 1 1 1 0 1 0 0 0
RESPONSES 5 0 0 2 0 1 0 0 0 0 0
RESPONSES 5 1 0 2 0 1 0 0 0 0 0
RESPONSES 5 1 0 2 0 1 0 0 0 0 0
RESPONSES 5 1 0 2 0 1 0 0 0 0 0
RESPONSES 3 2 0 1 0 1 0 1 0 0 0
RESPONSES 4 2 0 1 0 1 0 1 0 0 0
RESPONSES 5 1 1 1 1 1 0 0 0 0 0
RESPONSES 3 1 1 1 0 1 0 1 1 0 0
RESPONSES 0 0 0 2 0 1 0 1 0 0 0
RESPONSES 0 0 0 2 0 1 0 1 0 0 0
RESPONSES 0 0 0 2 0 1 0 1 0 0 0
RESPONSES 5 1 1 2 0 1 0 1 0 1 0
RESPONSES 1 2 0 2 0 1 0 1 0 0 0
RESPONSES 3 1 0 0 0 1 0 1 0 0 0
RESPONSES 4 1 0 2 0 1 0 1 1 0 0
RESPONSES 4 2 0 1 0 0 0 1 0 0 0
RESPONSES 4 2 0 1 0 0 0 1 0 0 0
RESPONSES 4 2 0 1 0 0 0 1 0 0 0
COSTS 7 5 8 3 15 13 15 13 10 10 12
COSTS 7 5 8 3 15 13 15 13 10 10 12
COSTS 7 5 8 6 15 13 15 10 10 10 12
COSTS 8 5 8 6 15 13 15 10 10 10 12
COSTS 6 5 8 3 15 13 15 13 10 10 12
COSTS 6 8 5 3 15 13 15 10 10 10 12
COSTS 7 7 8 6 15 13 15 13 10 10 12
COSTS 7 5 8 6 15 13 15 13 10 10 12
COSTS 7 5 8 6 15 13 15 13 10 10 12
COSTS 7 5 8 6 15 13 15 13 10 10 12
COSTS 6 8 8 3 15 13 15 10 10 10 12
COSTS 6 8 8 3 15 13 15 10 10 10 12
COSTS 7 5 5 3 15 13 15 13 10 10 12
COSTS 6 5 5 3 15 13 15 10 10 10 12
COSTS 5 7 8 6 15 13 15 10 10 10 12
COSTS 5 7 8 6 15 13 15 10 10 10 12
COSTS 5 7 8 6 15 13 15 10 10 10 12
COSTS 7 5 5 6 15 13 15 10 10 9 12
COSTS 7 8 8 6 15 13 15 10 10 10 12
COSTS 6 5 8 4 15 13 15 10 10 10 12
COSTS 6 5 8 6 15 13 15 10 10 10 12
COSTS 6 8 8 3 15 12 15 10 10 10 12
COSTS 6 8 8 3 15 12 15 10 10 10 12
COSTS 6 8 8 3 15 12 15 10 10 10 12
END
STATE 7cb5ad0d18f6627eca720300bc6f46043cd9846ee896f9161db91c972ff90db6 6001 24 36
LABELS 0 0 0 0 0 0 0 0 0 0 0 0 0 0 0 0 0 0 0 0 0 0 0 0
MASSES 28 25 23 8 14 13 5 16 27 6 29 9 21 13 8 22 10 4 15 13 25 24 9 20
QUERY_IDS 0 1 7 10 16 18 19 22 24 25 26 27 28 29 30 31 32 33 34 35 36 37 38 39 40 41 42 43 51 52 53 54 55 56 57 60
RESPONSES 0 1 0 0 0 0 0 0 0 0 0 0 0 0 0 0 0 0 0 0 0 0 0 0 0 0 0 0 0 0 0 0 0 0 0 1
RESPONSES 0 1 0 0 0 0 0 0 0 0 0 0 0 0 0 0 0 0 0 0 0 0 0 0 0 0 0 0 0 0 0 0 0 0 0 1
RESPONSES 0 1 0 0 0 0 0 0 0 0 0 0 0 0 0 0 0 0 0 0 0 0 0 0 0 0 0 0 0 0 0 0 0 0 0 1
RESPONSES 1 1 0 1 0 0 0 0 0 0 0 0 0 0 0 0 0 0 0 0 0 0 0 0 0 0 0 0 0 0 0 0 0 0 0 1
RESPONSES 0 1 1 0 0 0 0 0 0 0 0 0 0 0 0 0 0 0 0 0 0 0 0 0 0 0 0 0 0 0 0 0 0 0 0 1
RESPONSES 0 1 0 0 0 0 0 0 0 0 0 0 0 0 0 0 0 0 0 0 0 0 0 0 0 0 0 0 0 0 0 0 0 0 0 1
RESPONSES 0 0 0 0 0 0 0 0 0 0 0 0 0 0 0 0 0 0 0 0 0 0 0 0 0 0 0 0 0 0 0 0 0 0 0 1
RESPONSES 0 0 0 0 0 0 0 0 0 0 0 0 0 0 0 0 0 0 0 0 0 0 0 0 0 0 0 0 0 0 0 0 0 0 0 1
RESPONSES 1 1 0 0 0 0 0 1 0 0 0 0 1 1 0 0 0 0 0 1 1 0 0 1 1 1 1 1 0 0 0 0 0 0 0 1
RESPONSES 0 1 1 0 0 0 0 1 1 1 1 1 1 1 1 1 1 1 1 1 1 0 0 0 0 1 1 1 1 1 1 1 1 1 1 0
RESPONSES 1 1 0 0 1 0 0 0 0 0 0 0 0 0 0 0 0 0 0 0 0 0 0 0 0 0 0 0 0 0 0 0 0 0 0 1
RESPONSES 0 0 0 0 0 0 0 0 0 0 0 0 0 0 0 0 0 0 0 0 0 0 0 0 0 0 0 0 0 0 0 0 0 0 0 1
RESPONSES 0 0 0 0 0 0 0 0 0 0 0 0 0 0 0 0 0 0 0 0 0 0 0 0 0 0 0 0 0 0 0 0 0 0 0 1
RESPONSES 0 0 0 0 0 0 0 0 0 0 0 0 0 0 0 0 0 0 0 0 0 0 0 0 0 0 0 0 0 0 0 0 0 0 0 1
RESPONSES 1 1 0 1 0 0 0 1 0 0 0 1 1 1 0 0 0 0 0 1 1 1 1 1 1 1 1 1 0 0 0 0 0 0 0 1
RESPONSES 1 1 0 0 0 0 1 0 0 0 0 0 0 0 0 0 0 0 0 0 0 0 0 0 0 0 0 0 0 0 0 0 0 0 0 1
RESPONSES 1 1 0 0 0 0 0 0 0 0 0 0 0 0 0 0 0 0 0 0 0 0 0 0 0 0 0 0 0 0 0 0 0 0 0 1
RESPONSES 1 1 1 0 0 0 0 1 0 1 1 1 1 1 0 0 0 0 1 1 1 1 1 1 1 1 1 1 0 0 0 0 0 0 0 1
RESPONSES 0 1 0 0 0 0 0 0 0 0 0 0 0 1 0 0 1 1 1 1 0 0 0 0 0 0 0 0 0 0 0 0 0 0 0 1
RESPONSES 0 0 0 0 0 1 1 0 0 0 0 0 0 0 0 0 0 0 0 0 0 0 0 0 0 0 0 0 0 0 0 0 0 0 0 1
RESPONSES 1 1 0 0 0 0 0 0 0 0 0 0 0 0 0 0 0 0 0 0 0 0 0 0 0 0 0 0 0 0 0 0 0 0 0 1
RESPONSES 1 1 0 0 0 0 0 0 0 0 0 0 0 1 0 0 0 0 1 1 0 0 0 0 0 0 0 0 0 0 0 0 0 0 0 1
RESPONSES 1 1 0 1 1 0 0 0 0 0 0 0 0 0 0 0 0 0 0 0 0 0 0 0 0 0 0 0 0 0 0 0 0 0 0 1
RESPONSES 1 1 0 1 1 0 0 0 0 0 0 0 0 0 0 0 0 0 0 0 0 0 0 0 0 0 0 0 0 0 0 0 0 0 0 1
COSTS 9 11 12 15 8 6 8 10 13 14 11 14 16 16 4 17 14 3 12 5 7 6 7 9 16 12 15 10 5 7 12 11 11 13 2 6
COSTS 9 11 12 15 8 6 8 10 13 14 11 14 16 16 4 17 14 3 12 5 7 6 7 9 16 12 15 10 5 7 12 11 11 13 2 6
COSTS 9 11 12 15 8 6 8 10 13 14 11 14 16 16 4 17 14 3 12 5 7 6 7 9 16 12 15 10 5 7 12 11 11 13 2 6
COSTS 6 11 12 14 8 6 8 10 13 14 11 14 16 16 4 17 14 3 12 5 7 6 7 9 16 12 15 10 5 7 12 11 11 13 2 6
COSTS 9 11 13 15 8 6 8 10 13 14 11 14 16 16 4 17 14 3 12 5 7 6 7 9 16 12 15 10 5 7 12 11 11 13 2 6
COSTS 9 11 12 15 8 6 8 10 13 14 11 14 16 16 4 17 14 3 12 5 7 6 7 9 16 12 15 10 5 7 12 11 11 13 2 6
COSTS 9 10 12 15 8 6 8 10 13 14 11 14 16 16 4 17 14 3 12 5 7 6 7 9 16 12 15 10 5 7 12 11 11 13 2 6
COSTS 9 10 12 15 8 6 8 10 13 14 11 14 16 16 4 17 14 3 12 5 7 6 7 9 16 12 15 10 5 7 12 11 11 13 2 6
COSTS 6 11 12 15 8 6 8 8 13 14 11 14 18 14 4 17 14 3 12 5 6 6 7 7 13 15 18 13 5 7 12 11 11 13 2 6
COSTS 9 11 13 15 8 6 8 8 13 17 14 14 18 14 5 13 13 1 10 5 6 6 7 9 16 15 18 13 7 5 13 14 14 15 2 9
COSTS 6 11 12 15 11 6 8 10 13 14 11 14 16 16 4 17 14 3 12 5 7 6 7 9 16 12 15 10 5 7 12 11 11 13 2 6
COSTS 9 10 12 15 8 6 8 10 13 14 11 14 16 16 4 17 14 3 12 5 7 6 7 9 16 12 15 10 5 7 12 11 11 13 2 6
COSTS 9 10 12 15 8 6 8 10 13 14 11 14 16 16 4 17 14 3 12 5 7 6 7 9 16 12 15 10 5 7 12 11 11 13 2 6
COSTS 9 10 12 15 8 6 8 10 13 14 11 14 16 16 4 17 14 3 12 5 7 6 7 9 16 12 15 10 5 7 12 11 11 13 2 6
COSTS 6 11 12 14 8 6 8 8 13 14 11 14 18 14 4 17 14 3 12 5 6 4 7 7 13 15 18 13 5 7 12 11 11 13 2 6
COSTS 6 11 12 15 8 6 4 10 13 14 11 14 16 16 4 17 14 3 12 5 7 6 7 9 16 12 15 10 5 7 12 11 11 13 2 6
COSTS 6 11 12 15 8 6 8 10 13 14 11 14 16 16 4 17 14 3 12 5 7 6 7 9 16 12 15 10 5 7 12 11 11 13 2 6
COSTS 6 11 13 15 8 6 8 8 13 17 14 14 18 14 4 17 14 3 10 5 6 4 7 7 13 15 18 13 5 7 12 11 11 13 2 6
COSTS 9 11 12 15 8 6 8 10 13 14 11 14 16 14 4 17 13 1 10 5 7 6 7 9 16 12 15 10 5 7 12 11 11 13 2 6
COSTS 9 10 12 15 8 8 4 10 13 14 11 14 16 16 4 17 14 3 12 5 7 6 7 9 16 12 15 10 5 7 12 11 11 13 2 6
COSTS 6 11 12 15 8 6 8 10 13 14 11 14 16 16 4 17 14 3 12 5 7 6 7 9 16 12 15 10 5 7 12 11 11 13 2 6
COSTS 6 11 12 15 8 6 8 10 13 14 11 14 16 14 4 17 14 3 10 5 7 6 7 9 16 12 15 10 5 7 12 11 11 13 2 6
COSTS 6 11 12 14 11 6 8 10 13 14 11 14 16 16 4 17 14 3 12 5 7 6 7 9 16 12 15 10 5 7 12 11 11 13 2 6
COSTS 6 11 12 14 11 6 8 10 13 14 11 14 16 16 4 17 14 3 12 5 7 6 7 9 16 12 15 10 5 7 12 11 11 13 2 6
END
STATE 7d1d321c09dde18a1bc68ea155dd7f411921d5537f5186ab98ca9071dd9ec693 6003 24 24
LABELS 1 1 0 1 1 0 0 1 1 1 0 0 0 0 1 1 1 0 0 1 1 0 0 0
MASSES 5 6 24 30 20 28 15 6 10 1 20 9 2 31 23 22 7 5 29 20 18 22 10 2
QUERY_IDS 7 10 11 12 14 16 19 20 21 23 24 25 26 27 28 29 30 31 33 34 35 39 41 48
RESPONSES 0 1 1 1 0 0 1 0 0 0 0 1 0 0 0 1 1 0 1 1 1 0 0 0
RESPONSES 0 1 1 1 0 0 1 1 1 1 1 1 1 1 1 1 1 0 1 1 1 0 1 0
RESPONSES 0 1 1 1 0 0 1 1 1 1 1 1 1 1 1 1 1 0 1 1 1 0 0 0
RESPONSES 0 0 0 0 0 0 1 1 1 1 1 1 1 1 1 1 1 0 0 0 0 0 1 1
RESPONSES 0 0 0 0 0 1 1 1 1 1 1 1 1 1 1 1 1 0 0 1 1 0 1 0
RESPONSES 1 1 1 1 0 0 1 0 0 1 1 1 1 1 1 1 1 0 1 1 1 1 1 0
RESPONSES 0 1 1 1 0 0 0 1 1 1 1 1 1 1 1 1 1 0 1 1 1 1 1 0
RESPONSES 0 0 0 1 0 0 1 0 0 0 0 0 0 0 0 0 0 0 0 0 0 0 0 1
RESPONSES 0 0 0 0 0 1 1 1 1 1 1 1 1 1 1 1 1 1 1 1 1 0 0 0
RESPONSES 0 1 1 1 0 0 1 1 1 1 1 1 1 1 1 1 1 0 1 1 1 0 0 1
RESPONSES 1 1 1 1 1 1 1 1 1 1 1 1 1 1 1 1 1 0 0 1 1 0 0 0
RESPONSES 0 1 1 1 0 0 1 0 0 1 1 1 0 0 0 1 1 1 1 1 1 0 0 0
RESPONSES 0 1 1 1 1 1 1 0 0 1 1 1 1 1 1 1 1 0 1 1 1 1 1 1
RESPONSES 0 1 1 1 0 1 1 1 1 1 1 1 1 1 1 1 1 1 1 1 1 0 1 1
RESPONSES 0 1 1 1 0 0 0 1 1 1 1 1 1 1 1 1 1 0 0 0 0 1 1 1
RESPONSES 0 1 1 1 0 1 1 1 1 1 1 1 1 1 1 1 1 0 1 1 1 0 0 0
RESPONSES 1 1 1 1 0 0 1 0 0 1 1 1 1 1 1 1 1 0 1 1 1 0 0 0
RESPONSES 0 1 1 1 1 1 1 1 1 1 1 1 1 1 1 1 1 1 1 1 1 1 1 1
RESPONSES 1 1 1 1 0 0 1 1 1 1 1 1 1 1 1 1 1 1 1 1 1 1 1 0
RESPONSES 0 1 1 1 0 1 1 1 1 1 1 1 1 1 1 1 1 0 0 1 1 0 0 0
RESPONSES 0 1 1 1 1 1 1 0 0 1 1 1 1 1 1 1 1 0 1 1 1 0 1 1
RESPONSES 1 1 1 1 1 1 1 1 1 1 1 1 1 1 1 1 1 0 1 1 1 0 1 1
RESPONSES 1 1 1 1 1 1 1 0 0 1 1 1 0 0 0 1 1 0 0 0 0 0 0 0
RESPONSES 1 1 1 1 1 1 1 1 1 1 1 1 1 1 1 1 1 1 1 1 1 1 1 1
COSTS 10 15 10 8 7 6 11 18 5 10 7 10 16 14 2 8 12 12 13 19 15 13 4 2
COSTS 10 15 10 8 7 6 11 18 4 8 7 10 14 13 4 8 12 12 13 19 15 13 7 2
COSTS 10 15 10 8 7 6 11 18 4 8 7 10 14 13 4 8 12 12 13 19 15 13 4 2
COSTS 10 16 10 8 7 6 11 18 4 8 7 10 14 13 4 8 12 12 13 19 15 13 7 3
COSTS 10 16 10 8 7 7 11 18 4 8 7 10 14 13 4 8 12 12 13 19 15 13 7 2
COSTS 11 15 10 8 7 6 11 18 5 8 7 10 14 13 4 8 12 12 13 19 15 14 7 2
COSTS 10 15 10 8 7 6 14 18 4 8 7 10 14 13 4 8 12 12 13 19 15 14 7 2
COSTS 10 16 10 8 7 6 11 18 5 10 7 10 16 14 2 8 11 12 13 19 15 13 4 3
COSTS 10 16 10 8 7 7 11 18 4 8 7 10 14 13 4 8 12 12 13 19 15 13 4 2
COSTS 10 15 10 8 7 6 11 18 4 8 7 10 14 13 4 8 12 12 13 19 15 13 4 3
COSTS 11 15 10 8 9 7 11 18 4 8 7 10 14 13 4 8 12 12 13 19 15 13 4 2
COSTS 10 15 10 8 7 6 11 18 5 8 7 10 16 14 2 8 12 12 13 19 15 13 4 2
COSTS 10 15 10 8 9 7 11 18 5 8 7 10 14 13 4 8 12 12 13 19 15 14 7 3
COSTS 10 15 10 8 7 7 11 18 4 8 7 10 14 13 4 8 12 12 13 19 15 13 7 3
COSTS 10 15 10 8 7 6 14 18 4 8 7 10 14 13 4 8 12 12 13 19 15 14 7 3
COSTS 10 15 10 8 7 7 11 18 4 8 7 10 14 13 4 8 12 12 13 19 15 13 4 2
COSTS 11 15 10 8 7 6 11 18 5 8 7 10 14 13 4 8 12 12 13 19 15 13 4 2
COSTS 10 15 10 8 9 7 11 18 4 8 7 10 14 13 4 8 12 12 13 19 15 14 7 3
COSTS 11 15 10 8 7 6 11 18 4 8 7 10 14 13 4 8 12 12 13 19 15 14 7 2
COSTS 10 15 10 8 7 7 11 18 4 8 7 10 14 13 4 8 12 12 13 19 15 13 4 2
COSTS 10 15 10 8 9 7 11 18 5 8 7 10 14 13 4 8 12 12 13 19 15 13 7 3
COSTS 11 15 10 8 9 7 11 18 4 8 7 10 14 13 4 8 12 12 13 19 15 13 7 3
COSTS 11 15 10 8 9 7 11 18 5 8 7 10 16 14 2 8 12 12 13 19 15 13 4 2
COSTS 11 15 10 8 9 7 11 18 4 8 7 10 14 13 4 8 12 12 13 19 15 14 7 3
END
STATE 7e9633d297f9b993b914ba37606c6c3bba68bf7aa7e0c78f35746746b5af2355 6001 24 21
LABELS 2 1 3 0 0 0 0 0 0 0 0 0 0 0 0 0 2 0 1 1 0 0 1 0
MASSES 1 14 26 17 1 10 1 2 2 27 21 19 23 16 29 4 15 29 7 19 19 9 6 25
QUERY_IDS 2 4 5 6 8 9 12 13 21 22 24 25 27 28 29 30 32 34 36 37 38
RESPONSES 0 0 0 0 3 0 1 1 1 1 0 1 1 1 1 1 0 0 1 1 1
RESPONSES 1 1 1 1 0 1 1 1 1 1 0 0 1 1 1 1 0 0 1 1 1
RESPONSES 1 1 1 1 3 0 1 1 1 1 1 0 0 0 0 1 0 0 1 1 1
RESPONSES 1 1 1 1 3 0 1 1 1 1 1 0 0 0 0 0 0 1 1 1 1
RESPONSES 0 1 1 1 1 0 0 1 0 0 0 0 0 0 0 1 0 0 1 1 1
RESPONSES 0 0 0 1 2 0 0 0 0 0 0 0 1 1 1 1 0 1 1 1 1
RESPONSES 1 1 1 1 3 1 1 1 1 1 1 0 1 1 1 1 0 0 1 1 1
RESPONSES 1 1 1 1 2 0 0 0 1 1 1 0 0 0 1 1 0 1 1 1 1
RESPONSES 1 1 1 1 2 0 1 1 1 1 0 0 0 0 0 0 0 0 0 0 0
RESPONSES 0 0 0 1 2 0 0 1 1 1 1 0 0 0 0 0 0 1 1 1 1
RESPONSES 1 1 1 1 1 0 1 1 0 0 0 0 0 0 0 0 0 1 1 1 1
RESPONSES 1 1 1 1 2 0 1 1 1 1 0 0 1 1 1 1 0 1 1 1 1
RESPONSES 0 1 1 1 1 0 1 1 1 1 0 0 0 0 1 1 0 1 1 1 1
RESPONSES 1 1 1 1 3 0 0 0 1 1 1 0 0 0 0 0 1 1 1 1 1
RESPONSES 1 1 1 1 1 0 1 1 1 1 1 0 0 0 0 0 0 1 1 1 1
RESPONSES 0 0 0 1 3 0 0 0 0 0 1 0 0 0 1 1 0 0 1 1 1
RESPONSES 1 1 1 1 3 0 1 1 0 0 0 0 1 1 1 1 1 0 1 1 1
RESPONSES 0 1 1 1 2 1 1 1 1 1 1 0 0 0 1 1 1 0 1 1 1
RESPONSES 1 1 1 1 3 0 1 1 0 1 1 0 0 0 1 1 1 1 1 1 1
RESPONSES 0 1 1 1 3 0 0 0 1 1 0 0 1 1 1 1 1 1 1 1 1
RESPONSES 1 1 1 1 2 0 1 1 1 1 1 0 0 0 0 0 1 1 1 1 1
RESPONSES 1 1 1 1 1 0 1 1 0 0 0 0 0 0 0 1 0 1 1 1 1
RESPONSES 1 1 1 1 1 1 1 1 1 1 0 0 0 0 0 0 0 0 1 1 1
RESPONSES 0 1 1 1 2 0 1 1 0 0 0 0 0 0 0 0 0 1 1 1 1
COSTS 15 16 8 8 16 12 6 11 14 10 6 15 17 3 12 12 16 17 5 6 4
COSTS 14 16 7 10 12 12 6 11 14 10 6 15 17 3 12 12 16 17 5 6 4
COSTS 14 16 7 10 16 12 6 11 14 10 8 15 15 5 12 12 16 17 5 6 4
COSTS 14 16 7 10 16 12 6 11 14 10 8 15 15 5 12 10 16 18 5 6 4
COSTS 15 16 7 10 14 12 4 11 11 13 6 15 15 5 12 12 16 17 5 6 4
COSTS 15 16 8 10 14 12 4 11 11 13 6 15 17 3 12 12 16 18 5 6 4
COSTS 14 16 7 10 16 12 6 11 14 10 8 15 17 3 12 12 16 17 5 6 4
COSTS 14 16 7 10 14 12 4 11 14 10 8 15 15 5 12 12 16 18 5 6 4
COSTS 14 16 7 10 14 12 6 11 14 10 6 15 15 5 12 10 16 17 6 4 2
COSTS 15 16 8 10 14 12 4 11 14 10 8 15 15 5 12 10 16 18 5 6 4
COSTS 14 16 7 10 14 12 6 11 11 13 6 15 15 5 12 10 16 18 5 6 4
COSTS 14 16 7 10 14 12 6 11 14 10 6 15 17 3 12 12 16 18 5 6 4
COSTS 15 16 7 10 14 12 6 11 14 10 6 15 15 5 12 12 16 18 5 6 4
COSTS 14 16 7 10 16 12 4 11 14 10 8 15 15 5 12 10 15 18 5 6 4
COSTS 14 16 7 10 14 12 6 11 14 10 8 15 15 5 12 10 16 18 5 6 4
COSTS 15 16 8 10 16 12 4 11 11 13 8 15 15 5 12 12 16 17 5 6 4
COSTS 14 16 7 10 16 12 6 11 11 13 6 15 17 3 12 12 15 17 5 6 4
COSTS 15 16 7 10 14 12 6 11 14 10 8 15 15 5 12 12 15 17 5 6 4
COSTS 14 16 7 10 16 12 6 11 11 10 8 15 15 5 12 12 15 18 5 6 4
COSTS 15 16 7 10 16 12 4 11 14 10 6 15 17 3 12 12 15 18 5 6 4
COSTS 14 16 7 10 14 12 6 11 14 10 8 15 15 5 12 10 15 18 5 6 4
COSTS 14 16 7 10 14 12 6 11 11 13 6 15 15 5 12 12 16 18 5 6 4
COSTS 14 16 7 10 14 12 6 11 14 10 6 15 15 5 12 10 16 17 5 6 4
COSTS 15 16 7 10 14 12 6 11 11 13 6 15 15 5 12 10 16 18 5 6 4
END
STATE 8090d64ca685f03204100b3bc423d71bee3d40c718f62e1f7c9fca2a0d1c7b50 6002 24 32
LABELS 2 0 1 1 3 1 1 3 4 2 1 3 2 3 1 3 1 1 1 3 2 1 0 3
MASSES 11 19 10 20 4 16 23 27 21 23 23 27 2 26 5 15 10 26 28 14 11 13 16 23
QUERY_IDS 0 2 3 4 5 6 12 16 17 20 21 22 23 24 25 26 27 28 30 31 32 33 44 45 46 56 57 60 61 62 68 78
RESPONSES 0 0 0 0 0 0 1 0 0 0 1 1 0 0 0 0 1 1 0 0 0 0 0 0 0 1 1 1 1 1 1 1
RESPONSES 1 0 0 0 0 1 1 0 0 1 1 1 0 0 0 0 0 0 0 0 0 0 1 1 1 1 1 1 1 1 0 0
RESPONSES 1 0 0 0 0 1 1 0 0 1 1 1 0 0 0 0 0 0 0 0 0 0 1 1 1 1 1 1 1 1 1 0
RESPONSES 1 0 0 0 1 1 0 1 1 1 1 1 0 0 0 0 1 1 0 0 0 0 0 0 0 1 1 1 1 1 1 1
RESPONSES 1 0 1 1 1 1 1 1 1 1 1 1 0 0 0 0 0 0 0 0 0 0 0 0 0 0 0 1 1 1 1 1
RESPONSES 0 0 0 0 0 0 1 0 0 1 1 1 0 0 0 0 0 0 0 0 0 0 1 1 1 1 1 1 1 1 1 1
RESPONSES 0 0 0 0 0 0 1 0 0 1 1 1 0 0 0 0 0 0 0 0 0 0 0 0 0 1 1 1 1 1 1 1
RESPONSES 0 0 0 0 0 0 1 1 1 1 1 1 0 0 0 0 0 0 0 0 0 0 0 0 0 1 1 1 1 1 1 0
RESPONSES 1 0 0 0 0 1 1 0 0 0 0 0 1 1 1 1 1 1 1 1 1 1 0 0 0 1 1 0 0 0 1 1
RESPONSES 1 0 0 0 0 1 1 0 0 0 0 0 0 0 1 1 1 1 1 1 1 1 0 0 0 1 1 1 1 1 1 1
RESPONSES 0 0 0 0 0 0 1 0 0 1 1 1 0 0 0 0 0 0 0 0 0 0 1 1 1 1 1 1 1 1 1 0
RESPONSES 1 0 0 0 1 1 1 1 1 1 1 1 0 0 0 0 1 1 0 0 0 0 0 0 0 1 1 1 1 1 1 1
RESPONSES 0 0 0 0 0 0 1 0 0 1 1 1 0 0 0 1 1 1 0 0 0 0 0 0 0 1 1 1 1 1 1 1
RESPONSES 1 0 1 1 1 1 1 1 1 1 1 1 0 0 0 1 1 1 0 0 0 0 0 0 0 0 0 1 1 1 1 1
RESPONSES 1 1 1 1 1 1 0 1 1 1 1 1 0 0 0 0 0 0 0 0 0 0 0 0 0 1 1 1 1 1 1 1
RESPONSES 1 0 0 0 1 1 1 1 1 1 1 1 0 0 0 0 0 0 0 0 0 0 0 0 0 1 1 1 1 1 1 1
RESPONSES 1 0 0 0 0 1 1 0 0 1 1 1 0 0 0 0 0 0 0 0 0 0 1 1 1 1 1 1 1 1 1 0
RESPONSES 0 0 0 0 0 0 1 0 0 1 1 1 0 0 0 0 0 0 0 0 0 0 0 0 0 1 1 1 1 1 1 1
RESPONSES 0 0 0 0 0 0 1 0 0 1 1 1 0 0 0 0 0 0 0 0 0 0 1 1 1 1 1 1 1 1 1 0
RESPONSES 1 0 1 1 1 1 1 1 1 1 1 1 0 0 0 0 0 0 0 0 0 0 0 0 0 0 0 1 1 1 1 1
RESPONSES 1 0 0 0 0 1 1 0 0 0 0 0 0 0 1 1 1 1 1 1 1 1 0 0 0 1 1 0 1 1 1 1
RESPONSES 1 0 0 0 0 1 1 0 0 1 1 1 0 0 0 0 0 0 0 0 0 0 1 1 1 1 1 1 1 1 1 0
RESPONSES 1 0 0 0 0 1 1 0 0 1 1 1 0 0 0 0 0 0 0 0 0 0 1 1 1 1 1 1 1 1 1 0
RESPONSES 0 0 0 0 0 0 1 1 1 1 1 1 0 0 0 0 0 0 0 0 0 0 0 0 0 1 1 1 1 1 1 0
COSTS 18 11 9 3 14 10 7 18 19 6 13 12 15 5 11 15 10 17 7 6 8 9 11 12 14 2 10 3 17 6 10 13
COSTS 16 11 9 3 14 11 7 18 19 5 13 12 15 5 11 15 10 18 7 6 8 9 12 11 13 2 10 3 17 6 10 16
COSTS 16 11 9 3 14 11 7 18 19 5 13 12 15 5 11 15 10 18 7 6 8 9 12 11 13 2 10 3 17 6 10 16
COSTS 16 11 9 3 13 11 3 18 18 5 13 12 15 5 11 15 10 17 7 6 8 9 11 12 14 2 10 3 17 6 10 13
COSTS 16 11 8 6 13 11 7 18 18 5 13 12 15 5 11 15 10 18 7 6 8 9 11 12 14 2 10 3 17 6 10 13
COSTS 18 11 9 3 14 10 7 18 19 5 13 12 15 5 11 15 10 18 7 6 8 9 12 11 13 2 10 3 17 6 10 13
COSTS 18 11 9 3 14 10 7 18 19 5 13 12 15 5 11 15 10 18 7 6 8 9 11 12 14 2 10 3 17 6 10 13
COSTS 18 11 9 3 14 10 7 18 18 5 13 12 15 5 11 15 10 18 7 6 8 9 11 12 14 2 10 3 17 6 10 16
COSTS 16 11 9 3 14 11 7 18 19 6 14 12 12 7 9 14 10 17 7 8 10 11 11 12 14 2 10 2 16 7 10 13
COSTS 16 11 9 3 14 11 7 18 19 6 14 12 15 5 9 14 10 17 7 8 10 11 11 12 14 2 10 3 17 6 10 13
COSTS 18 11 9 3 14 10 7 18 19 5 13 12 15 5 11 15 10 18 7 6 8 9 12 11 13 2 10 3 17 6 10 16
COSTS 16 11 9 3 13 11 7 18 18 5 13 12 15 5 11 15 10 17 7 6 8 9 11 12 14 2 10 3 17 6 10 13
COSTS 18 11 9 3 14 10 7 18 19 5 13 12 15 5 11 14 10 17 7 6 8 9 11 12 14 2 10 3 17 6 10 13
COSTS 16 11 8 6 13 11 7 18 18 5 13 12 15 5 11 14 10 17 7 6 8 9 11 12 14 2 10 3 17 6 10 13
COSTS 16 11 8 6 13 11 3 18 18 5 13 12 15 5 11 15 10 18 7 6 8 9 11 12 14 2 10 3 17 6 10 13
COSTS 16 11 9 3 13 11 7 18 18 5 13 12 15 5 11 15 10 18 7 6 8 9 11 12 14 2 10 3 17 6 10 13
COSTS 16 11 9 3 14 11 7 18 19 5 13 12 15 5 11 15 10 18 7 6 8 9 12 11 13 2 10 3 17 6 10 16
COSTS 18 11 9 3 14 10 7 18 19 5 13 12 15 5 11 15 10 18 7 6 8 9 11 12 14 2 10 3 17 6 10 13
COSTS 18 11 9 3 14 10 7 18 19 5 13 12 15 5 11 15 10 18 7 6 8 9 12 11 13 2 10 3 17 6 10 16
COSTS 16 11 8 6 13 11 7 18 18 5 13 12 15 5 11 15 10 18 7 6 8 9 11 12 14 2 10 3 17 6 10 13
COSTS 16 11 9 3 14 11 7 18 19 6 14 12 15 5 9 14 10 17 7 8 10 11 11 12 14 2 10 2 17 6 10 13
COSTS 16 11 9 3 14 11 7 18 19 5 13 12 15 5 11 15 10 18 7 6 8 9 12 11 13 2 10 3 17 6 10 16
COSTS 16 11 9 3 14 11 7 18 19 5 13 12 15 5 11 15 10 18 7 6 8 9 12 11 13 2 10 3 17 6 10 16
COSTS 18 11 9 3 14 10 7 18 18 5 13 12 15 5 11 15 10 18 7 6 8 9 11 12 14 2 10 3 17 6 10 16
END
STATE 8115621e6e0dad5e4c7e092efa7bb58cb005b8be848d9bc957f106d6570495b7 6003 24 34
LABELS 0 0 0 0 0 0 0 0 0 0 0 0 0 0 0 0 0 0 0 0 0 0 0 0
MASSES 5 15 13 2 8 5 16 4 4 30 18 14 13 4 3 19 15 10 20 19 7 29 10 10
QUERY_IDS 0 1 2 3 7 10 16 18 19 22 24 25 26 27 28 29 30 31 32 33 34 35 36 41 42 43 51 52 53 54 55 56 57 60
RESPONSES 0 1 1 1 0 0 0 0 0 0 0 0 0 0 0 0 0 0 0 0 0 0 0 0 0 0 0 0 0 0 0 0 0 1
RESPONSES 0 1 1 1 0 0 0 0 0 0 0 0 0 0 0 0 0 0 0 0 0 0 0 0 0 0 0 0 0 0 0 0 0 1
RESPONSES 0 1 1 1 0 0 0 0 0 0 0 0 0 0 0 0 0 0 0 0 0 0 0 0 0 0 0 0 0 0 0 0 0 1
RESPONSES 1 1 1 1 0 1 0 0 0 0 0 0 0 0 0 0 0 0 0 0 0 0 0 0 0 0 0 0 0 0 0 0 0 1
RESPONSES 0 1 1 1 1 0 0 0 0 0 0 0 0 0 0 0 0 0 0 0 0 0 0 0 0 0 0 0 0 0 0 0 0 1
RESPONSES 0 1 1 1 0 0 0 0 0 0 0 0 0 0 0 0 0 0 0 0 0 0 0 0 0 0 0 0 0 0 0 0 0 1
RESPONSES 0 0 0 0 0 0 0 0 0 0 0 0 0 0 0 1 0 0 0 0 1 1 0 0 0 0 0 0 0 0 0 0 0 1
RESPONSES 0 0 0 0 0 0 1 0 0 0 0 0 0 0 0 0 0 0 0 0 0 0 0 0 0 0 0 0 0 0 0 0 0 1
RESPONSES 0 0 0 0 0 0 1 0 0 0 0 0 0 0 0 0 0 0 0 0 0 0 0 0 0 0 0 0 0 0 0 0 0 1
RESPONSES 0 0 0 0 0 0 1 0 0 0 0 0 0 0 0 0 0 0 0 0 0 0 0 0 0 0 0 0 0 0 0 0 0 1
RESPONSES 0 0 1 1 0 0 0 0 0 0 0 0 0 0 0 0 0 0 0 0 0 0 0 0 0 0 0 0 0 0 0 0 0 1
RESPONSES 0 0 0 1 0 0 0 0 0 0 0 0 0 0 0 0 0 0 0 0 0 0 0 0 0 0 0 0 0 0 0 0 0 1
RESPONSES 0 0 0 1 0 0 0 0 0 0 0 0 0 0 0 0 0 0 0 0 0 0 0 0 0 0 0 0 0 0 0 0 0 1
RESPONSES 0 1 1 1 1 0 0 0 0 1 1 1 1 1 1 1 1 1 1 1 1 1 1 1 1 1 1 1 1 1 1 1 1 0
RESPONSES 0 0 0 1 1 0 0 0 0 0 0 0 0 0 0 0 0 0 0 0 0 0 0 0 0 0 0 0 0 0 0 0 0 1
RESPONSES 0 0 1 1 0 0 0 0 0 0 0 0 0 0 0 0 0 0 0 0 0 0 0 0 0 0 0 0 0 0 0 0 0 1
RESPONSES 0 0 1 1 0 0 0 0 0 0 0 0 0 0 0 0 0 0 0 0 0 0 0 0 0 0 0 0 0 0 0 0 0 1
RESPONSES 0 0 1 1 0 0 0 0 0 0 0 0 0 0 0 0 0 0 0 0 0 0 0 0 0 0 0 0 0 0 0 0 0 1
RESPONSES 1 1 1 1 0 0 0 0 1 0 0 0 0 0 0 0 0 0 0 0 0 0 0 0 0 0 0 0 0 0 0 0 0 1
RESPONSES 0 1 1 1 0 0 0 0 0 0 0 0 0 0 0 1 0 0 1 1 1 1 0 0 0 0 0 0 0 0 0 0 0 1
RESPONSES 0 0 1 1 0 0 0 1 1 0 0 0 0 0 0 0 0 0 0 0 0 0 0 0 0 0 0 0 0 0 0 0 0 1
RESPONSES 1 1 1 1 0 0 0 0 0 0 0 0 0 0 0 0 0 0 0 0 0 0 0 0 0 0 0 0 0 0 0 0 0 1
RESPONSES 1 1 1 1 0 0 0 0 0 0 0 0 0 0 0 1 0 0 0 0 1 1 0 0 0 0 0 0 0 0 0 0 0 1
RESPONSES 1 1 1 1 0 1 1 0 0 0 0 0 0 0 0 0 0 0 0 0 0 0 0 0 0 0 0 0 0 0 0 0 0 1
COSTS 3 18 5 12 11 13 17 3 6 4 7 6 15 15 18 9 3 7 2 13 1 13 5 7 6 12 7 18 13 4 5 8 19 17
COSTS 3 18 5 12 11 13 17 3 6 4 7 6 15 15 18 9 3 7 2 13 1 13 5 7 6 12 7 18 13 4 5 8 19 17
COSTS 3 18 5 12 11 13 17 3 6 4 7 6 15 15 18 9 3 7 2 13 1 13 5 7 6 12 7 18 13 4 5 8 19 17
COSTS 1 18 5 12 11 13 17 3 6 4 7 6 15 15 18 9 3 7 2 13 1 13 5 7 6 12 7 18 13 4 5 8 19 17
COSTS 3 18 5 12 11 13 17 3 6 4 7 6 15 15 18 9 3 7 2 13 1 13 5 7 6 12 7 18 13 4 5 8 19 17
COSTS 3 18 5 12 11 13 17 3 6 4 7 6 15 15 18 9 3 7 2 13 1 13 5 7 6 12 7 18 13 4 5 8 19 17
COSTS 3 16 2 14 11 13 17 3 6 4 7 6 15 15 18 9 3 7 2 13 5 15 5 7 6 12 7 18 13 4 5 8 19 17
COSTS 3 16 2 14 11 13 15 3 6 4 7 6 15 15 18 9 3 7 2 13 1 13 5 7 6 12 7 18 13 4 5 8 19 17
COSTS 3 16 2 14 11 13 15 3 6 4 7 6 15 15 18 9 3 7 2 13 1 13 5 7 6 12 7 18 13 4 5 8 19 17
COSTS 3 16 2 14 11 13 15 3 6 4 7 6 15 15 18 9 3 7 2 13 1 13 5 7 6 12 7 18 13 4 5 8 19 17
COSTS 3 16 5 12 11 13 17 3 6 4 7 6 15 15 18 9 3 7 2 13 1 13 5 7 6 12 7 18 13 4 5 8 19 17
COSTS 3 16 2 12 11 13 17 3 6 4 7 6 15 15 18 9 3 7 2 13 1 13 5 7 6 12 7 18 13 4 5 8 19 17
COSTS 3 16 2 12 11 13 17 3 6 4 7 6 15 15 18 9 3 7 2 13 1 13 5 7 6 12 7 18 13 4 5 8 19 17
COSTS 3 18 5 12 11 13 17 3 6 3 4 8 17 13 17 9 6 7 4 10 5 15 8 4 6 12 6 15 15 4 9 8 15 14
COSTS 3 16 2 12 11 13 17 3 6 4 7 6 15 15 18 9 3 7 2 13 1 13 5 7 6 12 7 18 13 4 5 8 19 17
COSTS 3 16 5 12 11 13 17 3 6 4 7 6 15 15 18 9 3 7 2 13 1 13 5 7 6 12 7 18 13 4 5 8 19 17
COSTS 3 16 5 12 11 13 17 3 6 4 7 6 15 15 18 9 3 7 2 13 1 13 5 7 6 12 7 18 13 4 5 8 19 17
COSTS 3 16 5 12 11 13 17 3 6 4 7 6 15 15 18 9 3 7 2 13 1 13 5 7 6 12 7 18 13 4 5 8 19 17
COSTS 1 18 5 12 11 13 17 3 10 4 7 6 15 15 18 9 3 7 2 13 1 13 5 7 6 12 7 18 13 4 5 8 19 17
COSTS 3 18 5 12 11 13 17 3 6 4 7 6 15 15 18 9 3 7 4 10 5 15 5 7 6 12 7 18 13 4 5 8 19 17
COSTS 3 16 5 12 11 13 17 5 10 4 7 6 15 15 18 9 3 7 2 13 1 13 5 7 6 12 7 18 13 4 5 8 19 17
COSTS 1 18 5 12 11 13 17 3 6 4 7 6 15 15 18 9 3 7 2 13 1 13 5 7 6 12 7 18 13 4 5 8 19 17
COSTS 1 18 5 12 11 13 17 3 6 4 7 6 15 15 18 9 3 7 2 13 5 15 5 7 6 12 7 18 13 4 5 8 19 17
COSTS 1 18 5 12 11 13 15 3 6 4 7 6 15 15 18 9 3 7 2 13 1 13 5 7 6 12 7 18 13 4 5 8 19 17
END
STATE 814b2ae22a71fec864e9b6f725aac57bde84a58df4d969a302426d72ee3e81c8 6001 24 24
LABELS 1 0 0 1 0 0 0 1 1 0 1 0 0 0 1 1 1 0 0 1 1 0 1 0
MASSES 1 18 28 31 13 13 30 21 15 3 12 22 14 30 23 7 8 22 20 2 18 12 22 26
QUERY_IDS 1 2 3 4 7 8 9 11 14 18 19 20 26 27 28 29 38 39 41 42 43 44 49 50
RESPONSES 0 0 0 0 0 0 0 1 0 0 0 1 1 1 1 1 0 1 1 1 1 1 0 0
RESPONSES 0 0 0 0 0 0 1 1 0 1 1 1 1 1 1 1 0 0 0 0 0 0 0 0
RESPONSES 0 0 0 0 0 0 1 1 0 1 1 1 1 1 1 1 0 0 0 0 0 0 1 1
RESPONSES 0 0 0 0 0 0 0 1 1 1 1 1 1 1 1 1 0 0 1 1 1 1 1 1
RESPONSES 1 1 1 1 0 0 0 1 1 1 1 1 1 1 1 1 0 0 0 0 0 0 0 0
RESPONSES 0 0 0 1 1 1 1 1 1 1 1 1 1 1 1 1 0 0 0 0 1 1 1 1
RESPONSES 0 1 1 1 1 1 1 1 0 1 1 1 1 1 1 1 0 0 1 1 1 1 0 1
RESPONSES 0 0 0 0 0 0 0 1 1 1 1 1 1 1 1 1 0 1 1 1 1 1 0 1
RESPONSES 0 0 0 1 0 0 0 1 0 1 1 1 1 1 1 1 1 1 1 1 1 1 0 0
RESPONSES 0 0 0 0 1 1 1 1 0 1 1 1 1 1 1 1 0 0 0 0 1 1 0 0
RESPONSES 0 0 0 0 0 0 0 0 0 1 1 1 1 1 1 1 0 0 1 1 1 1 0 0
RESPONSES 0 0 0 1 0 0 0 1 1 1 1 1 1 1 1 1 1 1 1 1 1 1 0 0
RESPONSES 0 0 0 0 0 0 0 0 0 1 1 1 1 1 1 1 0 0 1 1 1 1 0 1
RESPONSES 0 0 0 0 0 0 0 1 0 1 1 1 1 1 1 1 0 0 0 1 1 1 0 0
RESPONSES 0 0 0 0 0 0 0 0 0 1 1 1 1 1 1 1 1 1 1 1 1 1 0 0
RESPONSES 0 0 0 1 0 0 0 0 0 0 0 1 1 1 1 1 0 0 1 1 1 1 0 0
RESPONSES 0 0 0 0 0 0 1 1 0 1 1 1 1 1 1 1 0 0 1 1 1 1 0 0
RESPONSES 0 1 1 1 0 0 0 0 0 1 1 0 0 0 0 0 0 0 1 1 1 1 1 1
RESPONSES 0 0 0 0 0 0 0 0 0 1 1 1 1 1 1 1 0 1 1 1 1 1 0 1
RESPONSES 0 0 0 1 0 0 0 0 0 0 0 1 1 1 1 1 1 1 1 1 1 1 0 0
RESPONSES 0 0 0 0 0 0 0 1 1 1 1 1 1 1 1 1 0 0 0 0 0 0 1 1
RESPONSES 1 1 1 1 0 0 1 1 0 0 0 1 1 1 1 1 0 0 0 0 0 0 0 0
RESPONSES 0 0 0 0 0 0 1 1 0 1 1 1 1 1 1 1 0 0 1 1 1 1 0 0
RESPONSES 0 0 0 0 0 0 0 1 0 1 1 1 1 1 1 1 0 0 0 0 0 0 0 0
COSTS 6 10 16 10 7 7 9 4 4 8 15 8 5 9 7 8 5 3 13 18 6 1 15 14
COSTS 6 10 16 10 7 7 8 4 4 11 18 8 5 9 7 8 5 6 9 16 7 2 15 14
COSTS 6 10 16 10 7 7 8 4 4 11 18 8 5 9 7 8 5 6 9 16 7 2 13 12
COSTS 6 10 16 10 7 7 9 4 4 11 18 8 5 9 7 8 5 6 13 18 6 1 13 12
COSTS 7 11 15 12 7 7 9 4 4 11 18 8 5 9 7 8 5 6 9 16 7 2 15 14
COSTS 6 10 16 12 8 9 8 4 4 11 18 8 5 9 7 8 5 6 9 16 6 1 13 12
COSTS 6 11 15 12 8 9 8 4 4 11 18 8 5 9 7 8 5 6 13 18 6 1 15 12
COSTS 6 10 16 10 7 7 9 4 4 11 18 8 5 9 7 8 5 3 13 18 6 1 15 12
COSTS 6 10 16 12 7 7 9 4 4 11 18 8 5 9 7 8 5 3 13 18 6 1 15 14
COSTS 6 10 16 10 8 9 8 4 4 11 18 8 5 9 7 8 5 6 9 16 6 1 15 14
COSTS 6 10 16 10 7 7 9 5 4 11 18 8 5 9 7 8 5 6 13 18 6 1 15 14
COSTS 6 10 16 12 7 7 9 4 4 11 18 8 5 9 7 8 5 3 13 18 6 1 15 14
COSTS 6 10 16 10 7 7 9 5 4 11 18 8 5 9 7 8 5 6 13 18 6 1 15 12
COSTS 6 10 16 10 7 7 9 4 4 11 18 8 5 9 7 8 5 6 9 18 6 1 15 14
COSTS 6 10 16 10 7 7 9 5 4 11 18 8 5 9 7 8 5 3 13 18 6 1 15 14
COSTS 6 10 16 12 7 7 9 5 4 8 15 8 5 9 7 8 5 6 13 18 6 1 15 14
COSTS 6 10 16 10 7 7 8 4 4 11 18 8 5 9 7 8 5 6 13 18 6 1 15 14
COSTS 6 11 15 12 7 7 9 5 4 11 18 9 4 10 11 8 5 6 13 18 6 1 13 12
COSTS 6 10 16 10 7 7 9 5 4 11 18 8 5 9 7 8 5 3 13 18 6 1 15 12
COSTS 6 10 16 12 7 7 9 5 4 8 15 8 5 9 7 8 5 3 13 18 6 1 15 14
COSTS 6 10 16 10 7 7 9 4 4 11 18 8 5 9 7 8 5 6 9 16 7 2 13 12
COSTS 7 11 15 12 7 7 8 4 4 8 15 8 5 9 7 8 5 6 9 16 7 2 15 14
COSTS 6 10 16 10 7 7 8 4 4 11 18 8 5 9 7 8 5 6 13 18 6 1 15 14
COSTS 6 10 16 10 7 7 9 4 4 11 18 8 5 9 7 8 5 6 9 16 7 2 15 14
END
STATE 81b74c6381547e2ff52b8f28ff40ec4cbafbaa508e5f55d8a2a64431060fe517 6002 24 32
LABELS 5 5 0 1 5 2 5 2 5 3 3 5 2 1 4 5 2 1 2 1 0 1 5 5
MASSES 1 31 19 23 15 10 8 16 22 25 8 8 23 19 29 15 28 30 13 8 16 7 18 5
QUERY_IDS 1 2 3 18 23 24 25 26 30 31 32 33 35 36 40 41 44 45 49 50 51 52 53 54 55 56 69 70 74 75 76 77
RESPONSES 0 0 0 1 0 0 0 0 0 0 0 0 0 0 0 0 0 0 0 0 0 0 0 0 0 0 1 1 1 1 1 1
RESPONSES 0 0 0 0 0 0 0 0 0 0 0 0 0 0 1 1 1 1 1 1 1 1 1 1 1 1 0 0 0 0 0 1
RESPONSES 0 0 0 1 0 0 0 0 0 0 0 0 0 1 0 0 1 1 1 1 1 1 1 1 1 1 1 1 0 0 0 0
RESPONSES 0 0 0 0 0 0 0 0 0 0 0 0 1 1 0 0 0 0 1 1 1 1 1 1 1 1 1 1 1 1 1 1
RESPONSES 0 0 0 1 0 0 0 0 0 0 0 0 0 1 0 0 0 0 1 1 1 1 1 1 1 1 1 1 0 0 0 0
RESPONSES 0 0 0 1 0 0 0 0 0 0 0 0 0 0 0 0 1 1 1 1 1 1 1 1 1 1 1 1 0 0 0 0
RESPONSES 0 0 0 1 0 0 0 0 0 0 0 0 0 0 0 0 0 0 0 0 0 0 0 0 0 0 1 1 1 1 1 1
RESPONSES 0 0 0 0 0 0 0 0 0 0 0 0 0 1 0 0 1 1 1 1 0 1 1 1 1 1 1 1 0 0 0 0
RESPONSES 1 1 1 1 0 0 0 0 0 0 0 1 1 1 0 0 0 0 0 0 0 0 0 0 0 0 1 1 1 1 1 1
RESPONSES 0 0 0 0 0 0 0 0 1 1 1 1 1 1 0 0 0 0 1 1 0 0 0 1 1 1 1 1 0 0 0 1
RESPONSES 0 0 0 0 0 0 0 0 0 0 0 1 1 1 1 1 0 0 1 1 1 1 1 1 1 1 0 0 0 0 0 1
RESPONSES 1 1 1 1 0 0 0 0 0 0 0 0 1 1 0 0 0 0 1 1 0 0 0 0 0 0 1 1 1 1 1 1
RESPONSES 0 0 0 0 0 0 0 0 0 0 0 0 1 1 0 0 1 1 1 1 0 1 1 1 1 1 1 1 0 0 0 0
RESPONSES 0 0 0 1 0 0 0 0 0 0 0 0 0 0 1 1 0 0 1 1 0 1 1 1 1 1 1 1 0 0 0 0
RESPONSES 0 0 0 0 1 1 1 1 0 0 0 0 1 1 0 0 0 0 1 1 0 0 0 0 0 0 1 1 0 0 0 0
RESPONSES 0 0 0 1 0 0 0 0 0 0 0 0 0 1 0 0 0 0 1 1 0 0 0 1 1 1 1 1 0 0 0 1
RESPONSES 0 0 0 0 0 0 0 0 0 0 0 0 1 1 0 0 1 1 1 1 1 1 1 1 1 1 1 1 0 0 0 0
RESPONSES 0 0 0 0 0 0 0 0 0 0 0 0 0 0 0 0 0 0 0 0 0 1 1 1 1 1 1 1 1 1 1 1
RESPONSES 0 0 0 0 0 0 0 0 0 0 0 0 0 1 0 0 1 1 1 1 1 1 1 1 1 1 1 1 0 0 0 0
RESPONSES 0 0 0 1 0 0 0 0 0 0 0 0 0 0 1 1 0 0 1 1 0 1 1 1 1 1 1 1 0 0 0 0
RESPONSES 0 0 0 1 0 0 0 0 0 0 0 0 0 1 0 0 1 1 1 1 0 1 1 1 1 1 1 1 0 0 0 0
RESPONSES 0 0 0 1 0 0 0 0 0 0 0 0 0 0 1 1 0 0 1 1 0 1 1 1 1 1 1 1 0 0 0 0
RESPONSES 0 0 0 1 0 0 0 0 0 0 0 0 0 0 0 0 0 0 0 0 0 0 0 0 0 0 1 1 1 1 1 1
RESPONSES 0 0 0 0 0 0 0 0 0 0 0 0 0 0 1 1 1 1 1 1 1 1 1 1 1 1 0 0 0 0 0 1
COSTS 19 11 9 10 15 5 11 15 7 6 8 9 9 16 11 4 11 12 4 15 12 15 6 11 5 2 9 14 14 4 1 10
COSTS 19 11 9 7 15 5 11 15 7 6 8 9 9 16 11 3 12 11 8 15 11 15 6 11 5 2 9 15 17 2 1 10
COSTS 19 11 9 10 15 5 11 15 7 6 8 9 9 15 11 4 12 11 8 15 11 15 6 11 5 2 9 14 17 2 1 11
COSTS 19 11 9 7 15 5 11 15 7 6 8 9 10 15 11 4 11 12 8 15 11 15 6 11 5 2 9 14 14 4 1 10
COSTS 19 11 9 10 15 5 11 15 7 6 8 9 9 15 11 4 11 12 8 15 11 15 6 11 5 2 9 14 17 2 1 11
COSTS 19 11 9 10 15 5 11 15 7 6 8 9 9 16 11 4 12 11 8 15 11 15 6 11 5 2 9 14 17 2 1 11
COSTS 19 11 9 10 15 5 11 15 7 6 8 9 9 16 11 4 11 12 4 15 12 15 6 11 5 2 9 14 14 4 1 10
COSTS 19 11 9 7 15 5 11 15 7 6 8 9 9 15 11 4 12 11 8 15 12 15 6 11 5 2 9 14 17 2 1 11
COSTS 17 11 8 10 15 5 11 15 7 6 8 11 10 15 11 4 11 12 4 15 12 15 6 11 5 2 9 14 14 4 1 10
COSTS 19 11 9 7 15 5 11 15 7 8 10 11 10 15 11 4 11 12 8 15 12 15 6 11 5 2 9 14 17 2 1 10
COSTS 19 11 9 7 15 5 11 15 7 6 8 11 10 15 11 3 11 12 8 15 11 15 6 11 5 2 9 15 17 2 1 10
COSTS 17 11 8 10 15 5 11 15 7 6 8 9 10 15 11 4 11 12 8 15 12 15 6 11 5 2 9 14 14 4 1 10
COSTS 19 11 9 7 15 5 11 15 7 6 8 9 10 15 11 4 12 11 8 15 12 15 6 11 5 2 9 14 17 2 1 11
COSTS 19 11 9 10 15 5 11 15 7 6 8 9 9 16 11 3 11 12 8 15 12 15 6 11 5 2 9 14 17 2 1 11
COSTS 19 11 9 7 12 7 9 14 7 6 8 9 10 15 11 4 11 12 8 15 12 15 6 11 5 2 9 14 17 2 1 11
COSTS 19 11 9 10 15 5 11 15 7 6 8 9 9 15 11 4 11 12 8 15 12 15 6 11 5 2 9 14 17 2 1 10
COSTS 19 11 9 7 15 5 11 15 7 6 8 9 10 15 11 4 12 11 8 15 11 15 6 11 5 2 9 14 17 2 1 11
COSTS 19 11 9 7 15 5 11 15 7 6 8 9 9 16 11 4 11 12 4 15 12 15 6 11 5 2 9 14 14 4 1 10
COSTS 19 11 9 7 15 5 11 15 7 6 8 9 9 15 11 4 12 11 8 15 11 15 6 11 5 2 9 14 17 2 1 11
COSTS 19 11 9 10 15 5 11 15 7 6 8 9 9 16 11 3 11 12 8 15 12 15 6 11 5 2 9 14 17 2 1 11
COSTS 19 11 9 10 15 5 11 15 7 6 8 9 9 15 11 4 12 11 8 15 12 15 6 11 5 2 9 14 17 2 1 11
COSTS 19 11 9 10 15 5 11 15 7 6 8 9 9 16 11 3 11 12 8 15 12 15 6 11 5 2 9 14 17 2 1 11
COSTS 19 11 9 10 15 5 11 15 7 6 8 9 9 16 11 4 11 12 4 15 12 15 6 11 5 2 9 14 14 4 1 10
COSTS 19 11 9 7 15 5 11 15 7 6 8 9 9 16 11 3 12 11 8 15 11 15 6 11 5 2 9 15 17 2 1 10
END
STATE 829315c5ac040ec6b74541eb4861fe305b09767b3927226a7bd0ff00e4662460 6002 24 21
LABELS 2 0 0 1 0 1 0 0 2 0 0 3 0 0 0 0 1 0 0 0 0 0 0 0
MASSES 18 6 10 7 5 23 4 20 21 5 3 29 23 1 18 28 26 20 7 19 10 2 24 15
QUERY_IDS 1 5 6 7 11 12 13 17 19 20 22 24 25 26 27 30 31 36 37 38 41
RESPONSES 0 0 0 1 1 1 1 0 1 1 1 0 1 1 1 1 1 1 1 1 0
RESPONSES 0 0 0 0 1 1 1 1 1 1 1 1 1 1 1 1 1 0 1 1 0
RESPONSES 1 1 1 1 1 1 1 0 1 1 1 0 0 0 0 0 0 1 1 1 1
RESPONSES 1 1 1 1 1 1 1 1 1 1 1 1 0 0 0 1 1 1 1 1 1
RESPONSES 0 0 0 1 1 1 1 0 0 0 1 1 0 0 0 1 1 1 1 1 0
RESPONSES 0 1 1 0 0 1 1 0 0 0 0 1 0 0 0 0 1 1 1 1 0
RESPONSES 1 1 1 0 1 1 1 1 1 1 1 0 0 0 0 0 0 1 1 1 0
RESPONSES 1 1 1 1 1 1 1 1 1 1 1 1 0 0 0 1 1 0 0 0 0
RESPONSES 0 1 1 1 0 1 1 0 0 0 1 1 1 1 1 1 1 0 1 1 1
RESPONSES 1 1 1 1 0 1 1 0 1 1 1 0 0 0 0 0 0 1 1 1 0
RESPONSES 1 1 1 1 1 1 1 1 1 1 1 0 0 0 0 0 0 1 1 1 0
RESPONSES 1 1 1 1 1 1 1 1 1 1 1 1 1 1 1 1 1 0 0 1 1
RESPONSES 0 1 1 0 1 1 1 0 1 1 1 0 0 0 0 1 1 0 1 1 0
RESPONSES 1 1 1 1 1 1 1 1 1 1 1 0 0 0 0 0 1 1 1 1 0
RESPONSES 0 1 1 1 1 1 1 1 1 1 1 1 0 0 0 1 1 0 0 1 1
RESPONSES 0 1 1 1 1 1 1 0 1 1 1 1 0 0 0 1 1 1 1 1 1
RESPONSES 0 1 1 1 0 0 0 0 0 0 1 0 0 0 0 0 1 0 1 1 1
RESPONSES 1 1 1 1 1 1 1 1 1 1 1 0 0 0 0 1 1 1 1 1 1
RESPONSES 1 1 1 1 1 1 1 0 1 1 1 0 0 0 0 1 1 1 1 1 0
RESPONSES 0 1 1 0 1 1 1 0 0 0 0 0 0 0 0 0 1 1 1 1 0
RESPONSES 0 1 1 1 1 1 1 0 0 0 1 1 0 0 0 1 1 1 1 1 1
RESPONSES 0 1 1 1 0 0 0 0 1 1 1 0 0 0 0 1 1 1 1 1 0
RESPONSES 1 1 1 0 0 0 0 0 1 1 1 1 0 0 0 1 1 1 1 1 0
RESPONSES 1 1 1 0 0 1 1 0 1 1 1 1 0 0 0 0 0 1 1 1 0
COSTS 12 8 17 10 8 11 11 17 11 6 7 7 4 5 4 12 5 13 12 13 5
COSTS 12 8 17 10 8 11 11 16 11 6 7 6 4 5 4 12 5 14 12 13 5
COSTS 13 12 17 10 8 11 11 17 11 6 7 7 6 6 2 11 7 13 12 13 6
COSTS 13 12 17 10 8 11 11 16 11 6 7 6 6 6 2 12 5 13 12 13 6
COSTS 12 8 17 10 8 11 11 17 12 6 7 6 6 6 2 12 5 13 12 13 5
COSTS 12 12 17 10 9 11 11 17 12 6 10 6 6 6 2 11 5 13 12 13 5
COSTS 13 12 17 10 8 11 11 16 11 6 7 7 6 6 2 11 7 13 12 13 5
COSTS 13 12 17 10 8 11 11 16 11 6 7 6 6 6 2 12 5 14 14 13 5
COSTS 12 12 17 10 9 11 11 17 12 6 7 6 4 5 4 12 5 14 12 13 6
COSTS 13 12 17 10 9 11 11 17 11 6 7 7 6 6 2 11 7 13 12 13 5
COSTS 13 12 17 10 8 11 11 16 11 6 7 7 6 6 2 11 7 13 12 13 5
COSTS 13 12 17 10 8 11 11 16 11 6 7 6 4 5 4 12 5 14 14 13 6
COSTS 12 12 17 10 8 11 11 17 11 6 7 7 6 6 2 12 5 14 12 13 5
COSTS 13 12 17 10 8 11 11 16 11 6 7 7 6 6 2 11 5 13 12 13 5
COSTS 12 12 17 10 8 11 11 16 11 6 7 6 6 6 2 12 5 14 14 13 6
COSTS 12 12 17 10 8 11 11 17 11 6 7 6 6 6 2 12 5 13 12 13 6
COSTS 12 12 17 10 9 11 12 17 12 6 7 7 6 6 2 11 5 14 12 13 6
COSTS 13 12 17 10 8 11 11 16 11 6 7 7 6 6 2 12 5 13 12 13 6
COSTS 13 12 17 10 8 11 11 17 11 6 7 7 6 6 2 12 5 13 12 13 5
COSTS 12 12 17 10 8 11 11 17 12 6 10 7 6 6 2 11 5 13 12 13 5
COSTS 12 12 17 10 8 11 11 17 12 6 7 6 6 6 2 12 5 13 12 13 6
COSTS 12 12 17 10 9 11 12 17 11 6 7 7 6 6 2 12 5 13 12 13 5
COSTS 13 12 17 10 9 11 12 17 11 6 7 6 6 6 2 12 5 13 12 13 5
COSTS 13 12 17 10 9 11 11 17 11 6 7 6 6 6 2 11 7 13 12 13 5
END
STATE 84fa09a6943ead001bce32745d37b44c48efa246f98304f2b18f0d5a45c79fba 6003 20 15
LABELS 1 1 1 1 1 1 0 1 1 1 1 0 1 1 0 1 1 1 1 1
MASSES 1 2 4 10 22 14 30 14 28 24 12 6 21 22 26 14 9 28 17 1
QUERY_IDS 0 1 2 3 4 5 7 8 9 10 11 12 13 14 15
RESPONSES 0 2 0 1 1 2 0 0 1 1 2 1 1 0 1
RESPONSES 0 2 0 1 1 2 0 0 1 1 2 1 1 0 1
RESPONSES 0 1 0 1 1 2 0 0 1 0 2 1 1 0 2
RESPONSES 0 1 0 1 1 2 0 0 1 0 2 1 1 0 1
RESPONSES 0 1 0 1 1 2 0 0 1 0 2 1 1 0 1
RESPONSES 0 0 0 1 1 2 0 0 1 0 2 1 1 0 2
RESPONSES 0 2 1 0 0 1 1 1 1 1 1 0 0 1 2
RESPONSES 1 2 0 1 1 2 0 0 1 0 2 1 1 0 2
RESPONSES 0 1 0 1 1 2 0 0 0 0 2 1 1 0 0
RESPONSES 1 2 0 1 1 2 0 0 1 0 2 1 1 0 1
RESPONSES 0 0 0 1 1 2 0 0 0 0 2 1 1 0 2
RESPONSES 1 1 0 0 1 2 0 0 0 1 2 0 1 0 2
RESPONSES 0 1 0 1 1 2 0 0 1 0 0 1 1 0 0
RESPONSES 1 1 0 1 1 2 0 0 1 0 0 1 1 0 1
RESPONSES 1 2 0 0 1 0 0 0 0 1 1 1 1 0 2
RESPONSES 0 2 1 1 1 2 0 0 1 0 2 1 1 0 2
RESPONSES 1 2 0 1 1 2 0 0 0 1 1 1 1 0 2
RESPONSES 0 2 0 1 1 2 0 0 0 0 0 1 1 0 1
RESPONSES 0 1 0 1 1 2 0 0 0 0 2 1 1 0 2
RESPONSES 0 1 0 1 1 2 0 0 0 0 2 1 1 0 2
COSTS 4 3 14 15 15 12 17 14 13 6 11 8 6 4 15
COSTS 4 3 14 15 15 12 17 14 13 6 11 8 6 4 15
COSTS 4 3 14 15 15 12 17 14 13 3 11 8 6 4 11
COSTS 4 3 14 15 15 12 17 14 13 3 11 8 6 4 15
COSTS 4 3 14 15 15 12 17 14 13 3 11 8 6 4 15
COSTS 4 3 14 15 15 12 17 14 13 3 11 8 6 4 11
COSTS 4 3 15 13 12 14 17 16 13 6 9 6 6 5 11
COSTS 4 3 14 15 15 12 17 14 13 3 11 8 6 4 11
COSTS 4 3 14 15 15 12 17 14 12 3 11 8 6 4 14
COSTS 4 3 14 15 15 12 17 14 13 3 11 8 6 4 15
COSTS 4 3 14 15 15 12 17 14 12 3 11 8 6 4 11
COSTS 4 3 14 13 15 12 17 14 12 6 11 6 6 4 11
COSTS 4 3 14 15 15 12 17 14 13 3 11 8 6 4 14
COSTS 4 3 14 15 15 12 17 14 13 3 11 8 6 4 15
COSTS 4 3 14 13 15 16 17 14 12 6 9 8 6 4 11
COSTS 4 3 15 15 15 12 17 14 13 3 11 8 6 4 11
COSTS 4 3 14 15 15 12 17 14 12 6 9 8 6 4 11
COSTS 4 3 14 15 15 12 17 14 12 3 11 8 6 4 15
COSTS 4 3 14 15 15 12 17 14 12 3 11 8 6 4 11
COSTS 4 3 14 15 15 12 17 14 12 3 11 8 6 4 11
END
STATE 852f29f49a308afefd91cc4d9c56d82db666f063cc6d70cf6da1b76525e78079 6001 24 32
LABELS 1 3 3 3 3 1 0 0 0 1 3 0 2 0 0 4 1 3 0 3 0 3 3 3
MASSES 11 1 17 10 15 25 1 15 2 11 17 10 29 18 10 24 28 27 17 25 10 12 13 1
QUERY_IDS 0 1 2 3 6 7 12 13 17 18 20 23 24 27 28 29 37 38 39 51 53 54 55 57 61 64 70 71 75 76 77 78
RESPONSES 1 0 0 1 1 1 1 1 1 1 1 0 0 1 1 1 0 0 0 0 0 0 1 1 1 1 1 1 1 1 1 1
RESPONSES 0 0 0 0 1 1 1 1 1 1 1 0 0 1 1 1 0 0 0 0 0 0 0 1 1 1 1 1 1 1 1 1
RESPONSES 0 0 0 0 1 1 1 1 1 1 1 0 0 1 1 1 0 0 0 0 0 0 0 1 1 1 1 1 1 1 1 1
RESPONSES 0 0 0 0 1 1 1 1 1 1 1 0 0 1 1 1 0 0 0 0 0 0 0 1 1 1 1 1 1 1 1 1
RESPONSES 0 0 0 0 0 0 1 1 1 1 1 0 0 0 0 0 0 0 0 1 1 1 1 1 1 1 1 1 0 0 0 0
RESPONSES 1 0 0 1 1 1 1 1 1 1 1 0 0 1 1 1 0 0 0 0 1 1 1 1 1 1 1 1 1 1 1 1
RESPONSES 1 1 1 1 1 1 1 1 0 0 1 1 1 1 1 1 0 0 0 0 1 1 1 1 0 1 0 1 1 1 1 1
RESPONSES 1 1 1 1 1 1 1 1 0 0 1 1 1 1 1 1 0 0 0 0 1 1 1 1 0 1 1 1 1 1 1 1
RESPONSES 1 1 1 1 1 1 1 1 0 0 1 1 1 1 1 1 0 0 0 0 1 1 1 1 0 1 1 1 1 1 1 1
RESPONSES 0 0 0 0 0 0 1 1 0 0 1 0 0 0 0 1 0 0 0 0 1 1 1 1 1 1 1 1 0 0 0 1
RESPONSES 1 1 1 1 1 1 1 1 1 1 1 0 0 1 1 1 0 0 0 0 1 1 1 1 0 1 1 1 1 1 1 1
RESPONSES 0 0 0 0 0 0 1 1 0 0 1 0 0 1 1 1 0 0 0 0 1 1 1 1 1 1 1 1 1 1 1 1
RESPONSES 1 1 1 1 1 1 1 1 0 0 1 0 0 1 1 1 1 1 1 0 1 1 1 1 0 1 0 0 1 1 1 1
RESPONSES 0 0 0 0 1 1 1 1 1 1 1 0 0 0 0 0 0 0 0 0 1 1 1 1 1 1 1 1 0 0 0 0
RESPONSES 1 1 1 1 1 1 1 1 0 0 1 1 1 1 1 1 0 0 0 0 1 1 1 1 0 1 1 1 1 1 1 1
RESPONSES 1 1 1 1 1 1 1 1 0 0 0 0 0 0 0 1 1 1 1 0 1 1 1 1 0 0 0 0 1 1 1 1
RESPONSES 1 0 0 1 1 1 1 1 1 1 1 0 0 1 1 1 0 0 0 0 0 0 1 1 0 1 1 1 1 1 1 1
RESPONSES 0 0 0 0 1 1 0 0 1 1 1 0 0 1 1 1 0 0 0 0 0 0 0 0 0 1 1 1 1 1 1 1
RESPONSES 1 1 1 1 1 1 1 1 0 0 1 1 1 1 1 1 0 0 0 0 1 1 1 1 0 1 0 1 1 1 1 1
RESPONSES 1 1 1 1 1 1 1 1 1 1 1 0 0 1 1 1 0 0 0 0 1 1 1 1 0 1 1 1 1 1 1 1
RESPONSES 0 0 0 0 1 1 1 1 1 1 1 0 0 0 0 0 0 0 0 0 1 1 1 1 1 1 1 1 0 0 0 0
RESPONSES 0 0 0 0 1 1 1 1 1 1 1 0 0 1 1 1 0 0 0 0 0 0 0 1 1 1 1 1 1 1 1 1
RESPONSES 0 0 0 0 1 1 1 1 1 1 1 0 0 1 1 1 0 0 0 0 0 0 0 1 1 1 1 1 1 1 1 1
RESPONSES 0 0 0 0 1 1 1 1 1 1 1 0 0 0 0 1 0 0 0 1 1 1 1 1 1 1 1 1 0 0 0 1
COSTS 4 12 16 16 19 8 12 8 7 14 13 16 18 12 13 17 11 5 7 2 7 9 4 7 10 9 4 19 6 6 3 3
COSTS 5 12 16 17 19 8 12 8 7 14 13 16 18 12 13 17 11 5 7 2 7 9 5 7 10 9 4 19 6 6 3 3
COSTS 5 12 16 17 19 8 12 8 7 14 13 16 18 12 13 17 11 5 7 2 7 9 5 7 10 9 4 19 6 6 3 3
COSTS 5 12 16 17 19 8 12 8 7 14 13 16 18 12 13 17 11 5 7 2 7 9 5 7 10 9 4 19 6 6 3 3
COSTS 5 12 16 17 18 9 12 8 7 14 13 16 18 9 14 13 11 5 7 6 6 8 4 7 10 9 4 19 7 7 5 3
COSTS 4 12 16 16 19 8 12 8 7 14 13 16 18 12 13 17 11 5 7 2 6 8 4 7 10 9 4 19 6 6 3 3
COSTS 4 12 13 16 19 8 12 8 10 16 13 15 18 12 13 17 11 5 7 2 6 8 4 7 10 9 6 19 6 6 3 3
COSTS 4 12 13 16 19 8 12 8 10 16 13 15 18 12 13 17 11 5 7 2 6 8 4 7 10 9 4 19 6 6 3 3
COSTS 4 12 13 16 19 8 12 8 10 16 13 15 18 12 13 17 11 5 7 2 6 8 4 7 10 9 4 19 6 6 3 3
COSTS 5 12 16 17 18 9 12 8 10 16 13 16 18 9 14 17 11 5 7 2 6 8 4 7 10 9 4 19 7 7 5 3
COSTS 4 12 13 16 19 8 12 8 7 14 13 16 18 12 13 17 11 5 7 2 6 8 4 7 10 9 4 19 6 6 3 3
COSTS 5 12 16 17 18 9 12 8 10 16 13 16 18 12 13 17 11 5 7 2 6 8 4 7 10 9 4 19 6 6 3 3
COSTS 4 12 13 16 19 8 12 8 10 16 13 16 18 12 13 17 8 4 4 2 6 8 4 7 10 9 6 17 6 6 3 3
COSTS 5 12 16 17 19 8 12 8 7 14 13 16 18 9 14 13 11 5 7 2 6 8 4 7 10 9 4 19 7 7 5 3
COSTS 4 12 13 16 19 8 12 8 10 16 13 15 18 12 13 17 11 5 7 2 6 8 4 7 10 9 4 19 6 6 3 3
COSTS 4 12 13 16 19 8 12 8 10 16 12 16 18 9 14 17 8 4 4 2 6 8 4 7 10 7 6 17 6 6 3 3
COSTS 4 12 16 16 19 8 12 8 7 14 13 16 18 12 13 17 11 5 7 2 7 9 4 7 10 9 4 19 6 6 3 3
COSTS 5 12 16 17 19 8 10 8 7 14 13 16 18 12 13 17 11 5 7 2 7 9 5 7 10 9 4 19 6 6 3 3
COSTS 4 12 13 16 19 8 12 8 10 16 13 15 18 12 13 17 11 5 7 2 6 8 4 7 10 9 6 19 6 6 3 3
COSTS 4 12 13 16 19 8 12 8 7 14 13 16 18 12 13 17 11 5 7 2 6 8 4 7 10 9 4 19 6 6 3 3
COSTS 5 12 16 17 19 8 12 8 7 14 13 16 18 9 14 13 11 5 7 2 6 8 4 7 10 9 4 19 7 7 5 3
COSTS 5 12 16 17 19 8 12 8 7 14 13 16 18 12 13 17 11 5 7 2 7 9 5 7 10 9 4 19 6 6 3 3
COSTS 5 12 16 17 19 8 12 8 7 14 13 16 18 12 13 17 11 5 7 2 7 9 5 7 10 9 4 19 6 6 3 3
COSTS 5 12 16 17 19 8 12 8 7 14 13 16 18 9 14 17 11 5 7 6 6 8 4 7 10 9 4 19 7 7 5 3
END
STATE 8530e399b77780a0885e130952c2ac17080d0dbb75f5b0bff26bc9ce17743c39 6003 24 21
LABELS 2 1 3 0 0 0 0 0 0 0 0 0 0 0 0 0 2 0 1 1 0 0 1 0
MASSES 30 3 14 26 29 9 16 31 8 18 3 9 1 11 19 13 23 27 25 5 28 27 13 16
QUERY_IDS 0 2 3 4 5 6 8 11 13 20 25 27 28 29 34 35 36 37 38 39 41
RESPONSES 0 0 0 0 0 0 3 1 1 1 1 1 1 1 0 0 1 1 1 1 0
RESPONSES 0 1 1 1 1 1 0 1 1 0 0 1 1 1 0 0 1 1 1 1 1
RESPONSES 0 1 1 1 1 1 3 1 1 0 0 0 0 0 0 1 1 1 1 1 1
RESPONSES 0 1 1 1 1 1 3 1 1 0 0 0 0 0 1 1 1 1 1 0 0
RESPONSES 0 0 1 1 1 1 1 0 1 0 0 0 0 0 0 0 1 1 1 0 0
RESPONSES 0 0 0 0 0 1 2 0 0 0 0 1 1 1 1 1 1 1 1 0 1
RESPONSES 1 1 1 1 1 1 3 1 1 0 0 1 1 1 0 1 1 1 1 1 0
RESPONSES 0 1 1 1 1 1 2 0 0 1 0 0 0 1 1 1 1 1 1 0 0
RESPONSES 1 1 1 1 1 1 2 0 1 1 0 0 0 0 0 0 0 0 0 2 0
RESPONSES 0 0 0 0 0 1 2 0 1 1 0 0 0 0 1 1 1 1 1 0 0
RESPONSES 0 1 1 1 1 1 1 1 1 0 0 0 0 0 1 1 1 1 1 0 0
RESPONSES 0 1 1 1 1 1 2 0 1 0 0 1 1 1 1 1 1 1 1 0 0
RESPONSES 0 0 1 1 1 1 1 0 1 0 0 0 0 1 1 1 1 1 1 0 0
RESPONSES 0 1 1 1 1 1 3 0 0 0 0 0 0 0 1 1 1 1 1 0 0
RESPONSES 0 1 1 1 1 1 1 0 1 1 0 0 0 0 1 1 1 1 1 1 0
RESPONSES 0 0 0 0 0 1 3 0 0 0 0 0 0 1 0 0 1 1 1 1 0
RESPONSES 0 1 1 1 1 1 3 0 1 0 0 1 1 1 0 0 1 1 1 1 1
RESPONSES 0 0 0 1 1 1 2 1 1 1 0 0 0 1 0 1 1 1 1 1 1
RESPONSES 1 1 1 1 1 1 3 0 1 0 0 0 0 1 1 1 1 1 1 0 1
RESPONSES 0 0 0 1 1 1 3 0 0 1 0 1 1 1 1 1 1 1 1 1 1
RESPONSES 1 1 1 1 1 1 2 1 1 0 0 0 0 0 1 1 1 1 1 0 0
RESPONSES 1 1 1 1 1 1 1 0 1 0 0 0 0 0 1 1 1 1 1 0 0
RESPONSES 0 1 1 1 1 1 1 1 1 1 0 0 0 0 0 0 1 1 1 2 1
RESPONSES 0 0 0 1 1 1 2 1 1 0 0 0 0 0 1 1 1 1 1 0 0
COSTS 6 15 8 16 11 10 4 12 10 11 2 7 11 8 17 12 16 6 16 9 5
COSTS 6 17 9 17 13 7 5 12 10 15 5 7 11 8 17 12 16 6 16 9 8
COSTS 6 17 9 17 13 7 4 12 10 15 5 6 14 10 17 11 16 6 16 9 8
COSTS 6 17 9 17 13 7 4 12 10 15 5 6 14 10 15 11 16 6 16 13 5
COSTS 6 15 9 17 13 7 3 12 10 15 5 6 14 10 17 12 16 6 16 13 5
COSTS 6 15 8 16 11 7 4 12 9 15 5 7 11 8 15 11 16 6 16 13 8
COSTS 10 17 9 17 13 7 4 12 10 15 5 7 11 8 17 11 16 6 16 9 5
COSTS 6 17 9 17 13 7 4 12 9 11 5 6 14 8 15 11 16 6 16 13 5
COSTS 10 17 9 17 13 7 4 12 10 11 5 6 14 10 17 12 16 6 19 11 5
COSTS 6 15 8 16 11 7 4 12 10 11 5 6 14 10 15 11 16 6 16 13 5
COSTS 6 17 9 17 13 7 3 12 10 15 5 6 14 10 15 11 16 6 16 13 5
COSTS 6 17 9 17 13 7 4 12 10 15 5 7 11 8 15 11 16 6 16 13 5
COSTS 6 15 9 17 13 7 3 12 10 15 5 6 14 8 15 11 16 6 16 13 5
COSTS 6 17 9 17 13 7 4 12 9 15 5 6 14 10 15 11 16 6 16 13 5
COSTS 6 17 9 17 13 7 3 12 10 11 5 6 14 10 15 11 16 6 16 9 5
COSTS 6 15 8 16 11 7 4 12 9 15 5 6 14 8 17 12 16 6 16 9 5
COSTS 6 17 9 17 13 7 4 12 10 15 5 7 11 8 17 12 16 6 16 9 8
COSTS 6 15 8 17 13 7 4 12 10 11 5 6 14 8 17 11 16 6 16 9 8
COSTS 10 17 9 17 13 7 4 12 10 15 5 6 14 8 15 11 16 6 16 13 8
COSTS 6 15 8 17 13 7 4 12 9 11 5 7 11 8 15 11 16 6 16 9 8
COSTS 10 17 9 17 13 7 4 12 10 15 5 6 14 10 15 11 16 6 16 13 5
COSTS 10 17 9 17 13 7 3 12 10 15 5 6 14 10 15 11 16 6 16 13 5
COSTS 6 17 9 17 13 7 3 12 10 11 5 6 14 10 17 12 16 6 16 11 8
COSTS 6 15 8 17 13 7 4 12 10 15 5 6 14 10 15 11 16 6 16 13 5
END
STATE 8562e619e199fa8bdf8e20eb2671d8fca5a2043a0870d9d7eac55547ef979303 6002 24 21
LABELS 2 1 3 0 0 0 0 0 0 0 0 0 0 0 0 0 2 0 1 1 0 0 1 0
MASSES 18 1 4 5 15 10 28 29 7 12 2 1 4 1 20 13 8 28 11 14 26 15 5 19
QUERY_IDS 0 1 2 4 5 6 8 12 20 21 24 25 27 28 29 31 34 36 37 38 39
RESPONSES 0 0 0 0 0 0 3 1 1 1 0 1 1 1 1 1 0 1 1 1 1
RESPONSES 0 1 1 1 1 1 0 1 0 1 0 0 1 1 1 1 0 1 1 1 1
RESPONSES 0 1 1 1 1 1 3 1 0 1 1 0 0 0 0 1 0 1 1 1 1
RESPONSES 0 1 1 1 1 1 3 1 0 1 1 0 0 0 0 0 1 1 1 1 0
RESPONSES 0 0 0 1 1 1 1 0 0 0 0 0 0 0 0 1 0 1 1 1 0
RESPONSES 0 0 0 0 0 1 2 0 0 0 0 0 1 1 1 1 1 1 1 1 0
RESPONSES 1 1 1 1 1 1 3 1 0 1 1 0 1 1 1 1 0 1 1 1 1
RESPONSES 0 1 1 1 1 1 2 0 1 1 1 0 0 0 1 1 1 1 1 1 0
RESPONSES 1 1 1 1 1 1 2 1 1 1 0 0 0 0 0 0 0 0 0 0 2
RESPONSES 0 0 0 0 0 1 2 0 1 1 1 0 0 0 0 1 1 1 1 1 0
RESPONSES 0 0 1 1 1 1 1 1 0 0 0 0 0 0 0 1 1 1 1 1 0
RESPONSES 0 1 1 1 1 1 2 1 0 1 0 0 1 1 1 1 1 1 1 1 0
RESPONSES 0 0 0 1 1 1 1 1 0 1 0 0 0 0 1 1 1 1 1 1 0
RESPONSES 0 0 1 1 1 1 3 0 0 1 1 0 0 0 0 0 1 1 1 1 0
RESPONSES 0 1 1 1 1 1 1 1 1 1 1 0 0 0 0 0 1 1 1 1 1
RESPONSES 0 0 0 0 0 1 3 0 0 0 1 0 0 0 1 1 0 1 1 1 1
RESPONSES 0 0 1 1 1 1 3 1 0 0 0 0 1 1 1 1 0 1 1 1 1
RESPONSES 0 0 0 1 1 1 2 1 1 1 1 0 0 0 1 1 0 1 1 1 1
RESPONSES 1 1 1 1 1 1 3 1 0 0 1 0 0 0 1 1 1 1 1 1 0
RESPONSES 0 0 0 1 1 1 3 0 1 1 0 0 1 1 1 1 1 1 1 1 1
RESPONSES 1 1 1 1 1 1 2 1 0 1 1 0 0 0 0 1 1 1 1 1 0
RESPONSES 1 1 1 1 1 1 1 1 0 0 0 0 0 0 0 1 1 1 1 1 0
RESPONSES 0 1 1 1 1 1 1 1 1 1 0 0 0 0 0 1 0 1 1 1 2
RESPONSES 0 0 0 1 1 1 2 1 0 0 0 0 0 0 0 1 1 1 1 1 0
COSTS 12 12 12 16 8 17 4 11 6 17 7 4 4 13 3 5 12 13 12 13 15
COSTS 12 13 8 14 12 17 8 11 6 17 7 6 4 13 3 5 12 13 12 13 15
COSTS 12 13 8 14 12 17 4 11 6 17 6 6 2 11 3 5 12 13 12 13 15
COSTS 12 13 8 14 12 17 4 11 6 17 6 6 2 11 3 7 11 13 12 13 13
COSTS 12 12 12 14 12 17 7 11 6 15 7 6 2 11 3 5 12 13 12 13 13
COSTS 12 12 12 16 8 17 8 11 6 15 7 6 4 13 3 5 11 13 12 13 13
COSTS 14 13 8 14 12 17 4 11 6 17 6 6 4 13 3 5 12 13 12 13 15
COSTS 12 13 8 14 12 17 8 11 6 17 6 6 2 11 3 5 11 13 12 13 13
COSTS 14 13 8 14 12 17 8 11 6 17 7 6 2 11 3 7 12 14 14 13 14
COSTS 12 12 12 16 8 17 8 11 6 17 6 6 2 11 3 5 11 13 12 13 13
COSTS 12 12 8 14 12 17 7 11 6 15 7 6 2 11 3 5 11 13 12 13 13
COSTS 12 13 8 14 12 17 8 11 6 17 7 6 4 13 3 5 11 13 12 13 13
COSTS 12 12 12 14 12 17 7 11 6 17 7 6 2 11 3 5 11 13 12 13 13
COSTS 12 12 8 14 12 17 4 11 6 17 6 6 2 11 3 7 11 13 12 13 13
COSTS 12 13 8 14 12 17 7 11 6 17 6 6 2 11 3 7 11 13 12 13 15
COSTS 12 12 12 16 8 17 4 11 6 15 6 6 2 11 3 5 12 13 12 13 15
COSTS 12 12 8 14 12 17 4 11 6 15 7 6 4 13 3 5 12 13 12 13 15
COSTS 12 12 12 14 12 17 8 11 6 17 6 6 2 11 3 5 12 13 12 13 15
COSTS 14 13 8 14 12 17 4 11 6 15 6 6 2 11 3 5 11 13 12 13 13
COSTS 12 12 12 14 12 17 4 11 6 17 7 6 4 13 3 5 11 13 12 13 15
COSTS 14 13 8 14 12 17 8 11 6 17 6 6 2 11 3 5 11 13 12 13 13
COSTS 14 13 8 14 12 17 7 11 6 15 7 6 2 11 3 5 11 13 12 13 13
COSTS 12 13 8 14 12 17 7 11 6 17 7 6 2 11 3 5 12 13 12 13 14
COSTS 12 12 12 14 12 17 8 11 6 15 7 6 2 11 3 5 11 13 12 13 13
END
STATE 85877db35662bb433ab67d3e1c0f32ac47a93743a9ccd842afc30d0cf45b152a 6003 24 32
LABELS 0 3 0 1 5 2 2 0 5 3 2 1 5 4 1 5 2 1 0 1 1 5 0 5
MASSES 12 16 27 15 29 3 5 17 7 3 19 17 1 3 31 3 25 13 13 17 9 26 31 22
QUERY_IDS 0 1 4 5 7 8 9 14 20 21 25 26 27 32 33 38 39 40 41 42 45 59 60 61 62 63 64 65 72 73 74 75
RESPONSES 0 0 0 0 1 0 0 1 1 1 0 0 0 0 0 0 0 0 1 1 1 1 1 1 1 1 1 0 0 0 0 0
RESPONSES 0 0 0 0 1 0 0 1 0 1 0 0 1 0 0 0 0 0 0 0 0 1 1 1 1 1 1 0 0 0 0 0
RESPONSES 1 0 0 0 1 0 0 1 1 1 0 0 0 0 0 0 0 0 0 0 1 1 1 1 1 1 1 0 0 0 0 0
RESPONSES 0 0 0 0 0 0 0 1 1 1 0 0 0 0 0 0 0 0 0 0 0 1 1 1 1 1 1 1 0 1 1 1
RESPONSES 0 0 0 0 0 0 0 1 1 1 0 0 0 0 0 0 0 0 0 0 0 1 1 1 1 1 1 0 0 0 0 0
RESPONSES 1 0 0 0 1 0 1 1 1 1 0 0 0 0 0 0 0 0 0 0 1 1 1 1 1 1 1 0 0 0 0 0
RESPONSES 1 0 0 0 1 0 1 1 1 1 0 0 0 0 0 0 0 0 0 0 1 1 1 1 1 1 1 0 0 0 0 0
RESPONSES 1 0 1 1 1 0 0 1 1 1 1 1 1 0 0 0 0 0 0 0 0 1 1 1 1 1 1 1 0 0 0 0
RESPONSES 0 0 0 0 0 0 0 1 1 1 0 0 0 0 0 0 0 0 0 0 0 1 1 1 1 1 1 1 0 0 0 0
RESPONSES 0 0 0 0 1 0 0 1 0 1 0 0 1 0 0 0 0 0 0 0 0 1 1 1 1 1 1 0 0 0 0 0
RESPONSES 0 0 0 0 1 0 0 1 1 1 0 0 0 0 0 0 0 0 0 0 1 1 1 1 1 1 1 0 0 0 0 0
RESPONSES 0 0 0 0 1 0 0 1 0 1 0 0 0 0 0 0 0 0 0 0 1 1 1 1 1 1 1 0 0 0 0 0
RESPONSES 1 0 1 1 1 0 0 1 1 1 0 0 0 0 0 0 0 0 0 0 0 1 1 1 1 1 1 0 0 0 0 0
RESPONSES 1 1 1 1 1 1 0 0 1 1 0 0 1 0 0 1 1 1 1 1 0 0 0 0 0 0 0 0 0 0 0 0
RESPONSES 0 0 0 0 1 0 1 1 0 0 0 0 0 1 1 0 0 1 1 1 0 0 0 0 0 0 0 0 1 1 1 1
RESPONSES 1 0 1 1 1 0 0 1 1 1 0 0 0 0 0 0 0 0 0 0 0 1 1 1 1 1 1 0 0 0 0 0
RESPONSES 1 0 0 0 1 0 1 1 1 1 0 0 0 0 0 0 0 0 0 0 1 1 1 1 1 1 1 0 0 0 0 0
RESPONSES 0 0 1 1 1 1 1 1 1 1 0 0 0 0 0 0 0 1 1 1 0 1 1 1 1 1 1 0 0 0 0 0
RESPONSES 1 0 0 0 1 0 1 1 1 1 0 0 0 0 0 0 0 0 0 0 1 1 1 1 1 1 1 0 0 0 0 0
RESPONSES 0 0 0 0 1 0 0 1 0 1 0 0 1 0 0 0 0 0 0 0 1 1 1 1 1 1 1 1 0 0 0 0
RESPONSES 0 0 1 1 1 1 1 1 1 1 0 0 0 0 0 0 0 1 1 1 0 1 1 1 1 1 1 0 0 0 0 0
RESPONSES 0 0 0 0 0 0 0 1 1 1 0 0 0 0 0 0 0 0 0 0 0 1 1 1 1 1 1 0 0 0 0 0
RESPONSES 1 0 1 1 1 0 0 1 1 1 0 0 0 0 0 0 0 0 0 0 1 1 1 1 1 1 1 0 0 0 0 0
RESPONSES 0 0 0 0 1 0 0 1 1 1 0 0 0 0 0 0 0 0 0 0 0 1 1 1 1 1 1 0 0 0 0 0
COSTS 12 12 15 14 13 17 4 11 2 7 10 2 11 12 14 11 5 12 17 13 13 17 13 13 7 5 15 7 14 17 13 4
COSTS 12 12 15 14 13 17 4 11 3 7 10 2 11 12 14 11 5 12 14 12 15 17 13 13 7 5 15 7 14 17 13 4
COSTS 13 12 15 14 13 17 4 11 2 7 10 2 11 12 14 11 5 12 14 12 13 17 13 13 7 5 15 7 14 17 13 4
COSTS 12 12 15 14 9 17 4 11 2 7 10 2 11 12 14 11 5 12 14 12 15 17 13 13 7 5 15 7 14 16 15 1
COSTS 12 12 15 14 9 17 4 11 2 7 10 2 11 12 14 11 5 12 14 12 15 17 13 13 7 5 15 7 14 17 13 4
COSTS 13 12 15 14 13 17 7 11 2 7 10 2 11 12 14 11 5 12 14 12 13 17 13 13 7 5 15 7 14 17 13 4
COSTS 13 12 15 14 13 17 7 11 2 7 10 2 11 12 14 11 5 12 14 12 13 17 13 13 7 5 15 7 14 17 13 4
COSTS 13 12 13 15 13 17 4 11 2 7 12 6 11 12 14 11 5 12 14 12 15 17 13 13 7 5 15 7 14 17 13 4
COSTS 12 12 15 14 9 17 4 11 2 7 10 2 11 12 14 11 5 12 14 12 15 17 13 13 7 5 15 7 14 17 13 4
COSTS 12 12 15 14 13 17 4 11 3 7 10 2 11 12 14 11 5 12 14 12 15 17 13 13 7 5 15 7 14 17 13 4
COSTS 12 12 15 14 13 17 4 11 2 7 10 2 11 12 14 11 5 12 14 12 13 17 13 13 7 5 15 7 14 17 13 4
COSTS 12 12 15 14 13 17 4 11 3 7 10 2 11 12 14 11 5 12 14 12 13 17 13 13 7 5 15 7 14 17 13 4
COSTS 13 12 13 15 13 17 4 11 2 7 10 2 11 12 14 11 5 12 14 12 15 17 13 13 7 5 15 7 14 17 13 4
COSTS 13 9 13 15 13 16 4 10 2 7 10 2 11 12 14 9 5 11 17 13 15 14 16 15 7 5 15 7 14 17 13 4
COSTS 12 12 15 14 13 17 7 11 3 5 10 2 11 16 11 11 5 11 17 13 15 14 16 15 7 5 15 7 13 16 15 1
COSTS 13 12 13 15 13 17 4 11 2 7 10 2 11 12 14 11 5 12 14 12 15 17 13 13 7 5 15 7 14 17 13 4
COSTS 13 12 15 14 13 17 7 11 2 7 10 2 11 12 14 11 5 12 14 12 13 17 13 13 7 5 15 7 14 17 13 4
COSTS 12 12 13 15 13 16 7 11 2 7 10 2 11 12 14 11 5 11 17 13 15 17 13 13 7 5 15 7 14 17 13 4
COSTS 13 12 15 14 13 17 7 11 2 7 10 2 11 12 14 11 5 12 14 12 13 17 13 13 7 5 15 7 14 17 13 4
COSTS 12 12 15 14 13 17 4 11 3 7 10 2 11 12 14 11 5 12 14 12 13 17 13 13 7 5 15 7 14 17 13 4
COSTS 12 12 13 15 13 16 7 11 2 7 10 2 11 12 14 11 5 11 17 13 15 17 13 13 7 5 15 7 14 17 13 4
COSTS 12 12 15 14 9 17 4 11 2 7 10 2 11 12 14 11 5 12 14 12 15 17 13 13 7 5 15 7 14 17 13 4
COSTS 13 12 13 15 13 17 4 11 2 7 10 2 11 12 14 11 5 12 14 12 13 17 13 13 7 5 15 7 14 17 13 4
COSTS 12 12 15 14 13 17 4 11 2 7 10 2 11 12 14 11 5 12 14 12 15 17 13 13 7 5 15 7 14 17 13 4
END
STATE 85e01149e067d5228892e49a021a7b578d2b72a5423168c2922f691cbd802100 6003 16 13
LABELS 0 0 1 1 1 1 1 0 0 0 0 0 1 1 0 0
MASSES 17 26 1 7 26 12 21 25 2 12 20 8 20 6 30 17
QUERY_IDS 0 1 2 3 4 5 6 7 8 11 12 13 14
RESPONSES 1 1 1 0 0 0 1 1 1 0 0 0 1
RESPONSES 1 0 1 0 0 0 1 1 1 0 1 0 2
RESPONSES 0 2 0 1 1 1 0 0 0 1 1 1 1
RESPONSES 0 2 0 1 1 1 0 0 0 1 1 1 1
RESPONSES 0 2 0 1 1 1 0 0 0 0 1 1 0
RESPONSES 0 0 0 1 1 1 0 0 0 1 1 1 1
RESPONSES 1 0 0 1 1 1 0 1 0 1 1 1 1
RESPONSES 0 0 1 0 0 0 1 1 1 0 0 0 2
RESPONSES 1 1 1 0 0 0 1 1 1 0 0 0 0
RESPONSES 1 1 1 0 1 1 0 0 0 0 0 0 1
RESPONSES 0 1 1 0 0 1 1 1 1 0 0 0 2
RESPONSES 1 2 1 0 0 0 1 1 1 0 0 0 1
RESPONSES 0 1 0 1 1 1 0 0 0 1 1 1 1
RESPONSES 0 1 0 1 1 1 0 0 0 1 1 1 1
RESPONSES 1 2 1 0 0 0 1 1 1 0 0 0 2
RESPONSES 1 2 1 0 0 0 1 1 1 0 0 0 2
COSTS 4 3 15 13 12 14 17 17 16 9 6 6 4
COSTS 4 3 15 13 12 14 17 17 16 9 8 6 5
COSTS 4 3 14 15 15 12 18 17 14 11 8 6 4
COSTS 4 3 14 15 15 12 18 17 14 11 8 6 4
COSTS 4 3 14 15 15 12 18 17 14 9 8 6 4
COSTS 4 3 14 15 15 12 18 17 14 11 8 6 4
COSTS 4 3 14 15 15 12 18 17 14 11 8 6 4
COSTS 4 3 15 13 12 14 17 17 16 9 6 6 5
COSTS 4 3 15 13 12 14 17 17 16 9 6 6 4
COSTS 4 3 15 13 15 12 18 17 14 9 6 6 4
COSTS 4 3 15 13 12 12 17 17 16 9 6 6 5
COSTS 4 3 15 13 12 14 17 17 16 9 6 6 4
COSTS 4 3 14 15 15 12 18 17 14 11 8 6 4
COSTS 4 3 14 15 15 12 18 17 14 11 8 6 4
COSTS 4 3 15 13 12 14 17 17 16 9 6 6 5
COSTS 4 3 15 13 12 14 17 17 16 9 6 6 5
END
STATE 867058d2cb72ef5a0fa17fe16f9f1da8de15581b081aeff2edece32b99eded4a 6001 24 25
LABELS 1 1 0 1 1 1 0 1 1 1 0 0 1 1 1 0 0 1 0 1 0 0 0 1
MASSES 17 7 10 31 28 10 27 16 22 26 26 23 15 18 16 12 27 24 16 8 29 23 27 16
QUERY_IDS 6 7 9 10 11 12 13 14 15 16 18 19 20 21 22 26 27 28 29 31 38 40 41 47 50
RESPONSES 0 0 0 0 0 1 0 0 0 0 1 1 0 0 0 0 0 0 0 0 0 0 0 0 1
RESPONSES 0 0 1 1 1 1 0 0 0 0 1 1 1 1 1 1 1 1 1 0 0 1 1 0 1
RESPONSES 0 0 0 1 1 1 0 0 0 0 0 0 1 1 1 1 1 1 1 0 0 0 1 0 1
RESPONSES 0 0 0 1 1 1 1 1 1 1 1 1 1 1 1 1 1 1 1 1 0 1 1 0 1
RESPONSES 0 0 0 0 0 1 0 0 0 0 1 1 1 1 1 1 1 1 1 0 1 1 1 0 0
RESPONSES 0 0 0 0 0 0 0 0 1 1 1 1 1 1 1 1 1 1 1 1 0 0 0 0 1
RESPONSES 1 1 1 1 1 1 0 0 0 0 1 1 1 1 1 1 1 1 1 0 0 0 0 0 1
RESPONSES 0 0 0 0 0 0 0 0 0 0 0 0 1 1 1 1 1 1 1 0 0 0 1 0 0
RESPONSES 0 0 0 0 0 0 0 0 0 0 1 1 0 0 1 0 0 0 0 0 0 0 0 0 0
RESPONSES 0 0 1 1 1 1 0 0 0 0 0 0 0 0 0 1 1 1 1 0 0 1 1 0 0
RESPONSES 0 0 1 1 1 1 0 0 1 1 1 1 1 1 1 1 1 1 1 1 0 1 1 0 1
RESPONSES 0 0 1 1 1 1 0 0 0 0 0 0 0 0 1 1 1 1 1 1 0 1 1 0 0
RESPONSES 0 0 0 1 1 1 0 0 0 0 1 1 1 1 1 1 1 1 1 0 1 1 1 0 0
RESPONSES 0 0 0 1 1 1 0 0 0 0 0 0 1 1 1 1 1 1 1 0 0 1 1 0 1
RESPONSES 0 0 1 1 1 1 0 0 1 1 1 1 1 1 1 1 1 1 1 0 0 0 0 0 1
RESPONSES 1 1 1 1 1 1 0 0 0 0 1 1 1 1 1 1 1 1 1 1 1 1 1 0 1
RESPONSES 0 0 1 1 1 1 0 0 0 0 1 1 0 0 0 1 1 1 1 0 0 0 0 0 0
RESPONSES 0 0 0 0 0 1 0 0 0 0 0 0 1 1 1 1 1 1 1 0 0 1 1 0 0
RESPONSES 0 0 1 1 1 1 1 1 1 1 1 1 1 1 1 1 1 1 1 0 0 0 0 0 0
RESPONSES 0 0 1 1 1 1 0 0 1 1 1 1 1 1 1 1 1 1 1 0 0 1 1 0 0
RESPONSES 0 0 1 1 1 1 0 0 0 0 1 1 1 1 1 1 1 1 1 1 1 1 1 0 0
RESPONSES 1 1 1 1 1 1 1 1 1 1 1 1 1 1 1 1 1 1 1 0 0 0 0 1 1
RESPONSES 0 0 1 1 1 1 0 0 0 0 1 1 0 0 0 0 0 0 0 0 1 1 1 0 1
RESPONSES 0 0 0 0 0 0 0 0 0 0 1 1 0 0 0 1 1 1 1 0 0 0 0 0 0
COSTS 14 7 9 15 5 17 11 4 6 12 11 18 9 10 5 4 10 11 8 19 5 8 9 4 12
COSTS 14 7 8 15 4 17 11 4 6 12 11 18 8 8 4 5 9 7 8 19 5 11 13 4 12
COSTS 14 7 9 15 4 17 11 4 6 12 8 15 8 8 4 5 9 7 8 19 5 8 13 4 12
COSTS 14 7 9 15 4 17 10 4 6 11 11 18 8 8 4 5 9 7 8 15 5 11 13 4 12
COSTS 14 7 9 15 5 17 11 4 6 12 11 18 8 8 4 5 9 7 8 19 5 11 13 4 14
COSTS 14 7 9 15 5 15 11 4 6 11 11 18 8 8 4 5 9 7 8 15 5 8 9 4 12
COSTS 12 8 8 15 4 17 11 4 6 12 11 18 8 8 4 5 9 7 8 19 5 8 9 4 12
COSTS 14 7 9 15 5 15 11 4 6 12 8 15 8 8 4 5 9 7 8 19 5 8 13 4 14
COSTS 14 7 9 15 5 15 11 4 6 12 11 18 9 10 4 4 10 11 8 19 5 8 9 4 14
COSTS 14 7 8 15 4 17 11 4 6 12 8 15 9 10 5 5 9 7 8 19 5 11 13 4 14
COSTS 14 7 8 15 4 17 11 4 6 11 11 18 8 8 4 5 9 7 8 15 5 11 13 4 12
COSTS 14 7 8 15 4 17 11 4 6 12 8 15 9 10 4 5 9 7 8 15 5 11 13 4 14
COSTS 14 7 9 15 4 17 11 4 6 12 11 18 8 8 4 5 9 7 8 19 5 11 13 4 14
COSTS 14 7 9 15 4 17 11 4 6 12 8 15 8 8 4 5 9 7 8 19 5 11 13 4 12
COSTS 14 7 8 15 4 17 11 4 6 11 11 18 8 8 4 5 9 7 8 19 5 8 9 4 12
COSTS 12 8 8 15 4 17 11 4 6 12 11 18 8 8 4 5 9 7 8 15 5 11 13 4 12
COSTS 14 7 8 15 4 17 11 4 6 12 11 18 9 10 5 5 9 7 8 19 5 8 9 4 14
COSTS 14 7 9 15 5 17 11 4 6 12 8 15 8 8 4 5 9 7 8 19 5 11 13 4 14
COSTS 14 7 8 15 4 17 10 4 6 11 11 18 8 8 4 5 9 7 8 19 5 8 9 4 14
COSTS 14 7 8 15 4 17 11 4 6 11 11 18 8 8 4 5 9 7 8 19 5 11 13 4 14
COSTS 14 7 8 15 4 17 11 4 6 12 11 18 8 8 4 5 9 7 8 15 5 11 13 4 14
COSTS 12 8 8 15 4 17 10 4 6 11 11 18 8 8 4 5 9 7 8 19 5 8 9 5 12
COSTS 14 7 8 15 4 17 11 4 6 12 11 18 9 10 5 4 10 11 8 19 5 11 13 4 12
COSTS 14 7 9 15 5 15 11 4 6 12 11 18 9 10 5 5 9 7 8 19 5 8 9 4 14
END
STATE 86a680aed99507577b30f60dd32b07396ed4e7fa9969c0255b8baa19485c5c8a 6002 24 11
LABELS 1 3 0 0 0 2 3 2 0 1 0 0 3 3 3 3 3 2 2 1 2 2 2 3
MASSES 20 3 4 16 29 27 20 18 3 28 7 2 17 24 19 29 23 10 23 9 11 1 25 1
QUERY_IDS 0 1 2 3 5 6 7 8 9 10 11
RESPONSES 3 1 0 0 1 1 0 1 0 0 0
RESPONSES 3 2 0 2 0 1 0 1 0 0 0
RESPONSES 4 1 0 1 0 1 0 0 0 0 0
RESPONSES 4 1 0 2 0 1 0 1 0 0 0
RESPONSES 4 1 0 2 0 1 0 1 0 0 0
RESPONSES 0 1 0 2 1 1 0 1 0 0 0
RESPONSES 0 2 0 2 1 1 0 1 0 0 0
RESPONSES 3 1 0 1 0 1 0 0 0 0 0
RESPONSES 4 0 0 2 0 1 0 0 0 0 0
RESPONSES 3 1 0 2 0 1 0 1 0 0 0
RESPONSES 4 1 0 2 0 1 0 0 0 0 0
RESPONSES 4 1 0 2 0 1 0 0 0 0 0
RESPONSES 2 2 0 1 0 1 0 1 0 0 0
RESPONSES 2 2 0 1 0 1 0 1 0 0 0
RESPONSES 2 2 0 1 0 1 0 1 0 0 0
RESPONSES 3 2 0 1 0 1 0 1 0 0 0
RESPONSES 3 2 0 1 0 1 0 1 0 0 0
RESPONSES 0 1 0 2 0 1 0 1 0 0 0
RESPONSES 0 1 0 2 0 1 0 1 0 0 0
RESPONSES 0 0 0 2 1 1 0 1 0 0 0
RESPONSES 0 0 0 2 1 1 0 1 0 0 0
RESPONSES 1 0 0 2 1 1 0 1 0 2 1
RESPONSES 3 0 0 1 1 1 0 0 0 1 0
RESPONSES 3 2 0 2 0 0 0 1 0 0 0
COSTS 6 5 8 4 5 13 15 10 10 10 12
COSTS 6 8 8 6 4 13 15 10 10 10 12
COSTS 7 5 8 3 4 13 15 13 10 10 12
COSTS 7 5 8 6 4 13 15 10 10 10 12
COSTS 7 5 8 6 4 13 15 10 10 10 12
COSTS 5 5 8 6 5 13 15 10 10 10 12
COSTS 5 8 8 6 5 13 15 10 10 10 12
COSTS 6 5 8 3 4 13 15 13 10 10 12
COSTS 7 7 8 6 4 13 15 13 10 10 12
COSTS 6 5 8 6 4 13 15 10 10 10 12
COSTS 7 5 8 6 4 13 15 13 10 10 12
COSTS 7 5 8 6 4 13 15 13 10 10 12
COSTS 6 8 8 3 4 13 15 10 10 10 12
COSTS 6 8 8 3 4 13 15 10 10 10 12
COSTS 6 8 8 3 4 13 15 10 10 10 12
COSTS 6 8 8 3 4 13 15 10 10 10 12
COSTS 6 8 8 3 4 13 15 10 10 10 12
COSTS 5 5 8 6 4 13 15 10 10 10 12
COSTS 5 5 8 6 4 13 15 10 10 10 12
COSTS 5 7 8 6 5 13 15 10 10 10 12
COSTS 5 7 8 6 5 13 15 10 10 10 12
COSTS 8 7 8 6 5 13 15 10 10 8 13
COSTS 6 7 8 3 5 13 15 13 10 9 12
COSTS 6 8 8 6 4 12 15 10 10 10 12
END
STATE 873525b93085cadae82a65696616dfa07f05cad4df59d23c1ed9a438397ec34f 6001 24 28
LABELS 0 0 0 0 0 0 0 0 0 0 0 0 0 0 0 0 1 0 1 0 0 0 0 0
MASSES 27 27 22 28 24 3 2 29 21 11 23 29 10 19 3 21 19 18 26 6 15 1 16 3
QUERY_IDS 1 2 3 4 5 7 8 9 10 11 12 13 14 16 17 18 19 20 22 26 27 28 29 30 31 32 33 34
RESPONSES 0 1 1 1 1 1 1 1 1 1 1 1 1 1 1 1 1 1 1 1 1 1 1 1 1 1 1 1
RESPONSES 0 1 1 1 1 1 1 1 1 1 1 1 1 1 1 1 1 1 1 1 1 1 1 1 1 1 1 1
RESPONSES 1 1 1 1 1 1 1 1 1 1 1 1 1 1 1 1 1 1 1 1 1 1 1 1 1 1 1 1
RESPONSES 0 0 0 1 1 1 1 1 1 1 1 1 1 1 1 1 1 1 1 1 1 1 1 1 1 1 1 1
RESPONSES 0 0 0 0 0 1 1 1 1 0 1 1 1 0 1 1 1 1 1 1 1 1 1 1 1 1 1 1
RESPONSES 0 0 0 1 1 1 1 1 1 1 1 1 1 1 1 1 1 1 1 0 1 1 1 1 1 1 1 1
RESPONSES 1 1 1 1 1 1 1 1 1 1 1 1 1 1 1 1 1 1 1 0 1 1 1 1 1 1 1 1
RESPONSES 0 0 0 0 1 1 1 1 1 1 1 1 1 1 1 1 1 1 1 0 1 1 1 1 1 1 1 1
RESPONSES 0 1 1 1 1 0 1 1 1 1 1 1 1 1 1 1 1 1 1 1 1 1 1 1 1 1 1 1
RESPONSES 0 0 0 1 1 0 1 1 1 0 1 1 1 1 1 1 1 1 1 1 1 1 1 1 1 1 1 1
RESPONSES 0 0 0 1 1 1 1 1 1 1 1 1 1 1 1 1 1 1 1 1 1 1 1 1 1 1 1 1
RESPONSES 0 0 0 1 1 1 1 1 1 1 1 1 1 1 1 1 1 1 1 1 1 1 1 1 1 1 1 1
RESPONSES 0 0 0 1 1 1 1 1 1 1 1 1 1 0 1 1 0 1 1 0 1 1 1 0 1 1 1 1
RESPONSES 1 1 1 1 1 1 1 1 1 1 1 1 1 1 1 1 1 1 1 1 1 1 1 1 1 1 1 1
RESPONSES 1 1 1 1 1 1 1 1 1 1 1 1 1 1 1 1 1 1 1 1 1 1 1 1 1 1 1 1
RESPONSES 0 1 1 1 1 1 1 1 1 1 1 1 1 1 1 1 1 1 1 0 1 1 1 0 1 1 1 1
RESPONSES 0 0 0 0 0 0 0 0 0 0 0 0 0 0 0 0 0 0 0 0 0 0 0 0 0 0 0 0
RESPONSES 0 0 0 1 1 0 0 1 1 1 1 1 1 1 1 1 1 1 1 1 1 1 1 1 1 1 1 1
RESPONSES 0 0 1 1 1 0 0 0 1 0 0 1 1 0 0 1 0 0 0 0 0 0 0 0 0 1 1 1
RESPONSES 0 0 1 1 1 1 1 1 1 1 1 1 1 1 1 1 1 1 1 1 1 1 1 1 1 1 1 1
RESPONSES 0 0 0 1 1 0 0 1 1 0 0 0 1 1 1 1 1 1 1 1 1 1 1 1 1 1 1 1
RESPONSES 1 1 1 1 1 1 1 1 1 1 1 1 1 1 1 1 1 1 1 0 1 1 1 1 1 1 1 1
RESPONSES 1 1 1 1 1 1 1 1 1 1 1 1 1 1 1 1 1 1 1 0 1 1 1 1 1 1 1 1
RESPONSES 1 1 1 1 1 1 1 1 1 1 1 1 1 1 1 1 1 1 1 0 1 1 1 1 1 1 1 1
COSTS 8 6 9 11 5 7 15 17 4 7 8 2 18 9 4 11 13 9 14 14 8 10 12 9 14 14 14 6
COSTS 8 6 9 11 5 7 15 17 4 7 8 2 18 9 4 11 13 9 14 14 8 10 12 9 14 14 14 6
COSTS 6 6 9 11 5 7 15 17 4 7 8 2 18 9 4 11 13 9 14 14 8 10 12 9 14 14 14 6
COSTS 8 7 5 11 5 7 15 17 4 7 8 2 18 9 4 11 13 9 14 14 8 10 12 9 14 14 14 6
COSTS 8 7 5 10 3 7 15 17 4 8 8 2 18 10 4 11 13 9 14 14 8 10 12 9 14 14 14 6
COSTS 8 7 5 11 5 7 15 17 4 7 8 2 18 9 4 11 13 9 14 12 8 10 12 9 14 14 14 6
COSTS 6 6 9 11 5 7 15 17 4 7 8 2 18 9 4 11 13 9 14 12 8 10 12 9 14 14 14 6
COSTS 8 7 5 10 5 7 15 17 4 7 8 2 18 9 4 11 13 9 14 12 8 10 12 9 14 14 14 6
COSTS 8 6 9 11 5 6 15 17 4 7 8 2 18 9 4 11 13 9 14 14 8 10 12 9 14 14 14 6
COSTS 8 7 5 11 5 6 15 17 4 8 8 2 18 9 4 11 13 9 14 14 8 10 12 9 14 14 14 6
COSTS 8 7 5 11 5 7 15 17 4 7 8 2 18 9 4 11 13 9 14 14 8 10 12 9 14 14 14 6
COSTS 8 7 5 11 5 7 15 17 4 7 8 2 18 9 4 11 13 9 14 14 8 10 12 9 14 14 14 6
COSTS 8 7 5 11 5 7 15 17 4 7 8 2 18 10 4 11 14 9 14 12 8 10 12 6 14 14 14 6
COSTS 6 6 9 11 5 7 15 17 4 7 8 2 18 9 4 11 13 9 14 14 8 10 12 9 14 14 14 6
COSTS 6 6 9 11 5 7 15 17 4 7 8 2 18 9 4 11 13 9 14 14 8 10 12 9 14 14 14 6
COSTS 8 6 9 11 5 7 15 17 4 7 8 2 18 9 4 11 13 9 14 12 8 10 12 6 14 14 14 6
COSTS 8 7 5 10 3 6 13 15 6 8 7 2 19 10 3 11 14 11 14 12 12 7 12 6 10 15 14 9
COSTS 8 7 5 11 5 6 13 17 4 7 8 2 18 9 4 11 13 9 14 14 8 10 12 9 14 14 14 6
COSTS 8 7 9 11 5 6 13 15 4 8 7 2 18 10 3 11 14 11 14 12 12 7 12 6 10 14 14 6
COSTS 8 7 9 11 5 7 15 17 4 7 8 2 18 9 4 11 13 9 14 14 8 10 12 9 14 14 14 6
COSTS 8 7 5 11 5 6 13 17 4 8 7 2 18 9 4 11 13 9 14 14 8 10 12 9 14 14 14 6
COSTS 6 6 9 11 5 7 15 17 4 7 8 2 18 9 4 11 13 9 14 12 8 10 12 9 14 14 14 6
COSTS 6 6 9 11 5 7 15 17 4 7 8 2 18 9 4 11 13 9 14 12 8 10 12 9 14 14 14 6
COSTS 6 6 9 11 5 7 15 17 4 7 8 2 18 9 4 11 13 9 14 12 8 10 12 9 14 14 14 6
END
STATE 89b6fb83823017a5c6a5ca8d9c4aaf186f0f02da39202683c5ecdd00d6ed78c8 6002 24 11
LABELS 1 1 3 2 3 2 3 2 1 1 2 1 3 0 0 1 2 2 2 2 2 1 2 2
MASSES 4 23 6 31 28 13 15 31 29 24 27 25 23 10 20 7 27 11 25 8 1 2 24 2
QUERY_IDS 0 1 2 3 5 6 7 8 9 10 11
RESPONSES 4 2 0 0 1 0 0 1 0 0 0
RESPONSES 4 2 0 0 1 0 0 1 0 0 0
RESPONSES 2 1 1 1 1 0 0 1 0 1 0
RESPONSES 0 1 1 1 1 0 0 1 0 0 0
RESPONSES 0 1 1 1 1 0 0 1 0 0 0
RESPONSES 2 0 1 2 1 0 0 1 1 2 1
RESPONSES 0 1 1 1 1 0 0 1 0 1 0
RESPONSES 2 0 1 2 1 0 1 1 0 0 0
RESPONSES 4 1 1 2 0 0 0 0 0 1 0
RESPONSES 3 2 0 1 0 0 0 1 0 0 0
RESPONSES 2 0 1 1 1 0 1 1 1 2 0
RESPONSES 2 2 0 1 1 0 0 1 0 0 0
RESPONSES 4 2 1 1 1 0 0 1 0 1 0
RESPONSES 5 2 1 1 0 0 0 0 0 0 0
RESPONSES 5 2 1 1 0 0 0 0 0 0 0
RESPONSES 1 1 1 1 0 0 0 1 1 1 0
RESPONSES 2 0 0 2 1 0 0 1 0 1 0
RESPONSES 2 0 1 1 1 0 0 1 0 0 0
RESPONSES 2 0 1 1 1 0 0 1 0 0 0
RESPONSES 1 1 1 2 1 0 0 1 0 0 0
RESPONSES 2 0 1 2 1 0 1 1 0 2 0
RESPONSES 4 2 0 1 1 0 0 1 0 0 0
RESPONSES 0 1 1 1 0 0 0 1 0 0 0
RESPONSES 2 0 1 1 1 0 1 1 1 0 1
COSTS 6 5 8 4 5 13 15 10 10 10 12
COSTS 6 5 8 4 5 13 15 10 10 10 12
COSTS 8 7 5 3 5 13 15 10 10 9 12
COSTS 5 7 5 3 5 13 15 10 10 10 12
COSTS 5 7 5 3 5 13 15 10 10 10 12
COSTS 8 7 5 6 5 13 15 10 10 8 13
COSTS 5 7 5 3 5 13 15 10 10 9 12
COSTS 8 7 5 6 5 13 18 10 10 10 12
COSTS 6 7 5 6 4 13 15 13 10 9 12
COSTS 6 5 8 3 4 13 15 10 10 10 12
COSTS 8 7 5 3 5 13 18 10 10 8 12
COSTS 8 5 8 3 5 13 15 10 10 10 12
COSTS 6 5 5 3 5 13 15 10 10 9 12
COSTS 7 5 5 3 4 13 15 13 10 10 12
COSTS 7 5 5 3 4 13 15 13 10 10 12
COSTS 7 7 5 3 4 13 15 10 10 9 12
COSTS 8 7 8 6 5 13 15 10 10 9 12
COSTS 8 7 5 3 5 13 15 10 10 10 12
COSTS 8 7 5 3 5 13 15 10 10 10 12
COSTS 7 7 5 6 5 13 15 10 10 10 12
COSTS 8 7 5 6 5 13 18 10 10 8 12
COSTS 6 5 8 3 5 13 15 10 10 10 12
COSTS 5 7 5 3 4 13 15 10 10 10 12
COSTS 8 7 5 3 5 13 18 10 10 10 13
END
STATE 8a9951e060257391ffb65e5cc2a5066fec88140a6d1c720071fae67325cab324 6001 24 21
LABELS 2 0 0 1 0 1 0 0 2 0 0 3 0 0 0 0 1 0 0 0 0 0 0 0
MASSES 1 20 28 27 3 6 22 31 29 7 29 30 25 27 7 29 31 25 17 25 19 13 26 29
QUERY_IDS 1 4 5 6 11 12 13 16 18 19 20 23 25 26 27 30 31 32 33 35 37
RESPONSES 0 0 0 0 1 1 1 0 0 1 1 0 1 1 1 1 1 0 0 0 1
RESPONSES 0 0 0 0 1 1 1 0 1 1 1 0 1 1 1 1 1 0 0 0 1
RESPONSES 1 1 1 1 1 1 1 0 0 1 1 1 0 0 0 0 0 0 0 1 1
RESPONSES 1 1 1 1 1 1 1 1 1 1 1 0 0 0 0 1 1 0 1 1 1
RESPONSES 0 0 0 0 1 1 1 0 0 0 0 0 0 0 0 1 1 0 0 1 1
RESPONSES 0 0 1 1 0 1 1 0 0 0 0 0 0 0 0 0 1 0 1 1 1
RESPONSES 1 1 1 1 1 1 1 0 1 1 1 0 0 0 0 0 0 0 1 1 1
RESPONSES 1 1 1 1 1 1 1 0 1 1 1 0 0 0 0 1 1 1 0 0 0
RESPONSES 0 1 1 1 0 1 1 0 0 0 0 1 1 1 1 1 1 1 0 0 1
RESPONSES 1 1 1 1 0 1 1 0 0 1 1 0 0 0 0 0 0 1 0 1 1
RESPONSES 1 1 1 1 1 1 1 1 1 1 1 0 0 0 0 0 0 0 1 1 1
RESPONSES 1 1 1 1 1 1 1 1 1 1 1 0 1 1 1 1 1 1 0 0 0
RESPONSES 0 1 1 1 1 1 1 0 1 1 1 0 0 0 0 1 1 0 0 0 1
RESPONSES 1 1 1 1 1 1 1 1 1 1 1 0 0 0 0 0 1 0 1 1 1
RESPONSES 0 1 1 1 1 1 1 1 1 1 1 0 0 0 0 1 1 0 0 0 0
RESPONSES 0 1 1 1 1 1 1 0 0 1 1 0 0 0 0 1 1 1 0 1 1
RESPONSES 0 1 1 1 0 0 0 0 0 0 0 0 0 0 0 0 1 1 0 0 1
RESPONSES 1 1 1 1 1 1 1 0 1 1 1 0 0 0 0 1 1 0 1 1 1
RESPONSES 1 1 1 1 1 1 1 0 0 1 1 0 0 0 0 1 1 0 1 1 1
RESPONSES 0 1 1 1 1 1 1 0 0 0 0 0 0 0 0 0 1 0 1 1 1
RESPONSES 0 1 1 1 1 1 1 0 0 0 0 0 0 0 0 1 1 0 0 1 1
RESPONSES 0 1 1 1 0 0 0 0 0 1 1 0 0 0 0 1 1 0 0 0 1
RESPONSES 1 1 1 1 0 0 0 0 0 1 1 0 0 0 0 1 1 1 0 1 1
RESPONSES 1 1 1 1 0 1 1 0 0 1 1 0 0 0 0 0 0 0 0 1 1
COSTS 3 16 8 8 16 6 11 3 11 9 14 15 15 4 17 12 5 16 18 12 6
COSTS 3 16 8 8 16 6 11 3 13 9 14 15 15 4 17 12 5 16 18 12 6
COSTS 2 16 7 10 16 6 11 3 11 9 14 14 15 8 15 10 6 16 18 13 6
COSTS 2 16 7 10 16 6 11 3 13 9 14 15 15 8 15 12 5 16 18 13 6
COSTS 3 16 8 8 16 6 11 3 11 8 10 15 15 8 15 12 5 16 18 13 6
COSTS 3 16 7 10 18 6 11 3 11 8 10 15 15 8 15 10 5 16 18 13 6
COSTS 2 16 7 10 16 6 11 3 13 9 14 15 15 8 15 10 6 16 18 13 6
COSTS 2 16 7 10 16 6 11 3 13 9 14 15 15 8 15 12 5 15 18 12 4
COSTS 3 16 7 10 18 6 11 3 11 8 10 14 15 4 17 12 5 15 18 12 6
COSTS 2 16 7 10 18 6 11 3 11 9 14 15 15 8 15 10 6 15 18 13 6
COSTS 2 16 7 10 16 6 11 3 13 9 14 15 15 8 15 10 6 16 18 13 6
COSTS 2 16 7 10 16 6 11 3 13 9 14 15 15 4 17 12 5 15 18 12 4
COSTS 3 16 7 10 16 6 11 3 13 9 14 15 15 8 15 12 5 16 18 12 6
COSTS 2 16 7 10 16 6 11 3 13 9 14 15 15 8 15 10 5 16 18 13 6
COSTS 3 16 7 10 16 6 11 3 13 9 14 15 15 8 15 12 5 16 18 12 4
COSTS 3 16 7 10 16 6 11 3 11 9 14 15 15 8 15 12 5 15 18 13 6
COSTS 3 16 7 10 18 4 11 3 11 8 10 15 15 8 15 10 5 15 18 12 6
COSTS 2 16 7 10 16 6 11 3 13 9 14 15 15 8 15 12 5 16 18 13 6
COSTS 2 16 7 10 16 6 11 3 11 9 14 15 15 8 15 12 5 16 18 13 6
COSTS 3 16 7 10 16 6 11 3 11 8 10 15 15 8 15 10 5 16 18 13 6
COSTS 3 16 7 10 16 6 11 3 11 8 10 15 15 8 15 12 5 16 18 13 6
COSTS 3 16 7 10 18 4 11 3 11 9 14 15 15 8 15 12 5 16 18 12 6
COSTS 2 16 7 10 18 4 11 3 11 9 14 15 15 8 15 12 5 15 18 13 6
COSTS 2 16 7 10 18 6 11 3 11 9 14 15 15 8 15 10 6 16 18 13 6
END
STATE 8c263c0199215860769279baf25516fb7a85df135579e41ec9afbcc2cfd3c534 6003 24 32
LABELS 5 5 0 1 5 2 5 2 5 3 3 5 2 1 4 5 2 1 2 1 0 1 5 5
MASSES 9 21 27 15 29 3 21 9 12 21 28 27 19 6 14 23 20 1 25 13 13 9 26 6
QUERY_IDS 1 2 3 17 23 24 25 26 30 31 32 40 41 42 44 45 47 49 50 52 53 54 55 56 57 62 68 69 70 74 75 76
RESPONSES 0 0 0 1 0 0 0 0 0 0 0 0 0 1 0 0 0 0 0 0 0 0 0 0 1 1 1 1 1 1 1 1
RESPONSES 0 0 0 0 0 0 0 0 0 0 0 1 1 1 1 1 1 1 1 1 1 1 1 1 1 1 0 0 0 0 0 0
RESPONSES 0 0 0 0 0 0 0 0 0 0 0 0 0 0 1 1 1 1 1 1 1 1 1 1 1 1 0 1 1 0 0 0
RESPONSES 0 0 0 0 0 0 0 0 0 0 0 0 0 0 0 0 0 1 1 1 1 1 1 1 1 1 1 1 1 1 1 1
RESPONSES 0 0 0 1 0 0 0 0 0 0 0 0 0 0 0 0 1 1 1 1 1 1 1 1 1 1 1 1 1 0 0 0
RESPONSES 0 0 0 0 0 0 0 0 0 0 0 0 0 0 1 1 1 1 1 1 1 1 1 1 1 1 1 1 1 0 0 0
RESPONSES 0 0 0 1 0 0 0 0 0 0 0 0 0 1 0 0 0 0 0 0 0 0 0 0 1 1 1 1 1 1 1 1
RESPONSES 0 0 0 0 0 0 0 0 0 0 0 0 0 0 1 1 1 1 1 1 1 1 1 1 1 1 1 1 1 0 0 0
RESPONSES 1 1 1 1 0 0 0 0 0 0 0 0 0 0 0 0 0 0 0 0 0 0 0 0 0 1 1 1 1 1 1 1
RESPONSES 0 0 0 0 0 0 0 0 1 1 1 0 0 0 0 0 0 1 1 0 0 1 1 1 1 1 1 1 1 0 0 0
RESPONSES 0 0 0 0 0 0 0 0 0 0 0 1 1 1 0 0 0 1 1 1 1 1 1 1 1 0 0 0 0 0 0 0
RESPONSES 1 1 1 1 0 0 0 0 0 0 0 0 0 0 0 0 0 1 1 0 0 0 0 0 1 1 1 1 1 1 1 1
RESPONSES 0 0 0 0 0 0 0 0 0 0 0 0 0 0 1 1 1 1 1 1 1 1 1 1 1 1 1 1 1 0 0 0
RESPONSES 0 0 0 1 0 0 0 0 0 0 0 1 1 1 0 0 1 1 1 1 1 1 1 1 1 1 1 1 1 0 0 0
RESPONSES 0 0 0 0 1 1 1 1 0 0 0 0 0 1 0 0 1 1 1 0 0 0 0 0 1 1 1 1 1 0 0 0
RESPONSES 0 0 0 1 0 0 0 0 0 0 0 0 0 0 0 0 0 1 1 0 0 1 1 1 1 1 1 1 1 0 0 0
RESPONSES 0 0 0 0 0 0 0 0 0 0 0 0 0 0 1 1 1 1 1 1 1 1 1 1 1 1 1 1 1 0 0 0
RESPONSES 0 0 0 0 0 0 0 0 0 0 0 0 0 1 0 0 0 0 0 1 1 1 1 1 1 1 1 1 1 1 1 1
RESPONSES 0 0 0 0 0 0 0 0 0 0 0 0 0 0 1 1 1 1 1 1 1 1 1 1 1 1 1 1 1 0 0 0
RESPONSES 0 0 0 1 0 0 0 0 0 0 0 1 1 1 0 0 0 1 1 1 1 1 1 1 1 1 1 1 1 0 0 0
RESPONSES 0 0 0 0 0 0 0 0 0 0 0 0 0 0 1 1 1 1 1 1 1 1 1 1 1 1 1 1 1 0 0 0
RESPONSES 0 0 0 1 0 0 0 0 0 0 0 1 1 1 0 0 0 1 1 1 1 1 1 1 1 1 1 1 1 0 0 0
RESPONSES 0 0 0 1 0 0 0 0 0 0 0 0 0 1 0 0 0 0 0 0 0 0 0 0 1 1 0 1 1 1 1 1
RESPONSES 0 0 0 0 0 0 0 0 0 0 0 1 1 1 1 1 1 1 1 1 1 1 1 1 1 1 0 0 0 0 0 0
COSTS 12 11 13 13 6 4 10 2 6 13 12 12 14 13 14 15 4 6 17 6 15 8 9 4 14 7 18 13 3 15 1 15
COSTS 12 11 13 13 6 4 10 2 6 13 12 11 17 13 16 13 4 9 17 5 15 10 9 7 14 7 18 12 2 13 4 15
COSTS 12 11 13 13 6 4 10 2 6 13 12 12 14 12 16 13 4 9 17 5 15 10 9 7 14 7 18 13 3 13 4 15
COSTS 12 11 13 13 6 4 10 2 6 13 12 12 14 12 14 15 4 9 17 5 15 10 9 7 14 7 18 13 3 15 1 15
COSTS 12 11 13 13 6 4 10 2 6 13 12 12 14 12 14 15 4 9 17 5 15 10 9 7 14 7 18 13 3 13 4 15
COSTS 12 11 13 13 6 4 10 2 6 13 12 12 14 12 16 13 4 9 17 5 15 10 9 7 14 7 18 13 3 13 4 15
COSTS 12 11 13 13 6 4 10 2 6 13 12 12 14 13 14 15 4 6 17 6 15 8 9 4 14 7 18 13 3 15 1 15
COSTS 12 11 13 13 6 4 10 2 6 13 12 12 14 12 16 13 4 9 17 5 15 10 9 7 14 7 18 13 3 13 4 15
COSTS 9 11 16 13 6 4 10 2 6 13 12 12 14 12 14 15 4 6 17 6 15 8 9 4 16 7 18 13 3 15 1 15
COSTS 12 11 13 13 6 4 10 2 8 13 16 12 14 12 14 15 4 9 17 6 15 10 9 7 14 7 18 13 3 13 4 15
COSTS 12 11 13 13 6 4 10 2 6 13 12 11 17 13 14 15 4 9 17 5 15 10 9 7 14 7 18 12 2 13 4 15
COSTS 9 11 16 13 6 4 10 2 6 13 12 12 14 12 14 15 4 9 17 6 15 8 9 4 14 7 18 13 3 15 1 15
COSTS 12 11 13 13 6 4 10 2 6 13 12 12 14 12 16 13 4 9 17 5 15 10 9 7 14 7 18 13 3 13 4 15
COSTS 12 11 13 13 6 4 10 2 6 13 12 11 17 13 14 15 4 9 17 5 15 10 9 7 14 7 18 13 3 13 4 15
COSTS 12 11 13 13 3 5 12 6 6 13 12 12 14 13 14 15 4 9 17 6 15 8 9 4 14 7 18 13 3 13 4 15
COSTS 12 11 13 13 6 4 10 2 6 13 12 12 14 12 14 15 4 9 17 6 15 10 9 7 14 7 18 13 3 13 4 15
COSTS 12 11 13 13 6 4 10 2 6 13 12 12 14 12 16 13 4 9 17 5 15 10 9 7 14 7 18 13 3 13 4 15
COSTS 12 11 13 13 6 4 10 2 6 13 12 12 14 13 14 15 4 6 17 5 15 10 9 7 14 7 18 13 3 15 1 15
COSTS 12 11 13 13 6 4 10 2 6 13 12 12 14 12 16 13 4 9 17 5 15 10 9 7 14 7 18 13 3 13 4 15
COSTS 12 11 13 13 6 4 10 2 6 13 12 11 17 13 14 15 4 9 17 5 15 10 9 7 14 7 18 13 3 13 4 15
COSTS 12 11 13 13 6 4 10 2 6 13 12 12 14 12 16 13 4 9 17 5 15 10 9 7 14 7 18 13 3 13 4 15
COSTS 12 11 13 13 6 4 10 2 6 13 12 11 17 13 14 15 4 9 17 5 15 10 9 7 14 7 18 13 3 13 4 15
COSTS 12 11 13 13 6 4 10 2 6 13 12 12 14 13 14 15 4 6 17 6 15 8 9 4 14 7 18 13 3 15 1 15
COSTS 12 11 13 13 6 4 10 2 6 13 12 11 17 13 16 13 4 9 17 5 15 10 9 7 14 7 18 12 2 13 4 15
END
STATE 8c91854426e9671a908152cd8f0e9f0dd3f11995fed15698e80283e39c81fd29 6002 16 13
LABELS 1 1 1 1 1 1 1 1 1 0 1 1 1 1 1 1
MASSES 6 24 3 23 2 2 1 9 21 15 10 5 12 30 16 26
QUERY_IDS 0 1 3 4 5 7 8 9 10 11 12 13 14
RESPONSES 1 1 1 2 1 0 0 0 2 2 1 1 0
RESPONSES 0 2 1 2 1 0 0 1 2 2 1 1 0
RESPONSES 1 2 1 2 1 0 0 1 2 1 1 0 0
RESPONSES 0 1 1 2 1 0 0 1 1 2 1 1 0
RESPONSES 0 1 1 2 1 0 0 1 1 2 1 1 0
RESPONSES 0 1 1 2 1 0 0 0 1 2 1 1 0
RESPONSES 0 1 1 2 1 0 0 0 1 2 1 1 0
RESPONSES 0 1 1 2 1 0 0 0 1 2 1 1 0
RESPONSES 1 2 1 2 1 0 0 1 1 2 1 1 0
RESPONSES 1 2 0 1 0 1 1 0 2 1 0 0 1
RESPONSES 1 1 1 2 1 0 0 1 1 0 1 1 0
RESPONSES 0 2 1 0 1 0 0 1 1 2 1 1 0
RESPONSES 0 2 1 2 1 0 0 0 1 0 1 1 0
RESPONSES 0 2 1 2 0 0 0 0 0 0 1 1 0
RESPONSES 0 1 1 2 0 0 0 1 1 2 1 1 0
RESPONSES 0 0 1 2 1 0 0 1 1 2 1 1 0
COSTS 15 6 14 7 2 2 13 14 9 4 10 15 15
COSTS 14 5 14 7 2 2 13 10 9 4 10 15 15
COSTS 15 5 14 7 2 2 13 10 9 5 10 19 15
COSTS 14 6 14 7 2 2 13 10 5 4 10 15 15
COSTS 14 6 14 7 2 2 13 10 5 4 10 15 15
COSTS 14 6 14 7 2 2 13 14 5 4 10 15 15
COSTS 14 6 14 7 2 2 13 14 5 4 10 15 15
COSTS 14 6 14 7 2 2 13 14 5 4 10 15 15
COSTS 15 5 14 7 2 2 13 10 5 4 10 15 15
COSTS 15 5 14 4 4 3 11 14 9 5 14 19 19
COSTS 15 6 14 7 2 2 13 10 5 5 10 15 15
COSTS 14 5 14 7 2 2 13 10 5 4 10 15 15
COSTS 14 5 14 7 2 2 13 14 5 5 10 15 15
COSTS 14 5 14 7 4 2 13 14 8 5 10 15 15
COSTS 14 6 14 7 4 2 13 10 5 4 10 15 15
COSTS 14 5 14 7 2 2 13 10 5 4 10 15 15
END
STATE 8d7dba57da6b283d2d236e879f70d125c586d4ef050c78914ee2f718d7d87db7 6003 16 14
LABELS 1 1 1 1 1 1 1 1 1 1 1 1 1 1 0 1
MASSES 18 3 4 14 16 29 7 21 13 24 25 11 7 9 13 27
QUERY_IDS 0 1 2 3 4 5 6 7 8 9 11 12 13 15
RESPONSES 0 1 0 1 1 1 0 0 0 1 1 1 1 2
RESPONSES 0 1 0 1 1 1 0 0 0 1 1 1 1 1
RESPONSES 0 0 0 1 1 1 0 0 0 0 1 1 1 1
RESPONSES 0 0 0 1 1 1 0 0 0 1 1 1 1 2
RESPONSES 0 1 0 1 1 1 1 1 1 1 1 1 1 2
RESPONSES 0 1 0 1 1 1 0 0 0 0 1 1 1 0
RESPONSES 0 2 0 1 1 1 0 0 0 0 1 1 1 2
RESPONSES 1 1 0 1 1 1 0 0 0 1 1 1 1 1
RESPONSES 1 2 0 1 1 1 1 0 0 0 1 1 1 2
RESPONSES 0 2 0 1 1 1 0 0 0 1 1 1 1 0
RESPONSES 0 1 1 1 1 1 1 0 0 0 1 1 1 2
RESPONSES 0 1 0 1 1 1 0 0 0 1 1 0 1 2
RESPONSES 0 1 0 1 1 1 0 0 0 1 1 0 1 2
RESPONSES 0 2 0 1 1 1 0 0 0 0 1 1 1 0
RESPONSES 1 2 1 0 0 0 1 1 1 0 0 0 0 2
RESPONSES 0 1 0 1 1 0 0 0 0 0 1 1 1 2
COSTS 4 3 14 15 15 12 18 17 14 13 11 8 6 11
COSTS 4 3 14 15 15 12 18 17 14 13 11 8 6 15
COSTS 4 3 14 15 15 12 18 17 14 12 11 8 6 15
COSTS 4 3 14 15 15 12 18 17 14 13 11 8 6 11
COSTS 4 3 14 15 15 12 17 17 16 13 11 8 6 11
COSTS 4 3 14 15 15 12 18 17 14 12 11 8 6 14
COSTS 4 3 14 15 15 12 18 17 14 12 11 8 6 11
COSTS 4 3 14 15 15 12 18 17 14 13 11 8 6 15
COSTS 4 3 14 15 15 12 17 17 14 12 11 8 6 11
COSTS 4 3 14 15 15 12 18 17 14 13 11 8 6 14
COSTS 4 3 15 15 15 12 17 17 14 12 11 8 6 11
COSTS 4 3 14 15 15 12 18 17 14 13 11 6 6 11
COSTS 4 3 14 15 15 12 18 17 14 13 11 6 6 11
COSTS 4 3 14 15 15 12 18 17 14 12 11 8 6 14
COSTS 4 3 15 13 12 14 17 17 16 12 9 6 6 11
COSTS 4 3 14 15 15 14 18 17 14 12 11 8 6 11
END
STATE 8ddb99e0089dcafee16a1e9602517e964e9c4852ec290d686dbcd886d58747ce 6003 24 11
LABELS 1 4 4 2 3 1 0 1 0 0 0 0 2 1 1 2 4 2 2 4 4 2 4 4
MASSES 13 7 18 14 26 24 30 21 31 9 10 27 22 23 4 7 6 9 26 10 7 13 20 20
QUERY_IDS 0 1 2 4 5 6 7 8 9 10 11
RESPONSES 2 0 0 0 0 1 0 0 0 0 0
RESPONSES 4 2 0 0 0 1 0 1 0 0 0
RESPONSES 4 2 0 0 0 1 0 1 0 0 0
RESPONSES 2 1 0 0 0 1 0 1 0 0 0
RESPONSES 2 0 1 0 1 1 0 1 0 0 0
RESPONSES 3 1 0 0 0 1 0 1 0 0 0
RESPONSES 5 0 0 0 0 1 0 0 0 0 0
RESPONSES 4 1 0 0 0 1 0 1 1 1 0
RESPONSES 5 1 0 0 0 1 0 0 0 0 0
RESPONSES 5 1 0 0 0 1 0 0 0 0 0
RESPONSES 5 1 0 0 0 1 0 0 0 0 0
RESPONSES 5 1 0 0 0 1 0 0 0 0 0
RESPONSES 3 1 0 0 0 1 0 0 0 0 0
RESPONSES 3 1 0 0 0 1 0 0 0 0 0
RESPONSES 0 0 0 0 0 1 0 1 0 0 0
RESPONSES 0 1 0 0 0 1 0 1 0 0 0
RESPONSES 4 2 1 0 1 1 0 1 0 0 0
RESPONSES 4 0 0 0 0 1 0 0 0 0 0
RESPONSES 0 0 0 0 1 1 0 1 0 0 0
RESPONSES 1 2 0 0 0 1 0 1 0 0 0
RESPONSES 1 2 0 0 0 1 0 1 0 0 0
RESPONSES 2 0 0 0 1 1 0 1 0 0 0
RESPONSES 4 2 0 0 1 1 0 1 0 0 0
RESPONSES 4 2 0 0 0 0 0 1 0 0 0
COSTS 8 14 9 16 7 14 16 18 7 4 17
COSTS 12 16 9 16 7 14 16 14 7 4 17
COSTS 12 16 9 16 7 14 16 14 7 4 17
COSTS 8 13 9 16 7 14 16 14 7 4 17
COSTS 8 14 9 16 10 14 16 14 7 4 17
COSTS 8 13 9 16 7 14 16 14 7 4 17
COSTS 8 14 9 16 7 14 16 18 7 4 17
COSTS 12 13 9 16 7 14 16 14 11 8 17
COSTS 8 13 9 16 7 14 16 18 7 4 17
COSTS 8 13 9 16 7 14 16 18 7 4 17
COSTS 8 13 9 16 7 14 16 18 7 4 17
COSTS 8 13 9 16 7 14 16 18 7 4 17
COSTS 8 13 9 16 7 14 16 18 7 4 17
COSTS 8 13 9 16 7 14 16 18 7 4 17
COSTS 11 14 9 16 7 14 16 14 7 4 17
COSTS 11 13 9 16 7 14 16 14 7 4 17
COSTS 12 16 9 16 10 14 16 14 7 4 17
COSTS 12 14 9 16 7 14 16 18 7 4 17
COSTS 11 14 9 16 10 14 16 14 7 4 17
COSTS 12 16 9 16 7 14 16 14 7 4 17
COSTS 12 16 9 16 7 14 16 14 7 4 17
COSTS 8 14 9 16 10 14 16 14 7 4 17
COSTS 12 16 9 16 10 14 16 14 7 4 17
COSTS 12 16 9 16 7 13 16 14 7 4 17
END
STATE 8eb8c960e2ec95f46a2ecec2d2a00f07a02ee8e7c404a7f247df468cda8befcd 6003 24 36
LABELS 0 0 0 0 0 0 0 0 0 0 0 0 0 0 0 0 0 0 0 0 0 0 0 0
MASSES 5 13 2 8 13 16 16 18 27 14 13 4 18 3 30 18 17 29 3 19 7 10 11 3
QUERY_IDS 0 1 3 4 6 7 8 10 11 18 19 22 24 25 26 27 28 29 30 31 32 33 34 35 36 41 42 43 51 52 53 54 55 56 57 60
RESPONSES 0 1 1 1 1 1 0 0 0 0 0 0 0 0 0 0 0 0 0 0 0 0 0 0 0 0 0 0 0 0 0 0 0 0 0 1
RESPONSES 0 1 1 1 1 1 0 0 0 0 0 0 0 0 0 0 0 0 0 0 0 0 0 0 0 0 0 0 0 0 0 0 0 0 0 1
RESPONSES 1 1 1 1 1 1 0 1 0 0 0 0 0 0 0 0 0 0 0 0 0 0 0 0 0 0 0 0 0 0 0 0 0 0 0 1
RESPONSES 0 1 1 1 1 2 0 0 0 0 0 0 0 0 0 0 0 0 0 0 0 0 0 0 0 0 0 0 0 0 0 0 0 0 0 1
RESPONSES 0 1 1 1 1 1 0 0 0 0 0 0 0 0 0 0 0 0 0 0 0 0 0 0 0 0 0 0 0 0 0 0 0 0 0 1
RESPONSES 0 0 0 1 1 1 0 0 0 0 0 0 0 0 0 0 0 1 0 0 0 0 1 1 0 0 0 0 0 0 0 0 0 0 0 1
RESPONSES 0 0 1 1 1 1 0 0 0 0 0 0 0 0 0 0 0 0 0 0 0 0 0 0 0 0 0 0 0 0 0 0 0 0 0 1
RESPONSES 0 0 1 1 1 1 0 0 0 0 0 0 0 0 0 0 0 0 0 0 0 0 0 0 0 0 0 0 0 0 0 0 0 0 0 1
RESPONSES 0 0 1 1 1 1 0 0 0 0 0 0 0 0 0 0 0 0 0 0 0 0 0 0 0 0 0 0 0 0 0 0 0 0 0 1
RESPONSES 0 0 1 1 1 1 0 0 0 0 0 0 0 0 0 0 0 0 0 0 0 0 0 0 0 0 0 0 0 0 0 0 0 0 0 1
RESPONSES 0 0 1 1 1 1 0 0 0 0 0 0 0 0 0 0 0 0 0 0 0 0 0 0 0 0 0 0 0 0 0 0 0 0 0 1
RESPONSES 0 1 1 1 1 2 0 0 0 0 0 1 1 1 1 1 1 1 1 1 1 1 1 1 1 1 1 1 1 1 1 1 1 1 1 0
RESPONSES 0 0 0 0 1 1 0 0 1 0 0 0 0 0 0 0 0 0 0 0 0 0 0 0 0 0 0 0 0 0 0 0 0 0 0 1
RESPONSES 0 0 1 1 1 2 0 0 0 0 0 0 0 0 0 0 0 0 0 0 0 0 0 0 0 0 0 0 0 0 0 0 0 0 0 1
RESPONSES 0 0 0 0 1 2 0 0 0 0 0 1 1 1 1 1 1 1 1 1 1 1 1 1 1 1 1 1 0 0 0 0 0 0 0 1
RESPONSES 0 0 0 1 1 0 0 0 0 0 0 0 0 0 0 0 0 0 0 0 0 0 0 0 0 0 0 0 0 0 0 0 0 0 0 1
RESPONSES 0 0 0 0 1 2 0 0 0 0 1 0 0 0 0 0 0 0 0 0 0 0 0 0 0 0 0 0 0 0 0 0 0 0 0 1
RESPONSES 0 0 0 0 0 1 1 0 0 0 1 1 1 1 1 1 1 0 0 0 0 0 0 0 0 0 0 0 0 0 0 0 0 0 0 1
RESPONSES 1 1 1 1 1 1 0 0 0 0 0 0 0 0 0 0 0 0 0 0 0 0 0 0 0 0 0 0 0 0 0 0 0 0 0 1
RESPONSES 0 1 1 1 1 1 0 0 0 0 0 0 0 0 0 0 0 1 0 0 1 1 1 1 0 0 0 0 0 0 0 0 0 0 0 1
RESPONSES 0 0 1 1 1 1 0 0 0 1 1 0 0 0 0 0 0 0 0 0 0 0 0 0 0 0 0 0 0 0 0 0 0 0 0 1
RESPONSES 1 1 1 1 1 1 0 0 0 0 0 0 0 0 0 0 0 1 0 0 0 0 1 1 0 0 0 0 0 0 0 0 0 0 0 1
RESPONSES 0 0 0 0 1 2 0 0 0 0 0 1 1 1 1 1 1 0 0 0 0 0 0 0 0 0 0 0 0 0 0 0 0 0 0 1
RESPONSES 0 0 0 0 0 2 1 0 0 0 0 1 0 0 0 0 0 0 0 0 0 0 0 0 0 0 0 0 0 0 0 0 0 0 0 1
COSTS 3 18 12 12 7 11 9 13 3 3 6 4 7 6 15 15 18 9 3 7 2 13 1 13 5 7 6 12 7 18 13 4 5 8 19 17
COSTS 3 18 12 12 7 11 9 13 3 3 6 4 7 6 15 15 18 9 3 7 2 13 1 13 5 7 6 12 7 18 13 4 5 8 19 17
COSTS 1 18 12 12 7 11 9 13 3 3 6 4 7 6 15 15 18 9 3 7 2 13 1 13 5 7 6 12 7 18 13 4 5 8 19 17
COSTS 3 18 12 12 7 11 9 13 3 3 6 4 7 6 15 15 18 9 3 7 2 13 1 13 5 7 6 12 7 18 13 4 5 8 19 17
COSTS 3 18 12 12 7 11 9 13 3 3 6 4 7 6 15 15 18 9 3 7 2 13 1 13 5 7 6 12 7 18 13 4 5 8 19 17
COSTS 3 16 14 12 7 11 9 13 3 3 6 4 7 6 15 15 18 9 3 7 2 13 5 15 5 7 6 12 7 18 13 4 5 8 19 17
COSTS 3 16 12 12 7 11 9 13 3 3 6 4 7 6 15 15 18 9 3 7 2 13 1 13 5 7 6 12 7 18 13 4 5 8 19 17
COSTS 3 16 12 12 7 11 9 13 3 3 6 4 7 6 15 15 18 9 3 7 2 13 1 13 5 7 6 12 7 18 13 4 5 8 19 17
COSTS 3 16 12 12 7 11 9 13 3 3 6 4 7 6 15 15 18 9 3 7 2 13 1 13 5 7 6 12 7 18 13 4 5 8 19 17
COSTS 3 16 12 12 7 11 9 13 3 3 6 4 7 6 15 15 18 9 3 7 2 13 1 13 5 7 6 12 7 18 13 4 5 8 19 17
COSTS 3 16 12 12 7 11 9 13 3 3 6 4 7 6 15 15 18 9 3 7 2 13 1 13 5 7 6 12 7 18 13 4 5 8 19 17
COSTS 3 18 12 12 7 11 9 13 3 3 6 3 4 8 17 13 17 9 6 7 4 10 5 15 8 4 6 12 6 15 15 4 9 8 15 14
COSTS 3 16 14 16 7 11 9 13 6 3 6 4 7 6 15 15 18 9 3 7 2 13 1 13 5 7 6 12 7 18 13 4 5 8 19 17
COSTS 3 16 12 12 7 11 9 13 3 3 6 4 7 6 15 15 18 9 3 7 2 13 1 13 5 7 6 12 7 18 13 4 5 8 19 17
COSTS 3 16 14 16 7 11 9 13 3 3 6 3 4 8 17 13 17 9 6 7 4 10 5 15 8 4 6 12 7 18 13 4 5 8 19 17
COSTS 3 16 14 12 7 10 9 13 3 3 6 4 7 6 15 15 18 9 3 7 2 13 1 13 5 7 6 12 7 18 13 4 5 8 19 17
COSTS 3 16 14 16 7 11 9 13 3 3 10 4 7 6 15 15 18 9 3 7 2 13 1 13 5 7 6 12 7 18 13 4 5 8 19 17
COSTS 3 16 14 16 6 11 9 13 3 3 10 3 4 8 17 13 17 9 3 7 2 13 1 13 5 7 6 12 7 18 13 4 5 8 19 17
COSTS 1 18 12 12 7 11 9 13 3 3 6 4 7 6 15 15 18 9 3 7 2 13 1 13 5 7 6 12 7 18 13 4 5 8 19 17
COSTS 3 18 12 12 7 11 9 13 3 3 6 4 7 6 15 15 18 9 3 7 4 10 5 15 5 7 6 12 7 18 13 4 5 8 19 17
COSTS 3 16 12 12 7 11 9 13 3 5 10 4 7 6 15 15 18 9 3 7 2 13 1 13 5 7 6 12 7 18 13 4 5 8 19 17
COSTS 1 18 12 12 7 11 9 13 3 3 6 4 7 6 15 15 18 9 3 7 2 13 5 15 5 7 6 12 7 18 13 4 5 8 19 17
COSTS 3 16 14 16 7 11 9 13 3 3 6 3 4 8 17 13 17 9 3 7 2 13 1 13 5 7 6 12 7 18 13 4 5 8 19 17
COSTS 3 16 14 16 6 11 9 13 3 3 6 3 7 6 15 15 18 9 3 7 2 13 1 13 5 7 6 12 7 18 13 4 5 8 19 17
END
STATE 918c51a27639581df0b29d225b9223ee55817a45cc85b211496dae372baf0004 6001 20 15
LABELS 1 1 1 1 1 1 1 1 1 1 1 0 1 0 0 1 0 0 1 1
MASSES 3 20 14 22 1 26 6 8 13 14 1 1 24 3 8 1 29 28 13 30
QUERY_IDS 0 1 2 3 4 5 6 7 8 9 10 11 12 13 14
RESPONSES 1 1 0 1 1 1 1 0 0 0 1 2 2 1 0
RESPONSES 0 2 0 1 1 1 1 0 0 1 1 2 2 1 0
RESPONSES 0 2 0 1 1 1 0 0 0 0 0 0 2 1 0
RESPONSES 0 1 0 1 1 1 1 0 0 1 0 2 2 1 0
RESPONSES 0 1 0 1 1 1 1 0 0 1 0 2 2 1 0
RESPONSES 0 1 0 1 1 1 1 0 0 0 0 2 2 1 0
RESPONSES 0 1 0 1 1 1 1 0 0 0 0 2 2 1 0
RESPONSES 0 1 0 1 1 1 1 0 0 0 0 2 2 1 0
RESPONSES 0 1 0 1 1 1 1 0 0 0 0 2 2 1 0
RESPONSES 0 0 0 1 1 1 1 0 0 0 0 2 2 1 0
RESPONSES 0 0 0 1 1 1 1 0 0 0 0 2 2 1 0
RESPONSES 0 1 0 1 1 1 1 0 0 0 1 2 2 1 0
RESPONSES 1 1 0 1 1 1 1 0 0 1 0 2 2 1 0
RESPONSES 1 2 0 0 0 0 1 1 1 0 1 1 1 0 1
RESPONSES 0 2 1 1 1 1 1 0 0 0 1 2 0 1 0
RESPONSES 1 1 0 1 1 1 1 0 0 1 0 0 2 1 0
RESPONSES 0 2 0 0 1 1 1 0 0 1 1 1 2 1 0
RESPONSES 0 2 1 1 1 1 1 0 0 1 1 1 2 1 0
RESPONSES 0 0 0 1 1 1 1 0 0 1 0 2 2 1 0
RESPONSES 1 2 0 1 1 1 2 0 0 0 0 2 2 1 0
COSTS 5 16 9 14 14 5 15 12 14 17 19 9 9 15 12
COSTS 6 18 9 14 14 5 15 12 14 15 19 9 9 15 12
COSTS 6 18 9 14 14 5 15 12 14 17 17 6 9 15 12
COSTS 6 16 9 14 14 5 15 12 14 15 17 9 9 15 12
COSTS 6 16 9 14 14 5 15 12 14 15 17 9 9 15 12
COSTS 6 16 9 14 14 5 15 12 14 17 17 9 9 15 12
COSTS 6 16 9 14 14 5 15 12 14 17 17 9 9 15 12
COSTS 6 16 9 14 14 5 15 12 14 17 17 9 9 15 12
COSTS 6 16 9 14 14 5 15 12 14 17 17 9 9 15 12
COSTS 6 15 9 14 14 5 15 12 14 17 17 9 9 15 12
COSTS 6 15 9 14 14 5 15 12 14 17 17 9 9 15 12
COSTS 6 16 9 14 14 5 15 12 14 17 19 9 9 15 12
COSTS 5 16 9 14 14 5 15 12 14 15 17 9 9 15 12
COSTS 5 18 9 15 16 7 15 14 12 17 19 9 8 14 12
COSTS 6 18 7 14 14 5 15 12 14 17 19 9 11 15 12
COSTS 5 16 9 14 14 5 15 12 14 15 17 6 9 15 12
COSTS 6 18 9 15 14 5 15 12 14 15 19 9 9 15 12
COSTS 6 18 7 14 14 5 15 12 14 15 19 9 9 15 12
COSTS 6 15 9 14 14 5 15 12 14 15 17 9 9 15 12
COSTS 5 18 9 14 14 5 19 12 14 17 17 9 9 15 12
END
STATE 91f3522b5200975f212f36be668d99f8bc7fc3196de714a937225a02e484732e 6001 24 32
LABELS 2 0 1 1 3 1 1 3 4 2 1 3 2 3 1 3 1 1 1 3 2 1 0 3
MASSES 7 21 3 13 20 3 12 15 26 30 27 10 7 25 24 9 4 11 9 24 24 5 23 3
QUERY_IDS 0 2 3 4 5 6 12 16 17 20 21 22 23 24 25 26 27 28 30 31 32 33 44 45 46 56 57 60 61 62 68 78
RESPONSES 0 0 0 0 0 0 1 0 0 0 1 1 0 0 0 0 1 1 0 0 0 0 0 0 0 1 1 1 1 1 1 1
RESPONSES 1 0 0 0 0 1 1 0 0 1 1 1 0 0 0 0 0 0 0 0 0 0 1 1 1 1 1 1 1 1 0 0
RESPONSES 1 0 0 0 0 1 1 0 0 1 1 1 0 0 0 0 0 0 0 0 0 0 1 1 1 1 1 1 1 1 1 0
RESPONSES 1 0 0 0 1 1 0 1 1 1 1 1 0 0 0 0 1 1 0 0 0 0 0 0 0 1 1 1 1 1 1 1
RESPONSES 1 0 1 1 1 1 1 1 1 1 1 1 0 0 0 0 0 0 0 0 0 0 0 0 0 0 0 1 1 1 1 1
RESPONSES 0 0 0 0 0 0 1 0 0 1 1 1 0 0 0 0 0 0 0 0 0 0 1 1 1 1 1 1 1 1 1 1
RESPONSES 0 0 0 0 0 0 1 0 0 1 1 1 0 0 0 0 0 0 0 0 0 0 0 0 0 1 1 1 1 1 1 1
RESPONSES 0 0 0 0 0 0 1 1 1 1 1 1 0 0 0 0 0 0 0 0 0 0 0 0 0 1 1 1 1 1 1 0
RESPONSES 1 0 0 0 0 1 1 0 0 0 0 0 1 1 1 1 1 1 1 1 1 1 0 0 0 1 1 0 0 0 1 1
RESPONSES 1 0 0 0 0 1 1 0 0 0 0 0 0 0 1 1 1 1 1 1 1 1 0 0 0 1 1 1 1 1 1 1
RESPONSES 0 0 0 0 0 0 1 0 0 1 1 1 0 0 0 0 0 0 0 0 0 0 1 1 1 1 1 1 1 1 1 0
RESPONSES 1 0 0 0 1 1 1 1 1 1 1 1 0 0 0 0 1 1 0 0 0 0 0 0 0 1 1 1 1 1 1 1
RESPONSES 0 0 0 0 0 0 1 0 0 1 1 1 0 0 0 1 1 1 0 0 0 0 0 0 0 1 1 1 1 1 1 1
RESPONSES 1 0 1 1 1 1 1 1 1 1 1 1 0 0 0 1 1 1 0 0 0 0 0 0 0 0 0 1 1 1 1 1
RESPONSES 1 1 1 1 1 1 0 1 1 1 1 1 0 0 0 0 0 0 0 0 0 0 0 0 0 1 1 1 1 1 1 1
RESPONSES 1 0 0 0 1 1 1 1 1 1 1 1 0 0 0 0 0 0 0 0 0 0 0 0 0 1 1 1 1 1 1 1
RESPONSES 1 0 0 0 0 1 1 0 0 1 1 1 0 0 0 0 0 0 0 0 0 0 1 1 1 1 1 1 1 1 1 0
RESPONSES 0 0 0 0 0 0 1 0 0 1 1 1 0 0 0 0 0 0 0 0 0 0 0 0 0 1 1 1 1 1 1 1
RESPONSES 0 0 0 0 0 0 1 0 0 1 1 1 0 0 0 0 0 0 0 0 0 0 1 1 1 1 1 1 1 1 1 0
RESPONSES 1 0 1 1 1 1 1 1 1 1 1 1 0 0 0 0 0 0 0 0 0 0 0 0 0 0 0 1 1 1 1 1
RESPONSES 1 0 0 0 0 1 1 0 0 0 0 0 0 0 1 1 1 1 1 1 1 1 0 0 0 1 1 0 1 1 1 1
RESPONSES 1 0 0 0 0 1 1 0 0 1 1 1 0 0 0 0 0 0 0 0 0 0 1 1 1 1 1 1 1 1 1 0
RESPONSES 1 0 0 0 0 1 1 0 0 1 1 1 0 0 0 0 0 0 0 0 0 0 1 1 1 1 1 1 1 1 1 0
RESPONSES 0 0 0 0 0 0 1 1 1 1 1 1 0 0 0 0 0 0 0 0 0 0 0 0 0 1 1 1 1 1 1 0
COSTS 5 16 17 7 12 18 12 16 10 12 12 13 16 18 16 4 12 13 14 5 10 3 3 11 5 4 7 5 10 15 16 3
COSTS 4 16 17 7 12 19 12 16 10 13 12 13 16 18 16 4 9 14 14 5 10 3 3 11 4 4 7 5 10 15 14 3
COSTS 4 16 17 7 12 19 12 16 10 13 12 13 16 18 16 4 9 14 14 5 10 3 3 11 4 4 7 5 10 15 16 3
COSTS 4 16 17 7 13 19 10 16 7 13 12 13 16 18 16 4 12 13 14 5 10 3 3 11 5 4 7 5 10 15 16 3
COSTS 4 16 16 6 13 19 12 16 7 13 12 13 16 18 16 4 9 14 14 5 10 3 3 11 5 7 7 5 10 15 16 3
COSTS 5 16 17 7 12 18 12 16 10 13 12 13 16 18 16 4 9 14 14 5 10 3 3 11 4 4 7 5 10 15 16 3
COSTS 5 16 17 7 12 18 12 16 10 13 12 13 16 18 16 4 9 14 14 5 10 3 3 11 5 4 7 5 10 15 16 3
COSTS 5 16 17 7 12 18 12 16 7 13 12 13 16 18 16 4 9 14 14 5 10 3 3 11 5 4 7 5 10 15 16 3
COSTS 4 16 17 7 12 19 12 16 10 12 11 9 15 18 14 8 12 13 16 6 10 4 3 11 5 4 7 2 10 16 16 3
COSTS 4 16 17 7 12 19 12 16 10 12 11 9 16 18 14 8 12 13 16 6 10 4 3 11 5 4 7 5 10 15 16 3
COSTS 5 16 17 7 12 18 12 16 10 13 12 13 16 18 16 4 9 14 14 5 10 3 3 11 4 4 7 5 10 15 16 3
COSTS 4 16 17 7 13 19 12 16 7 13 12 13 16 18 16 4 12 13 14 5 10 3 3 11 5 4 7 5 10 15 16 3
COSTS 5 16 17 7 12 18 12 16 10 13 12 13 16 18 16 8 12 13 14 5 10 3 3 11 5 4 7 5 10 15 16 3
COSTS 4 16 16 6 13 19 12 16 7 13 12 13 16 18 16 8 12 13 14 5 10 3 3 11 5 7 7 5 10 15 16 3
COSTS 4 13 16 6 13 19 10 16 7 13 12 13 16 18 16 4 9 14 14 5 10 3 3 11 5 4 7 5 10 15 16 3
COSTS 4 16 17 7 13 19 12 16 7 13 12 13 16 18 16 4 9 14 14 5 10 3 3 11 5 4 7 5 10 15 16 3
COSTS 4 16 17 7 12 19 12 16 10 13 12 13 16 18 16 4 9 14 14 5 10 3 3 11 4 4 7 5 10 15 16 3
COSTS 5 16 17 7 12 18 12 16 10 13 12 13 16 18 16 4 9 14 14 5 10 3 3 11 5 4 7 5 10 15 16 3
COSTS 5 16 17 7 12 18 12 16 10 13 12 13 16 18 16 4 9 14 14 5 10 3 3 11 4 4 7 5 10 15 16 3
COSTS 4 16 16 6 13 19 12 16 7 13 12 13 16 18 16 4 9 14 14 5 10 3 3 11 5 7 7 5 10 15 16 3
COSTS 4 16 17 7 12 19 12 16 10 12 11 9 16 18 14 8 12 13 16 6 10 4 3 11 5 4 7 2 10 15 16 3
COSTS 4 16 17 7 12 19 12 16 10 13 12 13 16 18 16 4 9 14 14 5 10 3 3 11 4 4 7 5 10 15 16 3
COSTS 4 16 17 7 12 19 12 16 10 13 12 13 16 18 16 4 9 14 14 5 10 3 3 11 4 4 7 5 10 15 16 3
COSTS 5 16 17 7 12 18 12 16 7 13 12 13 16 18 16 4 9 14 14 5 10 3 3 11 5 4 7 5 10 15 16 3
END
STATE 91f75fcf869d11ede46d6ecd6dbd2d86fb3daeb6ed03f84a35001347f606942a 6001 24 36
LABELS 0 0 0 0 0 0 0 0 0 0 0 0 0 0 0 0 0 0 0 0 0 0 0 0
MASSES 28 25 23 8 13 27 15 17 9 10 12 5 16 3 26 29 9 22 2 3 31 13 24 20
QUERY_IDS 1 2 3 4 5 6 7 10 11 18 19 22 24 25 26 27 28 29 32 33 34 35 36 44 47 48 49 50 51 52 53 54 55 56 57 60
RESPONSES 1 1 1 1 1 1 1 0 0 0 0 0 0 0 0 0 0 0 0 0 0 0 0 0 0 0 0 0 0 0 0 0 0 0 0 1
RESPONSES 1 1 1 1 1 1 1 0 0 0 0 0 0 0 0 0 0 0 0 0 0 0 0 0 0 0 0 0 0 0 0 0 0 0 0 1
RESPONSES 1 1 1 1 1 1 1 0 0 0 0 0 0 0 0 0 0 0 0 0 0 0 0 0 0 0 0 0 0 0 0 0 0 0 0 1
RESPONSES 1 1 1 1 1 1 1 1 0 0 0 0 0 0 0 0 0 0 0 0 0 0 0 0 0 0 0 0 0 0 0 0 0 0 0 1
RESPONSES 1 1 1 1 1 1 1 0 0 0 0 0 0 0 0 0 0 0 0 0 0 0 0 0 0 0 0 0 0 0 0 0 0 0 0 1
RESPONSES 1 1 1 1 1 1 1 0 0 0 0 0 0 0 0 0 0 0 0 0 0 0 0 0 0 0 0 0 0 0 0 0 0 0 0 1
RESPONSES 0 0 0 1 1 1 1 0 0 0 0 0 0 0 0 0 0 1 0 0 1 1 0 0 0 0 0 0 0 0 0 0 0 0 0 1
RESPONSES 0 0 0 1 1 1 1 0 0 0 0 0 0 0 0 0 0 0 0 0 0 0 0 0 0 0 0 0 0 0 0 0 0 0 0 1
RESPONSES 0 0 0 1 1 1 1 0 0 0 0 0 0 0 0 0 0 0 0 0 0 0 0 0 0 0 0 0 0 0 0 0 0 0 0 1
RESPONSES 0 0 0 0 0 1 2 0 0 0 0 1 1 1 1 1 1 1 1 1 1 1 1 1 0 1 1 1 1 1 1 1 1 1 1 0
RESPONSES 0 0 0 0 0 0 1 0 0 0 0 1 0 0 1 1 1 1 1 1 1 1 1 1 0 0 0 1 1 0 0 0 0 0 1 1
RESPONSES 0 1 1 1 1 1 1 0 0 0 0 0 0 0 0 0 0 0 0 0 0 0 0 0 0 0 0 0 0 0 0 0 0 0 0 1
RESPONSES 0 1 1 1 1 1 1 0 0 0 0 0 0 0 0 0 0 0 0 0 0 0 0 0 0 0 0 0 0 0 0 0 0 0 0 1
RESPONSES 0 0 0 0 0 1 2 0 0 0 1 1 0 0 1 1 1 1 1 1 1 1 0 1 1 1 1 1 1 0 1 1 1 1 1 0
RESPONSES 0 0 0 0 1 1 1 0 1 0 0 0 0 0 0 0 0 0 0 0 0 0 0 0 0 0 0 0 0 0 0 0 0 0 0 1
RESPONSES 1 1 1 1 1 1 1 0 0 0 0 0 0 0 0 0 0 0 0 0 0 0 0 0 0 0 0 0 0 0 0 0 0 0 0 1
RESPONSES 0 1 1 1 1 1 1 0 0 0 0 0 0 0 0 0 0 0 0 0 0 0 0 0 0 0 0 0 0 0 0 0 0 0 0 1
RESPONSES 1 1 1 1 1 1 1 0 0 0 1 0 0 0 0 0 0 0 0 0 0 0 0 0 0 0 0 0 0 0 0 0 0 0 0 1
RESPONSES 0 0 0 1 1 1 0 0 0 0 0 0 0 0 0 0 0 0 0 0 0 0 0 0 0 0 0 0 0 0 0 0 0 0 0 1
RESPONSES 0 0 0 0 0 1 2 0 0 0 1 0 0 0 0 0 0 0 0 0 0 0 0 0 0 0 0 0 0 0 0 0 0 0 0 1
RESPONSES 0 0 0 0 1 1 1 0 0 0 0 0 0 0 0 0 0 0 0 0 0 0 0 0 0 0 0 0 0 0 0 0 0 0 0 1
RESPONSES 0 1 1 1 1 1 1 0 0 1 1 0 0 0 0 0 0 0 0 0 0 0 0 0 0 0 0 0 0 0 0 0 0 0 0 1
RESPONSES 1 1 1 1 1 1 1 0 0 0 0 0 0 0 0 0 0 1 0 0 1 1 0 0 0 0 0 0 0 0 0 0 0 0 0 1
RESPONSES 1 1 1 1 1 1 1 1 0 0 0 0 0 0 0 0 0 0 0 0 0 0 0 0 0 0 0 0 0 0 0 0 0 0 0 1
COSTS 11 7 15 15 3 4 12 15 2 6 8 10 13 14 11 14 16 16 14 3 12 5 7 6 15 9 15 10 5 7 12 11 11 13 2 6
COSTS 11 7 15 15 3 4 12 15 2 6 8 10 13 14 11 14 16 16 14 3 12 5 7 6 15 9 15 10 5 7 12 11 11 13 2 6
COSTS 11 7 15 15 3 4 12 15 2 6 8 10 13 14 11 14 16 16 14 3 12 5 7 6 15 9 15 10 5 7 12 11 11 13 2 6
COSTS 11 7 15 15 3 4 12 14 2 6 8 10 13 14 11 14 16 16 14 3 12 5 7 6 15 9 15 10 5 7 12 11 11 13 2 6
COSTS 11 7 15 15 3 4 12 15 2 6 8 10 13 14 11 14 16 16 14 3 12 5 7 6 15 9 15 10 5 7 12 11 11 13 2 6
COSTS 11 7 15 15 3 4 12 15 2 6 8 10 13 14 11 14 16 16 14 3 12 5 7 6 15 9 15 10 5 7 12 11 11 13 2 6
COSTS 10 10 14 15 3 4 12 15 2 6 8 10 13 14 11 14 16 14 14 3 10 5 7 6 15 9 15 10 5 7 12 11 11 13 2 6
COSTS 10 10 14 15 3 4 12 15 2 6 8 10 13 14 11 14 16 16 14 3 12 5 7 6 15 9 15 10 5 7 12 11 11 13 2 6
COSTS 10 10 14 15 3 4 12 15 2 6 8 10 13 14 11 14 16 16 14 3 12 5 7 6 15 9 15 10 5 7 12 11 11 13 2 6
COSTS 10 10 14 11 4 4 13 15 2 6 8 8 13 17 14 14 18 14 13 1 10 5 6 9 15 7 16 8 7 5 13 14 14 15 2 9
COSTS 10 10 14 11 4 7 12 15 2 6 8 8 13 14 14 14 18 14 13 1 10 5 6 9 15 9 15 8 7 7 12 11 11 13 2 6
COSTS 10 7 15 15 3 4 12 15 2 6 8 10 13 14 11 14 16 16 14 3 12 5 7 6 15 9 15 10 5 7 12 11 11 13 2 6
COSTS 10 7 15 15 3 4 12 15 2 6 8 10 13 14 11 14 16 16 14 3 12 5 7 6 15 9 15 10 5 7 12 11 11 13 2 6
COSTS 10 10 14 11 4 4 13 15 2 6 4 8 13 14 14 14 18 14 13 1 10 5 7 9 17 7 16 8 7 7 13 14 14 15 2 9
COSTS 10 10 14 11 3 4 12 15 2 6 8 10 13 14 11 14 16 16 14 3 12 5 7 6 15 9 15 10 5 7 12 11 11 13 2 6
COSTS 11 7 15 15 3 4 12 15 2 6 8 10 13 14 11 14 16 16 14 3 12 5 7 6 15 9 15 10 5 7 12 11 11 13 2 6
COSTS 10 7 15 15 3 4 12 15 2 6 8 10 13 14 11 14 16 16 14 3 12 5 7 6 15 9 15 10 5 7 12 11 11 13 2 6
COSTS 11 7 15 15 3 4 12 15 2 6 4 10 13 14 11 14 16 16 14 3 12 5 7 6 15 9 15 10 5 7 12 11 11 13 2 6
COSTS 10 10 14 15 3 4 14 15 2 6 8 10 13 14 11 14 16 16 14 3 12 5 7 6 15 9 15 10 5 7 12 11 11 13 2 6
COSTS 10 10 14 11 4 4 13 15 2 6 4 10 13 14 11 14 16 16 14 3 12 5 7 6 15 9 15 10 5 7 12 11 11 13 2 6
COSTS 10 10 14 11 3 4 12 15 2 6 8 10 13 14 11 14 16 16 14 3 12 5 7 6 15 9 15 10 5 7 12 11 11 13 2 6
COSTS 10 7 15 15 3 4 12 15 2 8 4 10 13 14 11 14 16 16 14 3 12 5 7 6 15 9 15 10 5 7 12 11 11 13 2 6
COSTS 11 7 15 15 3 4 12 15 2 6 8 10 13 14 11 14 16 14 14 3 10 5 7 6 15 9 15 10 5 7 12 11 11 13 2 6
COSTS 11 7 15 15 3 4 12 14 2 6 8 10 13 14 11 14 16 16 14 3 12 5 7 6 15 9 15 10 5 7 12 11 11 13 2 6
END
STATE 950894b88428b042ade75851e5fbdbed52e69fe1ea5260aa13d2fa4883eb9fb9 6003 24 11
LABELS 4 2 0 0 2 0 0 0 4 0 0 0 4 4 3 2 1 1 1 4 2 4 4 1
MASSES 21 25 20 19 14 18 29 30 7 10 3 13 11 16 11 3 23 7 8 7 27 4 16 10
QUERY_IDS 0 1 2 3 4 5 6 8 9 10 11
RESPONSES 4 2 0 1 0 0 1 1 0 0 0
RESPONSES 0 1 0 0 0 0 1 0 0 0 0
RESPONSES 5 1 0 1 0 0 1 1 0 0 0
RESPONSES 5 1 0 1 0 0 1 1 0 0 0
RESPONSES 3 1 0 0 0 0 1 0 0 0 0
RESPONSES 5 0 0 1 0 0 1 0 0 0 0
RESPONSES 5 0 0 1 0 0 1 0 0 0 0
RESPONSES 5 0 0 1 0 0 1 0 0 0 0
RESPONSES 2 2 1 0 1 1 1 1 0 0 0
RESPONSES 5 1 0 1 0 0 1 0 0 0 0
RESPONSES 5 1 0 1 0 0 1 0 0 0 0
RESPONSES 5 1 0 1 0 0 1 0 0 0 0
RESPONSES 3 2 0 0 0 0 1 1 0 0 0
RESPONSES 3 2 0 0 0 0 1 1 0 0 0
RESPONSES 4 0 0 1 0 0 1 1 0 0 0
RESPONSES 0 0 0 0 0 1 1 0 0 0 0
RESPONSES 3 1 0 0 0 1 1 0 0 0 0
RESPONSES 4 1 0 0 0 0 1 1 0 0 0
RESPONSES 0 0 0 1 0 1 1 1 0 0 0
RESPONSES 1 2 0 1 0 0 1 1 0 0 0
RESPONSES 0 0 1 1 0 1 1 0 0 0 0
RESPONSES 4 2 0 1 0 0 0 1 0 0 0
RESPONSES 4 2 0 1 0 0 0 1 0 0 0
RESPONSES 2 0 0 1 0 1 1 1 1 1 0
COSTS 12 16 9 7 16 7 14 14 7 4 17
COSTS 11 13 9 5 16 7 14 18 7 4 17
COSTS 8 13 9 7 16 7 14 14 7 4 17
COSTS 8 13 9 7 16 7 14 14 7 4 17
COSTS 8 13 9 5 16 7 14 18 7 4 17
COSTS 8 14 9 7 16 7 14 18 7 4 17
COSTS 8 14 9 7 16 7 14 18 7 4 17
COSTS 8 14 9 7 16 7 14 18 7 4 17
COSTS 8 16 9 5 15 10 14 14 7 4 17
COSTS 8 13 9 7 16 7 14 18 7 4 17
COSTS 8 13 9 7 16 7 14 18 7 4 17
COSTS 8 13 9 7 16 7 14 18 7 4 17
COSTS 8 16 9 5 16 7 14 14 7 4 17
COSTS 8 16 9 5 16 7 14 14 7 4 17
COSTS 12 14 9 7 16 7 14 14 7 4 17
COSTS 11 14 9 5 16 10 14 18 7 4 17
COSTS 8 13 9 5 16 10 14 18 7 4 17
COSTS 12 13 9 5 16 7 14 14 7 4 17
COSTS 11 14 9 7 16 10 14 14 7 4 17
COSTS 12 16 9 7 16 7 14 14 7 4 17
COSTS 11 14 9 7 16 10 14 18 7 4 17
COSTS 12 16 9 7 16 7 13 14 7 4 17
COSTS 12 16 9 7 16 7 13 14 7 4 17
COSTS 8 14 9 7 16 10 14 14 10 5 17
END
STATE 96ac90545f9e0feed2635feefca9f20935da45d11c23dd84c10d0d23c70e5810 6001 24 21
LABELS 1 0 0 0 0 0 0 0 0 0 0 0 0 0 0 0 0 0 0 0 0 0 0 0
MASSES 6 3 13 15 11 6 22 1 20 29 8 27 27 12 25 22 1 22 17 17 3 28 22 29
QUERY_IDS 2 3 4 5 6 9 10 13 14 15 17 18 24 26 28 30 33 34 35 39 41
RESPONSES 0 0 1 1 1 0 0 1 1 1 0 0 1 0 0 0 1 1 1 1 0
RESPONSES 1 1 1 1 1 1 1 1 1 1 1 1 0 0 0 0 1 1 1 0 0
RESPONSES 1 1 1 1 1 0 1 1 1 1 0 0 0 0 0 1 0 0 0 0 0
RESPONSES 0 1 1 1 1 0 1 1 1 1 0 0 0 0 0 0 0 0 1 0 0
RESPONSES 1 1 1 1 1 0 0 1 1 1 1 1 0 0 0 0 1 1 1 0 0
RESPONSES 1 1 1 1 1 1 1 1 1 1 1 1 0 0 0 1 1 1 1 0 2
RESPONSES 0 0 1 1 1 0 0 1 1 1 0 1 0 0 1 1 0 0 1 1 2
RESPONSES 0 1 1 1 1 0 1 1 1 1 0 0 0 0 0 0 1 1 1 2 0
RESPONSES 0 1 1 1 1 0 0 1 1 1 0 0 1 0 0 1 0 0 0 1 0
RESPONSES 1 1 1 1 1 0 1 1 1 1 1 1 0 0 0 0 1 1 1 0 0
RESPONSES 1 1 1 1 1 1 1 1 1 1 1 1 0 0 0 0 1 1 1 0 0
RESPONSES 1 1 1 1 1 0 0 1 1 1 1 1 0 0 0 0 1 1 1 0 0
RESPONSES 1 1 1 1 1 0 0 1 1 1 1 1 0 0 0 1 0 0 1 0 0
RESPONSES 1 1 1 1 1 0 0 1 1 1 1 1 1 0 0 0 1 1 1 0 0
RESPONSES 0 0 0 0 1 0 0 0 1 1 1 1 0 0 0 0 1 1 1 0 0
RESPONSES 1 1 1 1 1 0 1 1 1 1 1 1 0 0 0 0 0 0 1 0 0
RESPONSES 1 1 1 1 1 0 0 1 1 1 1 1 1 0 0 0 0 0 0 0 0
RESPONSES 1 1 1 1 1 0 1 1 1 1 1 1 0 0 1 1 1 1 1 1 0
RESPONSES 0 1 1 1 1 0 0 1 1 1 0 1 1 0 0 1 1 1 1 0 2
RESPONSES 1 1 1 1 1 1 1 1 1 1 0 0 0 0 1 1 1 1 1 0 0
RESPONSES 1 1 1 1 1 0 0 1 1 1 0 1 1 0 0 0 1 1 1 0 0
RESPONSES 1 1 1 1 1 0 0 1 1 1 1 1 0 1 1 1 1 1 1 1 1
RESPONSES 0 0 0 0 0 0 0 0 0 0 0 0 1 0 1 1 1 1 1 0 0
RESPONSES 1 1 1 1 1 0 0 1 1 1 0 0 1 0 0 0 0 0 1 1 0
COSTS 15 16 16 7 10 12 13 11 10 8 8 11 8 8 5 10 18 18 13 11 7
COSTS 14 17 16 7 10 12 14 11 10 8 6 13 6 8 5 10 18 18 13 14 7
COSTS 14 17 16 7 10 12 14 11 10 8 8 11 6 8 5 12 18 17 12 14 7
COSTS 15 17 16 7 10 12 14 11 10 8 8 11 6 8 5 10 18 17 13 14 7
COSTS 14 17 16 7 10 12 13 11 10 8 6 13 6 8 5 10 18 18 13 14 7
COSTS 14 17 16 7 10 12 14 11 10 8 6 13 6 8 5 12 18 18 13 14 10
COSTS 15 16 16 7 10 12 13 11 10 8 8 13 6 8 3 12 18 17 13 11 10
COSTS 15 17 16 7 10 12 14 11 10 8 8 11 6 8 5 10 18 18 13 13 7
COSTS 15 17 16 7 10 12 13 11 10 8 8 11 8 8 5 12 18 17 12 11 7
COSTS 14 17 16 7 10 12 14 11 10 8 6 13 6 8 5 10 18 18 13 14 7
COSTS 14 17 16 7 10 12 14 11 10 8 6 13 6 8 5 10 18 18 13 14 7
COSTS 14 17 16 7 10 12 13 11 10 8 6 13 6 8 5 10 18 18 13 14 7
COSTS 14 17 16 7 10 12 13 11 10 8 6 13 6 8 5 12 18 17 13 14 7
COSTS 14 17 16 7 10 12 13 11 10 8 6 13 8 8 5 10 18 18 13 14 7
COSTS 15 16 16 8 10 12 13 11 10 8 6 13 6 8 5 10 18 18 13 14 7
COSTS 14 17 16 7 10 12 14 11 10 8 6 13 6 8 5 10 18 17 13 14 7
COSTS 14 17 16 7 10 12 13 11 10 8 6 13 8 8 5 10 18 17 12 14 7
COSTS 14 17 16 7 10 12 14 11 10 8 6 13 6 8 3 12 18 18 13 11 7
COSTS 15 17 16 7 10 12 13 11 10 8 8 13 8 8 5 12 18 18 13 14 10
COSTS 14 17 16 7 10 12 14 11 10 8 8 11 6 8 3 12 18 18 13 14 7
COSTS 14 17 16 7 10 12 13 11 10 8 8 13 8 8 5 10 18 18 13 14 7
COSTS 14 17 16 7 10 12 13 11 10 8 6 13 6 4 3 12 18 18 13 11 7
COSTS 15 16 16 8 8 12 13 11 14 9 8 11 8 8 3 12 18 18 13 14 7
COSTS 14 17 16 7 10 12 13 11 10 8 8 11 8 8 5 10 18 17 13 11 7
END
STATE 970c0a1802f0e4a8f131d5d49c49a607fee9d898b05a56e2a0cbfb2ebcdf4625 6003 24 21
LABELS 2 0 0 1 0 1 0 0 2 0 0 3 0 0 0 0 1 0 0 0 0 0 0 0
MASSES 30 22 19 20 27 17 27 28 11 7 6 31 29 7 11 27 10 5 27 16 30 5 12 13
QUERY_IDS 1 5 6 7 11 12 13 17 19 20 22 24 25 26 27 30 31 36 37 38 41
RESPONSES 0 0 0 1 1 1 1 0 1 1 1 0 1 1 1 1 1 1 1 1 0
RESPONSES 0 0 0 0 1 1 1 1 1 1 1 1 1 1 1 1 1 0 1 1 0
RESPONSES 1 1 1 1 1 1 1 0 1 1 1 0 0 0 0 0 0 1 1 1 1
RESPONSES 1 1 1 1 1 1 1 1 1 1 1 1 0 0 0 1 1 1 1 1 1
RESPONSES 0 0 0 1 1 1 1 0 0 0 1 1 0 0 0 1 1 1 1 1 0
RESPONSES 0 1 1 0 0 1 1 0 0 0 0 1 0 0 0 0 1 1 1 1 0
RESPONSES 1 1 1 0 1 1 1 1 1 1 1 0 0 0 0 0 0 1 1 1 0
RESPONSES 1 1 1 1 1 1 1 1 1 1 1 1 0 0 0 1 1 0 0 0 0
RESPONSES 0 1 1 1 0 1 1 0 0 0 1 1 1 1 1 1 1 0 1 1 1
RESPONSES 1 1 1 1 0 1 1 0 1 1 1 0 0 0 0 0 0 1 1 1 0
RESPONSES 1 1 1 1 1 1 1 1 1 1 1 0 0 0 0 0 0 1 1 1 0
RESPONSES 1 1 1 1 1 1 1 1 1 1 1 1 1 1 1 1 1 0 0 1 1
RESPONSES 0 1 1 0 1 1 1 0 1 1 1 0 0 0 0 1 1 0 1 1 0
RESPONSES 1 1 1 1 1 1 1 1 1 1 1 0 0 0 0 0 1 1 1 1 0
RESPONSES 0 1 1 1 1 1 1 1 1 1 1 1 0 0 0 1 1 0 0 1 1
RESPONSES 0 1 1 1 1 1 1 0 1 1 1 1 0 0 0 1 1 1 1 1 1
RESPONSES 0 1 1 1 0 0 0 0 0 0 1 0 0 0 0 0 1 0 1 1 1
RESPONSES 1 1 1 1 1 1 1 1 1 1 1 0 0 0 0 1 1 1 1 1 1
RESPONSES 1 1 1 1 1 1 1 0 1 1 1 0 0 0 0 1 1 1 1 1 0
RESPONSES 0 1 1 0 1 1 1 0 0 0 0 0 0 0 0 0 1 1 1 1 0
RESPONSES 0 1 1 1 1 1 1 0 0 0 1 1 0 0 0 1 1 1 1 1 1
RESPONSES 0 1 1 1 0 0 0 0 1 1 1 0 0 0 0 1 1 1 1 1 0
RESPONSES 1 1 1 0 0 0 0 0 1 1 1 1 0 0 0 1 1 1 1 1 0
RESPONSES 1 1 1 0 0 1 1 0 1 1 1 1 0 0 0 0 0 1 1 1 0
COSTS 11 11 10 8 12 13 10 1 5 11 3 3 2 10 7 9 15 16 6 16 5
COSTS 11 11 10 5 12 13 10 2 5 11 3 4 2 10 7 9 15 16 6 16 5
COSTS 7 13 7 8 12 13 10 1 5 11 3 3 5 10 6 11 16 16 6 16 8
COSTS 7 13 7 8 12 13 10 2 5 11 3 4 5 10 6 9 15 16 6 16 8
COSTS 11 11 10 8 12 13 10 1 5 15 3 4 5 10 6 9 15 16 6 16 5
COSTS 11 13 7 5 12 13 10 1 5 15 5 4 5 10 6 11 15 16 6 16 5
COSTS 7 13 7 5 12 13 10 2 5 11 3 3 5 10 6 11 16 16 6 16 5
COSTS 7 13 7 8 12 13 10 2 5 11 3 4 5 10 6 9 15 16 6 19 5
COSTS 11 13 7 8 12 13 10 1 5 15 3 4 2 10 7 9 15 16 6 16 8
COSTS 7 13 7 8 12 13 10 1 5 11 3 3 5 10 6 11 16 16 6 16 5
COSTS 7 13 7 8 12 13 10 2 5 11 3 3 5 10 6 11 16 16 6 16 5
COSTS 7 13 7 8 12 13 10 2 5 11 3 4 2 10 7 9 15 16 6 16 8
COSTS 11 13 7 5 12 13 10 1 5 11 3 3 5 10 6 9 15 16 6 16 5
COSTS 7 13 7 8 12 13 10 2 5 11 3 3 5 10 6 11 15 16 6 16 5
COSTS 11 13 7 8 12 13 10 2 5 11 3 4 5 10 6 9 15 16 6 16 8
COSTS 11 13 7 8 12 13 10 1 5 11 3 4 5 10 6 9 15 16 6 16 8
COSTS 11 13 7 8 12 16 9 1 5 15 3 3 5 10 6 11 15 16 6 16 8
COSTS 7 13 7 8 12 13 10 2 5 11 3 3 5 10 6 9 15 16 6 16 8
COSTS 7 13 7 8 12 13 10 1 5 11 3 3 5 10 6 9 15 16 6 16 5
COSTS 11 13 7 5 12 13 10 1 5 15 5 3 5 10 6 11 15 16 6 16 5
COSTS 11 13 7 8 12 13 10 1 5 15 3 4 5 10 6 9 15 16 6 16 8
COSTS 11 13 7 8 12 16 9 1 5 11 3 3 5 10 6 9 15 16 6 16 5
COSTS 7 13 7 5 12 16 9 1 5 11 3 4 5 10 6 9 15 16 6 16 5
COSTS 7 13 7 5 12 13 10 1 5 11 3 4 5 10 6 11 16 16 6 16 5
END
STATE 981c1e2086b0e906ad625a0b9f451849b270cfd342ec3046caa4d22e2bf92859 6003 24 27
LABELS 0 0 0 0 0 0 1 0 0 0 0 0 0 0 0 0 0 0 0 0 0 0 0 0
MASSES 31 8 28 30 28 31 22 17 15 26 10 19 25 24 2 1 14 8 19 8 31 13 1 13
QUERY_IDS 0 1 2 7 8 9 11 12 13 15 16 17 19 20 21 22 23 24 25 26 27 28 30 31 32 33 34
RESPONSES 0 0 1 0 1 1 0 1 1 0 1 1 1 1 1 1 1 1 0 0 1 1 0 1 1 1 1
RESPONSES 1 1 1 1 1 1 1 1 1 0 0 1 1 1 1 1 1 1 1 1 1 1 1 1 1 1 1
RESPONSES 1 1 1 1 1 1 1 1 1 1 1 1 1 1 1 1 1 1 0 1 1 1 1 1 1 1 1
RESPONSES 1 1 1 1 1 1 1 1 1 1 1 1 1 1 1 1 1 1 0 1 1 1 1 1 1 1 1
RESPONSES 1 1 1 1 1 1 1 1 1 1 1 1 1 1 1 1 1 1 0 1 1 1 1 1 1 1 1
RESPONSES 0 0 1 1 1 1 1 1 1 1 1 1 0 1 1 0 0 1 1 1 1 1 1 1 1 1 1
RESPONSES 0 0 1 0 0 0 0 0 0 0 0 0 0 0 0 0 0 0 0 0 0 0 0 0 0 0 0
RESPONSES 0 1 1 1 1 1 1 1 1 1 1 1 1 1 1 1 1 1 1 1 1 1 1 1 1 1 1
RESPONSES 0 0 1 1 1 1 1 1 1 1 1 1 1 1 1 1 1 1 0 1 1 1 0 1 1 1 1
RESPONSES 0 0 0 1 1 1 0 1 1 1 1 1 1 1 1 1 1 1 0 1 1 1 1 1 1 1 1
RESPONSES 0 0 0 1 1 1 0 1 1 1 1 1 1 1 1 1 1 1 0 1 1 1 1 1 1 1 1
RESPONSES 0 0 0 1 1 1 1 1 1 0 0 1 1 1 1 1 1 1 0 1 1 1 1 1 1 1 1
RESPONSES 0 0 1 0 1 1 1 1 1 1 1 1 1 1 1 1 1 1 0 1 1 1 1 1 1 1 1
RESPONSES 0 0 0 1 1 1 1 1 1 0 0 1 1 1 1 1 1 1 1 1 1 1 1 1 1 1 1
RESPONSES 0 0 1 1 1 1 1 1 1 1 1 1 1 1 1 1 1 1 0 0 1 1 1 1 1 1 1
RESPONSES 1 1 1 1 1 1 0 1 1 1 1 1 1 1 1 1 1 1 1 1 1 1 1 1 1 1 1
RESPONSES 0 1 1 1 1 1 1 1 1 1 1 1 1 1 1 1 1 1 0 1 1 1 1 1 1 1 1
RESPONSES 0 1 1 1 1 1 1 1 1 1 1 1 1 1 1 1 1 1 0 1 1 1 1 1 1 1 1
RESPONSES 0 1 1 1 1 1 1 1 1 1 1 1 1 1 1 1 1 1 0 1 1 1 1 1 1 1 1
RESPONSES 1 1 1 1 1 1 1 1 1 1 1 1 1 1 1 1 1 1 1 1 1 1 1 1 1 1 1
RESPONSES 0 0 1 1 1 1 1 1 1 1 1 1 0 1 1 1 1 1 0 1 1 1 1 1 1 1 1
RESPONSES 1 1 1 1 1 1 0 1 1 1 1 1 1 1 1 1 1 1 0 1 1 1 1 1 1 1 1
RESPONSES 0 0 0 1 1 1 1 1 1 1 1 1 1 1 1 1 1 1 1 1 1 1 1 1 1 1 1
RESPONSES 0 0 0 1 1 1 1 1 1 1 1 1 1 1 1 1 1 1 1 1 1 1 1 1 1 1 1
COSTS 13 17 11 7 12 15 4 6 5 12 15 8 4 9 13 17 19 10 19 7 10 12 10 8 9 13 4
COSTS 14 17 11 7 12 15 5 6 5 12 13 8 4 9 13 17 19 10 19 11 10 12 11 8 9 13 4
COSTS 14 17 11 7 12 15 5 6 5 9 15 8 4 9 13 17 19 10 19 11 10 12 11 8 9 13 4
COSTS 14 17 11 7 12 15 5 6 5 9 15 8 4 9 13 17 19 10 19 11 10 12 11 8 9 13 4
COSTS 14 17 11 7 12 15 5 6 5 9 15 8 4 9 13 17 19 10 19 11 10 12 11 8 9 13 4
COSTS 13 17 11 7 12 15 5 6 5 9 15 8 5 9 13 16 16 10 19 11 10 12 11 8 9 13 4
COSTS 13 17 11 7 11 15 4 8 7 12 13 8 5 9 17 16 16 9 19 7 13 13 10 10 8 16 1
COSTS 13 17 11 7 12 15 5 6 5 9 15 8 4 9 13 17 19 10 19 11 10 12 11 8 9 13 4
COSTS 13 17 11 7 12 15 5 6 5 9 15 8 4 9 13 17 19 10 19 11 10 12 10 8 9 13 4
COSTS 13 17 12 7 12 15 4 6 5 9 15 8 4 9 13 17 19 10 19 11 10 12 11 8 9 13 4
COSTS 13 17 12 7 12 15 4 6 5 9 15 8 4 9 13 17 19 10 19 11 10 12 11 8 9 13 4
COSTS 13 17 12 7 12 15 5 6 5 12 13 8 4 9 13 17 19 10 19 11 10 12 11 8 9 13 4
COSTS 13 17 11 7 12 15 5 6 5 9 15 8 4 9 13 17 19 10 19 11 10 12 11 8 9 13 4
COSTS 13 17 12 7 12 15 5 6 5 12 13 8 4 9 13 17 19 10 19 11 10 12 11 8 9 13 4
COSTS 13 17 11 7 12 15 5 6 5 9 15 8 4 9 13 17 19 10 19 7 10 12 11 8 9 13 4
COSTS 14 17 11 7 12 15 4 6 5 9 15 8 4 9 13 17 19 10 19 11 10 12 11 8 9 13 4
COSTS 13 17 11 7 12 15 5 6 5 9 15 8 4 9 13 17 19 10 19 11 10 12 11 8 9 13 4
COSTS 13 17 11 7 12 15 5 6 5 9 15 8 4 9 13 17 19 10 19 11 10 12 11 8 9 13 4
COSTS 13 17 11 7 12 15 5 6 5 9 15 8 4 9 13 17 19 10 19 11 10 12 11 8 9 13 4
COSTS 14 17 11 7 12 15 5 6 5 9 15 8 4 9 13 17 19 10 19 11 10 12 11 8 9 13 4
COSTS 13 17 11 7 12 15 5 6 5 9 15 8 5 9 13 17 19 10 19 11 10 12 11 8 9 13 4
COSTS 14 17 11 7 12 15 4 6 5 9 15 8 4 9 13 17 19 10 19 11 10 12 11 8 9 13 4
COSTS 13 17 12 7 12 15 5 6 5 9 15 8 4 9 13 17 19 10 19 11 10 12 11 8 9 13 4
COSTS 13 17 12 7 12 15 5 6 5 9 15 8 4 9 13 17 19 10 19 11 10 12 11 8 9 13 4
END
STATE 984b21dd979438f0b10c0185c5c5845bff1179a66f80b18e99b3363a97a547cc 6003 24 25
LABELS 1 1 0 1 1 1 0 1 1 1 0 0 1 1 1 0 0 1 0 1 0 0 0 1
MASSES 1 6 9 17 21 10 27 11 18 27 31 15 31 23 22 29 28 20 11 29 16 4 4 17
QUERY_IDS 4 6 7 10 11 13 14 15 16 17 18 19 20 21 22 26 27 28 29 33 37 39 40 48 51
RESPONSES 0 0 0 0 0 0 0 0 0 0 1 1 0 0 0 0 0 0 0 0 0 0 0 0 1
RESPONSES 0 0 0 1 1 0 0 0 0 1 1 1 1 1 1 1 1 1 1 1 1 0 1 0 1
RESPONSES 1 0 0 1 1 0 0 0 0 0 0 0 1 1 1 1 1 1 1 0 1 0 0 0 1
RESPONSES 0 0 0 1 1 1 1 1 1 1 1 1 1 1 1 1 1 1 1 1 1 0 1 0 1
RESPONSES 1 0 0 0 0 0 0 0 0 0 1 1 1 1 1 1 1 1 1 1 1 1 1 0 0
RESPONSES 0 0 0 0 0 0 0 1 1 1 1 1 1 1 1 1 1 1 1 1 1 0 0 0 1
RESPONSES 0 1 1 1 1 0 0 0 0 0 1 1 1 1 1 1 1 1 1 0 1 0 0 0 1
RESPONSES 0 0 0 0 0 0 0 0 0 0 0 0 1 1 1 1 1 1 1 0 1 0 0 0 0
RESPONSES 1 0 0 0 0 0 0 0 0 1 1 1 0 0 1 0 0 0 0 1 1 0 0 0 0
RESPONSES 0 0 0 1 1 0 0 0 0 0 0 0 0 0 0 1 1 1 1 0 0 0 1 0 1
RESPONSES 1 0 0 1 1 0 0 1 1 1 1 1 1 1 1 1 1 1 1 1 1 0 1 1 1
RESPONSES 0 0 0 1 1 0 0 0 0 0 0 0 0 0 1 1 1 1 1 1 1 1 1 0 1
RESPONSES 1 0 0 1 1 0 0 0 0 0 1 1 1 1 1 1 1 1 1 0 1 1 1 0 0
RESPONSES 1 0 0 1 1 0 0 0 0 0 0 0 1 1 1 1 1 1 1 0 0 1 1 1 1
RESPONSES 0 0 0 1 1 0 0 1 1 1 1 1 1 1 1 1 1 1 1 1 1 0 0 0 1
RESPONSES 1 1 1 1 1 0 0 0 0 0 1 1 1 1 1 1 1 1 1 1 1 1 1 0 1
RESPONSES 1 0 0 1 1 0 0 0 0 0 1 1 0 0 0 1 1 1 1 0 1 0 0 0 0
RESPONSES 0 0 0 0 0 0 0 0 0 0 0 0 1 1 1 1 1 1 1 1 1 1 1 0 0
RESPONSES 0 0 0 1 1 1 1 1 1 1 1 1 1 1 1 1 1 1 1 0 1 0 0 0 1
RESPONSES 0 0 0 1 1 0 0 1 1 1 1 1 1 1 1 1 1 1 1 0 1 0 1 0 1
RESPONSES 0 0 0 1 1 0 0 0 0 0 1 1 1 1 1 1 1 1 1 1 1 1 1 0 1
RESPONSES 1 1 1 1 1 1 1 1 1 1 1 1 1 1 1 1 1 1 1 0 1 0 0 1 1
RESPONSES 1 0 0 1 1 0 0 0 0 1 1 1 0 0 0 0 0 0 0 0 1 1 1 1 1
RESPONSES 0 0 0 0 0 0 0 0 0 1 1 1 0 0 0 1 1 1 1 0 0 0 0 0 1
COSTS 9 15 10 16 10 12 7 5 6 12 14 11 18 5 16 16 14 2 8 13 7 13 11 2 7
COSTS 9 15 10 15 10 12 7 5 6 9 14 11 18 4 14 14 13 4 8 13 9 13 9 2 7
COSTS 7 15 10 15 10 12 7 5 6 12 14 14 18 4 14 14 13 4 8 13 9 13 11 2 7
COSTS 9 15 10 15 10 9 9 4 7 9 14 11 18 4 14 14 13 4 8 13 9 13 9 2 7
COSTS 7 15 10 16 10 12 7 5 6 12 14 11 18 4 14 14 13 4 8 13 9 14 9 2 7
COSTS 9 15 10 16 10 12 7 4 7 9 14 11 18 4 14 14 13 4 8 13 9 13 11 2 7
COSTS 9 15 11 15 10 12 7 5 6 12 14 11 18 4 14 14 13 4 8 13 9 13 11 2 7
COSTS 9 15 10 16 10 12 7 5 6 12 14 14 18 4 14 14 13 4 8 13 9 13 11 2 7
COSTS 7 15 10 16 10 12 7 5 6 9 14 11 18 5 14 16 14 2 8 13 9 13 11 2 7
COSTS 9 15 10 15 10 12 7 5 6 12 14 14 18 5 16 14 13 4 8 13 7 13 9 2 7
COSTS 7 15 10 15 10 12 7 4 7 9 14 11 18 4 14 14 13 4 8 13 9 13 9 3 7
COSTS 9 15 10 15 10 12 7 5 6 12 14 14 18 5 14 14 13 4 8 13 9 14 9 2 7
COSTS 7 15 10 15 10 12 7 5 6 12 14 11 18 4 14 14 13 4 8 13 9 14 9 2 7
COSTS 7 15 10 15 10 12 7 5 6 12 14 14 18 4 14 14 13 4 8 13 7 14 9 3 7
COSTS 9 15 10 15 10 12 7 4 7 9 14 11 18 4 14 14 13 4 8 13 9 13 11 2 7
COSTS 7 15 11 15 10 12 7 5 6 12 14 11 18 4 14 14 13 4 8 13 9 14 9 2 7
COSTS 7 15 10 15 10 12 7 5 6 12 14 11 18 5 16 14 13 4 8 13 9 13 11 2 7
COSTS 9 15 10 16 10 12 7 5 6 12 14 14 18 4 14 14 13 4 8 13 9 14 9 2 7
COSTS 9 15 10 15 10 9 9 4 7 9 14 11 18 4 14 14 13 4 8 13 9 13 11 2 7
COSTS 9 15 10 15 10 12 7 4 7 9 14 11 18 4 14 14 13 4 8 13 9 13 9 2 7
COSTS 9 15 10 15 10 12 7 5 6 12 14 11 18 4 14 14 13 4 8 13 9 14 9 2 7
COSTS 7 15 11 15 10 9 9 4 7 9 14 11 18 4 14 14 13 4 8 13 9 13 11 3 7
COSTS 7 15 10 15 10 12 7 5 6 9 14 11 18 5 16 16 14 2 8 13 9 14 9 3 7
COSTS 9 15 10 16 10 12 7 5 6 9 14 11 18 5 16 14 13 4 8 13 7 13 11 2 7
END
STATE 9f2e09139328f81ff2f5f7d7380707b2f8f082c182d7cfed924a3ab2d6ea976d 6003 24 21
LABELS 2 1 3 0 0 0 0 0 0 0 0 0 0 0 0 0 2 0 1 1 0 0 1 0
MASSES 30 3 14 26 29 9 16 31 8 18 3 9 1 11 19 13 23 27 25 5 28 27 13 16
QUERY_IDS 2 4 5 6 8 9 12 13 21 22 24 25 27 28 29 30 32 34 36 37 38
RESPONSES 0 0 0 0 3 0 1 1 1 1 0 1 1 1 1 1 0 0 1 1 1
RESPONSES 1 1 1 1 0 1 1 1 1 1 0 0 1 1 1 1 0 0 1 1 1
RESPONSES 1 1 1 1 3 0 1 1 1 1 1 0 0 0 0 1 0 0 1 1 1
RESPONSES 1 1 1 1 3 0 1 1 1 1 1 0 0 0 0 0 0 1 1 1 1
RESPONSES 0 1 1 1 1 0 0 1 0 0 0 0 0 0 0 1 0 0 1 1 1
RESPONSES 0 0 0 1 2 0 0 0 0 0 0 0 1 1 1 1 0 1 1 1 1
RESPONSES 1 1 1 1 3 1 1 1 1 1 1 0 1 1 1 1 0 0 1 1 1
RESPONSES 1 1 1 1 2 0 0 0 1 1 1 0 0 0 1 1 0 1 1 1 1
RESPONSES 1 1 1 1 2 0 1 1 1 1 0 0 0 0 0 0 0 0 0 0 0
RESPONSES 0 0 0 1 2 0 0 1 1 1 1 0 0 0 0 0 0 1 1 1 1
RESPONSES 1 1 1 1 1 0 1 1 0 0 0 0 0 0 0 0 0 1 1 1 1
RESPONSES 1 1 1 1 2 0 1 1 1 1 0 0 1 1 1 1 0 1 1 1 1
RESPONSES 0 1 1 1 1 0 1 1 1 1 0 0 0 0 1 1 0 1 1 1 1
RESPONSES 1 1 1 1 3 0 0 0 1 1 1 0 0 0 0 0 1 1 1 1 1
RESPONSES 1 1 1 1 1 0 1 1 1 1 1 0 0 0 0 0 0 1 1 1 1
RESPONSES 0 0 0 1 3 0 0 0 0 0 1 0 0 0 1 1 0 0 1 1 1
RESPONSES 1 1 1 1 3 0 1 1 0 0 0 0 1 1 1 1 1 0 1 1 1
RESPONSES 0 1 1 1 2 1 1 1 1 1 1 0 0 0 1 1 1 0 1 1 1
RESPONSES 1 1 1 1 3 0 1 1 0 1 1 0 0 0 1 1 1 1 1 1 1
RESPONSES 0 1 1 1 3 0 0 0 1 1 0 0 1 1 1 1 1 1 1 1 1
RESPONSES 1 1 1 1 2 0 1 1 1 1 1 0 0 0 0 0 1 1 1 1 1
RESPONSES 1 1 1 1 1 0 1 1 0 0 0 0 0 0 0 1 0 1 1 1 1
RESPONSES 1 1 1 1 1 1 1 1 1 1 0 0 0 0 0 0 0 0 1 1 1
RESPONSES 0 1 1 1 2 0 1 1 0 0 0 0 0 0 0 0 0 1 1 1 1
COSTS 15 16 11 10 4 4 13 10 13 3 3 2 7 11 8 9 12 17 16 6 16
COSTS 17 17 13 7 5 8 13 10 13 3 3 5 7 11 8 9 12 17 16 6 16
COSTS 17 17 13 7 4 4 13 10 13 3 4 5 6 14 10 9 12 17 16 6 16
COSTS 17 17 13 7 4 4 13 10 13 3 4 5 6 14 10 11 12 15 16 6 16
COSTS 15 17 13 7 3 4 16 10 13 5 3 5 6 14 10 9 12 17 16 6 16
COSTS 15 16 11 7 4 4 16 9 13 5 3 5 7 11 8 9 12 15 16 6 16
COSTS 17 17 13 7 4 8 13 10 13 3 4 5 7 11 8 9 12 17 16 6 16
COSTS 17 17 13 7 4 4 16 9 13 3 4 5 6 14 8 9 12 15 16 6 16
COSTS 17 17 13 7 4 4 13 10 13 3 3 5 6 14 10 11 12 17 16 6 19
COSTS 15 16 11 7 4 4 16 10 13 3 4 5 6 14 10 11 12 15 16 6 16
COSTS 17 17 13 7 3 4 13 10 13 5 3 5 6 14 10 11 12 15 16 6 16
COSTS 17 17 13 7 4 4 13 10 13 3 3 5 7 11 8 9 12 15 16 6 16
COSTS 15 17 13 7 3 4 13 10 13 3 3 5 6 14 8 9 12 15 16 6 16
COSTS 17 17 13 7 4 4 16 9 13 3 4 5 6 14 10 11 11 15 16 6 16
COSTS 17 17 13 7 3 4 13 10 13 3 4 5 6 14 10 11 12 15 16 6 16
COSTS 15 16 11 7 4 4 16 9 13 5 4 5 6 14 8 9 12 17 16 6 16
COSTS 17 17 13 7 4 4 13 10 13 5 3 5 7 11 8 9 11 17 16 6 16
COSTS 15 17 13 7 4 8 13 10 13 3 4 5 6 14 8 9 11 17 16 6 16
COSTS 17 17 13 7 4 4 13 10 13 3 4 5 6 14 8 9 11 15 16 6 16
COSTS 15 17 13 7 4 4 16 9 13 3 3 5 7 11 8 9 11 15 16 6 16
COSTS 17 17 13 7 4 4 13 10 13 3 4 5 6 14 10 11 11 15 16 6 16
COSTS 17 17 13 7 3 4 13 10 13 5 3 5 6 14 10 9 12 15 16 6 16
COSTS 17 17 13 7 3 8 13 10 13 3 3 5 6 14 10 11 12 17 16 6 16
COSTS 15 17 13 7 4 4 13 10 13 5 3 5 6 14 10 11 12 15 16 6 16
END
STATE 9f95456d420e8f825e2c3e768f6f128cfc372b255977f7acf1b159921f1d52ab 6003 24 28
LABELS 0 0 0 0 0 0 0 0 0 0 0 0 0 0 0 0 1 0 1 0 0 0 0 0
MASSES 27 17 29 18 16 13 17 15 25 13 28 7 26 4 8 7 18 10 23 31 15 15 11 25
QUERY_IDS 1 2 3 4 5 7 8 9 10 11 12 13 14 16 17 18 19 20 22 26 27 28 29 30 31 32 33 34
RESPONSES 0 1 1 1 1 1 1 1 1 1 1 1 1 1 1 1 1 1 1 1 1 1 1 1 1 1 1 1
RESPONSES 0 1 1 1 1 1 1 1 1 1 1 1 1 1 1 1 1 1 1 1 1 1 1 1 1 1 1 1
RESPONSES 1 1 1 1 1 1 1 1 1 1 1 1 1 1 1 1 1 1 1 1 1 1 1 1 1 1 1 1
RESPONSES 0 0 0 1 1 1 1 1 1 1 1 1 1 1 1 1 1 1 1 1 1 1 1 1 1 1 1 1
RESPONSES 0 0 0 0 0 1 1 1 1 0 1 1 1 0 1 1 1 1 1 1 1 1 1 1 1 1 1 1
RESPONSES 0 0 0 1 1 1 1 1 1 1 1 1 1 1 1 1 1 1 1 0 1 1 1 1 1 1 1 1
RESPONSES 1 1 1 1 1 1 1 1 1 1 1 1 1 1 1 1 1 1 1 0 1 1 1 1 1 1 1 1
RESPONSES 0 0 0 0 1 1 1 1 1 1 1 1 1 1 1 1 1 1 1 0 1 1 1 1 1 1 1 1
RESPONSES 0 1 1 1 1 0 1 1 1 1 1 1 1 1 1 1 1 1 1 1 1 1 1 1 1 1 1 1
RESPONSES 0 0 0 1 1 0 1 1 1 0 1 1 1 1 1 1 1 1 1 1 1 1 1 1 1 1 1 1
RESPONSES 0 0 0 1 1 1 1 1 1 1 1 1 1 1 1 1 1 1 1 1 1 1 1 1 1 1 1 1
RESPONSES 0 0 0 1 1 1 1 1 1 1 1 1 1 1 1 1 1 1 1 1 1 1 1 1 1 1 1 1
RESPONSES 0 0 0 1 1 1 1 1 1 1 1 1 1 0 1 1 0 1 1 0 1 1 1 0 1 1 1 1
RESPONSES 1 1 1 1 1 1 1 1 1 1 1 1 1 1 1 1 1 1 1 1 1 1 1 1 1 1 1 1
RESPONSES 1 1 1 1 1 1 1 1 1 1 1 1 1 1 1 1 1 1 1 1 1 1 1 1 1 1 1 1
RESPONSES 0 1 1 1 1 1 1 1 1 1 1 1 1 1 1 1 1 1 1 0 1 1 1 0 1 1 1 1
RESPONSES 0 0 0 0 0 0 0 0 0 0 0 0 0 0 0 0 0 0 0 0 0 0 0 0 0 0 0 0
RESPONSES 0 0 0 1 1 0 0 1 1 1 1 1 1 1 1 1 1 1 1 1 1 1 1 1 1 1 1 1
RESPONSES 0 0 1 1 1 0 0 0 1 0 0 1 1 0 0 1 0 0 0 0 0 0 0 0 0 1 1 1
RESPONSES 0 0 1 1 1 1 1 1 1 1 1 1 1 1 1 1 1 1 1 1 1 1 1 1 1 1 1 1
RESPONSES 0 0 0 1 1 0 0 1 1 0 0 0 1 1 1 1 1 1 1 1 1 1 1 1 1 1 1 1
RESPONSES 1 1 1 1 1 1 1 1 1 1 1 1 1 1 1 1 1 1 1 0 1 1 1 1 1 1 1 1
RESPONSES 1 1 1 1 1 1 1 1 1 1 1 1 1 1 1 1 1 1 1 0 1 1 1 1 1 1 1 1
RESPONSES 1 1 1 1 1 1 1 1 1 1 1 1 1 1 1 1 1 1 1 0 1 1 1 1 1 1 1 1
COSTS 17 11 4 11 13 7 12 15 11 5 6 5 12 15 8 15 4 9 17 11 10 12 16 11 8 9 13 4
COSTS 17 11 4 11 13 7 12 15 11 5 6 5 12 15 8 15 4 9 17 11 10 12 16 11 8 9 13 4
COSTS 17 11 4 11 13 7 12 15 11 5 6 5 12 15 8 15 4 9 17 11 10 12 16 11 8 9 13 4
COSTS 17 12 5 11 13 7 12 15 11 5 6 5 12 15 8 15 4 9 17 11 10 12 16 11 8 9 13 4
COSTS 17 12 5 14 11 7 12 15 11 4 6 5 12 13 8 15 4 9 17 11 10 12 16 11 8 9 13 4
COSTS 17 12 5 11 13 7 12 15 11 5 6 5 12 15 8 15 4 9 17 7 10 12 16 11 8 9 13 4
COSTS 17 11 4 11 13 7 12 15 11 5 6 5 12 15 8 15 4 9 17 7 10 12 16 11 8 9 13 4
COSTS 17 12 5 14 13 7 12 15 11 5 6 5 12 15 8 15 4 9 17 7 10 12 16 11 8 9 13 4
COSTS 17 11 4 11 13 7 12 15 11 5 6 5 12 15 8 15 4 9 17 11 10 12 16 11 8 9 13 4
COSTS 17 12 5 11 13 7 12 15 11 4 6 5 12 15 8 15 4 9 17 11 10 12 16 11 8 9 13 4
COSTS 17 12 5 11 13 7 12 15 11 5 6 5 12 15 8 15 4 9 17 11 10 12 16 11 8 9 13 4
COSTS 17 12 5 11 13 7 12 15 11 5 6 5 12 15 8 15 4 9 17 11 10 12 16 11 8 9 13 4
COSTS 17 12 5 11 13 7 12 15 11 5 6 5 12 13 8 15 5 9 17 7 10 12 16 10 8 9 13 4
COSTS 17 11 4 11 13 7 12 15 11 5 6 5 12 15 8 15 4 9 17 11 10 12 16 11 8 9 13 4
COSTS 17 11 4 11 13 7 12 15 11 5 6 5 12 15 8 15 4 9 17 11 10 12 16 11 8 9 13 4
COSTS 17 11 4 11 13 7 12 15 11 5 6 5 12 15 8 15 4 9 17 7 10 12 16 10 8 9 13 4
COSTS 17 12 5 14 11 7 11 15 10 4 8 7 11 13 8 17 5 9 16 7 13 13 17 10 10 8 16 1
COSTS 17 12 5 11 13 7 11 15 11 5 6 5 12 15 8 15 4 9 17 11 10 12 16 11 8 9 13 4
COSTS 17 12 4 11 13 7 11 15 11 4 8 5 12 13 8 15 5 9 16 7 13 13 17 10 10 9 13 4
COSTS 17 12 4 11 13 7 12 15 11 5 6 5 12 15 8 15 4 9 17 11 10 12 16 11 8 9 13 4
COSTS 17 12 5 11 13 7 11 15 11 4 8 7 12 15 8 15 4 9 17 11 10 12 16 11 8 9 13 4
COSTS 17 11 4 11 13 7 12 15 11 5 6 5 12 15 8 15 4 9 17 7 10 12 16 11 8 9 13 4
COSTS 17 11 4 11 13 7 12 15 11 5 6 5 12 15 8 15 4 9 17 7 10 12 16 11 8 9 13 4
COSTS 17 11 4 11 13 7 12 15 11 5 6 5 12 15 8 15 4 9 17 7 10 12 16 11 8 9 13 4
END
STATE a376071adfd754c801b88fa262856271ad07d1fa3ca46bd34c446be15cdc8231 6001 24 25
LABELS 1 1 0 1 1 1 0 1 1 1 0 0 1 1 1 0 0 1 0 1 0 0 0 1
MASSES 17 7 10 31 28 10 27 16 22 26 26 23 15 18 16 12 27 24 16 8 29 23 27 16
QUERY_IDS 5 6 7 10 11 13 14 15 16 17 18 19 20 21 26 27 28 29 31 39 41 42 43 49 50
RESPONSES 1 0 0 0 0 0 0 0 0 0 1 1 0 0 0 0 0 0 0 0 0 0 1 0 1
RESPONSES 1 0 0 1 1 0 0 0 0 1 1 1 1 1 1 1 1 1 0 0 1 1 1 1 1
RESPONSES 1 0 0 1 1 0 0 0 0 0 0 0 1 1 1 1 1 1 0 0 1 1 1 1 1
RESPONSES 0 0 0 1 1 1 1 1 1 1 1 1 1 1 1 1 1 1 1 0 1 1 1 1 1
RESPONSES 1 0 0 0 0 0 0 0 0 0 1 1 1 1 1 1 1 1 0 1 1 1 1 0 0
RESPONSES 1 0 0 0 0 0 0 1 1 1 1 1 1 1 1 1 1 1 1 0 0 0 0 1 1
RESPONSES 1 1 1 1 1 0 0 0 0 0 1 1 1 1 1 1 1 1 0 0 0 1 1 0 1
RESPONSES 0 0 0 0 0 0 0 0 0 0 0 0 1 1 1 1 1 1 0 0 1 1 1 0 0
RESPONSES 1 0 0 0 0 0 0 0 0 1 1 1 0 0 0 0 0 0 0 0 0 0 1 0 0
RESPONSES 1 0 0 1 1 0 0 0 0 0 0 0 0 0 1 1 1 1 0 0 1 1 1 0 0
RESPONSES 1 0 0 1 1 0 0 1 1 1 1 1 1 1 1 1 1 1 1 0 1 1 1 1 1
RESPONSES 1 0 0 1 1 0 0 0 0 0 0 0 0 0 1 1 1 1 1 1 1 1 1 0 0
RESPONSES 1 0 0 1 1 0 0 0 0 0 1 1 1 1 1 1 1 1 0 1 1 1 1 0 0
RESPONSES 1 0 0 1 1 0 0 0 0 0 0 0 1 1 1 1 1 1 0 1 1 1 1 1 1
RESPONSES 1 0 0 1 1 0 0 1 1 1 1 1 1 1 1 1 1 1 0 0 0 0 0 1 1
RESPONSES 1 1 1 1 1 0 0 0 0 0 1 1 1 1 1 1 1 1 1 1 1 1 1 1 1
RESPONSES 1 0 0 1 1 0 0 0 0 0 1 1 0 0 1 1 1 1 0 0 0 0 1 0 0
RESPONSES 0 0 0 0 0 0 0 0 0 0 0 0 1 1 1 1 1 1 0 1 1 1 1 0 0
RESPONSES 0 0 0 1 1 1 1 1 1 1 1 1 1 1 1 1 1 1 0 0 0 1 1 0 0
RESPONSES 1 0 0 1 1 0 0 1 1 1 1 1 1 1 1 1 1 1 0 0 1 1 1 0 0
RESPONSES 0 0 0 1 1 0 0 0 0 0 1 1 1 1 1 1 1 1 1 1 1 1 1 0 0
RESPONSES 1 1 1 1 1 1 1 1 1 1 1 1 1 1 1 1 1 1 0 0 0 0 0 1 1
RESPONSES 1 0 0 1 1 0 0 0 0 1 1 1 0 0 0 0 0 0 0 1 1 1 1 1 1
RESPONSES 0 0 0 0 0 0 0 0 0 1 1 1 0 0 1 1 1 1 0 0 0 1 1 0 0
COSTS 2 14 7 15 5 11 4 6 12 11 11 18 9 10 4 10 11 8 19 6 9 16 6 15 12
COSTS 2 14 7 15 4 11 4 6 12 9 11 18 8 8 5 9 7 8 19 6 13 18 6 13 12
COSTS 2 14 7 15 4 11 4 6 12 11 8 15 8 8 5 9 7 8 19 6 13 18 6 13 12
COSTS 4 14 7 15 4 10 4 6 11 9 11 18 8 8 5 9 7 8 15 6 13 18 6 13 12
COSTS 2 14 7 15 5 11 4 6 12 11 11 18 8 8 5 9 7 8 19 3 13 18 6 15 14
COSTS 2 14 7 15 5 11 4 6 11 9 11 18 8 8 5 9 7 8 15 6 9 16 7 13 12
COSTS 2 12 8 15 4 11 4 6 12 11 11 18 8 8 5 9 7 8 19 6 9 18 6 15 12
COSTS 4 14 7 15 5 11 4 6 12 11 8 15 8 8 5 9 7 8 19 6 13 18 6 15 14
COSTS 2 14 7 15 5 11 4 6 12 9 11 18 9 10 4 10 11 8 19 6 9 16 6 15 14
COSTS 2 14 7 15 4 11 4 6 12 11 8 15 9 10 5 9 7 8 19 6 13 18 6 15 14
COSTS 2 14 7 15 4 11 4 6 11 9 11 18 8 8 5 9 7 8 15 6 13 18 6 13 12
COSTS 2 14 7 15 4 11 4 6 12 11 8 15 9 10 5 9 7 8 15 3 13 18 6 15 14
COSTS 2 14 7 15 4 11 4 6 12 11 11 18 8 8 5 9 7 8 19 3 13 18 6 15 14
COSTS 2 14 7 15 4 11 4 6 12 11 8 15 8 8 5 9 7 8 19 3 13 18 6 13 12
COSTS 2 14 7 15 4 11 4 6 11 9 11 18 8 8 5 9 7 8 19 6 9 16 7 13 12
COSTS 2 12 8 15 4 11 4 6 12 11 11 18 8 8 5 9 7 8 15 3 13 18 6 13 12
COSTS 2 14 7 15 4 11 4 6 12 11 11 18 9 10 5 9 7 8 19 6 9 16 6 15 14
COSTS 4 14 7 15 5 11 4 6 12 11 8 15 8 8 5 9 7 8 19 3 13 18 6 15 14
COSTS 4 14 7 15 4 10 4 6 11 9 11 18 8 8 5 9 7 8 19 6 9 18 6 15 14
COSTS 2 14 7 15 4 11 4 6 11 9 11 18 8 8 5 9 7 8 19 6 13 18 6 15 14
COSTS 4 14 7 15 4 11 4 6 12 11 11 18 8 8 5 9 7 8 15 3 13 18 6 15 14
COSTS 2 12 8 15 4 10 4 6 11 9 11 18 8 8 5 9 7 8 19 6 9 16 7 13 12
COSTS 2 14 7 15 4 11 4 6 12 9 11 18 9 10 4 10 11 8 19 3 13 18 6 13 12
COSTS 4 14 7 15 5 11 4 6 12 9 11 18 9 10 5 9 7 8 19 6 9 18 6 15 14
END
STATE a3cc85bedf0ef26576711803f4fa4ef7e1a27545e59a73f7f180d87af08e6549 6002 24 21
LABELS 1 0 0 0 0 0 0 0 0 0 0 0 0 0 0 0 0 0 0 0 0 0 0 0
MASSES 16 2 6 17 11 28 5 29 24 3 1 1 26 16 14 16 1 9 16 7 15 19 13 15
QUERY_IDS 0 1 2 3 4 5 6 9 10 11 12 13 14 15 16 17 26 27 30 33 34
RESPONSES 0 0 0 0 1 1 1 0 0 0 1 1 1 1 0 0 0 0 0 1 1
RESPONSES 0 1 1 1 1 1 1 1 1 1 1 1 1 1 0 1 0 0 0 1 1
RESPONSES 0 0 1 1 1 1 1 0 1 1 1 1 1 1 0 0 0 0 1 0 0
RESPONSES 0 0 0 1 1 1 1 0 1 1 1 1 1 1 0 0 0 0 0 0 0
RESPONSES 0 0 1 1 1 1 1 0 0 0 1 1 1 1 0 1 0 0 0 1 1
RESPONSES 0 1 1 1 1 1 1 1 1 1 1 1 1 1 0 1 0 0 1 1 1
RESPONSES 0 0 0 0 1 1 1 0 0 1 1 1 1 1 0 0 0 1 1 0 0
RESPONSES 0 0 0 1 1 1 1 0 1 1 1 1 1 1 0 0 0 0 0 1 1
RESPONSES 0 0 0 1 1 1 1 0 0 0 0 1 1 1 0 0 0 0 1 0 0
RESPONSES 1 1 1 1 1 1 1 0 1 1 1 1 1 1 1 1 0 0 0 1 1
RESPONSES 1 1 1 1 1 1 1 1 1 1 1 1 1 1 0 1 0 0 0 1 1
RESPONSES 1 1 1 1 1 1 1 0 0 1 1 1 1 1 1 1 0 0 0 1 1
RESPONSES 0 0 1 1 1 1 1 0 0 0 0 1 1 1 0 1 0 0 1 0 0
RESPONSES 1 1 1 1 1 1 1 0 0 0 1 1 1 1 0 1 0 0 0 1 1
RESPONSES 0 0 0 0 0 0 1 0 0 0 0 0 1 1 1 1 0 0 0 1 1
RESPONSES 1 1 1 1 1 1 1 0 1 1 1 1 1 1 0 1 0 0 0 0 0
RESPONSES 1 1 1 1 1 1 1 0 0 0 1 1 1 1 0 1 0 0 0 0 0
RESPONSES 0 1 1 1 1 1 1 0 1 1 1 1 1 1 1 1 0 1 1 1 1
RESPONSES 0 0 0 1 1 1 1 0 0 0 1 1 1 1 0 0 0 0 1 1 1
RESPONSES 1 1 1 1 1 1 1 1 1 1 1 1 1 1 0 0 0 0 1 1 1
RESPONSES 0 1 1 1 1 1 1 0 0 0 1 1 1 1 0 0 0 0 0 1 1
RESPONSES 1 1 1 1 1 1 1 0 0 0 0 1 1 1 0 1 1 1 1 1 1
RESPONSES 0 0 0 0 0 0 0 0 0 0 0 0 0 0 0 0 0 1 1 1 1
RESPONSES 0 1 1 1 1 1 1 0 0 0 1 1 1 1 0 0 0 0 0 0 0
COSTS 12 12 12 7 14 12 17 11 6 9 11 11 7 12 15 17 6 2 11 9 11
COSTS 12 13 8 7 14 12 17 12 2 8 11 11 7 12 15 16 6 2 11 9 11
COSTS 12 12 8 7 14 12 17 11 2 8 11 11 7 12 15 17 6 2 12 10 12
COSTS 12 12 12 7 14 12 17 11 2 8 11 11 7 12 15 17 6 2 11 10 12
COSTS 12 12 8 7 14 12 17 11 6 9 11 11 7 12 15 16 6 2 11 9 11
COSTS 12 13 8 7 14 12 17 12 2 8 11 11 7 12 15 16 6 2 12 9 11
COSTS 12 12 12 7 14 12 17 11 6 8 11 11 7 12 15 17 6 4 12 10 12
COSTS 12 12 12 7 14 12 17 11 2 8 11 11 7 12 15 17 6 2 11 9 11
COSTS 12 12 12 7 14 12 17 11 6 9 11 11 7 12 15 17 6 2 12 10 12
COSTS 14 13 8 7 14 12 17 11 2 8 11 11 7 12 15 16 6 2 11 9 11
COSTS 14 13 8 7 14 12 17 12 2 8 11 11 7 12 15 16 6 2 11 9 11
COSTS 14 13 8 7 14 12 17 11 6 8 11 11 7 12 15 16 6 2 11 9 11
COSTS 12 12 8 7 14 12 17 11 6 9 11 11 7 12 15 16 6 2 12 10 12
COSTS 14 13 8 7 14 12 17 11 6 9 11 11 7 12 15 16 6 2 11 9 11
COSTS 12 12 12 7 16 8 17 11 6 9 11 12 7 12 15 16 6 2 11 9 11
COSTS 14 13 8 7 14 12 17 11 2 8 11 11 7 12 15 16 6 2 11 10 12
COSTS 14 13 8 7 14 12 17 11 6 9 11 11 7 12 15 16 6 2 11 10 12
COSTS 12 13 8 7 14 12 17 11 2 8 11 11 7 12 15 16 6 4 12 9 11
COSTS 12 12 12 7 14 12 17 11 6 9 11 11 7 12 15 17 6 2 12 9 11
COSTS 14 13 8 7 14 12 17 12 2 8 11 11 7 12 15 17 6 2 12 9 11
COSTS 12 13 8 7 14 12 17 11 6 9 11 11 7 12 15 17 6 2 11 9 11
COSTS 14 13 8 7 14 12 17 11 6 9 11 11 7 12 15 16 5 4 12 9 11
COSTS 12 12 12 7 16 8 17 11 6 9 11 12 7 10 15 17 6 4 12 9 11
COSTS 12 13 8 7 14 12 17 11 6 9 11 11 7 12 15 17 6 2 11 10 12
END
STATE a5571472f707757dbc96b54ffe8a16b6a6308b6c926f05e537b4233af30b0648 6003 16 13
LABELS 1 1 1 1 1 1 1 1 1 1 1 0 1 1 1 1
MASSES 29 9 3 5 18 29 14 28 30 22 24 1 16 9 6 12
QUERY_IDS 0 1 3 4 5 6 7 8 9 11 12 14 15
RESPONSES 0 1 1 1 1 0 0 0 1 2 1 0 2
RESPONSES 0 2 1 1 1 0 0 0 1 0 1 0 1
RESPONSES 0 1 1 1 1 0 0 0 1 2 1 0 1
RESPONSES 0 1 1 1 1 0 0 0 0 2 1 0 1
RESPONSES 0 1 1 1 1 0 0 0 0 2 1 0 1
RESPONSES 0 1 1 1 1 0 0 0 1 2 1 1 1
RESPONSES 1 2 1 1 1 0 0 0 1 2 1 0 2
RESPONSES 0 2 1 1 1 0 0 0 0 2 1 0 2
RESPONSES 1 1 0 0 0 1 1 1 1 1 0 0 2
RESPONSES 1 1 1 1 1 0 0 0 1 0 1 0 1
RESPONSES 0 2 1 1 1 0 0 0 1 2 1 0 0
RESPONSES 0 0 0 0 1 1 1 1 1 1 0 0 0
RESPONSES 0 0 1 1 1 0 0 0 0 2 1 0 0
RESPONSES 0 2 1 1 1 0 0 0 0 2 1 0 0
RESPONSES 0 1 1 1 1 0 0 0 0 2 1 0 2
RESPONSES 0 0 1 1 1 0 0 0 1 2 1 0 1
COSTS 4 3 15 15 12 18 17 14 13 11 8 4 11
COSTS 4 3 15 15 12 18 17 14 13 11 8 4 15
COSTS 4 3 15 15 12 18 17 14 13 11 8 4 15
COSTS 4 3 15 15 12 18 17 14 12 11 8 4 15
COSTS 4 3 15 15 12 18 17 14 12 11 8 4 15
COSTS 4 3 15 15 12 18 17 14 13 11 8 5 15
COSTS 4 3 15 15 12 18 17 14 13 11 8 4 11
COSTS 4 3 15 15 12 18 17 14 12 11 8 4 11
COSTS 4 3 13 12 14 17 17 16 13 9 6 4 11
COSTS 4 3 15 15 12 18 17 14 13 11 8 4 15
COSTS 4 3 15 15 12 18 17 14 13 11 8 4 14
COSTS 4 3 13 12 12 17 17 16 13 9 6 4 14
COSTS 4 3 15 15 12 18 17 14 12 11 8 4 14
COSTS 4 3 15 15 12 18 17 14 12 11 8 4 14
COSTS 4 3 15 15 12 18 17 14 12 11 8 4 11
COSTS 4 3 15 15 12 18 17 14 13 11 8 4 15
END
STATE a63521b4b17a49403de92d97e475d84e0f24d093447f7dbe6e50b5d062083067 6003 24 28
LABELS 0 0 0 0 0 0 0 0 0 0 0 1 1 0 0 0 0 0 0 0 0 0 0 0
MASSES 29 16 30 23 24 18 3 10 11 27 22 23 4 6 2 26 4 8 11 1 31 5 11 24
QUERY_IDS 0 1 2 3 4 5 7 9 10 11 12 15 16 17 19 20 21 22 23 25 26 27 28 30 31 32 33 34
RESPONSES 0 0 0 0 1 1 0 1 1 0 1 0 0 0 1 1 1 1 1 1 1 1 1 1 1 1 1 1
RESPONSES 1 1 1 1 1 1 1 1 1 1 1 1 1 1 1 1 1 1 1 0 1 1 1 1 1 1 1 1
RESPONSES 1 1 1 1 1 1 1 1 1 1 1 1 1 1 1 1 1 1 1 0 1 1 1 1 1 1 1 1
RESPONSES 1 1 1 1 1 1 1 1 1 1 1 1 1 1 1 1 1 1 1 0 1 1 1 1 1 1 1 1
RESPONSES 1 1 1 1 1 1 1 1 1 1 1 1 1 1 1 1 1 1 1 0 1 1 1 1 1 1 1 1
RESPONSES 0 0 0 0 1 1 1 1 1 1 1 1 1 1 1 1 1 1 1 1 1 1 1 1 1 1 1 1
RESPONSES 0 0 0 1 1 1 1 1 1 1 1 1 1 1 1 1 1 1 1 0 0 1 1 1 1 1 1 1
RESPONSES 0 0 0 0 1 1 1 1 1 1 1 1 1 1 1 1 1 1 1 0 0 1 1 1 1 1 1 1
RESPONSES 0 0 0 0 1 1 1 1 1 1 1 1 1 1 1 1 1 1 1 0 0 1 1 1 1 1 1 1
RESPONSES 1 1 1 1 1 1 1 1 1 1 1 1 1 1 1 1 1 1 1 0 0 1 1 1 1 1 1 1
RESPONSES 1 1 1 1 1 1 1 1 1 1 1 0 1 1 1 1 1 1 1 0 0 1 1 1 1 1 1 1
RESPONSES 0 0 0 0 0 0 0 1 1 0 0 0 0 1 0 1 1 0 1 0 0 0 0 0 0 0 1 1
RESPONSES 0 0 0 0 0 0 0 0 0 0 0 0 0 1 0 0 0 0 0 0 0 0 1 0 0 0 0 0
RESPONSES 1 1 1 1 1 1 0 1 1 0 1 1 1 1 1 1 1 1 1 1 1 1 1 1 1 1 1 1
RESPONSES 0 0 1 1 1 1 1 1 1 1 1 1 1 1 1 1 1 0 0 0 0 0 0 1 1 1 1 1
RESPONSES 0 0 0 0 1 1 1 1 1 1 1 0 0 1 0 1 1 1 1 0 0 1 1 0 1 1 1 1
RESPONSES 0 1 1 1 1 1 1 1 1 1 1 1 1 1 1 1 1 1 1 0 1 1 1 1 1 1 1 1
RESPONSES 1 1 1 1 1 1 1 1 1 1 1 1 1 1 1 1 1 1 1 1 1 1 1 1 1 1 1 1
RESPONSES 0 0 0 1 1 1 1 1 1 1 1 1 1 1 1 1 1 1 1 1 1 1 1 1 1 1 1 1
RESPONSES 0 0 0 1 1 1 1 1 1 1 1 1 1 1 1 1 1 1 1 1 1 1 1 1 1 1 1 1
RESPONSES 0 0 0 1 1 1 1 1 1 1 1 1 1 1 1 1 1 1 1 1 1 1 1 1 1 1 1 1
RESPONSES 0 1 1 1 1 1 1 1 1 1 1 1 1 1 1 1 1 1 1 0 0 1 1 1 1 1 1 1
RESPONSES 0 1 1 1 1 1 1 1 1 1 1 1 1 1 1 1 1 1 1 0 0 1 1 1 1 1 1 1
RESPONSES 0 1 1 1 1 1 1 1 1 1 1 1 1 1 1 1 1 1 1 0 0 1 1 1 1 1 1 1
COSTS 13 17 12 5 11 13 7 15 11 4 6 12 13 8 4 9 13 17 19 19 11 10 12 11 8 9 13 4
COSTS 14 17 11 4 11 13 7 15 11 5 6 9 15 8 4 9 13 17 19 19 11 10 12 11 8 9 13 4
COSTS 14 17 11 4 11 13 7 15 11 5 6 9 15 8 4 9 13 17 19 19 11 10 12 11 8 9 13 4
COSTS 14 17 11 4 11 13 7 15 11 5 6 9 15 8 4 9 13 17 19 19 11 10 12 11 8 9 13 4
COSTS 14 17 11 4 11 13 7 15 11 5 6 9 15 8 4 9 13 17 19 19 11 10 12 11 8 9 13 4
COSTS 13 17 12 5 11 13 7 15 11 5 6 9 15 8 4 9 13 17 19 19 11 10 12 11 8 9 13 4
COSTS 13 17 12 4 11 13 7 15 11 5 6 9 15 8 4 9 13 17 19 19 7 10 12 11 8 9 13 4
COSTS 13 17 12 5 11 13 7 15 11 5 6 9 15 8 4 9 13 17 19 19 7 10 12 11 8 9 13 4
COSTS 13 17 12 5 11 13 7 15 11 5 6 9 15 8 4 9 13 17 19 19 7 10 12 11 8 9 13 4
COSTS 14 17 11 4 11 13 7 15 11 5 6 9 15 8 4 9 13 17 19 19 7 10 12 11 8 9 13 4
COSTS 14 17 11 4 11 13 7 15 11 5 6 12 15 8 4 9 13 17 19 19 7 10 12 11 8 9 13 4
COSTS 13 17 12 5 14 11 7 15 11 4 8 12 13 8 5 9 13 16 19 19 7 13 13 10 10 8 13 4
COSTS 13 17 12 5 14 11 7 15 10 4 8 12 13 8 5 9 17 16 16 19 7 13 12 10 10 8 16 1
COSTS 14 17 11 4 11 13 7 15 11 4 6 9 15 8 4 9 13 17 19 19 11 10 12 11 8 9 13 4
COSTS 13 17 11 4 11 13 7 15 11 5 6 9 15 8 4 9 13 16 16 19 7 13 13 11 8 9 13 4
COSTS 13 17 12 5 11 13 7 15 11 5 6 12 13 8 5 9 13 17 19 19 7 10 12 10 8 9 13 4
COSTS 13 17 11 4 11 13 7 15 11 5 6 9 15 8 4 9 13 17 19 19 11 10 12 11 8 9 13 4
COSTS 14 17 11 4 11 13 7 15 11 5 6 9 15 8 4 9 13 17 19 19 11 10 12 11 8 9 13 4
COSTS 13 17 12 4 11 13 7 15 11 5 6 9 15 8 4 9 13 17 19 19 11 10 12 11 8 9 13 4
COSTS 13 17 12 4 11 13 7 15 11 5 6 9 15 8 4 9 13 17 19 19 11 10 12 11 8 9 13 4
COSTS 13 17 12 4 11 13 7 15 11 5 6 9 15 8 4 9 13 17 19 19 11 10 12 11 8 9 13 4
COSTS 13 17 11 4 11 13 7 15 11 5 6 9 15 8 4 9 13 17 19 19 7 10 12 11 8 9 13 4
COSTS 13 17 11 4 11 13 7 15 11 5 6 9 15 8 4 9 13 17 19 19 7 10 12 11 8 9 13 4
COSTS 13 17 11 4 11 13 7 15 11 5 6 9 15 8 4 9 13 17 19 19 7 10 12 11 8 9 13 4
END
STATE a64903975a7db21c803f67fa4ac25fa404ed3194b7d7ac4252b69bc194a360e1 6001 24 24
LABELS 1 1 0 0 0 1 0 0 1 0 0 1 0 0 0 1 1 1 1 1 0 0 0 0
MASSES 14 17 7 2 18 26 23 12 18 21 13 22 27 25 11 10 3 7 29 2 3 4 12 27
QUERY_IDS 1 2 4 7 8 9 11 20 21 23 24 26 27 29 33 34 38 41 45 46 47 48 49 51
RESPONSES 1 1 1 0 0 0 1 0 0 1 1 0 0 0 0 0 0 1 0 0 0 0 0 1
RESPONSES 0 0 1 0 0 0 0 0 0 0 0 0 0 0 0 0 0 0 0 0 0 1 1 1
RESPONSES 0 0 1 0 0 0 0 0 0 1 1 0 0 1 1 1 0 1 0 0 0 1 1 1
RESPONSES 1 1 1 0 0 0 1 1 1 1 1 1 1 1 1 1 0 1 0 0 0 1 1 1
RESPONSES 1 1 1 0 0 0 1 1 1 1 1 1 1 1 1 1 0 1 1 1 1 1 1 1
RESPONSES 0 0 0 0 1 1 1 0 0 0 0 1 1 1 0 0 0 1 0 0 0 0 0 1
RESPONSES 0 0 0 0 1 1 1 0 0 1 1 1 1 1 1 1 0 1 0 0 0 0 0 1
RESPONSES 0 0 0 1 1 1 1 0 0 1 1 0 0 1 0 0 0 1 0 0 0 0 0 1
RESPONSES 0 0 1 0 0 0 1 1 1 1 1 1 1 1 0 0 0 1 0 0 0 1 1 1
RESPONSES 0 0 1 1 1 1 1 0 0 0 0 0 0 1 0 0 0 0 0 0 0 1 1 1
RESPONSES 1 1 1 1 1 1 1 1 1 1 1 1 1 1 1 1 0 1 0 0 0 1 1 1
RESPONSES 1 1 1 0 0 0 0 0 0 1 1 1 1 1 0 0 0 0 0 0 0 0 0 1
RESPONSES 0 0 1 0 0 0 1 0 0 0 1 1 1 1 1 1 0 0 0 0 0 0 0 0
RESPONSES 1 1 1 0 0 0 0 0 0 0 0 0 0 1 0 0 0 1 0 0 0 0 0 0
RESPONSES 1 1 1 0 0 0 1 0 0 1 1 0 0 1 1 1 0 1 1 1 1 1 1 1
RESPONSES 0 0 1 0 0 0 1 0 0 0 0 0 0 1 0 0 0 1 0 0 0 0 0 1
RESPONSES 0 0 0 0 0 0 0 0 0 0 0 0 0 0 0 0 0 0 0 0 0 0 0 1
RESPONSES 1 1 1 0 0 0 0 0 0 0 0 1 1 1 0 0 0 1 0 0 0 1 1 1
RESPONSES 1 1 1 1 1 1 1 0 0 1 1 0 0 0 0 0 0 1 0 0 0 0 0 1
RESPONSES 0 0 1 0 0 0 0 1 1 1 1 1 1 1 0 0 1 1 0 0 0 0 0 0
RESPONSES 0 0 1 0 1 1 1 0 0 0 0 1 1 1 0 0 0 1 0 0 0 0 0 0
RESPONSES 1 1 1 1 1 1 1 0 0 0 1 0 0 1 0 0 0 0 1 1 1 1 1 1
RESPONSES 0 0 1 0 1 1 1 0 0 0 1 1 1 1 0 0 0 1 0 0 0 0 0 1
RESPONSES 1 1 1 0 0 0 0 0 0 0 0 0 0 0 0 0 0 1 0 0 0 1 1 1
COSTS 7 11 12 7 7 9 4 9 10 17 13 4 10 8 16 13 5 13 19 11 4 17 15 18
COSTS 6 10 12 7 7 9 5 9 10 13 10 4 10 8 16 13 5 9 19 11 4 17 13 18
COSTS 6 10 12 7 7 9 5 9 10 17 13 4 10 8 16 10 5 13 19 11 4 17 13 18
COSTS 7 11 12 7 7 9 4 8 8 17 13 5 9 8 16 10 5 13 19 11 4 17 13 18
COSTS 7 11 12 7 7 9 4 8 8 17 13 5 9 8 16 10 5 13 15 10 5 17 13 18
COSTS 6 10 10 7 9 8 4 9 10 13 10 5 9 8 16 13 5 13 19 11 4 17 15 18
COSTS 6 10 10 7 9 8 4 9 10 17 13 5 9 8 16 10 5 13 19 11 4 17 15 18
COSTS 6 10 10 8 9 8 4 9 10 17 13 4 10 8 16 13 5 13 19 11 4 17 15 18
COSTS 6 10 12 7 7 9 4 8 8 17 13 5 9 8 16 13 5 13 19 11 4 17 13 18
COSTS 6 10 12 8 9 8 4 9 10 13 10 4 10 8 16 13 5 9 19 11 4 17 13 18
COSTS 7 11 12 8 9 8 4 8 8 17 13 5 9 8 16 10 5 13 19 11 4 17 13 18
COSTS 7 11 12 7 7 9 5 9 10 17 13 5 9 8 16 13 5 9 19 11 4 17 15 18
COSTS 6 10 12 7 7 9 4 9 10 13 13 5 9 8 16 10 5 9 19 11 4 17 15 17
COSTS 7 11 12 7 7 9 5 9 10 13 10 4 10 8 16 13 5 13 19 11 4 17 15 17
COSTS 7 11 12 7 7 9 4 9 10 17 13 4 10 8 16 10 5 13 15 10 5 17 13 18
COSTS 6 10 12 7 7 9 4 9 10 13 10 4 10 8 16 13 5 13 19 11 4 17 15 18
COSTS 6 10 10 7 7 9 5 9 10 13 10 4 10 8 16 13 5 9 19 11 4 17 15 18
COSTS 7 11 12 7 7 9 5 9 10 13 10 5 9 8 16 13 5 13 19 11 4 17 13 18
COSTS 7 11 12 8 9 8 4 9 10 17 13 4 10 8 16 13 5 13 19 11 4 17 15 18
COSTS 6 10 12 7 7 9 5 8 8 17 13 5 9 8 16 13 5 13 19 11 4 17 15 17
COSTS 6 10 12 7 9 8 4 9 10 13 10 5 9 8 16 13 5 13 19 11 4 17 15 17
COSTS 7 11 12 8 9 8 4 9 10 13 13 4 10 8 16 13 5 9 15 10 5 17 13 18
COSTS 6 10 12 7 9 8 4 9 10 13 13 5 9 8 16 13 5 13 19 11 4 17 15 18
COSTS 7 11 12 7 7 9 5 9 10 13 10 4 10 8 16 13 5 13 19 11 4 17 13 18
END
STATE a6bc0139f9a7b785aa5fcffd8fdf3d44928294bb72fec9940eb280d95b544c39 6002 24 21
LABELS 2 0 0 1 0 1 0 0 2 0 0 3 0 0 0 0 1 0 0 0 0 0 0 0
MASSES 18 6 10 7 5 23 4 20 21 5 3 29 23 1 18 28 26 20 7 19 10 2 24 15
QUERY_IDS 0 1 2 5 6 8 12 13 19 20 23 24 25 26 27 31 32 35 36 39 41
RESPONSES 0 0 0 0 0 3 1 1 1 1 0 0 1 1 1 1 0 0 1 1 0
RESPONSES 0 0 0 0 0 2 1 1 1 1 0 1 1 1 1 1 0 0 0 1 0
RESPONSES 1 1 1 1 1 2 1 1 1 1 1 0 0 0 0 0 0 1 1 2 1
RESPONSES 1 1 1 1 1 3 1 1 1 1 0 1 0 0 0 1 0 1 1 0 1
RESPONSES 0 0 0 0 0 3 1 1 0 0 0 1 0 0 0 1 0 1 1 1 0
RESPONSES 0 0 0 1 1 3 1 1 0 0 0 1 0 0 0 1 0 1 1 0 0
RESPONSES 1 1 1 1 1 2 1 1 1 1 0 0 0 0 0 0 0 1 1 0 0
RESPONSES 0 1 1 1 1 3 1 1 1 1 0 1 0 0 0 1 1 0 0 1 0
RESPONSES 0 0 0 1 1 3 1 1 0 0 1 1 1 1 1 1 1 0 0 2 1
RESPONSES 0 1 1 1 1 2 1 1 1 1 0 0 0 0 0 0 1 1 1 0 0
RESPONSES 1 1 1 1 1 1 1 1 1 1 0 0 0 0 0 0 0 1 1 0 0
RESPONSES 1 1 1 1 1 3 1 1 1 1 0 1 1 1 1 1 1 0 0 1 1
RESPONSES 0 0 1 1 1 2 1 1 1 1 0 0 0 0 0 1 0 0 0 1 0
RESPONSES 1 1 1 1 1 1 1 1 1 1 0 0 0 0 0 1 0 1 1 0 0
RESPONSES 0 0 0 1 1 0 1 1 1 1 0 1 0 0 0 1 0 0 0 1 1
RESPONSES 0 0 0 1 1 2 1 1 1 1 0 1 0 0 0 1 1 1 1 1 1
RESPONSES 0 0 1 1 1 3 0 0 0 0 0 0 0 0 0 1 1 0 0 0 1
RESPONSES 1 1 1 1 1 3 1 1 1 1 0 0 0 0 0 1 0 1 1 0 1
RESPONSES 1 1 1 1 1 1 1 1 1 1 0 0 0 0 0 1 0 1 1 0 0
RESPONSES 0 0 0 1 1 2 1 1 0 0 0 0 0 0 0 1 0 1 1 0 0
RESPONSES 0 0 0 1 1 2 1 1 0 0 0 1 0 0 0 1 0 1 1 1 1
RESPONSES 0 0 0 1 1 3 0 0 1 1 0 0 0 0 0 1 0 0 1 0 0
RESPONSES 0 1 1 1 1 3 0 0 1 1 0 1 0 0 0 1 1 1 1 1 0
RESPONSES 0 1 1 1 1 1 1 1 1 1 0 1 0 0 0 0 0 1 1 1 0
COSTS 12 12 12 8 17 4 11 11 11 6 16 7 4 5 4 5 12 3 13 15 5
COSTS 12 12 12 8 17 8 11 11 11 6 16 6 4 5 4 5 12 3 14 15 5
COSTS 14 13 8 12 17 8 11 11 11 6 17 7 6 6 2 7 12 2 13 14 6
COSTS 14 13 8 12 17 4 11 11 11 6 16 6 6 6 2 5 12 2 13 13 6
COSTS 12 12 12 8 17 4 11 11 12 6 16 6 6 6 2 5 12 2 13 15 5
COSTS 12 12 12 12 17 4 11 11 12 6 16 6 6 6 2 5 12 2 13 13 5
COSTS 14 13 8 12 17 8 11 11 11 6 16 7 6 6 2 7 12 2 13 13 5
COSTS 12 13 8 12 17 4 11 11 11 6 16 6 6 6 2 5 14 3 14 15 5
COSTS 12 12 12 12 17 4 11 11 12 6 17 6 4 5 4 5 14 3 14 14 6
COSTS 12 13 8 12 17 8 11 11 11 6 16 7 6 6 2 7 14 2 13 13 5
COSTS 14 13 8 12 17 7 11 11 11 6 16 7 6 6 2 7 12 2 13 13 5
COSTS 14 13 8 12 17 4 11 11 11 6 16 6 4 5 4 5 14 3 14 15 6
COSTS 12 12 8 12 17 8 11 11 11 6 16 7 6 6 2 5 12 3 14 15 5
COSTS 14 13 8 12 17 7 11 11 11 6 16 7 6 6 2 5 12 2 13 13 5
COSTS 12 12 12 12 17 8 11 11 11 6 16 6 6 6 2 5 12 3 14 15 6
COSTS 12 12 12 12 17 8 11 11 11 6 16 6 6 6 2 5 14 2 13 15 6
COSTS 12 12 8 12 17 4 11 12 12 6 16 7 6 6 2 5 14 3 14 13 6
COSTS 14 13 8 12 17 4 11 11 11 6 16 7 6 6 2 5 12 2 13 13 6
COSTS 14 13 8 12 17 7 11 11 11 6 16 7 6 6 2 5 12 2 13 13 5
COSTS 12 12 12 12 17 8 11 11 12 6 16 7 6 6 2 5 12 2 13 13 5
COSTS 12 12 12 12 17 8 11 11 12 6 16 6 6 6 2 5 12 2 13 15 6
COSTS 12 12 12 12 17 4 11 12 11 6 16 7 6 6 2 5 12 3 13 13 5
COSTS 12 13 8 12 17 4 11 12 11 6 16 6 6 6 2 5 14 2 13 15 5
COSTS 12 13 8 12 17 7 11 11 11 6 16 6 6 6 2 7 12 2 13 15 5
END
STATE a7dc69abab774e160cc347551c228f59f27fd454136b304f349c6f6e154e2e95 6003 24 28
LABELS 1 0 0 0 1 0 0 0 0 0 0 0 0 0 0 1 0 0 0 1 0 0 0 0
MASSES 16 11 30 21 15 6 16 24 16 10 11 23 29 28 29 7 9 17 12 14 30 14 13 25
QUERY_IDS 0 1 2 6 7 8 9 10 11 12 13 14 15 16 17 19 22 23 24 26 27 28 29 30 31 32 33 34
RESPONSES 0 0 1 1 0 0 0 1 0 0 0 1 0 0 0 0 0 0 0 0 0 1 1 0 0 1 1 1
RESPONSES 1 1 1 1 1 1 1 1 1 1 1 1 1 1 1 1 1 1 1 1 1 1 1 1 1 1 1 1
RESPONSES 1 1 1 1 1 1 1 1 1 1 1 1 1 1 1 1 1 1 1 1 1 1 1 1 1 1 1 1
RESPONSES 1 1 1 1 1 1 1 1 1 1 1 1 1 1 1 1 1 1 1 1 1 1 1 1 1 1 1 1
RESPONSES 0 0 0 0 0 0 0 1 0 0 0 1 0 0 0 0 0 1 1 0 0 0 0 0 0 0 1 1
RESPONSES 0 0 0 1 1 1 1 1 1 1 1 1 1 1 1 1 1 1 1 0 1 1 1 1 1 1 1 1
RESPONSES 0 0 0 1 1 1 1 1 1 1 1 1 1 1 1 1 1 1 1 0 1 1 1 1 1 1 1 1
RESPONSES 0 0 0 1 1 1 1 1 1 1 1 1 1 1 1 1 1 1 1 0 1 1 1 1 1 1 1 1
RESPONSES 0 0 0 1 1 1 1 1 0 1 1 1 0 0 1 1 1 1 1 1 1 1 1 1 1 1 1 1
RESPONSES 0 0 0 1 1 1 1 1 1 1 1 1 1 1 1 1 1 1 1 0 1 1 1 1 1 1 1 1
RESPONSES 0 0 0 1 1 1 1 1 1 1 1 1 1 1 1 1 1 1 1 0 1 1 1 1 1 1 1 1
RESPONSES 1 1 1 1 1 1 1 1 1 1 1 1 1 1 1 1 1 1 1 0 1 1 1 1 1 1 1 1
RESPONSES 1 1 1 1 1 1 1 1 1 1 1 1 1 1 1 1 1 1 1 0 1 1 1 1 1 1 1 1
RESPONSES 1 1 1 1 1 1 1 1 0 1 1 1 1 1 1 1 0 0 0 1 1 1 1 1 1 1 1 1
RESPONSES 1 1 1 1 1 1 1 1 0 1 1 1 1 1 1 1 1 1 1 1 1 1 1 1 1 1 1 1
RESPONSES 0 0 0 1 0 0 0 0 0 0 0 0 0 0 0 0 0 1 1 0 0 0 1 0 1 1 0 0
RESPONSES 0 0 1 1 1 1 1 1 1 1 1 1 1 1 1 1 1 1 1 0 1 1 1 1 1 1 1 1
RESPONSES 0 0 1 1 1 1 1 1 1 1 1 1 1 1 1 1 1 1 1 0 1 1 1 1 1 1 1 1
RESPONSES 0 0 0 1 1 1 1 1 1 1 1 1 1 1 1 1 1 1 1 1 1 1 1 1 1 1 1 1
RESPONSES 0 0 0 0 1 1 1 1 1 1 1 1 1 1 1 1 0 1 1 0 0 1 1 0 0 1 1 1
RESPONSES 0 0 0 1 0 0 1 1 1 1 1 1 1 1 1 1 1 1 1 0 0 1 1 0 0 1 1 1
RESPONSES 0 1 1 1 1 1 1 1 1 1 1 1 1 1 1 1 1 1 1 1 1 1 1 1 1 1 1 1
RESPONSES 1 1 1 1 1 1 1 1 0 1 1 1 1 1 1 1 1 1 1 1 1 1 1 1 1 1 1 1
RESPONSES 0 1 1 1 1 1 1 1 1 1 1 1 1 1 1 1 1 1 1 0 1 1 1 1 1 1 1 1
COSTS 13 17 11 13 7 11 15 11 4 8 7 12 12 13 8 5 16 16 9 7 13 12 16 10 10 9 13 4
COSTS 14 17 11 13 7 12 15 11 5 6 5 12 9 15 8 4 17 19 10 11 10 12 16 11 8 9 13 4
COSTS 14 17 11 13 7 12 15 11 5 6 5 12 9 15 8 4 17 19 10 11 10 12 16 11 8 9 13 4
COSTS 14 17 11 13 7 12 15 11 5 6 5 12 9 15 8 4 17 19 10 11 10 12 16 11 8 9 13 4
COSTS 13 17 12 14 7 11 15 11 4 8 7 12 12 13 8 5 16 19 10 7 13 13 17 10 10 8 13 4
COSTS 13 17 12 13 7 12 15 11 5 6 5 12 9 15 8 4 17 19 10 7 10 12 16 11 8 9 13 4
COSTS 13 17 12 13 7 12 15 11 5 6 5 12 9 15 8 4 17 19 10 7 10 12 16 11 8 9 13 4
COSTS 13 17 12 13 7 12 15 11 5 6 5 12 9 15 8 4 17 19 10 7 10 12 16 11 8 9 13 4
COSTS 13 17 12 13 7 12 15 11 4 6 5 12 12 13 8 4 17 19 10 11 10 12 16 11 8 9 13 4
COSTS 13 17 12 13 7 12 15 11 5 6 5 12 9 15 8 4 17 19 10 7 10 12 16 11 8 9 13 4
COSTS 13 17 12 13 7 12 15 11 5 6 5 12 9 15 8 4 17 19 10 7 10 12 16 11 8 9 13 4
COSTS 14 17 11 13 7 12 15 11 5 6 5 12 9 15 8 4 17 19 10 7 10 12 16 11 8 9 13 4
COSTS 14 17 11 13 7 12 15 11 5 6 5 12 9 15 8 4 17 19 10 7 10 12 16 11 8 9 13 4
COSTS 14 17 11 13 7 12 15 11 4 6 5 12 9 15 8 4 16 16 9 11 10 12 16 11 8 9 13 4
COSTS 14 17 11 13 7 12 15 11 4 6 5 12 9 15 8 4 17 19 10 11 10 12 16 11 8 9 13 4
COSTS 13 17 12 13 7 11 15 10 4 8 7 11 12 13 8 5 16 19 10 7 13 13 16 10 8 9 16 1
COSTS 13 17 11 13 7 12 15 11 5 6 5 12 9 15 8 4 17 19 10 7 10 12 16 11 8 9 13 4
COSTS 13 17 11 13 7 12 15 11 5 6 5 12 9 15 8 4 17 19 10 7 10 12 16 11 8 9 13 4
COSTS 13 17 12 13 7 12 15 11 5 6 5 12 9 15 8 4 17 19 10 11 10 12 16 11 8 9 13 4
COSTS 13 17 12 14 7 12 15 11 5 6 5 12 9 15 8 4 16 19 10 7 13 12 16 10 10 9 13 4
COSTS 13 17 12 13 7 11 15 11 5 6 5 12 9 15 8 4 17 19 10 7 13 12 16 10 10 9 13 4
COSTS 13 17 11 13 7 12 15 11 5 6 5 12 9 15 8 4 17 19 10 11 10 12 16 11 8 9 13 4
COSTS 14 17 11 13 7 12 15 11 4 6 5 12 9 15 8 4 17 19 10 11 10 12 16 11 8 9 13 4
COSTS 13 17 11 13 7 12 15 11 5 6 5 12 9 15 8 4 17 19 10 7 10 12 16 11 8 9 13 4
END
STATE a815660ab7b15c8b997d0e3f43b66110ace04af09fc77e0ca431682c51100d49 6001 24 11
LABELS 1 4 2 1 4 3 2 2 2 0 0 0 0 1 1 3 3 2 2 2 1 0 2 2
MASSES 27 3 27 16 6 30 8 22 27 1 13 9 7 23 1 13 29 5 16 1 19 17 17 8
QUERY_IDS 0 1 2 4 5 6 7 8 9 10 11
RESPONSES 1 1 0 0 0 0 0 0 0 0 0
RESPONSES 3 3 0 0 0 0 0 1 0 0 0
RESPONSES 1 0 0 0 1 0 0 1 1 0 0
RESPONSES 0 2 0 0 1 0 0 1 0 0 0
RESPONSES 0 3 0 0 1 0 0 1 0 0 0
RESPONSES 1 1 1 0 1 0 0 1 0 0 0
RESPONSES 1 0 1 1 1 0 1 1 0 0 0
RESPONSES 3 2 0 0 0 0 0 1 0 0 0
RESPONSES 3 1 0 0 1 0 0 1 0 0 0
RESPONSES 4 1 1 0 0 0 0 1 1 0 0
RESPONSES 4 2 0 0 0 0 0 0 0 0 0
RESPONSES 4 2 0 0 0 0 0 0 0 0 0
RESPONSES 4 2 0 0 0 0 0 0 0 0 0
RESPONSES 2 2 0 0 0 0 0 0 0 0 0
RESPONSES 2 2 0 0 0 0 0 0 0 0 0
RESPONSES 1 1 0 0 0 0 0 1 0 0 0
RESPONSES 1 0 0 0 0 0 1 1 0 2 0
RESPONSES 0 1 0 0 0 0 0 1 0 0 0
RESPONSES 0 2 0 0 0 0 0 1 0 0 0
RESPONSES 0 2 0 0 0 0 0 1 0 0 0
RESPONSES 2 1 1 1 0 0 0 1 0 0 0
RESPONSES 4 2 0 0 0 0 0 1 1 1 0
RESPONSES 3 2 0 0 0 0 0 1 1 0 0
RESPONSES 1 1 0 0 1 0 0 1 0 0 0
COSTS 4 7 3 15 4 7 5 19 6 9 15
COSTS 8 5 3 15 4 7 5 17 6 9 15
COSTS 4 7 3 15 2 7 5 17 7 9 15
COSTS 7 6 3 15 2 7 5 17 6 9 15
COSTS 7 5 3 15 2 7 5 17 6 9 15
COSTS 4 7 5 15 2 7 5 17 6 9 15
COSTS 4 7 5 18 2 7 8 17 6 9 15
COSTS 8 6 3 15 4 7 5 17 6 9 15
COSTS 8 7 3 15 2 7 5 17 6 9 15
COSTS 8 7 5 15 4 7 5 17 7 9 15
COSTS 8 6 3 15 4 7 5 19 6 9 15
COSTS 8 6 3 15 4 7 5 19 6 9 15
COSTS 8 6 3 15 4 7 5 19 6 9 15
COSTS 7 6 3 15 4 7 5 19 6 9 15
COSTS 7 6 3 15 4 7 5 19 6 9 15
COSTS 4 7 3 15 4 7 5 17 6 9 15
COSTS 4 7 3 15 4 7 8 17 6 11 15
COSTS 7 7 3 15 4 7 5 17 6 9 15
COSTS 7 6 3 15 4 7 5 17 6 9 15
COSTS 7 6 3 15 4 7 5 17 6 9 15
COSTS 7 7 5 18 4 7 5 17 6 9 15
COSTS 8 6 3 15 4 7 5 17 7 12 15
COSTS 8 6 3 15 4 7 5 17 7 9 15
COSTS 4 7 3 15 2 7 5 17 6 9 15
END
STATE a8b89368e175abd5eab303860146a807cd2f68e4b83eade76fb7feb3c5c7aaf8 6003 24 13
LABELS 0 0 0 0 0 0 0 0 0 0 0 0 0 0 1 0 0 0 0 0 0 0 0 0
MASSES 19 29 11 7 13 18 20 20 17 21 23 5 14 9 7 21 31 20 31 29 30 11 6 10
QUERY_IDS 0 1 2 3 4 5 6 7 8 10 12 13 15
RESPONSES 1 2 1 0 0 0 1 1 1 1 1 1 0
RESPONSES 1 1 1 0 0 0 1 1 1 2 1 1 1
RESPONSES 1 0 1 0 0 0 1 1 1 0 1 1 0
RESPONSES 0 1 1 0 0 0 1 1 1 2 1 1 1
RESPONSES 0 1 1 0 0 0 1 1 1 2 1 1 1
RESPONSES 1 2 1 0 0 1 1 1 1 1 1 1 1
RESPONSES 1 2 1 0 0 0 1 1 1 2 1 1 0
RESPONSES 0 1 1 0 0 0 1 1 1 1 1 2 1
RESPONSES 1 1 1 0 0 1 1 1 1 1 1 1 1
RESPONSES 1 1 1 0 0 0 1 1 1 1 1 1 0
RESPONSES 1 1 1 0 0 0 1 1 1 1 1 1 0
RESPONSES 1 1 1 0 0 0 1 1 1 1 1 1 0
RESPONSES 1 1 1 0 0 0 1 1 1 1 1 1 0
RESPONSES 1 2 1 0 0 0 1 1 1 2 1 1 1
RESPONSES 0 2 1 1 1 1 1 0 0 1 0 0 0
RESPONSES 1 1 1 0 0 0 1 1 1 2 1 1 0
RESPONSES 1 2 1 0 0 0 0 1 1 2 1 1 1
RESPONSES 0 1 1 0 0 1 1 1 1 1 1 1 1
RESPONSES 1 0 1 0 0 0 1 1 1 1 1 1 0
RESPONSES 1 0 1 0 0 0 1 1 1 1 1 1 0
RESPONSES 1 2 1 0 0 0 1 1 1 1 1 1 1
RESPONSES 1 2 1 0 0 0 1 1 1 1 1 1 1
RESPONSES 1 2 1 0 0 0 1 1 1 1 1 1 1
RESPONSES 0 1 0 0 0 1 1 1 1 2 1 2 1
COSTS 4 3 15 13 12 14 17 17 16 3 6 6 14
COSTS 4 3 15 13 12 14 17 17 16 6 6 6 11
COSTS 4 3 15 13 12 14 17 17 16 3 6 6 14
COSTS 4 3 15 13 12 14 17 17 16 6 6 6 11
COSTS 4 3 15 13 12 14 17 17 16 6 6 6 11
COSTS 4 3 15 13 12 12 17 17 16 3 6 6 11
COSTS 4 3 15 13 12 14 17 17 16 6 6 6 14
COSTS 4 3 15 13 12 14 17 17 16 3 6 6 11
COSTS 4 3 15 13 12 12 17 17 16 3 6 6 11
COSTS 4 3 15 13 12 14 17 17 16 3 6 6 14
COSTS 4 3 15 13 12 14 17 17 16 3 6 6 14
COSTS 4 3 15 13 12 14 17 17 16 3 6 6 14
COSTS 4 3 15 13 12 14 17 17 16 3 6 6 14
COSTS 4 3 15 13 12 14 17 17 16 6 6 6 11
COSTS 4 3 15 15 15 12 17 18 14 3 4 5 14
COSTS 4 3 15 13 12 14 17 17 16 6 6 6 14
COSTS 4 3 15 13 12 14 18 17 16 6 6 6 11
COSTS 4 3 15 13 12 12 17 17 16 3 6 6 11
COSTS 4 3 15 13 12 14 17 17 16 3 6 6 14
COSTS 4 3 15 13 12 14 17 17 16 3 6 6 14
COSTS 4 3 15 13 12 14 17 17 16 3 6 6 11
COSTS 4 3 15 13 12 14 17 17 16 3 6 6 11
COSTS 4 3 15 13 12 14 17 17 16 3 6 6 11
COSTS 4 3 14 13 12 12 17 17 16 6 6 6 11
END
STATE a8ded7d2dce8d129761f35aa8f97a3670052f42017d741f385caeff1f9594edc 6002 24 36
LABELS 0 0 0 0 0 0 0 0 0 0 0 0 0 0 0 0 0 0 0 0 0 0 0 0
MASSES 19 18 16 30 23 30 4 5 30 7 23 5 12 11 8 30 31 3 7 10 7 11 14 6
QUERY_IDS 1 2 3 4 5 6 7 10 11 18 19 22 24 25 26 27 28 29 32 33 34 35 36 44 47 48 49 50 51 52 53 54 55 56 57 60
RESPONSES 1 1 1 1 1 1 1 0 0 0 0 0 0 0 0 0 0 0 0 0 0 0 0 0 0 0 0 0 0 0 0 0 0 0 0 1
RESPONSES 1 1 1 1 1 1 1 0 0 0 0 0 0 0 0 0 0 0 0 0 0 0 0 0 0 0 0 0 0 0 0 0 0 0 0 1
RESPONSES 1 1 1 1 1 1 1 0 0 0 0 0 0 0 0 0 0 0 0 0 0 0 0 0 0 0 0 0 0 0 0 0 0 0 0 1
RESPONSES 1 1 1 1 1 1 1 1 0 0 0 0 0 0 0 0 0 0 0 0 0 0 0 0 0 0 0 0 0 0 0 0 0 0 0 1
RESPONSES 1 1 1 1 1 1 1 0 0 0 0 0 0 0 0 0 0 0 0 0 0 0 0 0 0 0 0 0 0 0 0 0 0 0 0 1
RESPONSES 1 1 1 1 1 1 1 0 0 0 0 0 0 0 0 0 0 0 0 0 0 0 0 0 0 0 0 0 0 0 0 0 0 0 0 1
RESPONSES 0 0 0 1 1 1 1 0 0 0 0 0 0 0 0 0 0 1 0 0 1 1 0 0 0 0 0 0 0 0 0 0 0 0 0 1
RESPONSES 0 0 0 1 1 1 1 0 0 0 0 0 0 0 0 0 0 0 0 0 0 0 0 0 0 0 0 0 0 0 0 0 0 0 0 1
RESPONSES 0 0 0 1 1 1 1 0 0 0 0 0 0 0 0 0 0 0 0 0 0 0 0 0 0 0 0 0 0 0 0 0 0 0 0 1
RESPONSES 0 0 0 0 0 1 2 0 0 0 0 1 1 1 1 1 1 1 1 1 1 1 1 1 0 1 1 1 1 1 1 1 1 1 1 0
RESPONSES 0 0 0 0 0 0 1 0 0 0 0 1 0 0 1 1 1 1 1 1 1 1 1 1 0 0 0 1 1 0 0 0 0 0 1 1
RESPONSES 0 1 1 1 1 1 1 0 0 0 0 0 0 0 0 0 0 0 0 0 0 0 0 0 0 0 0 0 0 0 0 0 0 0 0 1
RESPONSES 0 1 1 1 1 1 1 0 0 0 0 0 0 0 0 0 0 0 0 0 0 0 0 0 0 0 0 0 0 0 0 0 0 0 0 1
RESPONSES 0 0 0 0 0 1 2 0 0 0 1 1 0 0 1 1 1 1 1 1 1 1 0 1 1 1 1 1 1 0 1 1 1 1 1 0
RESPONSES 0 0 0 0 1 1 1 0 1 0 0 0 0 0 0 0 0 0 0 0 0 0 0 0 0 0 0 0 0 0 0 0 0 0 0 1
RESPONSES 1 1 1 1 1 1 1 0 0 0 0 0 0 0 0 0 0 0 0 0 0 0 0 0 0 0 0 0 0 0 0 0 0 0 0 1
RESPONSES 0 1 1 1 1 1 1 0 0 0 0 0 0 0 0 0 0 0 0 0 0 0 0 0 0 0 0 0 0 0 0 0 0 0 0 1
RESPONSES 1 1 1 1 1 1 1 0 0 0 1 0 0 0 0 0 0 0 0 0 0 0 0 0 0 0 0 0 0 0 0 0 0 0 0 1
RESPONSES 0 0 0 1 1 1 0 0 0 0 0 0 0 0 0 0 0 0 0 0 0 0 0 0 0 0 0 0 0 0 0 0 0 0 0 1
RESPONSES 0 0 0 0 0 1 2 0 0 0 1 0 0 0 0 0 0 0 0 0 0 0 0 0 0 0 0 0 0 0 0 0 0 0 0 1
RESPONSES 0 0 0 0 1 1 1 0 0 0 0 0 0 0 0 0 0 0 0 0 0 0 0 0 0 0 0 0 0 0 0 0 0 0 0 1
RESPONSES 0 1 1 1 1 1 1 0 0 1 1 0 0 0 0 0 0 0 0 0 0 0 0 0 0 0 0 0 0 0 0 0 0 0 0 1
RESPONSES 1 1 1 1 1 1 1 0 0 0 0 0 0 0 0 0 0 1 0 0 1 1 0 0 0 0 0 0 0 0 0 0 0 0 0 1
RESPONSES 1 1 1 1 1 1 1 1 0 0 0 0 0 0 0 0 0 0 0 0 0 0 0 0 0 0 0 0 0 0 0 0 0 0 0 1
COSTS 6 7 6 13 13 12 14 18 7 17 11 6 11 12 5 9 4 6 17 1 11 8 15 8 14 16 10 11 13 15 9 7 8 7 12 5
COSTS 6 7 6 13 13 12 14 18 7 17 11 6 11 12 5 9 4 6 17 1 11 8 15 8 14 16 10 11 13 15 9 7 8 7 12 5
COSTS 6 7 6 13 13 12 14 18 7 17 11 6 11 12 5 9 4 6 17 1 11 8 15 8 14 16 10 11 13 15 9 7 8 7 12 5
COSTS 6 7 6 13 13 12 14 19 7 17 11 6 11 12 5 9 4 6 17 1 11 8 15 8 14 16 10 11 13 15 9 7 8 7 12 5
COSTS 6 7 6 13 13 12 14 18 7 17 11 6 11 12 5 9 4 6 17 1 11 8 15 8 14 16 10 11 13 15 9 7 8 7 12 5
COSTS 6 7 6 13 13 12 14 18 7 17 11 6 11 12 5 9 4 6 17 1 11 8 15 8 14 16 10 11 13 15 9 7 8 7 12 5
COSTS 8 8 5 13 13 12 14 18 7 17 11 6 11 12 5 9 4 5 17 1 13 8 15 8 14 16 10 11 13 15 9 7 8 7 12 5
COSTS 8 8 5 13 13 12 14 18 7 17 11 6 11 12 5 9 4 6 17 1 11 8 15 8 14 16 10 11 13 15 9 7 8 7 12 5
COSTS 8 8 5 13 13 12 14 18 7 17 11 6 11 12 5 9 4 6 17 1 11 8 15 8 14 16 10 11 13 15 9 7 8 7 12 5
COSTS 8 8 5 15 13 12 16 18 7 17 11 2 12 16 8 12 3 5 13 3 13 8 13 8 14 17 10 14 14 16 6 9 5 7 10 3
COSTS 8 8 5 15 13 12 14 18 7 17 11 2 11 12 8 12 3 5 13 3 13 8 13 8 14 16 10 14 14 15 9 7 8 7 10 5
COSTS 8 7 6 13 13 12 14 18 7 17 11 6 11 12 5 9 4 6 17 1 11 8 15 8 14 16 10 11 13 15 9 7 8 7 12 5
COSTS 8 7 6 13 13 12 14 18 7 17 11 6 11 12 5 9 4 6 17 1 11 8 15 8 14 16 10 11 13 15 9 7 8 7 12 5
COSTS 8 8 5 15 13 12 16 18 7 17 10 2 11 12 8 12 3 5 13 3 13 8 15 8 10 17 10 14 14 15 6 9 5 7 10 3
COSTS 8 8 5 15 13 12 14 18 10 17 11 6 11 12 5 9 4 6 17 1 11 8 15 8 14 16 10 11 13 15 9 7 8 7 12 5
COSTS 6 7 6 13 13 12 14 18 7 17 11 6 11 12 5 9 4 6 17 1 11 8 15 8 14 16 10 11 13 15 9 7 8 7 12 5
COSTS 8 7 6 13 13 12 14 18 7 17 11 6 11 12 5 9 4 6 17 1 11 8 15 8 14 16 10 11 13 15 9 7 8 7 12 5
COSTS 6 7 6 13 13 12 14 18 7 17 10 6 11 12 5 9 4 6 17 1 11 8 15 8 14 16 10 11 13 15 9 7 8 7 12 5
COSTS 8 8 5 13 13 12 18 18 7 17 11 6 11 12 5 9 4 6 17 1 11 8 15 8 14 16 10 11 13 15 9 7 8 7 12 5
COSTS 8 8 5 15 13 12 16 18 7 17 10 6 11 12 5 9 4 6 17 1 11 8 15 8 14 16 10 11 13 15 9 7 8 7 12 5
COSTS 8 8 5 15 13 12 14 18 7 17 11 6 11 12 5 9 4 6 17 1 11 8 15 8 14 16 10 11 13 15 9 7 8 7 12 5
COSTS 8 7 6 13 13 12 14 18 7 14 10 6 11 12 5 9 4 6 17 1 11 8 15 8 14 16 10 11 13 15 9 7 8 7 12 5
COSTS 6 7 6 13 13 12 14 18 7 17 11 6 11 12 5 9 4 5 17 1 13 8 15 8 14 16 10 11 13 15 9 7 8 7 12 5
COSTS 6 7 6 13 13 12 14 19 7 17 11 6 11 12 5 9 4 6 17 1 11 8 15 8 14 16 10 11 13 15 9 7 8 7 12 5
END
STATE a8eb4fa647a8392a7d03f61de013bf6a017e26ee843d3d97f550cb153211a4b6 6001 24 11
LABELS 1 1 4 0 2 4 1 4 1 0 1 3 1 2 2 2 4 1 3 4 4 4 4 0
MASSES 8 12 18 13 25 30 25 12 10 1 11 31 15 29 21 17 8 4 1 9 6 30 5 10
QUERY_IDS 0 1 2 3 4 5 6 7 9 10 11
RESPONSES 4 2 0 0 1 1 1 0 0 0 0
RESPONSES 4 2 0 0 0 1 1 0 0 0 0
RESPONSES 3 3 0 2 0 0 1 0 0 0 0
RESPONSES 5 2 0 2 0 0 1 0 0 0 0
RESPONSES 0 1 0 1 0 1 1 0 0 0 0
RESPONSES 4 3 1 1 1 0 1 0 0 0 0
RESPONSES 3 2 0 2 0 0 1 0 0 0 0
RESPONSES 4 3 1 1 0 0 1 0 0 0 0
RESPONSES 4 2 0 2 0 0 1 0 0 0 0
RESPONSES 5 1 1 2 0 0 1 0 1 0 0
RESPONSES 0 2 0 1 0 0 1 0 0 0 0
RESPONSES 0 2 0 1 0 0 1 0 0 0 0
RESPONSES 4 2 1 1 0 1 1 0 0 1 0
RESPONSES 2 0 0 1 0 0 1 0 0 0 0
RESPONSES 0 2 0 1 0 1 1 0 0 0 0
RESPONSES 0 1 0 1 0 0 1 0 0 0 0
RESPONSES 2 3 0 1 0 1 1 0 0 0 0
RESPONSES 1 1 0 2 0 0 1 0 0 0 0
RESPONSES 2 2 0 2 0 0 1 0 1 0 0
RESPONSES 4 3 0 2 0 1 1 0 0 0 0
RESPONSES 4 3 0 2 0 0 0 0 0 0 0
RESPONSES 3 3 0 1 0 0 0 0 0 0 0
RESPONSES 4 3 0 1 0 0 0 0 0 0 0
RESPONSES 5 2 0 1 1 1 1 0 0 0 0
COSTS 8 6 3 19 18 2 7 5 6 9 15
COSTS 8 6 3 19 15 2 7 5 6 9 15
COSTS 7 5 3 16 15 4 7 5 6 9 15
COSTS 8 6 3 16 15 4 7 5 6 9 15
COSTS 7 7 3 15 15 2 7 5 6 9 15
COSTS 8 5 5 15 18 4 7 5 6 9 15
COSTS 7 6 3 16 15 4 7 5 6 9 15
COSTS 8 5 5 15 15 4 7 5 6 9 15
COSTS 8 6 3 16 15 4 7 5 6 9 15
COSTS 8 7 5 16 15 4 7 5 7 9 15
COSTS 7 6 3 15 15 4 7 5 6 9 15
COSTS 7 6 3 15 15 4 7 5 6 9 15
COSTS 8 6 5 15 15 2 7 5 6 12 15
COSTS 4 7 3 15 15 4 7 5 6 9 15
COSTS 7 6 3 15 15 2 7 5 6 9 15
COSTS 7 7 3 15 15 4 7 5 6 9 15
COSTS 4 5 3 15 15 2 7 5 6 9 15
COSTS 4 7 3 16 15 4 7 5 6 9 15
COSTS 4 6 3 16 15 4 7 5 7 9 15
COSTS 8 5 3 16 15 2 7 5 6 9 15
COSTS 8 5 3 16 15 4 6 5 6 9 15
COSTS 7 5 3 15 15 4 6 5 6 9 15
COSTS 8 5 3 15 15 4 6 5 6 9 15
COSTS 8 6 3 15 18 2 7 5 6 9 15
END
STATE aa2768f9dfc3580dc3dde4818aed1c6d57dc2c43fce7189f0b2a042183dcaff1 6003 24 32
LABELS 2 0 1 1 3 1 1 3 4 2 1 3 2 3 1 3 1 1 1 3 2 1 0 3
MASSES 16 27 3 1 10 9 18 7 18 28 19 1 31 28 27 23 18 14 20 22 9 25 13 26
QUERY_IDS 0 3 4 6 16 17 21 22 23 24 25 27 28 30 31 32 33 36 44 45 46 47 51 52 56 57 61 62 65 67 76 77
RESPONSES 0 0 0 0 0 0 1 1 0 0 0 1 1 0 0 0 0 1 0 0 0 1 1 1 1 1 1 1 0 1 0 0
RESPONSES 1 0 0 1 0 0 1 1 0 0 0 0 0 0 0 0 0 1 1 1 1 1 1 1 1 1 1 1 0 0 0 0
RESPONSES 1 0 0 1 0 0 1 1 0 0 0 0 0 0 0 0 0 0 1 1 1 1 1 1 1 1 1 1 0 1 0 0
RESPONSES 1 0 0 1 1 1 1 1 0 0 0 1 1 0 0 0 0 1 0 0 0 0 0 1 1 1 1 1 0 1 0 1
RESPONSES 1 1 1 1 1 1 1 1 0 0 0 0 0 0 0 0 0 1 0 0 0 0 0 0 0 0 1 1 1 1 0 1
RESPONSES 0 0 0 0 0 0 1 1 0 0 0 0 0 0 0 0 0 1 1 1 1 1 0 1 1 1 1 1 0 0 0 0
RESPONSES 0 0 0 0 0 0 1 1 0 0 0 0 0 0 0 0 0 1 0 0 0 0 0 0 1 1 1 1 1 1 0 0
RESPONSES 0 0 0 0 1 1 1 1 0 0 0 0 0 0 0 0 0 0 0 0 0 0 1 1 1 1 1 1 1 1 0 0
RESPONSES 1 0 0 1 0 0 0 0 1 1 1 1 1 1 1 1 1 1 0 0 0 0 0 0 1 1 0 0 1 1 1 1
RESPONSES 1 0 0 1 0 0 0 0 0 0 1 1 1 1 1 1 1 1 0 0 0 0 0 0 1 1 1 1 1 1 0 1
RESPONSES 0 0 0 0 0 0 1 1 0 0 0 0 0 0 0 0 0 1 1 1 1 1 0 1 1 1 1 1 0 1 0 0
RESPONSES 1 0 0 1 1 1 1 1 0 0 0 1 1 0 0 0 0 1 0 0 0 0 0 0 1 1 1 1 0 0 1 1
RESPONSES 0 0 0 0 0 0 1 1 0 0 0 1 1 0 0 0 0 1 0 0 0 0 0 0 1 1 1 1 1 1 0 0
RESPONSES 1 1 1 1 1 1 1 1 0 0 0 1 1 0 0 0 0 1 0 0 0 0 0 0 0 0 1 1 1 1 0 1
RESPONSES 1 1 1 1 1 1 1 1 0 0 0 0 0 0 0 0 0 1 0 0 0 1 1 1 1 1 1 1 0 0 1 1
RESPONSES 1 0 0 1 1 1 1 1 0 0 0 0 0 0 0 0 0 1 0 0 0 0 0 0 1 1 1 1 0 0 0 1
RESPONSES 1 0 0 1 0 0 1 1 0 0 0 0 0 0 0 0 0 1 1 1 1 1 1 1 1 1 1 1 0 1 0 0
RESPONSES 0 0 0 0 0 0 1 1 0 0 0 0 0 0 0 0 0 0 0 0 0 0 0 0 1 1 1 1 1 1 0 0
RESPONSES 0 0 0 0 0 0 1 1 0 0 0 0 0 0 0 0 0 1 1 1 1 1 1 1 1 1 1 1 0 1 0 0
RESPONSES 1 1 1 1 1 1 1 1 0 0 0 0 0 0 0 0 0 1 0 0 0 0 0 0 0 0 1 1 1 1 1 1
RESPONSES 1 0 0 1 0 0 0 0 0 0 1 1 1 1 1 1 1 1 0 0 0 0 0 0 1 1 1 1 1 1 1 1
RESPONSES 1 0 0 1 0 0 1 1 0 0 0 0 0 0 0 0 0 1 1 1 1 1 1 1 1 1 1 1 0 1 0 0
RESPONSES 1 0 0 1 0 0 1 1 0 0 0 0 0 0 0 0 0 1 1 1 1 1 0 1 1 1 1 1 0 0 0 0
RESPONSES 0 0 0 0 1 1 1 1 0 0 0 0 0 0 0 0 0 0 0 0 0 1 1 1 1 1 1 1 0 1 0 0
COSTS 12 13 15 9 9 13 7 11 6 4 10 11 3 6 13 12 14 12 14 15 10 4 10 5 7 14 13 7 7 3 15 5
COSTS 13 13 15 6 9 13 7 11 6 4 10 11 3 6 13 12 14 12 16 13 9 4 10 5 7 14 13 7 7 1 15 5
COSTS 13 13 15 6 9 13 7 11 6 4 10 11 3 6 13 12 14 12 16 13 9 4 10 5 7 14 13 7 7 3 15 5
COSTS 13 13 15 6 8 13 7 11 6 4 10 11 3 6 13 12 14 12 14 15 10 4 9 5 7 14 13 7 7 3 15 7
COSTS 13 16 13 6 8 13 7 11 6 4 10 11 3 6 13 12 14 12 14 15 10 4 9 6 4 16 13 7 7 3 15 7
COSTS 12 13 15 9 9 13 7 11 6 4 10 11 3 6 13 12 14 12 16 13 9 4 9 5 7 14 13 7 7 1 15 5
COSTS 12 13 15 9 9 13 7 11 6 4 10 11 3 6 13 12 14 12 14 15 10 4 9 6 7 14 13 7 7 3 15 5
COSTS 12 13 15 9 8 13 7 11 6 4 10 11 3 6 13 12 14 12 14 15 10 4 10 5 7 14 13 7 7 3 15 5
COSTS 13 13 15 6 9 13 5 9 3 5 12 11 3 8 13 16 11 12 14 15 10 4 9 6 7 14 15 7 7 3 15 7
COSTS 13 13 15 6 9 13 5 9 6 4 12 11 3 8 13 16 11 12 14 15 10 4 9 6 7 14 13 7 7 3 15 7
COSTS 12 13 15 9 9 13 7 11 6 4 10 11 3 6 13 12 14 12 16 13 9 4 9 5 7 14 13 7 7 3 15 5
COSTS 13 13 15 6 8 13 7 11 6 4 10 11 3 6 13 12 14 12 14 15 10 4 9 6 7 14 13 7 7 1 15 7
COSTS 12 13 15 9 9 13 7 11 6 4 10 11 3 6 13 12 14 12 14 15 10 4 9 6 7 14 13 7 7 3 15 5
COSTS 13 16 13 6 8 13 7 11 6 4 10 11 3 6 13 12 14 12 14 15 10 4 9 6 4 16 13 7 7 3 15 7
COSTS 13 16 13 6 8 13 7 11 6 4 10 11 3 6 13 12 14 12 14 15 10 4 10 5 7 14 13 7 7 1 15 7
COSTS 13 13 15 6 8 13 7 11 6 4 10 11 3 6 13 12 14 12 14 15 10 4 9 6 7 14 13 7 7 1 15 7
COSTS 13 13 15 6 9 13 7 11 6 4 10 11 3 6 13 12 14 12 16 13 9 4 10 5 7 14 13 7 7 3 15 5
COSTS 12 13 15 9 9 13 7 11 6 4 10 11 3 6 13 12 14 12 14 15 10 4 9 6 7 14 13 7 7 3 15 5
COSTS 12 13 15 9 9 13 7 11 6 4 10 11 3 6 13 12 14 12 16 13 9 4 10 5 7 14 13 7 7 3 15 5
COSTS 13 16 13 6 8 13 7 11 6 4 10 11 3 6 13 12 14 12 14 15 10 4 9 6 4 16 13 7 7 3 15 7
COSTS 13 13 15 6 9 13 5 9 6 4 12 11 3 8 13 16 11 12 14 15 10 4 9 6 7 14 13 7 7 3 15 7
COSTS 13 13 15 6 9 13 7 11 6 4 10 11 3 6 13 12 14 12 16 13 9 4 10 5 7 14 13 7 7 3 15 5
COSTS 13 13 15 6 9 13 7 11 6 4 10 11 3 6 13 12 14 12 16 13 9 4 9 5 7 14 13 7 7 1 15 5
COSTS 12 13 15 9 8 13 7 11 6 4 10 11 3 6 13 12 14 12 14 15 10 4 10 5 7 14 13 7 7 3 15 5
END
STATE acb77873a3105352275e11faeb88d10ffbe67120f8948aecb9ec6bc731060446 6002 24 21
LABELS 1 0 0 0 0 0 0 0 0 0 0 0 0 0 0 0 0 0 0 0 0 0 0 0
MASSES 16 2 6 17 11 28 5 29 24 3 1 1 26 16 14 16 1 9 16 7 15 19 13 15
QUERY_IDS 3 4 5 6 10 12 13 14 15 17 18 23 24 27 30 31 33 34 35 39 41
RESPONSES 0 1 1 1 0 1 1 1 1 0 0 0 1 0 0 1 1 1 1 1 0
RESPONSES 1 1 1 1 1 1 1 1 1 1 1 0 0 0 0 1 1 1 1 0 0
RESPONSES 1 1 1 1 1 1 1 1 1 0 0 0 0 0 1 1 0 0 0 0 0
RESPONSES 1 1 1 1 1 1 1 1 1 0 0 0 0 0 0 0 0 0 1 0 0
RESPONSES 1 1 1 1 0 1 1 1 1 1 1 1 0 0 0 0 1 1 1 0 0
RESPONSES 1 1 1 1 1 1 1 1 1 1 1 1 0 0 1 1 1 1 1 0 2
RESPONSES 0 1 1 1 0 1 1 1 1 0 1 0 0 1 1 1 0 0 1 1 2
RESPONSES 1 1 1 1 1 1 1 1 1 0 0 0 0 0 0 1 1 1 1 2 0
RESPONSES 1 1 1 1 0 0 1 1 1 0 0 0 1 0 1 1 0 0 0 1 0
RESPONSES 1 1 1 1 1 1 1 1 1 1 1 0 0 0 0 0 1 1 1 0 0
RESPONSES 1 1 1 1 1 1 1 1 1 1 1 0 0 0 0 1 1 1 1 0 0
RESPONSES 1 1 1 1 0 1 1 1 1 1 1 0 0 0 0 1 1 1 1 0 0
RESPONSES 1 1 1 1 0 0 1 1 1 1 1 0 0 0 1 1 0 0 1 0 0
RESPONSES 1 1 1 1 0 1 1 1 1 1 1 0 1 0 0 0 1 1 1 0 0
RESPONSES 0 0 0 1 0 0 0 1 1 1 1 0 0 0 0 0 1 1 1 0 0
RESPONSES 1 1 1 1 1 1 1 1 1 1 1 0 0 0 0 0 0 0 1 0 0
RESPONSES 1 1 1 1 0 1 1 1 1 1 1 0 1 0 0 1 0 0 0 0 0
RESPONSES 1 1 1 1 1 1 1 1 1 1 1 0 0 1 1 1 1 1 1 1 0
RESPONSES 1 1 1 1 0 1 1 1 1 0 1 0 1 0 1 1 1 1 1 0 2
RESPONSES 1 1 1 1 1 1 1 1 1 0 0 0 0 0 1 1 1 1 1 0 0
RESPONSES 1 1 1 1 0 1 1 1 1 0 1 0 1 0 0 0 1 1 1 0 0
RESPONSES 1 1 1 1 0 0 1 1 1 1 1 0 0 1 1 1 1 1 1 1 1
RESPONSES 0 0 0 0 0 0 0 0 0 0 0 0 1 1 1 1 1 1 1 0 0
RESPONSES 1 1 1 1 0 1 1 1 1 0 0 0 1 0 0 0 0 0 1 1 0
COSTS 7 14 12 17 6 11 11 7 12 17 13 16 6 2 11 5 9 11 2 15 5
COSTS 7 14 12 17 2 11 11 7 12 16 11 16 7 2 11 5 9 11 2 13 5
COSTS 7 14 12 17 2 11 11 7 12 17 13 16 7 2 12 5 10 12 3 13 5
COSTS 7 14 12 17 2 11 11 7 12 17 13 16 7 2 11 7 10 12 2 13 5
COSTS 7 14 12 17 6 11 11 7 12 16 11 17 7 2 11 7 9 11 2 13 5
COSTS 7 14 12 17 2 11 11 7 12 16 11 17 7 2 12 5 9 11 2 13 6
COSTS 7 14 12 17 6 11 11 7 12 17 11 16 7 4 12 5 10 12 2 15 6
COSTS 7 14 12 17 2 11 11 7 12 17 13 16 7 2 11 5 9 11 2 14 5
COSTS 7 14 12 17 6 11 11 7 12 17 13 16 6 2 12 5 10 12 3 15 5
COSTS 7 14 12 17 2 11 11 7 12 16 11 16 7 2 11 7 9 11 2 13 5
COSTS 7 14 12 17 2 11 11 7 12 16 11 16 7 2 11 5 9 11 2 13 5
COSTS 7 14 12 17 6 11 11 7 12 16 11 16 7 2 11 5 9 11 2 13 5
COSTS 7 14 12 17 6 11 11 7 12 16 11 16 7 2 12 5 10 12 2 13 5
COSTS 7 14 12 17 6 11 11 7 12 16 11 16 6 2 11 7 9 11 2 13 5
COSTS 7 16 8 17 6 11 12 7 12 16 11 16 7 2 11 7 9 11 2 13 5
COSTS 7 14 12 17 2 11 11 7 12 16 11 16 7 2 11 7 10 12 2 13 5
COSTS 7 14 12 17 6 11 11 7 12 16 11 16 6 2 11 5 10 12 3 13 5
COSTS 7 14 12 17 2 11 11 7 12 16 11 16 7 4 12 5 9 11 2 15 5
COSTS 7 14 12 17 6 11 11 7 12 17 11 16 6 2 12 5 9 11 2 13 6
COSTS 7 14 12 17 2 11 11 7 12 17 13 16 7 2 12 5 9 11 2 13 5
COSTS 7 14 12 17 6 11 11 7 12 17 11 16 6 2 11 7 9 11 2 13 5
COSTS 7 14 12 17 6 11 11 7 12 16 11 16 7 4 12 5 9 11 2 15 4
COSTS 7 16 8 17 6 11 12 7 10 17 13 16 6 4 12 5 9 11 2 13 5
COSTS 7 14 12 17 6 11 11 7 12 17 13 16 6 2 11 7 10 12 2 15 5
END
STATE ad32614b108e614d178332a3e44ffaf382e8ada24066c1409f72010dad865d29 6003 24 32
LABELS 1 3 3 3 3 1 0 0 0 1 3 0 2 0 0 4 1 3 0 3 0 3 3 3
MASSES 7 9 29 21 7 13 22 15 12 14 16 1 15 13 26 11 17 15 6 20 9 15 26 22
QUERY_IDS 0 1 2 3 4 6 7 8 12 13 17 18 20 23 24 27 28 29 37 38 39 41 53 54 57 64 65 71 75 76 77 78
RESPONSES 1 0 0 1 1 1 1 0 1 1 1 1 1 0 0 1 1 1 0 0 0 0 0 0 1 1 1 1 1 1 1 1
RESPONSES 0 0 0 0 0 1 1 1 1 1 1 1 1 0 0 1 1 1 0 0 0 0 0 0 1 1 0 1 1 1 1 1
RESPONSES 0 0 0 0 0 1 1 1 1 1 1 1 1 0 0 1 1 1 0 0 0 0 0 0 1 1 0 1 1 1 1 1
RESPONSES 0 0 0 0 0 1 1 1 1 1 1 1 1 0 0 1 1 1 0 0 0 0 0 0 1 1 0 1 1 1 1 1
RESPONSES 0 0 0 0 0 0 0 0 1 1 1 1 1 0 0 0 0 0 0 0 0 0 1 1 1 1 1 1 0 0 0 0
RESPONSES 1 0 0 1 1 1 1 0 1 1 1 1 1 0 0 1 1 1 0 0 0 0 1 1 1 1 1 1 1 1 1 1
RESPONSES 1 1 1 1 1 1 1 1 1 1 0 0 1 1 1 1 1 1 0 0 0 0 1 1 1 1 0 1 1 1 1 1
RESPONSES 1 1 1 1 1 1 1 1 1 1 0 0 1 1 1 1 1 1 0 0 0 0 1 1 1 1 0 1 1 1 1 1
RESPONSES 1 1 1 1 1 1 1 1 1 1 0 0 1 1 1 1 1 1 0 0 0 0 1 1 1 1 0 1 1 1 1 1
RESPONSES 0 0 0 0 0 0 0 0 1 1 0 0 1 0 0 0 0 1 0 0 0 0 1 1 1 1 1 1 0 0 0 1
RESPONSES 1 1 1 1 1 1 1 1 1 1 1 1 1 0 0 1 1 1 0 0 0 1 1 1 1 1 0 1 1 1 1 1
RESPONSES 0 0 0 0 0 0 0 1 1 1 0 0 1 0 0 1 1 1 0 0 0 0 1 1 1 1 0 1 1 1 1 1
RESPONSES 1 1 1 1 1 1 1 1 1 1 0 0 1 0 0 1 1 1 1 1 1 1 1 1 1 1 0 0 1 1 1 1
RESPONSES 0 0 0 0 1 1 1 1 1 1 1 1 1 0 0 0 0 0 0 0 0 1 1 1 1 1 0 1 0 0 0 0
RESPONSES 1 1 1 1 1 1 1 1 1 1 0 0 1 1 1 1 1 1 0 0 0 0 1 1 1 1 0 1 1 1 1 1
RESPONSES 1 1 1 1 1 1 1 1 1 1 0 0 0 0 0 0 0 1 1 1 1 1 1 1 1 0 0 0 1 1 1 1
RESPONSES 1 0 0 1 1 1 1 0 1 1 1 1 1 0 0 1 1 1 0 0 0 0 0 0 1 1 1 1 1 1 1 1
RESPONSES 0 0 0 0 1 1 1 1 0 0 1 1 1 0 0 1 1 1 0 0 0 0 0 0 0 1 0 1 1 1 1 1
RESPONSES 1 1 1 1 1 1 1 1 1 1 0 0 1 1 1 1 1 1 0 0 0 0 1 1 1 1 0 1 1 1 1 1
RESPONSES 1 1 1 1 1 1 1 1 1 1 1 1 1 0 0 1 1 1 0 0 0 1 1 1 1 1 0 1 1 1 1 1
RESPONSES 0 0 0 0 1 1 1 1 1 1 1 1 1 0 0 0 0 0 0 0 0 1 1 1 1 1 0 1 0 0 0 0
RESPONSES 0 0 0 0 1 1 1 1 1 1 1 1 1 0 0 1 1 1 0 0 0 0 0 0 1 1 0 1 1 1 1 1
RESPONSES 0 0 0 0 0 1 1 1 1 1 1 1 1 0 0 1 1 1 0 0 0 0 0 0 1 1 0 1 1 1 1 1
RESPONSES 0 0 0 0 0 1 1 0 1 1 1 1 1 0 0 0 0 1 0 0 0 0 1 1 1 1 0 1 0 0 0 1
COSTS 13 12 11 16 13 6 13 17 6 14 13 18 2 6 4 11 3 14 14 11 5 14 15 8 14 15 7 5 1 15 7 11
COSTS 12 12 11 13 15 6 13 16 6 14 13 18 2 6 4 11 3 14 14 11 5 14 15 8 14 15 7 5 1 15 7 11
COSTS 12 12 11 13 15 6 13 16 6 14 13 18 2 6 4 11 3 14 14 11 5 14 15 8 14 15 7 5 1 15 7 11
COSTS 12 12 11 13 15 6 13 16 6 14 13 18 2 6 4 11 3 14 14 11 5 14 15 8 14 15 7 5 1 15 7 11
COSTS 12 12 11 13 15 9 9 17 6 14 13 18 2 6 4 11 3 11 14 11 5 14 15 10 14 15 7 5 4 15 5 11
COSTS 13 12 11 16 13 6 13 17 6 14 13 18 2 6 4 11 3 14 14 11 5 14 15 10 14 15 7 5 1 15 7 11
COSTS 13 9 11 16 13 6 13 16 6 14 13 17 2 3 5 11 3 14 14 11 5 14 15 10 14 15 7 5 1 15 7 11
COSTS 13 9 11 16 13 6 13 16 6 14 13 17 2 3 5 11 3 14 14 11 5 14 15 10 14 15 7 5 1 15 7 11
COSTS 13 9 11 16 13 6 13 16 6 14 13 17 2 3 5 11 3 14 14 11 5 14 15 10 14 15 7 5 1 15 7 11
COSTS 12 12 11 13 15 9 9 17 6 14 13 17 2 6 4 11 3 14 14 11 5 14 15 10 14 15 7 5 4 15 5 11
COSTS 13 9 11 16 13 6 13 16 6 14 13 18 2 6 4 11 3 14 14 11 5 17 15 10 14 15 7 5 1 15 7 11
COSTS 12 12 11 13 15 9 9 16 6 14 13 17 2 6 4 11 3 14 14 11 5 14 15 10 14 15 7 5 1 15 7 11
COSTS 13 9 11 16 13 6 13 16 6 14 13 17 2 6 4 11 3 14 18 9 5 17 15 10 14 15 7 5 1 15 7 11
COSTS 12 12 11 13 13 6 13 16 6 14 13 18 2 6 4 11 3 11 14 11 5 17 15 10 14 15 7 5 4 15 5 11
COSTS 13 9 11 16 13 6 13 16 6 14 13 17 2 3 5 11 3 14 14 11 5 14 15 10 14 15 7 5 1 15 7 11
COSTS 13 9 11 16 13 6 13 16 6 14 13 17 3 6 4 11 3 14 18 9 5 17 15 10 14 15 7 5 1 15 7 11
COSTS 13 12 11 16 13 6 13 17 6 14 13 18 2 6 4 11 3 14 14 11 5 14 15 8 14 15 7 5 1 15 7 11
COSTS 12 12 11 13 13 6 13 16 6 15 13 18 2 6 4 11 3 14 14 11 5 14 15 8 16 15 7 5 1 15 7 11
COSTS 13 9 11 16 13 6 13 16 6 14 13 17 2 3 5 11 3 14 14 11 5 14 15 10 14 15 7 5 1 15 7 11
COSTS 13 9 11 16 13 6 13 16 6 14 13 18 2 6 4 11 3 14 14 11 5 17 15 10 14 15 7 5 1 15 7 11
COSTS 12 12 11 13 13 6 13 16 6 14 13 18 2 6 4 11 3 11 14 11 5 17 15 10 14 15 7 5 4 15 5 11
COSTS 12 12 11 13 13 6 13 16 6 14 13 18 2 6 4 11 3 14 14 11 5 14 15 8 14 15 7 5 1 15 7 11
COSTS 12 12 11 13 15 6 13 16 6 14 13 18 2 6 4 11 3 14 14 11 5 14 15 8 14 15 7 5 1 15 7 11
COSTS 12 12 11 13 15 6 13 17 6 14 13 18 2 6 4 11 3 14 14 11 5 14 15 10 14 15 7 5 4 15 5 11
END
STATE adfbc07809d697881b25cd043c038e9f2b3582dbc722c1c242d7ff74933260b0 6003 24 21
LABELS 2 0 0 1 0 1 0 0 2 0 0 3 0 0 0 0 1 0 0 0 0 0 0 0
MASSES 30 22 19 20 27 17 27 28 11 7 6 31 29 7 11 27 10 5 27 16 30 5 12 13
QUERY_IDS 3 5 6 7 9 11 12 13 16 19 20 22 25 26 27 32 33 34 37 38 41
RESPONSES 0 0 0 1 0 1 1 1 0 1 1 1 1 1 1 0 0 0 1 1 0
RESPONSES 0 0 0 0 0 1 1 1 0 1 1 1 1 1 1 0 0 0 1 1 0
RESPONSES 1 1 1 1 0 1 1 1 0 1 1 1 0 0 0 0 0 0 1 1 1
RESPONSES 1 1 1 1 1 1 1 1 1 1 1 1 0 0 0 0 1 1 1 1 1
RESPONSES 0 0 0 1 0 1 1 1 0 0 0 1 0 0 0 0 0 0 1 1 0
RESPONSES 0 1 1 0 0 0 1 1 0 0 0 0 0 0 0 0 1 1 1 1 0
RESPONSES 1 1 1 0 1 1 1 1 0 1 1 1 0 0 0 0 1 1 1 1 0
RESPONSES 1 1 1 1 1 1 1 1 0 1 1 1 0 0 0 1 0 0 0 0 0
RESPONSES 1 1 1 1 0 0 1 1 0 0 0 1 1 1 1 1 0 0 1 1 1
RESPONSES 1 1 1 1 0 0 1 1 0 1 1 1 0 0 0 1 0 0 1 1 0
RESPONSES 1 1 1 1 0 1 1 1 1 1 1 1 0 0 0 0 1 1 1 1 0
RESPONSES 1 1 1 1 0 1 1 1 1 1 1 1 1 1 1 1 0 0 0 1 1
RESPONSES 1 1 1 0 0 1 1 1 0 1 1 1 0 0 0 0 0 0 1 1 0
RESPONSES 1 1 1 1 0 1 1 1 1 1 1 1 0 0 0 0 1 1 1 1 0
RESPONSES 1 1 1 1 0 1 1 1 1 1 1 1 0 0 0 0 0 0 0 1 1
RESPONSES 0 1 1 1 1 1 1 1 0 1 1 1 0 0 0 1 0 0 1 1 1
RESPONSES 1 1 1 1 0 0 0 0 0 0 0 1 0 0 0 1 0 0 1 1 1
RESPONSES 1 1 1 1 1 1 1 1 0 1 1 1 0 0 0 0 1 1 1 1 1
RESPONSES 1 1 1 1 1 1 1 1 0 1 1 1 0 0 0 0 1 1 1 1 0
RESPONSES 0 1 1 0 0 1 1 1 0 0 0 0 0 0 0 0 1 1 1 1 0
RESPONSES 1 1 1 1 0 1 1 1 0 0 0 1 0 0 0 0 0 0 1 1 1
RESPONSES 1 1 1 1 0 0 0 0 0 1 1 1 0 0 0 0 0 0 1 1 0
RESPONSES 1 1 1 0 0 0 0 0 0 1 1 1 0 0 0 1 0 1 1 1 0
RESPONSES 1 1 1 0 0 0 1 1 0 1 1 1 0 0 0 0 0 0 1 1 0
COSTS 8 11 10 8 4 12 13 10 12 5 11 3 2 10 7 12 9 17 6 16 5
COSTS 8 11 10 5 4 12 13 10 12 5 11 3 2 10 7 12 9 17 6 16 5
COSTS 9 13 7 8 4 12 13 10 12 5 11 3 5 10 6 12 9 17 6 16 8
COSTS 9 13 7 8 8 12 13 10 14 5 11 3 5 10 6 12 6 15 6 16 8
COSTS 8 11 10 8 4 12 13 10 12 5 15 3 5 10 6 12 9 17 6 16 5
COSTS 8 13 7 5 4 12 13 10 12 5 15 5 5 10 6 12 6 15 6 16 5
COSTS 9 13 7 5 8 12 13 10 12 5 11 3 5 10 6 12 6 15 6 16 5
COSTS 9 13 7 8 8 12 13 10 12 5 11 3 5 10 6 11 9 17 6 19 5
COSTS 9 13 7 8 4 12 13 10 12 5 15 3 2 10 7 11 9 17 6 16 8
COSTS 9 13 7 8 4 12 13 10 12 5 11 3 5 10 6 11 9 17 6 16 5
COSTS 9 13 7 8 4 12 13 10 14 5 11 3 5 10 6 12 6 15 6 16 5
COSTS 9 13 7 8 4 12 13 10 14 5 11 3 2 10 7 11 9 17 6 16 8
COSTS 9 13 7 5 4 12 13 10 12 5 11 3 5 10 6 12 9 17 6 16 5
COSTS 9 13 7 8 4 12 13 10 14 5 11 3 5 10 6 12 6 15 6 16 5
COSTS 9 13 7 8 4 12 13 10 14 5 11 3 5 10 6 12 9 17 6 16 8
COSTS 8 13 7 8 8 12 13 10 12 5 11 3 5 10 6 11 9 17 6 16 8
COSTS 9 13 7 8 4 12 16 9 12 5 15 3 5 10 6 11 9 17 6 16 8
COSTS 9 13 7 8 8 12 13 10 12 5 11 3 5 10 6 12 6 15 6 16 8
COSTS 9 13 7 8 8 12 13 10 12 5 11 3 5 10 6 12 6 15 6 16 5
COSTS 8 13 7 5 4 12 13 10 12 5 15 5 5 10 6 12 6 15 6 16 5
COSTS 9 13 7 8 4 12 13 10 12 5 15 3 5 10 6 12 9 17 6 16 8
COSTS 9 13 7 8 4 12 16 9 12 5 11 3 5 10 6 12 9 17 6 16 5
COSTS 9 13 7 5 4 12 16 9 12 5 11 3 5 10 6 11 9 15 6 16 5
COSTS 9 13 7 5 4 12 13 10 12 5 11 3 5 10 6 12 9 17 6 16 5
END
STATE b0879616ccff3c64d84812cc8d8d6ec3f5b2bbadaa4c704834854d98cdbe18aa 6001 24 32
LABELS 5 5 0 1 5 2 5 2 5 3 3 5 2 1 4 5 2 1 2 1 0 1 5 5
MASSES 1 17 21 6 4 3 10 3 24 23 17 22 27 22 18 9 9 10 5 18 23 10 13 15
QUERY_IDS 1 2 3 18 23 24 25 26 30 31 32 33 35 36 40 41 44 45 49 50 51 52 53 54 55 56 69 70 74 75 76 77
RESPONSES 0 0 0 1 0 0 0 0 0 0 0 0 0 0 0 0 0 0 0 0 0 0 0 0 0 0 1 1 1 1 1 1
RESPONSES 0 0 0 0 0 0 0 0 0 0 0 0 0 0 1 1 1 1 1 1 1 1 1 1 1 1 0 0 0 0 0 1
RESPONSES 0 0 0 1 0 0 0 0 0 0 0 0 0 1 0 0 1 1 1 1 1 1 1 1 1 1 1 1 0 0 0 0
RESPONSES 0 0 0 0 0 0 0 0 0 0 0 0 1 1 0 0 0 0 1 1 1 1 1 1 1 1 1 1 1 1 1 1
RESPONSES 0 0 0 1 0 0 0 0 0 0 0 0 0 1 0 0 0 0 1 1 1 1 1 1 1 1 1 1 0 0 0 0
RESPONSES 0 0 0 1 0 0 0 0 0 0 0 0 0 0 0 0 1 1 1 1 1 1 1 1 1 1 1 1 0 0 0 0
RESPONSES 0 0 0 1 0 0 0 0 0 0 0 0 0 0 0 0 0 0 0 0 0 0 0 0 0 0 1 1 1 1 1 1
RESPONSES 0 0 0 0 0 0 0 0 0 0 0 0 0 1 0 0 1 1 1 1 0 1 1 1 1 1 1 1 0 0 0 0
RESPONSES 1 1 1 1 0 0 0 0 0 0 0 1 1 1 0 0 0 0 0 0 0 0 0 0 0 0 1 1 1 1 1 1
RESPONSES 0 0 0 0 0 0 0 0 1 1 1 1 1 1 0 0 0 0 1 1 0 0 0 1 1 1 1 1 0 0 0 1
RESPONSES 0 0 0 0 0 0 0 0 0 0 0 1 1 1 1 1 0 0 1 1 1 1 1 1 1 1 0 0 0 0 0 1
RESPONSES 1 1 1 1 0 0 0 0 0 0 0 0 1 1 0 0 0 0 1 1 0 0 0 0 0 0 1 1 1 1 1 1
RESPONSES 0 0 0 0 0 0 0 0 0 0 0 0 1 1 0 0 1 1 1 1 0 1 1 1 1 1 1 1 0 0 0 0
RESPONSES 0 0 0 1 0 0 0 0 0 0 0 0 0 0 1 1 0 0 1 1 0 1 1 1 1 1 1 1 0 0 0 0
RESPONSES 0 0 0 0 1 1 1 1 0 0 0 0 1 1 0 0 0 0 1 1 0 0 0 0 0 0 1 1 0 0 0 0
RESPONSES 0 0 0 1 0 0 0 0 0 0 0 0 0 1 0 0 0 0 1 1 0 0 0 1 1 1 1 1 0 0 0 1
RESPONSES 0 0 0 0 0 0 0 0 0 0 0 0 1 1 0 0 1 1 1 1 1 1 1 1 1 1 1 1 0 0 0 0
RESPONSES 0 0 0 0 0 0 0 0 0 0 0 0 0 0 0 0 0 0 0 0 0 1 1 1 1 1 1 1 1 1 1 1
RESPONSES 0 0 0 0 0 0 0 0 0 0 0 0 0 1 0 0 1 1 1 1 1 1 1 1 1 1 1 1 0 0 0 0
RESPONSES 0 0 0 1 0 0 0 0 0 0 0 0 0 0 1 1 0 0 1 1 0 1 1 1 1 1 1 1 0 0 0 0
RESPONSES 0 0 0 1 0 0 0 0 0 0 0 0 0 1 0 0 1 1 1 1 0 1 1 1 1 1 1 1 0 0 0 0
RESPONSES 0 0 0 1 0 0 0 0 0 0 0 0 0 0 1 1 0 0 1 1 0 1 1 1 1 1 1 1 0 0 0 0
RESPONSES 0 0 0 1 0 0 0 0 0 0 0 0 0 0 0 0 0 0 0 0 0 0 0 0 0 0 1 1 1 1 1 1
RESPONSES 0 0 0 0 0 0 0 0 0 0 0 0 0 0 1 1 1 1 1 1 1 1 1 1 1 1 0 0 0 0 0 1
COSTS 12 16 17 14 16 18 16 4 14 5 10 3 15 13 8 10 3 11 11 15 2 15 7 9 5 7 16 4 1 6 6 3
COSTS 12 16 17 16 16 18 16 4 14 5 10 3 15 13 5 10 3 11 9 19 6 14 6 8 4 4 15 6 3 7 7 3
COSTS 12 16 17 14 16 18 16 4 14 5 10 3 15 15 8 10 3 11 9 19 6 14 6 8 4 4 16 4 3 7 7 5
COSTS 12 16 17 16 16 18 16 4 14 5 10 3 13 15 8 10 3 11 9 19 6 14 6 8 4 4 16 4 1 6 6 3
COSTS 12 16 17 14 16 18 16 4 14 5 10 3 15 15 8 10 3 11 9 19 6 14 6 8 4 4 16 4 3 7 7 5
COSTS 12 16 17 14 16 18 16 4 14 5 10 3 15 13 8 10 3 11 9 19 6 14 6 8 4 4 16 4 3 7 7 5
COSTS 12 16 17 14 16 18 16 4 14 5 10 3 15 13 8 10 3 11 11 15 2 15 7 9 5 7 16 4 1 6 6 3
COSTS 12 16 17 16 16 18 16 4 14 5 10 3 15 15 8 10 3 11 9 19 2 14 6 8 4 4 16 4 3 7 7 5
COSTS 12 13 16 14 16 18 16 4 14 5 10 4 13 15 8 10 3 11 11 15 2 15 7 9 5 7 16 4 1 6 6 3
COSTS 12 16 17 16 16 18 16 4 16 6 10 4 13 15 8 10 3 11 9 19 2 15 7 8 4 4 16 4 3 7 7 3
COSTS 12 16 17 16 16 18 16 4 14 5 10 4 13 15 5 10 3 11 9 19 6 14 6 8 4 4 15 6 3 7 7 3
COSTS 12 13 16 14 16 18 16 4 14 5 10 3 13 15 8 10 3 11 9 19 2 15 7 9 5 7 16 4 1 6 6 3
COSTS 12 16 17 16 16 18 16 4 14 5 10 3 13 15 8 10 3 11 9 19 2 14 6 8 4 4 16 4 3 7 7 5
COSTS 12 16 17 14 16 18 16 4 14 5 10 3 15 13 5 10 3 11 9 19 2 14 6 8 4 4 16 4 3 7 7 5
COSTS 12 16 17 16 15 18 14 8 14 5 10 3 13 15 8 10 3 11 9 19 2 15 7 9 5 7 16 4 3 7 7 5
COSTS 12 16 17 14 16 18 16 4 14 5 10 3 15 15 8 10 3 11 9 19 2 15 7 8 4 4 16 4 3 7 7 3
COSTS 12 16 17 16 16 18 16 4 14 5 10 3 13 15 8 10 3 11 9 19 6 14 6 8 4 4 16 4 3 7 7 5
COSTS 12 16 17 16 16 18 16 4 14 5 10 3 15 13 8 10 3 11 11 15 2 14 6 8 4 4 16 4 1 6 6 3
COSTS 12 16 17 16 16 18 16 4 14 5 10 3 15 15 8 10 3 11 9 19 6 14 6 8 4 4 16 4 3 7 7 5
COSTS 12 16 17 14 16 18 16 4 14 5 10 3 15 13 5 10 3 11 9 19 2 14 6 8 4 4 16 4 3 7 7 5
COSTS 12 16 17 14 16 18 16 4 14 5 10 3 15 15 8 10 3 11 9 19 2 14 6 8 4 4 16 4 3 7 7 5
COSTS 12 16 17 14 16 18 16 4 14 5 10 3 15 13 5 10 3 11 9 19 2 14 6 8 4 4 16 4 3 7 7 5
COSTS 12 16 17 14 16 18 16 4 14 5 10 3 15 13 8 10 3 11 11 15 2 15 7 9 5 7 16 4 1 6 6 3
COSTS 12 16 17 16 16 18 16 4 14 5 10 3 15 13 5 10 3 11 9 19 6 14 6 8 4 4 15 6 3 7 7 3
END
STATE b2dd493d6e8d17f5993bdfd9186ccad282367097736abf02271742563a48f358 6003 24 21
LABELS 2 0 0 1 0 1 0 0 2 0 0 3 0 0 0 0 1 0 0 0 0 0 0 0
MASSES 30 22 19 20 27 17 27 28 11 7 6 31 29 7 11 27 10 5 27 16 30 5 12 13
QUERY_IDS 0 1 2 5 6 8 12 13 19 20 23 24 25 26 27 31 32 35 36 39 41
RESPONSES 0 0 0 0 0 3 1 1 1 1 0 0 1 1 1 1 0 0 1 1 0
RESPONSES 0 0 0 0 0 2 1 1 1 1 0 1 1 1 1 1 0 0 0 1 0
RESPONSES 1 1 1 1 1 2 1 1 1 1 1 0 0 0 0 0 0 1 1 2 1
RESPONSES 1 1 1 1 1 3 1 1 1 1 0 1 0 0 0 1 0 1 1 0 1
RESPONSES 0 0 0 0 0 3 1 1 0 0 0 1 0 0 0 1 0 1 1 1 0
RESPONSES 0 0 0 1 1 3 1 1 0 0 0 1 0 0 0 1 0 1 1 0 0
RESPONSES 1 1 1 1 1 2 1 1 1 1 0 0 0 0 0 0 0 1 1 0 0
RESPONSES 0 1 1 1 1 3 1 1 1 1 0 1 0 0 0 1 1 0 0 1 0
RESPONSES 0 0 0 1 1 3 1 1 0 0 1 1 1 1 1 1 1 0 0 2 1
RESPONSES 0 1 1 1 1 2 1 1 1 1 0 0 0 0 0 0 1 1 1 0 0
RESPONSES 1 1 1 1 1 1 1 1 1 1 0 0 0 0 0 0 0 1 1 0 0
RESPONSES 1 1 1 1 1 3 1 1 1 1 0 1 1 1 1 1 1 0 0 1 1
RESPONSES 0 0 1 1 1 2 1 1 1 1 0 0 0 0 0 1 0 0 0 1 0
RESPONSES 1 1 1 1 1 1 1 1 1 1 0 0 0 0 0 1 0 1 1 0 0
RESPONSES 0 0 0 1 1 0 1 1 1 1 0 1 0 0 0 1 0 0 0 1 1
RESPONSES 0 0 0 1 1 2 1 1 1 1 0 1 0 0 0 1 1 1 1 1 1
RESPONSES 0 0 1 1 1 3 0 0 0 0 0 0 0 0 0 1 1 0 0 0 1
RESPONSES 1 1 1 1 1 3 1 1 1 1 0 0 0 0 0 1 0 1 1 0 1
RESPONSES 1 1 1 1 1 1 1 1 1 1 0 0 0 0 0 1 0 1 1 0 0
RESPONSES 0 0 0 1 1 2 1 1 0 0 0 0 0 0 0 1 0 1 1 0 0
RESPONSES 0 0 0 1 1 2 1 1 0 0 0 1 0 0 0 1 0 1 1 1 1
RESPONSES 0 0 0 1 1 3 0 0 1 1 0 0 0 0 0 1 0 0 1 0 0
RESPONSES 0 1 1 1 1 3 0 0 1 1 0 1 0 0 0 1 1 1 1 1 0
RESPONSES 0 1 1 1 1 1 1 1 1 1 0 1 0 0 0 0 0 1 1 1 0
COSTS 6 11 15 11 10 4 13 10 5 11 6 3 2 10 7 15 12 12 16 9 5
COSTS 6 11 15 11 10 4 13 10 5 11 6 4 2 10 7 15 12 12 16 9 5
COSTS 10 7 17 13 7 4 13 10 5 11 5 3 5 10 6 16 12 11 16 11 8
COSTS 10 7 17 13 7 4 13 10 5 11 6 4 5 10 6 15 12 11 16 13 8
COSTS 6 11 15 11 10 4 13 10 5 15 6 4 5 10 6 15 12 11 16 9 5
COSTS 6 11 15 13 7 4 13 10 5 15 6 4 5 10 6 15 12 11 16 13 5
COSTS 10 7 17 13 7 4 13 10 5 11 6 3 5 10 6 16 12 11 16 13 5
COSTS 6 7 17 13 7 4 13 10 5 11 6 4 5 10 6 15 11 12 16 9 5
COSTS 6 11 15 13 7 4 13 10 5 15 5 4 2 10 7 15 11 12 16 11 8
COSTS 6 7 17 13 7 4 13 10 5 11 6 3 5 10 6 16 11 11 16 13 5
COSTS 10 7 17 13 7 3 13 10 5 11 6 3 5 10 6 16 12 11 16 13 5
COSTS 10 7 17 13 7 4 13 10 5 11 6 4 2 10 7 15 11 12 16 9 8
COSTS 6 11 17 13 7 4 13 10 5 11 6 3 5 10 6 15 12 12 16 9 5
COSTS 10 7 17 13 7 3 13 10 5 11 6 3 5 10 6 15 12 11 16 13 5
COSTS 6 11 15 13 7 5 13 10 5 11 6 4 5 10 6 15 12 12 16 9 8
COSTS 6 11 15 13 7 4 13 10 5 11 6 4 5 10 6 15 11 11 16 9 8
COSTS 6 11 17 13 7 4 16 9 5 15 6 3 5 10 6 15 11 12 16 13 8
COSTS 10 7 17 13 7 4 13 10 5 11 6 3 5 10 6 15 12 11 16 13 8
COSTS 10 7 17 13 7 3 13 10 5 11 6 3 5 10 6 15 12 11 16 13 5
COSTS 6 11 15 13 7 4 13 10 5 15 6 3 5 10 6 15 12 11 16 13 5
COSTS 6 11 15 13 7 4 13 10 5 15 6 4 5 10 6 15 12 11 16 9 8
COSTS 6 11 15 13 7 4 16 9 5 11 6 3 5 10 6 15 12 12 16 13 5
COSTS 6 7 17 13 7 4 16 9 5 11 6 4 5 10 6 15 11 11 16 9 5
COSTS 6 7 17 13 7 3 13 10 5 11 6 4 5 10 6 16 12 11 16 9 5
END
STATE b39f2be7e64e7f3929ed1e7ce22a7ce1d36dad16b3ec973d1aa8d00cea9c0dd4 6002 20 15
LABELS 1 1 1 1 1 1 1 1 1 1 1 1 1 1 0 1 1 1 1 0
MASSES 31 13 29 29 22 1 5 7 9 31 24 11 9 10 1 21 30 19 3 21
QUERY_IDS 0 1 2 3 4 5 7 8 9 10 11 12 13 14 15
RESPONSES 0 2 0 1 1 1 0 1 1 1 2 2 1 1 2
RESPONSES 0 1 0 1 1 0 0 0 0 1 2 1 1 0 2
RESPONSES 0 2 0 1 1 1 0 0 1 1 0 2 1 1 1
RESPONSES 0 1 0 1 1 1 0 0 1 1 2 2 1 1 1
RESPONSES 0 1 0 1 1 1 0 0 0 1 2 2 1 1 1
RESPONSES 0 1 0 1 1 1 0 0 0 1 2 2 1 1 1
RESPONSES 0 0 0 1 1 1 0 0 0 1 2 2 1 1 1
RESPONSES 0 0 0 1 1 1 0 0 0 1 2 2 1 1 1
RESPONSES 0 0 0 1 1 1 0 0 1 1 2 2 1 1 2
RESPONSES 1 2 0 1 1 1 0 0 1 1 2 2 1 1 2
RESPONSES 0 1 0 1 1 1 0 0 0 1 2 2 1 1 0
RESPONSES 0 2 0 1 1 1 0 0 0 1 2 2 1 1 2
RESPONSES 0 1 0 1 1 0 0 0 0 1 2 1 1 1 1
RESPONSES 0 2 0 1 1 1 0 0 1 1 2 2 1 1 0
RESPONSES 0 2 0 1 1 1 0 0 0 1 1 0 1 2 2
RESPONSES 1 2 0 1 1 1 0 0 0 2 1 2 1 1 2
RESPONSES 0 2 0 1 1 0 0 0 0 0 0 2 1 1 1
RESPONSES 0 0 0 1 1 1 0 0 0 1 2 2 1 1 0
RESPONSES 0 1 0 1 1 1 0 0 0 1 2 2 1 1 2
RESPONSES 0 2 1 0 0 1 1 1 0 2 1 0 0 0 0
COSTS 14 5 6 14 7 2 2 11 10 5 4 10 15 15 5
COSTS 14 6 6 14 7 4 2 13 14 5 4 14 15 16 5
COSTS 14 5 6 14 7 2 2 13 10 5 5 10 15 15 3
COSTS 14 6 6 14 7 2 2 13 10 5 4 10 15 15 3
COSTS 14 6 6 14 7 2 2 13 14 5 4 10 15 15 3
COSTS 14 6 6 14 7 2 2 13 14 5 4 10 15 15 3
COSTS 14 5 6 14 7 2 2 13 14 5 4 10 15 15 3
COSTS 14 5 6 14 7 2 2 13 14 5 4 10 15 15 3
COSTS 14 5 6 14 7 2 2 13 10 5 4 10 15 15 5
COSTS 15 5 6 14 7 2 2 13 10 5 4 10 15 15 5
COSTS 14 6 6 14 7 2 2 13 14 5 4 10 15 15 3
COSTS 14 5 6 14 7 2 2 13 14 5 4 10 15 15 5
COSTS 14 6 6 14 7 4 2 13 14 5 4 14 15 15 3
COSTS 14 5 6 14 7 2 2 13 10 5 4 10 15 15 3
COSTS 14 5 6 14 7 2 2 13 14 5 5 12 15 19 5
COSTS 15 5 6 14 7 2 2 13 14 9 5 10 15 15 5
COSTS 14 5 6 14 7 4 2 13 14 8 5 10 15 15 3
COSTS 14 5 6 14 7 2 2 13 14 5 4 10 15 15 3
COSTS 14 6 6 14 7 2 2 13 14 5 4 10 15 15 5
COSTS 14 5 8 14 4 2 3 11 14 9 5 12 16 16 3
END
STATE b5de2b0706196f847253598eb86ee9d0d37eb4e3bdb8b24fd5b27f5b9fc02159 6003 24 21
LABELS 1 0 0 0 0 0 0 0 0 0 0 0 0 0 0 0 0 0 0 0 0 0 0 0
MASSES 24 24 19 18 28 25 20 28 19 6 1 7 24 3 29 11 29 10 17 27 22 26 22 13
QUERY_IDS 0 1 2 3 4 5 6 9 10 11 12 13 14 15 16 17 26 27 30 33 34
RESPONSES 0 0 0 0 1 1 1 0 0 0 1 1 1 1 0 0 0 0 0 1 1
RESPONSES 0 1 1 1 1 1 1 1 1 1 1 1 1 1 0 1 0 0 0 1 1
RESPONSES 0 0 1 1 1 1 1 0 1 1 1 1 1 1 0 0 0 0 1 0 0
RESPONSES 0 0 0 1 1 1 1 0 1 1 1 1 1 1 0 0 0 0 0 0 0
RESPONSES 0 0 1 1 1 1 1 0 0 0 1 1 1 1 0 1 0 0 0 1 1
RESPONSES 0 1 1 1 1 1 1 1 1 1 1 1 1 1 0 1 0 0 1 1 1
RESPONSES 0 0 0 0 1 1 1 0 0 1 1 1 1 1 0 0 0 1 1 0 0
RESPONSES 0 0 0 1 1 1 1 0 1 1 1 1 1 1 0 0 0 0 0 1 1
RESPONSES 0 0 0 1 1 1 1 0 0 0 0 1 1 1 0 0 0 0 1 0 0
RESPONSES 1 1 1 1 1 1 1 0 1 1 1 1 1 1 1 1 0 0 0 1 1
RESPONSES 1 1 1 1 1 1 1 1 1 1 1 1 1 1 0 1 0 0 0 1 1
RESPONSES 1 1 1 1 1 1 1 0 0 1 1 1 1 1 1 1 0 0 0 1 1
RESPONSES 0 0 1 1 1 1 1 0 0 0 0 1 1 1 0 1 0 0 1 0 0
RESPONSES 1 1 1 1 1 1 1 0 0 0 1 1 1 1 0 1 0 0 0 1 1
RESPONSES 0 0 0 0 0 0 1 0 0 0 0 0 1 1 1 1 0 0 0 1 1
RESPONSES 1 1 1 1 1 1 1 0 1 1 1 1 1 1 0 1 0 0 0 0 0
RESPONSES 1 1 1 1 1 1 1 0 0 0 1 1 1 1 0 1 0 0 0 0 0
RESPONSES 0 1 1 1 1 1 1 0 1 1 1 1 1 1 1 1 0 1 1 1 1
RESPONSES 0 0 0 1 1 1 1 0 0 0 1 1 1 1 0 0 0 0 1 1 1
RESPONSES 1 1 1 1 1 1 1 1 1 1 1 1 1 1 0 0 0 0 1 1 1
RESPONSES 0 1 1 1 1 1 1 0 0 0 1 1 1 1 0 0 0 0 0 1 1
RESPONSES 1 1 1 1 1 1 1 0 0 0 0 1 1 1 0 1 1 1 1 1 1
RESPONSES 0 0 0 0 0 0 0 0 0 0 0 0 0 0 0 0 0 1 1 1 1
RESPONSES 0 1 1 1 1 1 1 0 0 0 1 1 1 1 0 0 0 0 0 0 0
COSTS 6 11 15 8 17 13 7 4 10 12 13 10 6 7 12 1 10 6 11 6 15
COSTS 6 7 17 9 17 13 7 8 7 12 13 10 6 7 12 2 10 6 11 6 15
COSTS 6 11 17 9 17 13 7 4 7 12 13 10 6 7 12 1 10 6 9 9 17
COSTS 6 11 15 9 17 13 7 4 7 12 13 10 6 7 12 1 10 6 11 9 17
COSTS 6 11 17 9 17 13 7 4 10 12 13 10 6 7 12 2 10 6 11 6 15
COSTS 6 7 17 9 17 13 7 8 7 12 13 10 6 7 12 2 10 6 9 6 15
COSTS 6 11 15 8 17 13 7 4 10 12 13 10 6 7 12 1 10 7 9 9 17
COSTS 6 11 15 9 17 13 7 4 7 12 13 10 6 7 12 1 10 6 11 6 15
COSTS 6 11 15 9 17 13 7 4 10 12 16 10 6 7 12 1 10 6 9 9 17
COSTS 10 7 17 9 17 13 7 4 7 12 13 10 6 7 14 2 10 6 11 6 15
COSTS 10 7 17 9 17 13 7 8 7 12 13 10 6 7 12 2 10 6 11 6 15
COSTS 10 7 17 9 17 13 7 4 10 12 13 10 6 7 14 2 10 6 11 6 15
COSTS 6 11 17 9 17 13 7 4 10 12 16 10 6 7 12 2 10 6 9 9 17
COSTS 10 7 17 9 17 13 7 4 10 12 13 10 6 7 12 2 10 6 11 6 15
COSTS 6 11 15 8 16 11 7 4 10 12 16 9 6 7 14 2 10 6 11 6 15
COSTS 10 7 17 9 17 13 7 4 7 12 13 10 6 7 12 2 10 6 11 9 17
COSTS 10 7 17 9 17 13 7 4 10 12 13 10 6 7 12 2 10 6 11 9 17
COSTS 6 7 17 9 17 13 7 4 7 12 13 10 6 7 14 2 10 7 9 6 15
COSTS 6 11 15 9 17 13 7 4 10 12 13 10 6 7 12 1 10 6 9 6 15
COSTS 10 7 17 9 17 13 7 8 7 12 13 10 6 7 12 1 10 6 9 6 15
COSTS 6 7 17 9 17 13 7 4 10 12 13 10 6 7 12 1 10 6 11 6 15
COSTS 10 7 17 9 17 13 7 4 10 12 16 10 6 7 12 2 10 7 9 6 15
COSTS 6 11 15 8 16 11 10 4 10 12 16 9 7 6 12 1 10 7 9 6 15
COSTS 6 7 17 9 17 13 7 4 10 12 13 10 6 7 12 1 10 6 11 9 17
END
STATE b659793a939f266bbccd1467fb53b2ce2f3dac878f3758e372927c1ef7acf6b3 6001 20 15
LABELS 1 1 1 1 1 1 1 1 1 1 1 1 1 1 0 1 1 1 1 0
MASSES 26 12 8 22 1 8 14 1 3 21 3 25 4 4 22 21 25 11 2 11
QUERY_IDS 0 1 2 3 4 5 7 8 9 10 11 12 13 14 15
RESPONSES 0 2 0 1 1 1 0 1 1 1 2 2 1 1 2
RESPONSES 0 1 0 1 1 0 0 0 0 1 2 1 1 0 2
RESPONSES 0 2 0 1 1 1 0 0 1 1 0 2 1 1 1
RESPONSES 0 1 0 1 1 1 0 0 1 1 2 2 1 1 1
RESPONSES 0 1 0 1 1 1 0 0 0 1 2 2 1 1 1
RESPONSES 0 1 0 1 1 1 0 0 0 1 2 2 1 1 1
RESPONSES 0 0 0 1 1 1 0 0 0 1 2 2 1 1 1
RESPONSES 0 0 0 1 1 1 0 0 0 1 2 2 1 1 1
RESPONSES 0 0 0 1 1 1 0 0 1 1 2 2 1 1 2
RESPONSES 1 2 0 1 1 1 0 0 1 1 2 2 1 1 2
RESPONSES 0 1 0 1 1 1 0 0 0 1 2 2 1 1 0
RESPONSES 0 2 0 1 1 1 0 0 0 1 2 2 1 1 2
RESPONSES 0 1 0 1 1 0 0 0 0 1 2 1 1 1 1
RESPONSES 0 2 0 1 1 1 0 0 1 1 2 2 1 1 0
RESPONSES 0 2 0 1 1 1 0 0 0 1 1 0 1 2 2
RESPONSES 1 2 0 1 1 1 0 0 0 2 1 2 1 1 2
RESPONSES 0 2 0 1 1 0 0 0 0 0 0 2 1 1 1
RESPONSES 0 0 0 1 1 1 0 0 0 1 2 2 1 1 0
RESPONSES 0 1 0 1 1 1 0 0 0 1 2 2 1 1 2
RESPONSES 0 2 1 0 0 1 1 1 0 2 1 0 0 0 0
COSTS 6 18 9 14 14 5 12 12 15 17 9 9 15 12 12
COSTS 6 16 9 14 14 7 12 14 17 17 9 8 15 12 12
COSTS 6 18 9 14 14 5 12 14 15 17 6 9 15 12 13
COSTS 6 16 9 14 14 5 12 14 15 17 9 9 15 12 13
COSTS 6 16 9 14 14 5 12 14 17 17 9 9 15 12 13
COSTS 6 16 9 14 14 5 12 14 17 17 9 9 15 12 13
COSTS 6 15 9 14 14 5 12 14 17 17 9 9 15 12 13
COSTS 6 15 9 14 14 5 12 14 17 17 9 9 15 12 13
COSTS 6 15 9 14 14 5 12 14 15 17 9 9 15 12 12
COSTS 5 18 9 14 14 5 12 14 15 17 9 9 15 12 12
COSTS 6 16 9 14 14 5 12 14 17 17 9 9 15 12 12
COSTS 6 18 9 14 14 5 12 14 17 17 9 9 15 12 12
COSTS 6 16 9 14 14 7 12 14 17 17 9 8 15 12 13
COSTS 6 18 9 14 14 5 12 14 15 17 9 9 15 12 12
COSTS 6 18 9 14 14 5 12 14 17 17 9 11 15 12 12
COSTS 5 18 9 14 14 5 12 14 17 19 9 9 15 12 12
COSTS 6 18 9 14 14 7 12 14 17 19 6 9 15 12 13
COSTS 6 15 9 14 14 5 12 14 17 17 9 9 15 12 12
COSTS 6 16 9 14 14 5 12 14 17 17 9 9 15 12 12
COSTS 6 18 7 15 16 5 14 12 17 19 9 11 14 12 12
END
STATE b68d65deb6eca1ba432a585e05124ea39fdf309f1595981d39f420edeaa38d38 6001 24 36
LABELS 0 0 0 0 0 0 0 0 0 0 0 0 0 0 0 0 0 0 0 0 0 0 0 0
MASSES 28 23 8 14 27 15 5 5 16 11 21 6 26 29 23 2 3 16 10 15 13 24 19 8
QUERY_IDS 2 3 4 5 6 7 8 10 11 18 19 22 24 25 26 27 28 29 30 31 32 33 34 35 36 41 42 43 51 52 53 54 55 56 57 60
RESPONSES 1 1 1 1 1 1 0 0 0 0 0 0 0 0 0 0 0 0 0 0 0 0 0 0 0 0 0 0 0 0 0 0 0 0 0 1
RESPONSES 1 1 1 1 1 1 0 0 0 0 0 0 0 0 0 0 0 0 0 0 0 0 0 0 0 0 0 0 0 0 0 0 0 0 0 1
RESPONSES 1 1 1 1 1 1 0 1 0 0 0 0 0 0 0 0 0 0 0 0 0 0 0 0 0 0 0 0 0 0 0 0 0 0 0 1
RESPONSES 1 1 1 1 1 2 0 0 0 0 0 0 0 0 0 0 0 0 0 0 0 0 0 0 0 0 0 0 0 0 0 0 0 0 0 1
RESPONSES 1 1 1 1 1 1 0 0 0 0 0 0 0 0 0 0 0 0 0 0 0 0 0 0 0 0 0 0 0 0 0 0 0 0 0 1
RESPONSES 0 0 1 1 1 1 0 0 0 0 0 0 0 0 0 0 0 1 0 0 0 0 1 1 0 0 0 0 0 0 0 0 0 0 0 1
RESPONSES 1 1 1 1 1 1 0 0 0 0 0 0 0 0 0 0 0 0 0 0 0 0 0 0 0 0 0 0 0 0 0 0 0 0 0 1
RESPONSES 1 1 1 1 1 1 0 0 0 0 0 0 0 0 0 0 0 0 0 0 0 0 0 0 0 0 0 0 0 0 0 0 0 0 0 1
RESPONSES 1 1 1 1 1 1 0 0 0 0 0 0 0 0 0 0 0 0 0 0 0 0 0 0 0 0 0 0 0 0 0 0 0 0 0 1
RESPONSES 0 1 1 1 1 1 0 0 0 0 0 0 0 0 0 0 0 0 0 0 0 0 0 0 0 0 0 0 0 0 0 0 0 0 0 1
RESPONSES 0 1 1 1 1 1 0 0 0 0 0 0 0 0 0 0 0 0 0 0 0 0 0 0 0 0 0 0 0 0 0 0 0 0 0 1
RESPONSES 1 1 1 1 1 2 0 0 0 0 0 1 1 1 1 1 1 1 1 1 1 1 1 1 1 1 1 1 1 1 1 1 1 1 1 0
RESPONSES 0 0 0 1 1 1 0 0 1 0 0 0 0 0 0 0 0 0 0 0 0 0 0 0 0 0 0 0 0 0 0 0 0 0 0 1
RESPONSES 0 1 1 1 1 2 0 0 0 0 0 0 0 0 0 0 0 0 0 0 0 0 0 0 0 0 0 0 0 0 0 0 0 0 0 1
RESPONSES 0 0 0 0 1 2 0 0 0 0 0 1 1 1 1 1 1 1 1 1 1 1 1 1 1 1 1 1 0 0 0 0 0 0 0 1
RESPONSES 0 0 1 1 1 0 0 0 0 0 0 0 0 0 0 0 0 0 0 0 0 0 0 0 0 0 0 0 0 0 0 0 0 0 0 1
RESPONSES 0 0 0 0 1 2 0 0 0 0 1 0 0 0 0 0 0 0 0 0 0 0 0 0 0 0 0 0 0 0 0 0 0 0 0 1
RESPONSES 0 0 0 0 0 1 1 0 0 0 1 1 1 1 1 1 1 0 0 0 0 0 0 0 0 0 0 0 0 0 0 0 0 0 0 1
RESPONSES 1 1 1 1 1 1 0 0 0 0 0 0 0 0 0 0 0 0 0 0 0 0 0 0 0 0 0 0 0 0 0 0 0 0 0 1
RESPONSES 1 1 1 1 1 1 0 0 0 0 0 0 0 0 0 0 0 1 0 0 1 1 1 1 0 0 0 0 0 0 0 0 0 0 0 1
RESPONSES 1 1 1 1 1 1 0 0 0 1 1 0 0 0 0 0 0 0 0 0 0 0 0 0 0 0 0 0 0 0 0 0 0 0 0 1
RESPONSES 1 1 1 1 1 1 0 0 0 0 0 0 0 0 0 0 0 1 0 0 0 0 1 1 0 0 0 0 0 0 0 0 0 0 0 1
RESPONSES 0 0 0 0 1 2 0 0 0 0 0 1 1 1 1 1 1 0 0 0 0 0 0 0 0 0 0 0 0 0 0 0 0 0 0 1
RESPONSES 0 0 0 0 0 2 1 0 0 0 0 1 0 0 0 0 0 0 0 0 0 0 0 0 0 0 0 0 0 0 0 0 0 0 0 1
COSTS 7 15 15 3 4 12 12 15 2 6 8 10 13 14 11 14 16 16 4 17 14 3 12 5 7 12 15 10 5 7 12 11 11 13 2 6
COSTS 7 15 15 3 4 12 12 15 2 6 8 10 13 14 11 14 16 16 4 17 14 3 12 5 7 12 15 10 5 7 12 11 11 13 2 6
COSTS 7 15 15 3 4 12 12 14 2 6 8 10 13 14 11 14 16 16 4 17 14 3 12 5 7 12 15 10 5 7 12 11 11 13 2 6
COSTS 7 15 15 3 4 13 12 15 2 6 8 10 13 14 11 14 16 16 4 17 14 3 12 5 7 12 15 10 5 7 12 11 11 13 2 6
COSTS 7 15 15 3 4 12 12 15 2 6 8 10 13 14 11 14 16 16 4 17 14 3 12 5 7 12 15 10 5 7 12 11 11 13 2 6
COSTS 10 14 15 3 4 12 12 15 2 6 8 10 13 14 11 14 16 14 4 17 14 3 10 5 7 12 15 10 5 7 12 11 11 13 2 6
COSTS 7 15 15 3 4 12 12 15 2 6 8 10 13 14 11 14 16 16 4 17 14 3 12 5 7 12 15 10 5 7 12 11 11 13 2 6
COSTS 7 15 15 3 4 12 12 15 2 6 8 10 13 14 11 14 16 16 4 17 14 3 12 5 7 12 15 10 5 7 12 11 11 13 2 6
COSTS 7 15 15 3 4 12 12 15 2 6 8 10 13 14 11 14 16 16 4 17 14 3 12 5 7 12 15 10 5 7 12 11 11 13 2 6
COSTS 10 15 15 3 4 12 12 15 2 6 8 10 13 14 11 14 16 16 4 17 14 3 12 5 7 12 15 10 5 7 12 11 11 13 2 6
COSTS 10 15 15 3 4 12 12 15 2 6 8 10 13 14 11 14 16 16 4 17 14 3 12 5 7 12 15 10 5 7 12 11 11 13 2 6
COSTS 7 15 15 3 4 13 12 15 2 6 8 8 13 17 14 14 18 14 5 13 13 1 10 5 6 15 18 13 7 5 13 14 14 15 2 9
COSTS 10 14 11 3 4 12 12 15 2 6 8 10 13 14 11 14 16 16 4 17 14 3 12 5 7 12 15 10 5 7 12 11 11 13 2 6
COSTS 10 15 15 3 4 13 12 15 2 6 8 10 13 14 11 14 16 16 4 17 14 3 12 5 7 12 15 10 5 7 12 11 11 13 2 6
COSTS 10 14 11 4 4 13 12 15 2 6 8 8 13 17 14 14 18 14 5 13 13 1 10 5 6 15 18 13 5 7 12 11 11 13 2 6
COSTS 10 14 15 3 4 14 12 15 2 6 8 10 13 14 11 14 16 16 4 17 14 3 12 5 7 12 15 10 5 7 12 11 11 13 2 6
COSTS 10 14 11 4 4 13 12 15 2 6 4 10 13 14 11 14 16 16 4 17 14 3 12 5 7 12 15 10 5 7 12 11 11 13 2 6
COSTS 10 14 11 4 7 12 14 15 2 6 4 8 13 17 14 14 18 16 4 17 14 3 12 5 7 12 15 10 5 7 12 11 11 13 2 6
COSTS 7 15 15 3 4 12 12 15 2 6 8 10 13 14 11 14 16 16 4 17 14 3 12 5 7 12 15 10 5 7 12 11 11 13 2 6
COSTS 7 15 15 3 4 12 12 15 2 6 8 10 13 14 11 14 16 14 4 17 13 1 10 5 7 12 15 10 5 7 12 11 11 13 2 6
COSTS 7 15 15 3 4 12 12 15 2 8 4 10 13 14 11 14 16 16 4 17 14 3 12 5 7 12 15 10 5 7 12 11 11 13 2 6
COSTS 7 15 15 3 4 12 12 15 2 6 8 10 13 14 11 14 16 14 4 17 14 3 10 5 7 12 15 10 5 7 12 11 11 13 2 6
COSTS 10 14 11 4 4 13 12 15 2 6 8 8 13 17 14 14 18 16 4 17 14 3 12 5 7 12 15 10 5 7 12 11 11 13 2 6
COSTS 10 14 11 4 7 13 14 15 2 6 8 8 13 14 11 14 16 16 4 17 14 3 12 5 7 12 15 10 5 7 12 11 11 13 2 6
END
STATE b710fd263f24bcd764fc8e83ec0da8cd7330c1206dc1121c1272ac5cfecb5538 6002 24 27
LABELS 0 0 0 0 0 0 1 0 0 0 0 0 0 0 0 0 0 0 0 0 0 0 0 0
MASSES 21 26 24 27 28 8 26 25 6 15 25 26 17 23 24 29 3 30 19 7 27 26 29 14
QUERY_IDS 0 1 2 7 8 9 11 12 13 15 16 17 19 20 21 22 23 24 25 26 27 28 30 31 32 33 34
RESPONSES 0 0 1 0 1 1 0 1 1 0 1 1 1 1 1 1 1 1 0 0 1 1 0 1 1 1 1
RESPONSES 1 1 1 1 1 1 1 1 1 0 0 1 1 1 1 1 1 1 1 1 1 1 1 1 1 1 1
RESPONSES 1 1 1 1 1 1 1 1 1 1 1 1 1 1 1 1 1 1 0 1 1 1 1 1 1 1 1
RESPONSES 1 1 1 1 1 1 1 1 1 1 1 1 1 1 1 1 1 1 0 1 1 1 1 1 1 1 1
RESPONSES 1 1 1 1 1 1 1 1 1 1 1 1 1 1 1 1 1 1 0 1 1 1 1 1 1 1 1
RESPONSES 0 0 1 1 1 1 1 1 1 1 1 1 0 1 1 0 0 1 1 1 1 1 1 1 1 1 1
RESPONSES 0 0 1 0 0 0 0 0 0 0 0 0 0 0 0 0 0 0 0 0 0 0 0 0 0 0 0
RESPONSES 0 1 1 1 1 1 1 1 1 1 1 1 1 1 1 1 1 1 1 1 1 1 1 1 1 1 1
RESPONSES 0 0 1 1 1 1 1 1 1 1 1 1 1 1 1 1 1 1 0 1 1 1 0 1 1 1 1
RESPONSES 0 0 0 1 1 1 0 1 1 1 1 1 1 1 1 1 1 1 0 1 1 1 1 1 1 1 1
RESPONSES 0 0 0 1 1 1 0 1 1 1 1 1 1 1 1 1 1 1 0 1 1 1 1 1 1 1 1
RESPONSES 0 0 0 1 1 1 1 1 1 0 0 1 1 1 1 1 1 1 0 1 1 1 1 1 1 1 1
RESPONSES 0 0 1 0 1 1 1 1 1 1 1 1 1 1 1 1 1 1 0 1 1 1 1 1 1 1 1
RESPONSES 0 0 0 1 1 1 1 1 1 0 0 1 1 1 1 1 1 1 1 1 1 1 1 1 1 1 1
RESPONSES 0 0 1 1 1 1 1 1 1 1 1 1 1 1 1 1 1 1 0 0 1 1 1 1 1 1 1
RESPONSES 1 1 1 1 1 1 0 1 1 1 1 1 1 1 1 1 1 1 1 1 1 1 1 1 1 1 1
RESPONSES 0 1 1 1 1 1 1 1 1 1 1 1 1 1 1 1 1 1 0 1 1 1 1 1 1 1 1
RESPONSES 0 1 1 1 1 1 1 1 1 1 1 1 1 1 1 1 1 1 0 1 1 1 1 1 1 1 1
RESPONSES 0 1 1 1 1 1 1 1 1 1 1 1 1 1 1 1 1 1 0 1 1 1 1 1 1 1 1
RESPONSES 1 1 1 1 1 1 1 1 1 1 1 1 1 1 1 1 1 1 1 1 1 1 1 1 1 1 1
RESPONSES 0 0 1 1 1 1 1 1 1 1 1 1 0 1 1 1 1 1 0 1 1 1 1 1 1 1 1
RESPONSES 1 1 1 1 1 1 0 1 1 1 1 1 1 1 1 1 1 1 0 1 1 1 1 1 1 1 1
RESPONSES 0 0 0 1 1 1 1 1 1 1 1 1 1 1 1 1 1 1 1 1 1 1 1 1 1 1 1
RESPONSES 0 0 0 1 1 1 1 1 1 1 1 1 1 1 1 1 1 1 1 1 1 1 1 1 1 1 1
COSTS 12 10 10 11 11 8 15 3 4 3 9 16 17 5 14 4 7 16 16 12 18 11 5 1 5 12 9
COSTS 14 11 10 13 11 8 14 3 4 3 8 16 17 5 14 4 7 16 15 11 18 11 4 1 5 12 9
COSTS 14 11 10 13 11 8 14 3 4 4 9 16 17 5 14 4 7 16 16 11 18 11 4 1 5 12 9
COSTS 14 11 10 13 11 8 14 3 4 4 9 16 17 5 14 4 7 16 16 11 18 11 4 1 5 12 9
COSTS 14 11 10 13 11 8 14 3 4 4 9 16 17 5 14 4 7 16 16 11 18 11 4 1 5 12 9
COSTS 12 10 10 13 11 8 14 3 4 4 9 16 14 5 14 1 11 16 15 11 18 11 4 1 5 12 9
COSTS 12 10 10 11 11 8 15 3 7 3 8 13 14 7 14 1 11 16 16 12 17 9 5 2 2 10 10
COSTS 12 11 10 13 11 8 14 3 4 4 9 16 17 5 14 4 7 16 15 11 18 11 4 1 5 12 9
COSTS 12 10 10 13 11 8 14 3 4 4 9 16 17 5 14 4 7 16 16 11 18 11 5 1 5 12 9
COSTS 12 10 14 13 11 8 15 3 4 4 9 16 17 5 14 4 7 16 16 11 18 11 4 1 5 12 9
COSTS 12 10 14 13 11 8 15 3 4 4 9 16 17 5 14 4 7 16 16 11 18 11 4 1 5 12 9
COSTS 12 10 14 13 11 8 14 3 4 3 8 16 17 5 14 4 7 16 16 11 18 11 4 1 5 12 9
COSTS 12 10 10 11 11 8 14 3 4 4 9 16 17 5 14 4 7 16 16 11 18 11 4 1 5 12 9
COSTS 12 10 14 13 11 8 14 3 4 3 8 16 17 5 14 4 7 16 15 11 18 11 4 1 5 12 9
COSTS 12 10 10 13 11 8 14 3 4 4 9 16 17 5 14 4 7 16 16 12 18 11 4 1 5 12 9
COSTS 14 11 10 13 11 8 15 3 4 4 9 16 17 5 14 4 7 16 15 11 18 11 4 1 5 12 9
COSTS 12 11 10 13 11 8 14 3 4 4 9 16 17 5 14 4 7 16 16 11 18 11 4 1 5 12 9
COSTS 12 11 10 13 11 8 14 3 4 4 9 16 17 5 14 4 7 16 16 11 18 11 4 1 5 12 9
COSTS 12 11 10 13 11 8 14 3 4 4 9 16 17 5 14 4 7 16 16 11 18 11 4 1 5 12 9
COSTS 14 11 10 13 11 8 14 3 4 4 9 16 17 5 14 4 7 16 15 11 18 11 4 1 5 12 9
COSTS 12 10 10 13 11 8 14 3 4 4 9 16 14 5 14 4 7 16 16 11 18 11 4 1 5 12 9
COSTS 14 11 10 13 11 8 15 3 4 4 9 16 17 5 14 4 7 16 16 11 18 11 4 1 5 12 9
COSTS 12 10 14 13 11 8 14 3 4 4 9 16 17 5 14 4 7 16 15 11 18 11 4 1 5 12 9
COSTS 12 10 14 13 11 8 14 3 4 4 9 16 17 5 14 4 7 16 15 11 18 11 4 1 5 12 9
END
STATE b799aff740a18b4d7916c5dec3484d0d6cd22caf7a1063d1158de13ad0b453b1 6001 24 32
LABELS 1 3 3 3 3 1 0 0 0 1 3 0 2 0 0 4 1 3 0 3 0 3 3 3
MASSES 11 1 17 10 15 25 1 15 2 11 17 10 29 18 10 24 28 27 17 25 10 12 13 1
QUERY_IDS 0 1 2 3 4 6 7 8 12 13 17 18 20 23 24 27 28 29 37 38 39 41 53 54 57 64 65 71 75 76 77 78
RESPONSES 1 0 0 1 1 1 1 0 1 1 1 1 1 0 0 1 1 1 0 0 0 0 0 0 1 1 1 1 1 1 1 1
RESPONSES 0 0 0 0 0 1 1 1 1 1 1 1 1 0 0 1 1 1 0 0 0 0 0 0 1 1 0 1 1 1 1 1
RESPONSES 0 0 0 0 0 1 1 1 1 1 1 1 1 0 0 1 1 1 0 0 0 0 0 0 1 1 0 1 1 1 1 1
RESPONSES 0 0 0 0 0 1 1 1 1 1 1 1 1 0 0 1 1 1 0 0 0 0 0 0 1 1 0 1 1 1 1 1
RESPONSES 0 0 0 0 0 0 0 0 1 1 1 1 1 0 0 0 0 0 0 0 0 0 1 1 1 1 1 1 0 0 0 0
RESPONSES 1 0 0 1 1 1 1 0 1 1 1 1 1 0 0 1 1 1 0 0 0 0 1 1 1 1 1 1 1 1 1 1
RESPONSES 1 1 1 1 1 1 1 1 1 1 0 0 1 1 1 1 1 1 0 0 0 0 1 1 1 1 0 1 1 1 1 1
RESPONSES 1 1 1 1 1 1 1 1 1 1 0 0 1 1 1 1 1 1 0 0 0 0 1 1 1 1 0 1 1 1 1 1
RESPONSES 1 1 1 1 1 1 1 1 1 1 0 0 1 1 1 1 1 1 0 0 0 0 1 1 1 1 0 1 1 1 1 1
RESPONSES 0 0 0 0 0 0 0 0 1 1 0 0 1 0 0 0 0 1 0 0 0 0 1 1 1 1 1 1 0 0 0 1
RESPONSES 1 1 1 1 1 1 1 1 1 1 1 1 1 0 0 1 1 1 0 0 0 1 1 1 1 1 0 1 1 1 1 1
RESPONSES 0 0 0 0 0 0 0 1 1 1 0 0 1 0 0 1 1 1 0 0 0 0 1 1 1 1 0 1 1 1 1 1
RESPONSES 1 1 1 1 1 1 1 1 1 1 0 0 1 0 0 1 1 1 1 1 1 1 1 1 1 1 0 0 1 1 1 1
RESPONSES 0 0 0 0 1 1 1 1 1 1 1 1 1 0 0 0 0 0 0 0 0 1 1 1 1 1 0 1 0 0 0 0
RESPONSES 1 1 1 1 1 1 1 1 1 1 0 0 1 1 1 1 1 1 0 0 0 0 1 1 1 1 0 1 1 1 1 1
RESPONSES 1 1 1 1 1 1 1 1 1 1 0 0 0 0 0 0 0 1 1 1 1 1 1 1 1 0 0 0 1 1 1 1
RESPONSES 1 0 0 1 1 1 1 0 1 1 1 1 1 0 0 1 1 1 0 0 0 0 0 0 1 1 1 1 1 1 1 1
RESPONSES 0 0 0 0 1 1 1 1 0 0 1 1 1 0 0 1 1 1 0 0 0 0 0 0 0 1 0 1 1 1 1 1
RESPONSES 1 1 1 1 1 1 1 1 1 1 0 0 1 1 1 1 1 1 0 0 0 0 1 1 1 1 0 1 1 1 1 1
RESPONSES 1 1 1 1 1 1 1 1 1 1 1 1 1 0 0 1 1 1 0 0 0 1 1 1 1 1 0 1 1 1 1 1
RESPONSES 0 0 0 0 1 1 1 1 1 1 1 1 1 0 0 0 0 0 0 0 0 1 1 1 1 1 0 1 0 0 0 0
RESPONSES 0 0 0 0 1 1 1 1 1 1 1 1 1 0 0 1 1 1 0 0 0 0 0 0 1 1 0 1 1 1 1 1
RESPONSES 0 0 0 0 0 1 1 1 1 1 1 1 1 0 0 1 1 1 0 0 0 0 0 0 1 1 0 1 1 1 1 1
RESPONSES 0 0 0 0 0 1 1 0 1 1 1 1 1 0 0 0 0 1 0 0 0 0 1 1 1 1 0 1 0 0 0 1
COSTS 4 12 16 16 6 19 8 5 12 8 7 14 13 16 18 12 13 17 11 5 7 10 7 9 7 9 14 19 6 6 3 3
COSTS 5 12 16 17 7 19 8 6 12 8 7 14 13 16 18 12 13 17 11 5 7 10 7 9 7 9 10 19 6 6 3 3
COSTS 5 12 16 17 7 19 8 6 12 8 7 14 13 16 18 12 13 17 11 5 7 10 7 9 7 9 10 19 6 6 3 3
COSTS 5 12 16 17 7 19 8 6 12 8 7 14 13 16 18 12 13 17 11 5 7 10 7 9 7 9 10 19 6 6 3 3
COSTS 5 12 16 17 7 18 9 5 12 8 7 14 13 16 18 9 14 13 11 5 7 10 6 8 7 9 14 19 7 7 5 3
COSTS 4 12 16 16 6 19 8 5 12 8 7 14 13 16 18 12 13 17 11 5 7 10 6 8 7 9 14 19 6 6 3 3
COSTS 4 12 13 16 6 19 8 6 12 8 10 16 13 15 18 12 13 17 11 5 7 10 6 8 7 9 10 19 6 6 3 3
COSTS 4 12 13 16 6 19 8 6 12 8 10 16 13 15 18 12 13 17 11 5 7 10 6 8 7 9 10 19 6 6 3 3
COSTS 4 12 13 16 6 19 8 6 12 8 10 16 13 15 18 12 13 17 11 5 7 10 6 8 7 9 10 19 6 6 3 3
COSTS 5 12 16 17 7 18 9 5 12 8 10 16 13 16 18 9 14 17 11 5 7 10 6 8 7 9 14 19 7 7 5 3
COSTS 4 12 13 16 6 19 8 6 12 8 7 14 13 16 18 12 13 17 11 5 7 10 6 8 7 9 10 19 6 6 3 3
COSTS 5 12 16 17 7 18 9 6 12 8 10 16 13 16 18 12 13 17 11 5 7 10 6 8 7 9 10 19 6 6 3 3
COSTS 4 12 13 16 6 19 8 6 12 8 10 16 13 16 18 12 13 17 8 4 4 10 6 8 7 9 10 17 6 6 3 3
COSTS 5 12 16 17 6 19 8 6 12 8 7 14 13 16 18 9 14 13 11 5 7 10 6 8 7 9 10 19 7 7 5 3
COSTS 4 12 13 16 6 19 8 6 12 8 10 16 13 15 18 12 13 17 11 5 7 10 6 8 7 9 10 19 6 6 3 3
COSTS 4 12 13 16 6 19 8 6 12 8 10 16 12 16 18 9 14 17 8 4 4 10 6 8 7 7 10 17 6 6 3 3
COSTS 4 12 16 16 6 19 8 5 12 8 7 14 13 16 18 12 13 17 11 5 7 10 7 9 7 9 14 19 6 6 3 3
COSTS 5 12 16 17 6 19 8 6 10 8 7 14 13 16 18 12 13 17 11 5 7 10 7 9 7 9 10 19 6 6 3 3
COSTS 4 12 13 16 6 19 8 6 12 8 10 16 13 15 18 12 13 17 11 5 7 10 6 8 7 9 10 19 6 6 3 3
COSTS 4 12 13 16 6 19 8 6 12 8 7 14 13 16 18 12 13 17 11 5 7 10 6 8 7 9 10 19 6 6 3 3
COSTS 5 12 16 17 6 19 8 6 12 8 7 14 13 16 18 9 14 13 11 5 7 10 6 8 7 9 10 19 7 7 5 3
COSTS 5 12 16 17 6 19 8 6 12 8 7 14 13 16 18 12 13 17 11 5 7 10 7 9 7 9 10 19 6 6 3 3
COSTS 5 12 16 17 7 19 8 6 12 8 7 14 13 16 18 12 13 17 11 5 7 10 7 9 7 9 10 19 6 6 3 3
COSTS 5 12 16 17 7 19 8 5 12 8 7 14 13 16 18 9 14 17 11 5 7 10 6 8 7 9 10 19 7 7 5 3
END
STATE b7b2a1c28a6676d6af713f688349e89fd0c3fcf4c2619aead5fc605024bb9459 6003 24 11
LABELS 1 3 0 0 0 2 3 2 0 1 0 0 3 3 3 3 3 2 2 1 2 2 2 3
MASSES 28 8 2 20 17 21 16 4 30 26 31 3 21 11 16 12 28 7 16 8 26 7 7 20
QUERY_IDS 0 1 2 3 5 6 7 8 9 10 11
RESPONSES 3 1 0 0 1 1 0 1 0 0 0
RESPONSES 3 2 0 2 0 1 0 1 0 0 0
RESPONSES 4 1 0 1 0 1 0 0 0 0 0
RESPONSES 4 1 0 2 0 1 0 1 0 0 0
RESPONSES 4 1 0 2 0 1 0 1 0 0 0
RESPONSES 0 1 0 2 1 1 0 1 0 0 0
RESPONSES 0 2 0 2 1 1 0 1 0 0 0
RESPONSES 3 1 0 1 0 1 0 0 0 0 0
RESPONSES 4 0 0 2 0 1 0 0 0 0 0
RESPONSES 3 1 0 2 0 1 0 1 0 0 0
RESPONSES 4 1 0 2 0 1 0 0 0 0 0
RESPONSES 4 1 0 2 0 1 0 0 0 0 0
RESPONSES 2 2 0 1 0 1 0 1 0 0 0
RESPONSES 2 2 0 1 0 1 0 1 0 0 0
RESPONSES 2 2 0 1 0 1 0 1 0 0 0
RESPONSES 3 2 0 1 0 1 0 1 0 0 0
RESPONSES 3 2 0 1 0 1 0 1 0 0 0
RESPONSES 0 1 0 2 0 1 0 1 0 0 0
RESPONSES 0 1 0 2 0 1 0 1 0 0 0
RESPONSES 0 0 0 2 1 1 0 1 0 0 0
RESPONSES 0 0 0 2 1 1 0 1 0 0 0
RESPONSES 1 0 0 2 1 1 0 1 0 2 1
RESPONSES 3 0 0 1 1 1 0 0 0 1 0
RESPONSES 3 2 0 2 0 0 0 1 0 0 0
COSTS 12 13 9 8 10 14 16 14 7 4 17
COSTS 12 16 9 7 7 14 16 14 7 4 17
COSTS 8 13 9 5 7 14 16 18 7 4 17
COSTS 8 13 9 7 7 14 16 14 7 4 17
COSTS 8 13 9 7 7 14 16 14 7 4 17
COSTS 11 13 9 7 10 14 16 14 7 4 17
COSTS 11 16 9 7 10 14 16 14 7 4 17
COSTS 12 13 9 5 7 14 16 18 7 4 17
COSTS 8 14 9 7 7 14 16 18 7 4 17
COSTS 12 13 9 7 7 14 16 14 7 4 17
COSTS 8 13 9 7 7 14 16 18 7 4 17
COSTS 8 13 9 7 7 14 16 18 7 4 17
COSTS 8 16 9 5 7 14 16 14 7 4 17
COSTS 8 16 9 5 7 14 16 14 7 4 17
COSTS 8 16 9 5 7 14 16 14 7 4 17
COSTS 12 16 9 5 7 14 16 14 7 4 17
COSTS 12 16 9 5 7 14 16 14 7 4 17
COSTS 11 13 9 7 7 14 16 14 7 4 17
COSTS 11 13 9 7 7 14 16 14 7 4 17
COSTS 11 14 9 7 10 14 16 14 7 4 17
COSTS 11 14 9 7 10 14 16 14 7 4 17
COSTS 8 14 9 7 10 14 16 14 7 8 17
COSTS 12 14 9 5 10 14 16 18 7 8 17
COSTS 12 16 9 7 7 13 16 14 7 4 17
END
STATE b85baf0a76b2020600b2bb2e94cc23a707ae8949c2a7a3c42c042b9580ec48d5 6001 24 36
LABELS 0 0 0 0 0 0 0 0 0 0 0 0 0 0 0 0 0 0 0 0 0 0 0 0
MASSES 28 23 8 14 27 15 5 5 16 11 21 6 26 29 23 2 3 16 10 15 13 24 19 8
QUERY_IDS 0 2 3 4 5 6 7 8 11 18 19 22 24 25 26 27 28 29 30 31 32 33 34 35 36 41 42 43 51 52 53 54 55 56 57 60
RESPONSES 0 1 1 1 1 1 1 0 0 0 0 0 0 0 0 0 0 0 0 0 0 0 0 0 0 0 0 0 0 0 0 0 0 0 0 1
RESPONSES 0 1 1 1 1 1 1 0 0 0 0 0 0 0 0 0 0 0 0 0 0 0 0 0 0 0 0 0 0 0 0 0 0 0 0 1
RESPONSES 1 1 1 1 1 1 1 0 0 0 0 0 0 0 0 0 0 0 0 0 0 0 0 0 0 0 0 0 0 0 0 0 0 0 0 1
RESPONSES 0 1 1 1 1 1 2 0 0 0 0 0 0 0 0 0 0 0 0 0 0 0 0 0 0 0 0 0 0 0 0 0 0 0 0 1
RESPONSES 0 1 1 1 1 1 1 0 0 0 0 0 0 0 0 0 0 0 0 0 0 0 0 0 0 0 0 0 0 0 0 0 0 0 0 1
RESPONSES 0 0 0 1 1 1 1 0 0 0 0 0 0 0 0 0 0 1 0 0 0 0 1 1 0 0 0 0 0 0 0 0 0 0 0 1
RESPONSES 0 1 1 1 1 1 1 0 0 0 0 0 0 0 0 0 0 0 0 0 0 0 0 0 0 0 0 0 0 0 0 0 0 0 0 1
RESPONSES 0 1 1 1 1 1 1 0 0 0 0 0 0 0 0 0 0 0 0 0 0 0 0 0 0 0 0 0 0 0 0 0 0 0 0 1
RESPONSES 0 1 1 1 1 1 1 0 0 0 0 0 0 0 0 0 0 0 0 0 0 0 0 0 0 0 0 0 0 0 0 0 0 0 0 1
RESPONSES 0 0 1 1 1 1 1 0 0 0 0 0 0 0 0 0 0 0 0 0 0 0 0 0 0 0 0 0 0 0 0 0 0 0 0 1
RESPONSES 0 0 1 1 1 1 1 0 0 0 0 0 0 0 0 0 0 0 0 0 0 0 0 0 0 0 0 0 0 0 0 0 0 0 0 1
RESPONSES 0 1 1 1 1 1 2 0 0 0 0 1 1 1 1 1 1 1 1 1 1 1 1 1 1 1 1 1 1 1 1 1 1 1 1 0
RESPONSES 0 0 0 0 1 1 1 0 1 0 0 0 0 0 0 0 0 0 0 0 0 0 0 0 0 0 0 0 0 0 0 0 0 0 0 1
RESPONSES 0 0 1 1 1 1 2 0 0 0 0 0 0 0 0 0 0 0 0 0 0 0 0 0 0 0 0 0 0 0 0 0 0 0 0 1
RESPONSES 0 0 0 0 0 1 2 0 0 0 0 1 1 1 1 1 1 1 1 1 1 1 1 1 1 1 1 1 0 0 0 0 0 0 0 1
RESPONSES 0 0 0 1 1 1 0 0 0 0 0 0 0 0 0 0 0 0 0 0 0 0 0 0 0 0 0 0 0 0 0 0 0 0 0 1
RESPONSES 0 0 0 0 0 1 2 0 0 0 1 0 0 0 0 0 0 0 0 0 0 0 0 0 0 0 0 0 0 0 0 0 0 0 0 1
RESPONSES 0 0 0 0 0 0 1 1 0 0 1 1 1 1 1 1 1 0 0 0 0 0 0 0 0 0 0 0 0 0 0 0 0 0 0 1
RESPONSES 1 1 1 1 1 1 1 0 0 0 0 0 0 0 0 0 0 0 0 0 0 0 0 0 0 0 0 0 0 0 0 0 0 0 0 1
RESPONSES 0 1 1 1 1 1 1 0 0 0 0 0 0 0 0 0 0 1 0 0 1 1 1 1 0 0 0 0 0 0 0 0 0 0 0 1
RESPONSES 0 1 1 1 1 1 1 0 0 1 1 0 0 0 0 0 0 0 0 0 0 0 0 0 0 0 0 0 0 0 0 0 0 0 0 1
RESPONSES 1 1 1 1 1 1 1 0 0 0 0 0 0 0 0 0 0 1 0 0 0 0 1 1 0 0 0 0 0 0 0 0 0 0 0 1
RESPONSES 0 0 0 0 0 1 2 0 0 0 0 1 1 1 1 1 1 0 0 0 0 0 0 0 0 0 0 0 0 0 0 0 0 0 0 1
RESPONSES 0 0 0 0 0 0 2 1 0 0 0 1 0 0 0 0 0 0 0 0 0 0 0 0 0 0 0 0 0 0 0 0 0 0 0 1
COSTS 9 7 15 15 3 4 12 12 2 6 8 10 13 14 11 14 16 16 4 17 14 3 12 5 7 12 15 10 5 7 12 11 11 13 2 6
COSTS 9 7 15 15 3 4 12 12 2 6 8 10 13 14 11 14 16 16 4 17 14 3 12 5 7 12 15 10 5 7 12 11 11 13 2 6
COSTS 6 7 15 15 3 4 12 12 2 6 8 10 13 14 11 14 16 16 4 17 14 3 12 5 7 12 15 10 5 7 12 11 11 13 2 6
COSTS 9 7 15 15 3 4 13 12 2 6 8 10 13 14 11 14 16 16 4 17 14 3 12 5 7 12 15 10 5 7 12 11 11 13 2 6
COSTS 9 7 15 15 3 4 12 12 2 6 8 10 13 14 11 14 16 16 4 17 14 3 12 5 7 12 15 10 5 7 12 11 11 13 2 6
COSTS 9 10 14 15 3 4 12 12 2 6 8 10 13 14 11 14 16 14 4 17 14 3 10 5 7 12 15 10 5 7 12 11 11 13 2 6
COSTS 9 7 15 15 3 4 12 12 2 6 8 10 13 14 11 14 16 16 4 17 14 3 12 5 7 12 15 10 5 7 12 11 11 13 2 6
COSTS 9 7 15 15 3 4 12 12 2 6 8 10 13 14 11 14 16 16 4 17 14 3 12 5 7 12 15 10 5 7 12 11 11 13 2 6
COSTS 9 7 15 15 3 4 12 12 2 6 8 10 13 14 11 14 16 16 4 17 14 3 12 5 7 12 15 10 5 7 12 11 11 13 2 6
COSTS 9 10 15 15 3 4 12 12 2 6 8 10 13 14 11 14 16 16 4 17 14 3 12 5 7 12 15 10 5 7 12 11 11 13 2 6
COSTS 9 10 15 15 3 4 12 12 2 6 8 10 13 14 11 14 16 16 4 17 14 3 12 5 7 12 15 10 5 7 12 11 11 13 2 6
COSTS 9 7 15 15 3 4 13 12 2 6 8 8 13 17 14 14 18 14 5 13 13 1 10 5 6 15 18 13 7 5 13 14 14 15 2 9
COSTS 9 10 14 11 3 4 12 12 2 6 8 10 13 14 11 14 16 16 4 17 14 3 12 5 7 12 15 10 5 7 12 11 11 13 2 6
COSTS 9 10 15 15 3 4 13 12 2 6 8 10 13 14 11 14 16 16 4 17 14 3 12 5 7 12 15 10 5 7 12 11 11 13 2 6
COSTS 9 10 14 11 4 4 13 12 2 6 8 8 13 17 14 14 18 14 5 13 13 1 10 5 6 15 18 13 5 7 12 11 11 13 2 6
COSTS 9 10 14 15 3 4 14 12 2 6 8 10 13 14 11 14 16 16 4 17 14 3 12 5 7 12 15 10 5 7 12 11 11 13 2 6
COSTS 9 10 14 11 4 4 13 12 2 6 4 10 13 14 11 14 16 16 4 17 14 3 12 5 7 12 15 10 5 7 12 11 11 13 2 6
COSTS 9 10 14 11 4 7 12 14 2 6 4 8 13 17 14 14 18 16 4 17 14 3 12 5 7 12 15 10 5 7 12 11 11 13 2 6
COSTS 6 7 15 15 3 4 12 12 2 6 8 10 13 14 11 14 16 16 4 17 14 3 12 5 7 12 15 10 5 7 12 11 11 13 2 6
COSTS 9 7 15 15 3 4 12 12 2 6 8 10 13 14 11 14 16 14 4 17 13 1 10 5 7 12 15 10 5 7 12 11 11 13 2 6
COSTS 9 7 15 15 3 4 12 12 2 8 4 10 13 14 11 14 16 16 4 17 14 3 12 5 7 12 15 10 5 7 12 11 11 13 2 6
COSTS 6 7 15 15 3 4 12 12 2 6 8 10 13 14 11 14 16 14 4 17 14 3 10 5 7 12 15 10 5 7 12 11 11 13 2 6
COSTS 9 10 14 11 4 4 13 12 2 6 8 8 13 17 14 14 18 16 4 17 14 3 12 5 7 12 15 10 5 7 12 11 11 13 2 6
COSTS 9 10 14 11 4 7 13 14 2 6 8 8 13 14 11 14 16 16 4 17 14 3 12 5 7 12 15 10 5 7 12 11 11 13 2 6
END
STATE b8b9a93c90bb2b17cb1eefcdd00d9ed84b572f1941a60114a96e2fb90967975c 6003 24 11
LABELS 3 1 3 1 1 0 0 0 0 4 1 1 1 1 0 2 1 1 2 1 2 2 0 1
MASSES 24 23 3 7 26 10 20 14 3 7 14 14 21 24 19 17 21 2 27 10 15 3 19 24
QUERY_IDS 0 1 2 3 4 5 7 8 9 10 11
RESPONSES 2 0 0 2 0 0 0 1 0 2 0
RESPONSES 0 1 0 2 0 1 0 1 0 0 0
RESPONSES 0 0 1 1 1 1 0 1 0 1 0
RESPONSES 2 1 0 2 0 0 0 1 0 0 0
RESPONSES 2 1 0 2 0 0 0 1 0 0 0
RESPONSES 3 1 0 2 0 0 0 0 0 0 0
RESPONSES 3 1 0 2 0 0 0 0 0 0 0
RESPONSES 3 1 0 2 0 0 0 0 0 0 0
RESPONSES 3 1 0 2 0 0 0 0 0 0 0
RESPONSES 2 2 0 1 0 0 0 1 0 0 0
RESPONSES 2 1 1 1 0 1 0 1 0 1 0
RESPONSES 0 0 0 2 0 0 0 1 0 0 0
RESPONSES 2 1 0 1 0 0 0 1 0 0 0
RESPONSES 2 1 0 0 0 0 0 1 0 0 0
RESPONSES 3 1 1 2 0 0 0 1 0 1 0
RESPONSES 0 0 0 2 0 1 0 1 0 0 0
RESPONSES 2 1 0 1 0 1 0 1 0 0 0
RESPONSES 2 1 0 2 0 0 0 1 0 1 0
RESPONSES 0 0 1 2 0 1 0 0 0 0 0
RESPONSES 1 0 0 2 0 1 0 1 1 3 0
RESPONSES 0 0 1 1 1 0 0 1 0 0 0
RESPONSES 1 1 0 2 0 1 0 1 1 0 0
RESPONSES 3 1 0 2 0 0 0 1 0 1 0
RESPONSES 2 0 0 1 0 1 0 0 0 0 0
COSTS 12 14 9 7 16 7 16 14 7 8 17
COSTS 11 13 9 7 16 10 16 14 7 4 17
COSTS 11 14 9 5 15 10 16 14 7 8 17
COSTS 12 13 9 7 16 7 16 14 7 4 17
COSTS 12 13 9 7 16 7 16 14 7 4 17
COSTS 8 13 9 7 16 7 16 18 7 4 17
COSTS 8 13 9 7 16 7 16 18 7 4 17
COSTS 8 13 9 7 16 7 16 18 7 4 17
COSTS 8 13 9 7 16 7 16 18 7 4 17
COSTS 12 16 9 5 16 7 16 14 7 4 17
COSTS 12 13 9 5 16 10 16 14 7 8 17
COSTS 11 14 9 7 16 7 16 14 7 4 17
COSTS 12 13 9 5 16 7 16 14 7 4 17
COSTS 12 13 9 8 16 7 16 14 7 4 17
COSTS 8 13 9 7 16 7 16 14 7 8 17
COSTS 11 14 9 7 16 10 16 14 7 4 17
COSTS 12 13 9 5 16 10 16 14 7 4 17
COSTS 12 13 9 7 16 7 16 14 7 8 17
COSTS 11 14 9 7 16 10 16 18 7 4 17
COSTS 8 14 9 7 16 10 16 14 10 5 17
COSTS 11 14 9 5 15 7 16 14 7 4 17
COSTS 8 13 9 7 16 10 16 14 10 4 17
COSTS 8 13 9 7 16 7 16 14 7 8 17
COSTS 12 14 9 5 16 10 16 18 7 4 17
END
STATE b8e1c47a4fd6b6130f890a47d542ca7c16aac288787244ee9c0e9d6ab9e6e096 6002 24 11
LABELS 3 0 2 2 2 0 2 0 1 1 0 0 0 2 1 3 3 2 3 0 3 3 1 3
MASSES 30 26 22 21 19 20 9 17 6 27 26 4 4 27 4 28 23 4 23 26 1 7 4 11
QUERY_IDS 0 1 2 3 4 6 7 8 9 10 11
RESPONSES 4 2 0 2 0 1 0 1 0 0 0
RESPONSES 5 1 0 1 0 1 0 0 0 0 0
RESPONSES 0 1 0 1 0 1 0 0 0 0 0
RESPONSES 0 1 0 1 0 1 0 0 0 0 0
RESPONSES 2 1 0 2 0 1 0 1 0 0 0
RESPONSES 5 1 0 2 0 1 0 1 0 0 0
RESPONSES 3 1 0 2 0 1 0 1 0 0 0
RESPONSES 5 0 0 2 0 1 0 0 0 0 0
RESPONSES 4 1 0 2 0 1 0 1 0 0 0
RESPONSES 0 1 0 1 0 1 0 1 0 0 0
RESPONSES 5 1 0 2 0 1 0 0 0 0 0
RESPONSES 5 1 0 2 0 1 0 0 0 0 0
RESPONSES 5 1 0 2 0 1 0 0 0 0 0
RESPONSES 2 0 0 2 0 1 0 1 0 0 0
RESPONSES 1 0 1 2 0 1 0 1 0 0 0
RESPONSES 4 2 0 1 0 1 0 1 0 0 0
RESPONSES 4 2 0 1 0 1 0 1 0 0 0
RESPONSES 0 0 0 2 0 1 0 1 0 0 0
RESPONSES 1 2 0 2 0 1 0 1 0 0 0
RESPONSES 5 1 0 2 0 1 0 1 1 1 0
RESPONSES 4 2 0 2 0 0 0 1 0 0 0
RESPONSES 3 2 0 1 0 0 0 1 0 0 0
RESPONSES 3 1 1 0 0 1 0 1 0 0 0
RESPONSES 4 2 0 1 0 0 0 1 0 0 0
COSTS 6 8 8 6 15 13 15 10 10 10 12
COSTS 7 5 8 3 15 13 15 13 10 10 12
COSTS 5 5 8 3 15 13 15 13 10 10 12
COSTS 5 5 8 3 15 13 15 13 10 10 12
COSTS 8 5 8 6 15 13 15 10 10 10 12
COSTS 7 5 8 6 15 13 15 10 10 10 12
COSTS 6 5 8 6 15 13 15 10 10 10 12
COSTS 7 7 8 6 15 13 15 13 10 10 12
COSTS 6 5 8 6 15 13 15 10 10 10 12
COSTS 5 5 8 3 15 13 15 10 10 10 12
COSTS 7 5 8 6 15 13 15 13 10 10 12
COSTS 7 5 8 6 15 13 15 13 10 10 12
COSTS 7 5 8 6 15 13 15 13 10 10 12
COSTS 8 7 8 6 15 13 15 10 10 10 12
COSTS 7 7 5 6 15 13 15 10 10 10 12
COSTS 6 8 8 3 15 13 15 10 10 10 12
COSTS 6 8 8 3 15 13 15 10 10 10 12
COSTS 5 7 8 6 15 13 15 10 10 10 12
COSTS 7 8 8 6 15 13 15 10 10 10 12
COSTS 7 5 8 6 15 13 15 10 10 9 12
COSTS 6 8 8 6 15 12 15 10 10 10 12
COSTS 6 8 8 3 15 12 15 10 10 10 12
COSTS 6 5 5 4 15 13 15 10 10 10 12
COSTS 6 8 8 3 15 12 15 10 10 10 12
END
STATE b904fc6194c60b36b481e2193483cffa09a84b15eeaa4b44e6de24400bb7d93e 6003 24 25
LABELS 1 1 0 1 1 1 0 1 1 1 0 0 1 1 1 0 0 1 0 1 0 0 0 1
MASSES 1 6 9 17 21 10 27 11 18 27 31 15 31 23 22 29 28 20 11 29 16 4 4 17
QUERY_IDS 5 6 7 10 11 13 14 15 16 18 19 20 21 24 26 27 28 29 30 33 35 42 47 50 51
RESPONSES 1 0 0 0 0 0 0 0 0 1 1 0 0 1 0 0 0 0 0 0 0 0 0 1 1
RESPONSES 1 0 0 1 1 0 0 0 0 1 1 1 1 1 1 1 1 1 1 1 1 1 0 1 1
RESPONSES 1 0 0 1 1 0 0 0 0 0 0 1 1 1 1 1 1 1 1 0 0 1 0 1 1
RESPONSES 0 0 0 1 1 1 1 1 1 1 1 1 1 1 1 1 1 1 1 1 1 1 0 1 1
RESPONSES 1 0 0 0 0 0 0 0 0 1 1 1 1 1 1 1 1 1 1 1 1 1 0 0 0
RESPONSES 1 0 0 0 0 0 0 1 1 1 1 1 1 1 1 1 1 1 1 1 1 0 0 1 1
RESPONSES 1 1 1 1 1 0 0 0 0 1 1 1 1 1 1 1 1 1 1 0 1 1 0 1 1
RESPONSES 0 0 0 0 0 0 0 0 0 0 0 1 1 1 1 1 1 1 1 0 1 1 0 0 0
RESPONSES 1 0 0 0 0 0 0 0 0 1 1 0 0 1 0 0 0 0 1 1 1 0 0 0 0
RESPONSES 1 0 0 1 1 0 0 0 0 0 0 0 0 0 1 1 1 1 1 0 0 1 0 0 1
RESPONSES 1 0 0 1 1 0 0 1 1 1 1 1 1 1 1 1 1 1 1 1 1 1 0 1 1
RESPONSES 1 0 0 1 1 0 0 0 0 0 0 0 0 1 1 1 1 1 1 1 1 1 0 0 1
RESPONSES 1 0 0 1 1 0 0 0 0 1 1 1 1 1 1 1 1 1 1 0 1 1 0 0 0
RESPONSES 1 0 0 1 1 0 0 0 0 0 0 1 1 1 1 1 1 1 1 0 0 1 0 1 1
RESPONSES 1 0 0 1 1 0 0 1 1 1 1 1 1 1 1 1 1 1 1 1 1 0 0 1 1
RESPONSES 1 1 1 1 1 0 0 0 0 1 1 1 1 1 1 1 1 1 1 1 1 1 0 1 1
RESPONSES 1 0 0 1 1 0 0 0 0 1 1 0 0 1 1 1 1 1 1 0 0 0 0 0 0
RESPONSES 0 0 0 0 0 0 0 0 0 0 0 1 1 1 1 1 1 1 1 1 1 1 0 0 0
RESPONSES 0 0 0 1 1 1 1 1 1 1 1 1 1 1 1 1 1 1 1 0 1 1 0 0 1
RESPONSES 1 0 0 1 1 0 0 1 1 1 1 1 1 1 1 1 1 1 1 0 1 1 0 0 1
RESPONSES 0 0 0 1 1 0 0 0 0 1 1 1 1 1 1 1 1 1 1 1 1 1 0 0 1
RESPONSES 1 1 1 1 1 1 1 1 1 1 1 1 1 1 1 1 1 1 1 0 1 0 1 1 1
RESPONSES 1 0 0 1 1 0 0 0 0 1 1 0 0 1 0 0 0 0 0 0 0 1 0 1 1
RESPONSES 0 0 0 0 0 0 0 0 0 1 1 0 0 1 1 1 1 1 1 0 0 1 0 0 1
COSTS 16 15 10 16 10 12 7 5 6 14 11 18 5 7 16 14 2 8 11 13 15 14 5 8 7
COSTS 16 15 10 15 10 12 7 5 6 14 11 18 4 7 14 13 4 8 12 13 15 14 5 8 7
COSTS 16 15 10 15 10 12 7 5 6 14 14 18 4 7 14 13 4 8 12 13 15 14 5 8 7
COSTS 13 15 10 15 10 9 9 4 7 14 11 18 4 7 14 13 4 8 12 13 15 14 5 8 7
COSTS 16 15 10 16 10 12 7 5 6 14 11 18 4 7 14 13 4 8 12 13 15 14 5 7 7
COSTS 16 15 10 16 10 12 7 4 7 14 11 18 4 7 14 13 4 8 12 13 15 14 5 8 7
COSTS 16 15 11 15 10 12 7 5 6 14 11 18 4 7 14 13 4 8 12 13 15 14 5 8 7
COSTS 13 15 10 16 10 12 7 5 6 14 14 18 4 7 14 13 4 8 12 13 15 14 5 7 7
COSTS 16 15 10 16 10 12 7 5 6 14 11 18 5 7 16 14 2 8 12 13 15 14 5 7 7
COSTS 16 15 10 15 10 12 7 5 6 14 14 18 5 7 14 13 4 8 12 13 15 14 5 7 7
COSTS 16 15 10 15 10 12 7 4 7 14 11 18 4 7 14 13 4 8 12 13 15 14 5 8 7
COSTS 16 15 10 15 10 12 7 5 6 14 14 18 5 7 14 13 4 8 12 13 15 14 5 7 7
COSTS 16 15 10 15 10 12 7 5 6 14 11 18 4 7 14 13 4 8 12 13 15 14 5 7 7
COSTS 16 15 10 15 10 12 7 5 6 14 14 18 4 7 14 13 4 8 12 13 15 14 5 8 7
COSTS 16 15 10 15 10 12 7 4 7 14 11 18 4 7 14 13 4 8 12 13 15 14 5 8 7
COSTS 16 15 11 15 10 12 7 5 6 14 11 18 4 7 14 13 4 8 12 13 15 14 5 8 7
COSTS 16 15 10 15 10 12 7 5 6 14 11 18 5 7 14 13 4 8 12 13 15 14 5 7 7
COSTS 13 15 10 16 10 12 7 5 6 14 14 18 4 7 14 13 4 8 12 13 15 14 5 7 7
COSTS 13 15 10 15 10 9 9 4 7 14 11 18 4 7 14 13 4 8 12 13 15 14 5 7 7
COSTS 16 15 10 15 10 12 7 4 7 14 11 18 4 7 14 13 4 8 12 13 15 14 5 7 7
COSTS 13 15 10 15 10 12 7 5 6 14 11 18 4 7 14 13 4 8 12 13 15 14 5 7 7
COSTS 16 15 11 15 10 9 9 4 7 14 11 18 4 7 14 13 4 8 12 13 15 14 5 8 7
COSTS 16 15 10 15 10 12 7 5 6 14 11 18 5 7 16 14 2 8 11 13 15 14 5 8 7
COSTS 13 15 10 16 10 12 7 5 6 14 11 18 5 7 14 13 4 8 12 13 15 14 5 7 7
END
STATE b98eddd639979211123a85a9caaf3e70fe753354eccad998708fbfa7c0524620 6001 24 28
LABELS 1 0 0 0 1 0 0 0 0 0 0 0 0 0 0 1 0 0 0 1 0 0 0 0
MASSES 12 31 22 21 25 7 10 17 24 28 25 20 3 8 22 26 12 18 4 14 23 14 27 3
QUERY_IDS 0 1 2 6 7 8 9 10 11 12 13 14 15 16 17 19 22 23 24 26 27 28 29 30 31 32 33 34
RESPONSES 0 0 1 1 0 0 0 1 0 0 0 1 0 0 0 0 0 0 0 0 0 1 1 0 0 1 1 1
RESPONSES 1 1 1 1 1 1 1 1 1 1 1 1 1 1 1 1 1 1 1 1 1 1 1 1 1 1 1 1
RESPONSES 1 1 1 1 1 1 1 1 1 1 1 1 1 1 1 1 1 1 1 1 1 1 1 1 1 1 1 1
RESPONSES 1 1 1 1 1 1 1 1 1 1 1 1 1 1 1 1 1 1 1 1 1 1 1 1 1 1 1 1
RESPONSES 0 0 0 0 0 0 0 1 0 0 0 1 0 0 0 0 0 1 1 0 0 0 0 0 0 0 1 1
RESPONSES 0 0 0 1 1 1 1 1 1 1 1 1 1 1 1 1 1 1 1 0 1 1 1 1 1 1 1 1
RESPONSES 0 0 0 1 1 1 1 1 1 1 1 1 1 1 1 1 1 1 1 0 1 1 1 1 1 1 1 1
RESPONSES 0 0 0 1 1 1 1 1 1 1 1 1 1 1 1 1 1 1 1 0 1 1 1 1 1 1 1 1
RESPONSES 0 0 0 1 1 1 1 1 0 1 1 1 0 0 1 1 1 1 1 1 1 1 1 1 1 1 1 1
RESPONSES 0 0 0 1 1 1 1 1 1 1 1 1 1 1 1 1 1 1 1 0 1 1 1 1 1 1 1 1
RESPONSES 0 0 0 1 1 1 1 1 1 1 1 1 1 1 1 1 1 1 1 0 1 1 1 1 1 1 1 1
RESPONSES 1 1 1 1 1 1 1 1 1 1 1 1 1 1 1 1 1 1 1 0 1 1 1 1 1 1 1 1
RESPONSES 1 1 1 1 1 1 1 1 1 1 1 1 1 1 1 1 1 1 1 0 1 1 1 1 1 1 1 1
RESPONSES 1 1 1 1 1 1 1 1 0 1 1 1 1 1 1 1 0 0 0 1 1 1 1 1 1 1 1 1
RESPONSES 1 1 1 1 1 1 1 1 0 1 1 1 1 1 1 1 1 1 1 1 1 1 1 1 1 1 1 1
RESPONSES 0 0 0 1 0 0 0 0 0 0 0 0 0 0 0 0 0 1 1 0 0 0 1 0 1 1 0 0
RESPONSES 0 0 1 1 1 1 1 1 1 1 1 1 1 1 1 1 1 1 1 0 1 1 1 1 1 1 1 1
RESPONSES 0 0 1 1 1 1 1 1 1 1 1 1 1 1 1 1 1 1 1 0 1 1 1 1 1 1 1 1
RESPONSES 0 0 0 1 1 1 1 1 1 1 1 1 1 1 1 1 1 1 1 1 1 1 1 1 1 1 1 1
RESPONSES 0 0 0 0 1 1 1 1 1 1 1 1 1 1 1 1 0 1 1 0 0 1 1 0 0 1 1 1
RESPONSES 0 0 0 1 0 0 1 1 1 1 1 1 1 1 1 1 1 1 1 0 0 1 1 0 0 1 1 1
RESPONSES 0 1 1 1 1 1 1 1 1 1 1 1 1 1 1 1 1 1 1 1 1 1 1 1 1 1 1 1
RESPONSES 1 1 1 1 1 1 1 1 0 1 1 1 1 1 1 1 1 1 1 1 1 1 1 1 1 1 1 1
RESPONSES 0 1 1 1 1 1 1 1 1 1 1 1 1 1 1 1 1 1 1 0 1 1 1 1 1 1 1 1
COSTS 14 8 6 12 6 13 15 4 8 7 2 18 14 10 3 14 14 13 14 12 12 10 12 6 10 14 14 6
COSTS 15 6 6 12 7 15 17 4 7 8 2 18 14 9 4 13 14 10 15 14 8 10 12 9 14 14 14 6
COSTS 15 6 6 12 7 15 17 4 7 8 2 18 14 9 4 13 14 10 15 14 8 10 12 9 14 14 14 6
COSTS 15 6 6 12 7 15 17 4 7 8 2 18 14 9 4 13 14 10 15 14 8 10 12 9 14 14 14 6
COSTS 14 8 7 11 6 13 15 4 8 7 2 18 14 10 3 14 14 10 15 12 12 7 12 6 10 15 14 6
COSTS 14 8 7 12 7 15 17 4 7 8 2 18 14 9 4 13 14 10 15 12 8 10 12 9 14 14 14 6
COSTS 14 8 7 12 7 15 17 4 7 8 2 18 14 9 4 13 14 10 15 12 8 10 12 9 14 14 14 6
COSTS 14 8 7 12 7 15 17 4 7 8 2 18 14 9 4 13 14 10 15 12 8 10 12 9 14 14 14 6
COSTS 14 8 7 12 7 15 17 4 8 8 2 18 14 10 4 13 14 10 15 14 8 10 12 9 14 14 14 6
COSTS 14 8 7 12 7 15 17 4 7 8 2 18 14 9 4 13 14 10 15 12 8 10 12 9 14 14 14 6
COSTS 14 8 7 12 7 15 17 4 7 8 2 18 14 9 4 13 14 10 15 12 8 10 12 9 14 14 14 6
COSTS 15 6 6 12 7 15 17 4 7 8 2 18 14 9 4 13 14 10 15 12 8 10 12 9 14 14 14 6
COSTS 15 6 6 12 7 15 17 4 7 8 2 18 14 9 4 13 14 10 15 12 8 10 12 9 14 14 14 6
COSTS 15 6 6 12 7 15 17 4 8 8 2 18 14 9 4 13 14 13 14 14 8 10 12 9 14 14 14 6
COSTS 15 6 6 12 7 15 17 4 8 8 2 18 14 9 4 13 14 10 15 14 8 10 12 9 14 14 14 6
COSTS 14 8 7 12 6 13 15 6 8 7 2 19 14 10 3 14 14 10 15 12 12 7 12 6 14 14 14 9
COSTS 14 8 6 12 7 15 17 4 7 8 2 18 14 9 4 13 14 10 15 12 8 10 12 9 14 14 14 6
COSTS 14 8 6 12 7 15 17 4 7 8 2 18 14 9 4 13 14 10 15 12 8 10 12 9 14 14 14 6
COSTS 14 8 7 12 7 15 17 4 7 8 2 18 14 9 4 13 14 10 15 14 8 10 12 9 14 14 14 6
COSTS 14 8 7 11 7 15 17 4 7 8 2 18 14 9 4 13 14 10 15 12 12 10 12 6 10 14 14 6
COSTS 14 8 7 12 6 13 17 4 7 8 2 18 14 9 4 13 14 10 15 12 12 10 12 6 10 14 14 6
COSTS 14 6 6 12 7 15 17 4 7 8 2 18 14 9 4 13 14 10 15 14 8 10 12 9 14 14 14 6
COSTS 15 6 6 12 7 15 17 4 8 8 2 18 14 9 4 13 14 10 15 14 8 10 12 9 14 14 14 6
COSTS 14 6 6 12 7 15 17 4 7 8 2 18 14 9 4 13 14 10 15 12 8 10 12 9 14 14 14 6
END
STATE baaa964ff83c42f7f6ae698cd833347aff2fae264baf5ec1aa4fa0640d35a545 6003 24 32
LABELS 0 0 0 0 0 0 0 0 0 0 0 0 0 0 0 0 0 0 0 0 0 0 0 0
MASSES 5 27 13 2 8 5 13 16 18 27 4 10 19 15 29 10 20 3 19 7 29 10 10 6
QUERY_IDS 0 1 7 10 16 18 19 22 24 25 26 27 28 29 30 31 32 33 34 35 36 41 42 43 51 52 53 54 55 56 57 60
RESPONSES 0 1 0 0 0 0 0 0 0 0 0 0 0 0 0 0 0 0 0 0 0 0 0 0 0 0 0 0 0 0 0 1
RESPONSES 0 1 0 0 0 0 0 0 0 0 0 0 0 0 0 0 0 0 0 0 0 0 0 0 0 0 0 0 0 0 0 1
RESPONSES 0 1 0 0 0 0 0 0 0 0 0 0 0 0 0 0 0 0 0 0 0 0 0 0 0 0 0 0 0 0 0 1
RESPONSES 1 1 0 1 0 0 0 0 0 0 0 0 0 0 0 0 0 0 0 0 0 0 0 0 0 0 0 0 0 0 0 1
RESPONSES 0 1 1 0 0 0 0 0 0 0 0 0 0 0 0 0 0 0 0 0 0 0 0 0 0 0 0 0 0 0 0 1
RESPONSES 0 1 0 0 0 0 0 0 0 0 0 0 0 0 0 0 0 0 0 0 0 0 0 0 0 0 0 0 0 0 0 1
RESPONSES 0 1 0 0 0 0 0 0 0 0 0 0 0 0 0 0 0 0 0 0 0 0 0 0 0 0 0 0 0 0 0 1
RESPONSES 0 0 0 0 0 0 0 0 0 0 0 0 0 0 0 0 0 0 0 0 0 0 0 0 0 0 0 0 0 0 0 1
RESPONSES 0 0 0 0 0 0 0 0 0 0 0 0 0 0 0 0 0 0 0 0 0 0 0 0 0 0 0 0 0 0 0 1
RESPONSES 0 0 0 0 0 0 0 0 0 0 0 0 0 0 0 0 0 0 0 0 0 0 0 0 0 0 0 0 0 0 0 1
RESPONSES 0 1 1 0 0 0 0 1 1 1 1 1 1 1 1 1 1 1 1 1 1 1 1 1 1 1 1 1 1 1 1 0
RESPONSES 1 1 0 0 1 0 0 0 0 0 0 0 0 0 0 0 0 0 0 0 0 0 0 0 0 0 0 0 0 0 0 1
RESPONSES 0 0 0 0 0 0 0 0 0 0 0 0 0 0 0 0 0 0 0 0 0 0 0 0 0 0 0 0 0 0 0 1
RESPONSES 0 0 0 0 0 0 0 0 0 0 0 0 0 0 0 0 0 0 0 0 0 0 0 0 0 0 0 0 0 0 0 1
RESPONSES 0 0 0 0 0 0 0 0 0 0 0 0 0 0 0 0 0 0 0 0 0 0 0 0 0 0 0 0 0 0 0 1
RESPONSES 0 0 0 0 0 0 0 0 0 0 0 0 0 0 0 0 0 0 0 0 0 0 0 0 0 0 0 0 0 0 0 1
RESPONSES 1 1 0 0 0 0 1 0 0 0 0 0 0 0 0 0 0 0 0 0 0 0 0 0 0 0 0 0 0 0 0 1
RESPONSES 1 1 0 0 0 0 0 0 0 0 0 0 0 0 0 0 0 0 0 0 0 0 0 0 0 0 0 0 0 0 0 1
RESPONSES 0 1 0 0 0 0 0 0 0 0 0 0 0 1 0 0 1 1 1 1 0 0 0 0 0 0 0 0 0 0 0 1
RESPONSES 0 0 0 0 0 1 1 0 0 0 0 0 0 0 0 0 0 0 0 0 0 0 0 0 0 0 0 0 0 0 0 1
RESPONSES 1 1 0 0 0 0 0 0 0 0 0 0 0 0 0 0 0 0 0 0 0 0 0 0 0 0 0 0 0 0 0 1
RESPONSES 1 1 0 0 0 0 0 0 0 0 0 0 0 1 0 0 0 0 1 1 0 0 0 0 0 0 0 0 0 0 0 1
RESPONSES 1 1 0 1 1 0 0 0 0 0 0 0 0 0 0 0 0 0 0 0 0 0 0 0 0 0 0 0 0 0 0 1
RESPONSES 1 1 0 1 1 0 0 0 0 0 0 0 0 0 0 0 0 0 0 0 0 0 0 0 0 0 0 0 0 0 0 1
COSTS 3 18 11 13 17 3 6 4 7 6 15 15 18 9 3 7 2 13 1 13 5 7 6 12 7 18 13 4 5 8 19 17
COSTS 3 18 11 13 17 3 6 4 7 6 15 15 18 9 3 7 2 13 1 13 5 7 6 12 7 18 13 4 5 8 19 17
COSTS 3 18 11 13 17 3 6 4 7 6 15 15 18 9 3 7 2 13 1 13 5 7 6 12 7 18 13 4 5 8 19 17
COSTS 1 18 11 13 17 3 6 4 7 6 15 15 18 9 3 7 2 13 1 13 5 7 6 12 7 18 13 4 5 8 19 17
COSTS 3 18 11 13 17 3 6 4 7 6 15 15 18 9 3 7 2 13 1 13 5 7 6 12 7 18 13 4 5 8 19 17
COSTS 3 18 11 13 17 3 6 4 7 6 15 15 18 9 3 7 2 13 1 13 5 7 6 12 7 18 13 4 5 8 19 17
COSTS 3 18 11 13 17 3 6 4 7 6 15 15 18 9 3 7 2 13 1 13 5 7 6 12 7 18 13 4 5 8 19 17
COSTS 3 16 11 13 17 3 6 4 7 6 15 15 18 9 3 7 2 13 1 13 5 7 6 12 7 18 13 4 5 8 19 17
COSTS 3 16 11 13 17 3 6 4 7 6 15 15 18 9 3 7 2 13 1 13 5 7 6 12 7 18 13 4 5 8 19 17
COSTS 3 16 11 13 17 3 6 4 7 6 15 15 18 9 3 7 2 13 1 13 5 7 6 12 7 18 13 4 5 8 19 17
COSTS 3 18 11 13 17 3 6 3 4 8 17 13 17 9 6 7 4 10 5 15 8 4 6 12 6 15 15 4 9 8 15 14
COSTS 1 18 11 13 15 3 6 4 7 6 15 15 18 9 3 7 2 13 1 13 5 7 6 12 7 18 13 4 5 8 19 17
COSTS 3 16 11 13 17 3 6 4 7 6 15 15 18 9 3 7 2 13 1 13 5 7 6 12 7 18 13 4 5 8 19 17
COSTS 3 16 11 13 17 3 6 4 7 6 15 15 18 9 3 7 2 13 1 13 5 7 6 12 7 18 13 4 5 8 19 17
COSTS 3 16 11 13 17 3 6 4 7 6 15 15 18 9 3 7 2 13 1 13 5 7 6 12 7 18 13 4 5 8 19 17
COSTS 3 16 11 13 17 3 6 4 7 6 15 15 18 9 3 7 2 13 1 13 5 7 6 12 7 18 13 4 5 8 19 17
COSTS 1 18 11 13 17 3 10 4 7 6 15 15 18 9 3 7 2 13 1 13 5 7 6 12 7 18 13 4 5 8 19 17
COSTS 1 18 11 13 17 3 6 4 7 6 15 15 18 9 3 7 2 13 1 13 5 7 6 12 7 18 13 4 5 8 19 17
COSTS 3 18 11 13 17 3 6 4 7 6 15 15 18 9 3 7 4 10 5 15 5 7 6 12 7 18 13 4 5 8 19 17
COSTS 3 16 11 13 17 5 10 4 7 6 15 15 18 9 3 7 2 13 1 13 5 7 6 12 7 18 13 4 5 8 19 17
COSTS 1 18 11 13 17 3 6 4 7 6 15 15 18 9 3 7 2 13 1 13 5 7 6 12 7 18 13 4 5 8 19 17
COSTS 1 18 11 13 17 3 6 4 7 6 15 15 18 9 3 7 2 13 5 15 5 7 6 12 7 18 13 4 5 8 19 17
COSTS 1 18 11 13 15 3 6 4 7 6 15 15 18 9 3 7 2 13 1 13 5 7 6 12 7 18 13 4 5 8 19 17
COSTS 1 18 11 13 15 3 6 4 7 6 15 15 18 9 3 7 2 13 1 13 5 7 6 12 7 18 13 4 5 8 19 17
END
STATE bafd76453ac724c8152a9b4c531dc2981e9225ad4e2603901a3d9c14824bea56 6002 24 11
LABELS 1 4 2 1 4 3 2 2 2 0 0 0 0 1 1 3 3 2 2 2 1 0 2 2
MASSES 24 10 11 11 13 18 31 14 28 5 28 23 29 17 7 14 27 19 10 23 26 26 26 29
QUERY_IDS 0 1 2 4 5 6 7 8 9 10 11
RESPONSES 1 1 0 0 0 0 0 0 0 0 0
RESPONSES 3 3 0 0 0 0 0 1 0 0 0
RESPONSES 1 0 0 0 1 0 0 1 1 0 0
RESPONSES 0 2 0 0 1 0 0 1 0 0 0
RESPONSES 0 3 0 0 1 0 0 1 0 0 0
RESPONSES 1 1 1 0 1 0 0 1 0 0 0
RESPONSES 1 0 1 1 1 0 1 1 0 0 0
RESPONSES 3 2 0 0 0 0 0 1 0 0 0
RESPONSES 3 1 0 0 1 0 0 1 0 0 0
RESPONSES 4 1 1 0 0 0 0 1 1 0 0
RESPONSES 4 2 0 0 0 0 0 0 0 0 0
RESPONSES 4 2 0 0 0 0 0 0 0 0 0
RESPONSES 4 2 0 0 0 0 0 0 0 0 0
RESPONSES 2 2 0 0 0 0 0 0 0 0 0
RESPONSES 2 2 0 0 0 0 0 0 0 0 0
RESPONSES 1 1 0 0 0 0 0 1 0 0 0
RESPONSES 1 0 0 0 0 0 1 1 0 2 0
RESPONSES 0 1 0 0 0 0 0 1 0 0 0
RESPONSES 0 2 0 0 0 0 0 1 0 0 0
RESPONSES 0 2 0 0 0 0 0 1 0 0 0
RESPONSES 2 1 1 1 0 0 0 1 0 0 0
RESPONSES 4 2 0 0 0 0 0 1 1 1 0
RESPONSES 3 2 0 0 0 0 0 1 1 0 0
RESPONSES 1 1 0 0 1 0 0 1 0 0 0
COSTS 8 7 8 15 4 13 15 13 10 10 12
COSTS 6 8 8 15 4 13 15 10 10 10 12
COSTS 8 7 8 15 5 13 15 10 10 10 12
COSTS 5 5 8 15 5 13 15 10 10 10 12
COSTS 5 8 8 15 5 13 15 10 10 10 12
COSTS 8 7 5 15 5 13 15 10 10 10 12
COSTS 8 7 5 15 5 13 18 10 10 10 12
COSTS 6 5 8 15 4 13 15 10 10 10 12
COSTS 6 7 8 15 5 13 15 10 10 10 12
COSTS 7 7 5 15 4 13 15 10 10 10 12
COSTS 7 5 8 15 4 13 15 13 10 10 12
COSTS 7 5 8 15 4 13 15 13 10 10 12
COSTS 7 5 8 15 4 13 15 13 10 10 12
COSTS 6 5 8 15 4 13 15 13 10 10 12
COSTS 6 5 8 15 4 13 15 13 10 10 12
COSTS 8 7 8 15 4 13 15 10 10 10 12
COSTS 8 7 8 15 4 13 18 10 10 8 12
COSTS 5 7 8 15 4 13 15 10 10 10 12
COSTS 5 5 8 15 4 13 15 10 10 10 12
COSTS 5 5 8 15 4 13 15 10 10 10 12
COSTS 6 7 5 15 4 13 15 10 10 10 12
COSTS 7 5 8 15 4 13 15 10 10 9 12
COSTS 6 5 8 15 4 13 15 10 10 10 12
COSTS 8 7 8 15 5 13 15 10 10 10 12
END
STATE bb4870b3badee965495ef06d9052c919ea280f82b7faa12123b6a6a865942c3a 6002 24 24
LABELS 1 0 0 1 0 1 0 1 1 1 1 1 1 0 1 1 1 0 1 1 0 1 0 1
MASSES 22 25 29 26 12 20 24 3 28 11 20 14 13 18 13 13 29 5 11 5 24 13 5 8
QUERY_IDS 1 2 3 5 12 13 14 15 16 19 20 21 22 23 24 25 26 34 35 43 44 47 48 51
RESPONSES 1 1 1 1 1 1 1 1 1 1 1 1 1 1 1 1 1 0 0 1 1 0 1 1
RESPONSES 0 0 0 1 1 0 0 0 0 1 1 1 1 1 1 1 1 0 0 1 1 0 0 1
RESPONSES 1 1 1 1 1 1 1 1 1 1 1 1 1 1 1 1 1 1 1 1 1 0 1 1
RESPONSES 0 0 0 1 0 0 0 1 1 1 1 1 1 1 1 1 1 1 1 0 1 0 0 1
RESPONSES 0 0 0 1 1 0 0 0 0 0 1 1 1 1 1 1 1 0 0 1 1 0 0 0
RESPONSES 0 0 0 1 1 0 0 0 0 1 1 1 1 1 1 1 1 1 1 1 1 0 1 1
RESPONSES 1 1 1 1 1 0 0 0 0 1 1 1 1 1 1 1 1 1 1 1 1 0 1 1
RESPONSES 0 0 0 0 0 0 0 0 0 0 1 1 1 1 1 1 1 1 1 1 1 0 0 0
RESPONSES 1 1 1 1 0 0 0 1 1 1 0 0 0 0 0 1 1 0 0 0 0 1 1 1
RESPONSES 0 0 0 1 1 0 0 0 0 0 1 1 1 1 1 1 1 0 0 1 1 0 1 1
RESPONSES 1 1 1 1 0 0 0 0 0 1 0 0 0 0 0 0 0 0 0 0 0 1 1 1
RESPONSES 1 1 1 1 1 1 1 1 1 1 1 1 1 1 1 1 1 1 1 1 1 0 1 1
RESPONSES 0 0 0 1 0 0 0 0 0 1 0 0 0 0 0 1 1 0 0 1 1 0 0 1
RESPONSES 1 1 1 1 1 0 0 0 0 1 0 0 0 0 0 0 0 0 1 1 1 0 0 0
RESPONSES 0 0 0 1 1 0 0 0 0 1 0 0 0 0 0 1 1 0 1 1 1 0 0 0
RESPONSES 1 1 1 1 1 1 1 1 1 1 1 1 1 1 1 1 1 0 0 1 1 1 1 1
RESPONSES 0 0 0 1 1 0 0 0 0 1 1 1 1 1 1 1 1 0 0 1 1 0 0 1
RESPONSES 0 0 0 1 1 0 0 1 1 1 1 1 1 1 1 1 1 1 1 1 1 0 0 1
RESPONSES 0 0 0 0 1 0 0 0 0 1 1 1 1 1 1 1 1 0 1 1 1 0 0 1
RESPONSES 0 0 0 1 0 0 0 0 0 0 1 1 1 1 1 1 1 0 0 1 1 0 0 0
RESPONSES 0 0 0 0 1 0 0 0 0 1 1 1 1 1 1 1 1 1 1 0 0 0 0 0
RESPONSES 1 1 1 1 1 1 1 1 1 1 1 1 1 1 1 1 1 0 0 0 0 1 1 1
RESPONSES 0 0 0 1 1 0 0 0 0 1 1 1 1 1 1 1 1 1 1 0 1 0 0 0
RESPONSES 0 1 1 1 1 0 0 0 0 1 1 1 1 1 1 1 1 0 0 1 1 0 0 1
COSTS 4 11 16 19 12 12 5 14 11 8 11 5 16 3 5 19 9 10 14 8 13 6 18 7
COSTS 5 15 14 19 12 10 3 13 14 8 11 5 16 3 5 19 9 10 14 8 13 6 14 7
COSTS 4 11 16 19 12 12 5 14 11 8 11 5 16 3 5 19 9 10 13 8 13 6 18 7
COSTS 5 15 14 19 10 10 3 14 11 8 11 5 16 3 5 19 9 10 13 8 13 6 14 7
COSTS 5 15 14 19 12 10 3 13 14 8 11 5 16 3 5 19 9 10 14 8 13 6 14 6
COSTS 5 15 14 19 12 10 3 13 14 8 11 5 16 3 5 19 9 10 13 8 13 6 18 7
COSTS 4 11 16 19 12 10 3 13 14 8 11 5 16 3 5 19 9 10 13 8 13 6 18 7
COSTS 5 15 14 18 10 10 3 13 14 8 11 5 16 3 5 19 9 10 13 8 13 6 14 6
COSTS 4 11 16 19 10 10 3 14 11 8 7 7 14 2 4 19 9 10 14 8 11 8 18 7
COSTS 5 15 14 19 12 10 3 13 14 8 11 5 16 3 5 19 9 10 14 8 13 6 18 7
COSTS 4 11 16 19 10 10 3 13 14 8 7 7 14 2 4 19 8 10 14 8 11 8 18 7
COSTS 4 11 16 19 12 12 5 14 11 8 11 5 16 3 5 19 9 10 13 8 13 6 18 7
COSTS 5 15 14 19 10 10 3 13 14 8 7 7 14 2 4 19 9 10 14 8 13 6 14 7
COSTS 4 11 16 19 12 10 3 13 14 8 7 7 14 2 4 19 8 10 13 8 13 6 14 6
COSTS 5 15 14 19 12 10 3 13 14 8 7 7 14 2 4 19 9 10 13 8 13 6 14 6
COSTS 4 11 16 19 12 12 5 14 11 8 11 5 16 3 5 19 9 10 14 8 13 8 18 7
COSTS 5 15 14 19 12 10 3 13 14 8 11 5 16 3 5 19 9 10 14 8 13 6 14 7
COSTS 5 15 14 19 12 10 3 14 11 8 11 5 16 3 5 19 9 10 13 8 13 6 14 7
COSTS 5 15 14 18 12 10 3 13 14 8 11 5 16 3 5 19 9 10 13 8 13 6 14 7
COSTS 5 15 14 19 10 10 3 13 14 8 11 5 16 3 5 19 9 10 14 8 13 6 14 6
COSTS 5 15 14 18 12 10 3 13 14 8 11 5 16 3 5 19 9 10 13 8 11 6 14 6
COSTS 4 11 16 19 12 12 5 14 11 8 11 5 16 3 5 19 9 10 14 8 11 8 18 7
COSTS 5 15 14 19 12 10 3 13 14 8 11 5 16 3 5 19 9 10 13 8 13 6 14 6
COSTS 5 11 16 19 12 10 3 13 14 8 11 5 16 3 5 19 9 10 14 8 13 6 14 7
END
STATE bc544c8b2754088ac8e2eee3b76ca75087f384a425787f9953178e32e93b8bc0 6002 24 32
LABELS 5 5 0 1 5 2 5 2 5 3 3 5 2 1 4 5 2 1 2 1 0 1 5 5
MASSES 1 31 19 23 15 10 8 16 22 25 8 8 23 19 29 15 28 30 13 8 16 7 18 5
QUERY_IDS 1 2 3 17 23 24 25 26 30 31 32 40 41 42 44 45 47 49 50 52 53 54 55 56 57 62 68 69 70 74 75 76
RESPONSES 0 0 0 1 0 0 0 0 0 0 0 0 0 1 0 0 0 0 0 0 0 0 0 0 1 1 1 1 1 1 1 1
RESPONSES 0 0 0 0 0 0 0 0 0 0 0 1 1 1 1 1 1 1 1 1 1 1 1 1 1 1 0 0 0 0 0 0
RESPONSES 0 0 0 0 0 0 0 0 0 0 0 0 0 0 1 1 1 1 1 1 1 1 1 1 1 1 0 1 1 0 0 0
RESPONSES 0 0 0 0 0 0 0 0 0 0 0 0 0 0 0 0 0 1 1 1 1 1 1 1 1 1 1 1 1 1 1 1
RESPONSES 0 0 0 1 0 0 0 0 0 0 0 0 0 0 0 0 1 1 1 1 1 1 1 1 1 1 1 1 1 0 0 0
RESPONSES 0 0 0 0 0 0 0 0 0 0 0 0 0 0 1 1 1 1 1 1 1 1 1 1 1 1 1 1 1 0 0 0
RESPONSES 0 0 0 1 0 0 0 0 0 0 0 0 0 1 0 0 0 0 0 0 0 0 0 0 1 1 1 1 1 1 1 1
RESPONSES 0 0 0 0 0 0 0 0 0 0 0 0 0 0 1 1 1 1 1 1 1 1 1 1 1 1 1 1 1 0 0 0
RESPONSES 1 1 1 1 0 0 0 0 0 0 0 0 0 0 0 0 0 0 0 0 0 0 0 0 0 1 1 1 1 1 1 1
RESPONSES 0 0 0 0 0 0 0 0 1 1 1 0 0 0 0 0 0 1 1 0 0 1 1 1 1 1 1 1 1 0 0 0
RESPONSES 0 0 0 0 0 0 0 0 0 0 0 1 1 1 0 0 0 1 1 1 1 1 1 1 1 0 0 0 0 0 0 0
RESPONSES 1 1 1 1 0 0 0 0 0 0 0 0 0 0 0 0 0 1 1 0 0 0 0 0 1 1 1 1 1 1 1 1
RESPONSES 0 0 0 0 0 0 0 0 0 0 0 0 0 0 1 1 1 1 1 1 1 1 1 1 1 1 1 1 1 0 0 0
RESPONSES 0 0 0 1 0 0 0 0 0 0 0 1 1 1 0 0 1 1 1 1 1 1 1 1 1 1 1 1 1 0 0 0
RESPONSES 0 0 0 0 1 1 1 1 0 0 0 0 0 1 0 0 1 1 1 0 0 0 0 0 1 1 1 1 1 0 0 0
RESPONSES 0 0 0 1 0 0 0 0 0 0 0 0 0 0 0 0 0 1 1 0 0 1 1 1 1 1 1 1 1 0 0 0
RESPONSES 0 0 0 0 0 0 0 0 0 0 0 0 0 0 1 1 1 1 1 1 1 1 1 1 1 1 1 1 1 0 0 0
RESPONSES 0 0 0 0 0 0 0 0 0 0 0 0 0 1 0 0 0 0 0 1 1 1 1 1 1 1 1 1 1 1 1 1
RESPONSES 0 0 0 0 0 0 0 0 0 0 0 0 0 0 1 1 1 1 1 1 1 1 1 1 1 1 1 1 1 0 0 0
RESPONSES 0 0 0 1 0 0 0 0 0 0 0 1 1 1 0 0 0 1 1 1 1 1 1 1 1 1 1 1 1 0 0 0
RESPONSES 0 0 0 0 0 0 0 0 0 0 0 0 0 0 1 1 1 1 1 1 1 1 1 1 1 1 1 1 1 0 0 0
RESPONSES 0 0 0 1 0 0 0 0 0 0 0 1 1 1 0 0 0 1 1 1 1 1 1 1 1 1 1 1 1 0 0 0
RESPONSES 0 0 0 1 0 0 0 0 0 0 0 0 0 1 0 0 0 0 0 0 0 0 0 0 1 1 0 1 1 1 1 1
RESPONSES 0 0 0 0 0 0 0 0 0 0 0 1 1 1 1 1 1 1 1 1 1 1 1 1 1 1 0 0 0 0 0 0
COSTS 19 11 9 18 15 5 11 15 7 6 8 11 4 13 11 12 15 4 15 15 6 11 5 2 10 6 10 9 14 14 4 1
COSTS 19 11 9 19 15 5 11 15 7 6 8 11 3 13 12 11 18 8 15 15 6 11 5 2 10 6 10 9 15 17 2 1
COSTS 19 11 9 19 15 5 11 15 7 6 8 11 4 13 12 11 18 8 15 15 6 11 5 2 10 6 10 9 14 17 2 1
COSTS 19 11 9 19 15 5 11 15 7 6 8 11 4 13 11 12 15 8 15 15 6 11 5 2 10 6 10 9 14 14 4 1
COSTS 19 11 9 18 15 5 11 15 7 6 8 11 4 13 11 12 18 8 15 15 6 11 5 2 10 6 10 9 14 17 2 1
COSTS 19 11 9 19 15 5 11 15 7 6 8 11 4 13 12 11 18 8 15 15 6 11 5 2 10 6 10 9 14 17 2 1
COSTS 19 11 9 18 15 5 11 15 7 6 8 11 4 13 11 12 15 4 15 15 6 11 5 2 10 6 10 9 14 14 4 1
COSTS 19 11 9 19 15 5 11 15 7 6 8 11 4 13 12 11 18 8 15 15 6 11 5 2 10 6 10 9 14 17 2 1
COSTS 17 11 8 18 15 5 11 15 7 6 8 11 4 13 11 12 15 4 15 15 6 11 5 2 10 6 10 9 14 14 4 1
COSTS 19 11 9 19 15 5 11 15 7 8 10 11 4 13 11 12 15 8 15 15 6 11 5 2 10 6 10 9 14 17 2 1
COSTS 19 11 9 19 15 5 11 15 7 6 8 11 3 13 11 12 15 8 15 15 6 11 5 2 10 7 10 9 15 17 2 1
COSTS 17 11 8 18 15 5 11 15 7 6 8 11 4 13 11 12 15 8 15 15 6 11 5 2 10 6 10 9 14 14 4 1
COSTS 19 11 9 19 15 5 11 15 7 6 8 11 4 13 12 11 18 8 15 15 6 11 5 2 10 6 10 9 14 17 2 1
COSTS 19 11 9 18 15 5 11 15 7 6 8 11 3 13 11 12 18 8 15 15 6 11 5 2 10 6 10 9 14 17 2 1
COSTS 19 11 9 19 12 7 9 14 7 6 8 11 4 13 11 12 18 8 15 15 6 11 5 2 10 6 10 9 14 17 2 1
COSTS 19 11 9 18 15 5 11 15 7 6 8 11 4 13 11 12 15 8 15 15 6 11 5 2 10 6 10 9 14 17 2 1
COSTS 19 11 9 19 15 5 11 15 7 6 8 11 4 13 12 11 18 8 15 15 6 11 5 2 10 6 10 9 14 17 2 1
COSTS 19 11 9 19 15 5 11 15 7 6 8 11 4 13 11 12 15 4 15 15 6 11 5 2 10 6 10 9 14 14 4 1
COSTS 19 11 9 19 15 5 11 15 7 6 8 11 4 13 12 11 18 8 15 15 6 11 5 2 10 6 10 9 14 17 2 1
COSTS 19 11 9 18 15 5 11 15 7 6 8 11 3 13 11 12 15 8 15 15 6 11 5 2 10 6 10 9 14 17 2 1
COSTS 19 11 9 19 15 5 11 15 7 6 8 11 4 13 12 11 18 8 15 15 6 11 5 2 10 6 10 9 14 17 2 1
COSTS 19 11 9 18 15 5 11 15 7 6 8 11 3 13 11 12 15 8 15 15 6 11 5 2 10 6 10 9 14 17 2 1
COSTS 19 11 9 18 15 5 11 15 7 6 8 11 4 13 11 12 15 4 15 15 6 11 5 2 10 6 10 9 14 14 4 1
COSTS 19 11 9 19 15 5 11 15 7 6 8 11 3 13 12 11 18 8 15 15 6 11 5 2 10 6 10 9 15 17 2 1
END
STATE bcb978ade7b0d16909884f16ec831e822316fa9dc6932a83ccd4a918f2636754 6001 24 28
LABELS 0 0 0 0 0 0 0 0 0 0 0 0 0 0 0 0 1 0 1 0 0 0 0 0
MASSES 27 27 22 28 24 3 2 29 21 11 23 29 10 19 3 21 19 18 26 6 15 1 16 3
QUERY_IDS 0 1 2 3 4 5 7 8 9 10 12 13 14 16 17 18 19 20 22 25 26 27 28 29 31 32 33 34
RESPONSES 0 0 1 1 1 1 1 1 1 1 1 1 1 1 1 1 1 1 1 1 1 1 1 1 1 1 1 1
RESPONSES 0 0 1 1 1 1 1 1 1 1 1 1 1 1 1 1 1 1 1 1 1 1 1 1 1 1 1 1
RESPONSES 1 1 1 1 1 1 1 1 1 1 1 1 1 1 1 1 1 1 1 0 1 1 1 1 1 1 1 1
RESPONSES 0 0 0 0 1 1 1 1 1 1 1 1 1 1 1 1 1 1 1 1 1 1 1 1 1 1 1 1
RESPONSES 0 0 0 0 0 0 1 1 1 1 1 1 1 0 1 1 1 1 1 0 1 1 1 1 1 1 1 1
RESPONSES 0 0 0 0 1 1 1 1 1 1 1 1 1 1 1 1 1 1 1 0 0 1 1 1 1 1 1 1
RESPONSES 1 1 1 1 1 1 1 1 1 1 1 1 1 1 1 1 1 1 1 0 0 1 1 1 1 1 1 1
RESPONSES 0 0 0 0 0 1 1 1 1 1 1 1 1 1 1 1 1 1 1 0 0 1 1 1 1 1 1 1
RESPONSES 0 0 1 1 1 1 0 1 1 1 1 1 1 1 1 1 1 1 1 0 1 1 1 1 1 1 1 1
RESPONSES 0 0 0 0 1 1 0 1 1 1 1 1 1 1 1 1 1 1 1 0 1 1 1 1 1 1 1 1
RESPONSES 0 0 0 0 1 1 1 1 1 1 1 1 1 1 1 1 1 1 1 0 1 1 1 1 1 1 1 1
RESPONSES 0 0 0 0 1 1 1 1 1 1 1 1 1 1 1 1 1 1 1 0 1 1 1 1 1 1 1 1
RESPONSES 0 0 0 0 1 1 1 1 1 1 1 1 1 0 1 1 0 1 1 0 0 1 1 1 1 1 1 1
RESPONSES 0 1 1 1 1 1 1 1 1 1 1 1 1 1 1 1 1 1 1 0 1 1 1 1 1 1 1 1
RESPONSES 0 1 1 1 1 1 1 1 1 1 1 1 1 1 1 1 1 1 1 0 1 1 1 1 1 1 1 1
RESPONSES 0 0 1 1 1 1 1 1 1 1 1 1 1 1 1 1 1 1 1 0 0 1 1 1 1 1 1 1
RESPONSES 0 0 0 0 0 0 0 0 0 0 0 0 0 0 0 0 0 0 0 0 0 0 0 0 0 0 0 0
RESPONSES 0 0 0 0 1 1 0 0 1 1 1 1 1 1 1 1 1 1 1 0 1 1 1 1 1 1 1 1
RESPONSES 0 0 0 1 1 1 0 0 0 1 0 1 1 0 0 1 0 0 0 0 0 0 0 0 0 1 1 1
RESPONSES 0 0 0 1 1 1 1 1 1 1 1 1 1 1 1 1 1 1 1 1 1 1 1 1 1 1 1 1
RESPONSES 0 0 0 0 1 1 0 0 1 1 0 0 1 1 1 1 1 1 1 1 1 1 1 1 1 1 1 1
RESPONSES 0 1 1 1 1 1 1 1 1 1 1 1 1 1 1 1 1 1 1 0 0 1 1 1 1 1 1 1
RESPONSES 0 1 1 1 1 1 1 1 1 1 1 1 1 1 1 1 1 1 1 0 0 1 1 1 1 1 1 1
RESPONSES 0 1 1 1 1 1 1 1 1 1 1 1 1 1 1 1 1 1 1 0 0 1 1 1 1 1 1 1
COSTS 14 8 6 9 11 5 7 15 17 4 8 2 18 9 4 11 13 9 14 6 14 8 10 12 14 14 14 6
COSTS 14 8 6 9 11 5 7 15 17 4 8 2 18 9 4 11 13 9 14 6 14 8 10 12 14 14 14 6
COSTS 15 6 6 9 11 5 7 15 17 4 8 2 18 9 4 11 13 9 14 7 14 8 10 12 14 14 14 6
COSTS 14 8 7 5 11 5 7 15 17 4 8 2 18 9 4 11 13 9 14 6 14 8 10 12 14 14 14 6
COSTS 14 8 7 5 10 3 7 15 17 4 8 2 18 10 4 11 13 9 14 7 14 8 10 12 14 14 14 6
COSTS 14 8 7 5 11 5 7 15 17 4 8 2 18 9 4 11 13 9 14 7 12 8 10 12 14 14 14 6
COSTS 15 6 6 9 11 5 7 15 17 4 8 2 18 9 4 11 13 9 14 7 12 8 10 12 14 14 14 6
COSTS 14 8 7 5 10 5 7 15 17 4 8 2 18 9 4 11 13 9 14 7 12 8 10 12 14 14 14 6
COSTS 14 8 6 9 11 5 6 15 17 4 8 2 18 9 4 11 13 9 14 7 14 8 10 12 14 14 14 6
COSTS 14 8 7 5 11 5 6 15 17 4 8 2 18 9 4 11 13 9 14 7 14 8 10 12 14 14 14 6
COSTS 14 8 7 5 11 5 7 15 17 4 8 2 18 9 4 11 13 9 14 7 14 8 10 12 14 14 14 6
COSTS 14 8 7 5 11 5 7 15 17 4 8 2 18 9 4 11 13 9 14 7 14 8 10 12 14 14 14 6
COSTS 14 8 7 5 11 5 7 15 17 4 8 2 18 10 4 11 14 9 14 7 12 8 10 12 14 14 14 6
COSTS 14 6 6 9 11 5 7 15 17 4 8 2 18 9 4 11 13 9 14 7 14 8 10 12 14 14 14 6
COSTS 14 6 6 9 11 5 7 15 17 4 8 2 18 9 4 11 13 9 14 7 14 8 10 12 14 14 14 6
COSTS 14 8 6 9 11 5 7 15 17 4 8 2 18 9 4 11 13 9 14 7 12 8 10 12 14 14 14 6
COSTS 14 8 7 5 10 3 6 13 15 6 7 2 19 10 3 11 14 11 14 7 12 12 7 12 10 15 14 9
COSTS 14 8 7 5 11 5 6 13 17 4 8 2 18 9 4 11 13 9 14 7 14 8 10 12 14 14 14 6
COSTS 14 8 7 9 11 5 6 13 15 4 7 2 18 10 3 11 14 11 14 7 12 12 7 12 10 14 14 6
COSTS 14 8 7 9 11 5 7 15 17 4 8 2 18 9 4 11 13 9 14 6 14 8 10 12 14 14 14 6
COSTS 14 8 7 5 11 5 6 13 17 4 7 2 18 9 4 11 13 9 14 6 14 8 10 12 14 14 14 6
COSTS 14 6 6 9 11 5 7 15 17 4 8 2 18 9 4 11 13 9 14 7 12 8 10 12 14 14 14 6
COSTS 14 6 6 9 11 5 7 15 17 4 8 2 18 9 4 11 13 9 14 7 12 8 10 12 14 14 14 6
COSTS 14 6 6 9 11 5 7 15 17 4 8 2 18 9 4 11 13 9 14 7 12 8 10 12 14 14 14 6
END
STATE bcf518bcd514c391a26dda2d3420a4c45a395e7eaa967ea0d22e003180630236 6002 24 32
LABELS 0 0 0 0 0 0 0 0 0 0 0 0 0 0 0 0 0 0 0 0 0 0 0 0
MASSES 19 20 18 16 30 21 23 30 26 5 16 30 31 11 21 12 3 23 2 11 19 14 21 6
QUERY_IDS 0 1 7 10 16 18 19 22 24 25 26 27 28 29 30 31 32 33 34 35 36 41 42 43 51 52 53 54 55 56 57 60
RESPONSES 0 1 0 0 0 0 0 0 0 0 0 0 0 0 0 0 0 0 0 0 0 0 0 0 0 0 0 0 0 0 0 1
RESPONSES 0 1 0 0 0 0 0 0 0 0 0 0 0 0 0 0 0 0 0 0 0 0 0 0 0 0 0 0 0 0 0 1
RESPONSES 0 1 0 0 0 0 0 0 0 0 0 0 0 0 0 0 0 0 0 0 0 0 0 0 0 0 0 0 0 0 0 1
RESPONSES 0 1 0 0 0 0 0 0 0 0 0 0 0 0 0 0 0 0 0 0 0 0 0 0 0 0 0 0 0 0 0 1
RESPONSES 1 1 0 1 0 0 0 0 0 0 0 0 0 0 0 0 0 0 0 0 0 0 0 0 0 0 0 0 0 0 0 1
RESPONSES 0 1 1 0 0 0 0 0 0 0 0 0 0 0 0 0 0 0 0 0 0 0 0 0 0 0 0 0 0 0 0 1
RESPONSES 0 1 0 0 0 0 0 0 0 0 0 0 0 0 0 0 0 0 0 0 0 0 0 0 0 0 0 0 0 0 0 1
RESPONSES 0 1 0 0 0 0 0 0 0 0 0 0 0 0 0 0 0 0 0 0 0 0 0 0 0 0 0 0 0 0 0 1
RESPONSES 0 0 0 0 0 0 0 0 0 0 0 0 0 0 0 0 0 0 0 0 0 0 0 0 0 0 0 0 0 0 0 1
RESPONSES 0 0 0 0 0 0 0 0 0 0 0 0 0 0 0 0 0 0 0 0 0 0 0 0 0 0 0 0 0 0 0 1
RESPONSES 0 1 1 0 0 0 0 1 1 1 1 1 1 1 1 1 1 1 1 1 1 1 1 1 1 1 1 1 1 1 1 0
RESPONSES 1 1 0 0 1 0 0 0 0 0 0 0 0 0 0 0 0 0 0 0 0 0 0 0 0 0 0 0 0 0 0 1
RESPONSES 0 0 0 0 0 0 0 0 0 0 0 0 0 0 0 0 0 0 0 0 0 0 0 0 0 0 0 0 0 0 0 1
RESPONSES 0 0 0 0 0 0 0 0 0 0 0 0 0 0 0 0 0 0 0 0 0 0 0 0 0 0 0 0 0 0 0 1
RESPONSES 0 0 0 0 0 0 0 0 0 0 0 0 0 0 0 0 0 0 0 0 0 0 0 0 0 0 0 0 0 0 0 1
RESPONSES 0 0 0 0 0 0 0 0 0 0 0 0 0 0 0 0 0 0 0 0 0 0 0 0 0 0 0 0 0 0 0 1
RESPONSES 1 1 0 0 0 0 1 0 0 0 0 0 0 0 0 0 0 0 0 0 0 0 0 0 0 0 0 0 0 0 0 1
RESPONSES 1 1 0 0 0 0 0 0 0 0 0 0 0 0 0 0 0 0 0 0 0 0 0 0 0 0 0 0 0 0 0 1
RESPONSES 0 1 0 0 0 0 0 0 0 0 0 0 0 1 0 0 1 1 1 1 0 0 0 0 0 0 0 0 0 0 0 1
RESPONSES 0 0 0 0 0 1 1 0 0 0 0 0 0 0 0 0 0 0 0 0 0 0 0 0 0 0 0 0 0 0 0 1
RESPONSES 1 1 0 0 0 0 0 0 0 0 0 0 0 0 0 0 0 0 0 0 0 0 0 0 0 0 0 0 0 0 0 1
RESPONSES 1 1 0 0 0 0 0 0 0 0 0 0 0 1 0 0 0 0 1 1 0 0 0 0 0 0 0 0 0 0 0 1
RESPONSES 1 1 0 1 1 0 0 0 0 0 0 0 0 0 0 0 0 0 0 0 0 0 0 0 0 0 0 0 0 0 0 1
RESPONSES 1 1 0 1 1 0 0 0 0 0 0 0 0 0 0 0 0 0 0 0 0 0 0 0 0 0 0 0 0 0 0 1
COSTS 10 6 14 18 3 17 11 6 11 12 5 9 4 6 2 9 17 1 11 8 15 14 16 13 13 15 9 7 8 7 12 5
COSTS 10 6 14 18 3 17 11 6 11 12 5 9 4 6 2 9 17 1 11 8 15 14 16 13 13 15 9 7 8 7 12 5
COSTS 10 6 14 18 3 17 11 6 11 12 5 9 4 6 2 9 17 1 11 8 15 14 16 13 13 15 9 7 8 7 12 5
COSTS 10 6 14 18 3 17 11 6 11 12 5 9 4 6 2 9 17 1 11 8 15 14 16 13 13 15 9 7 8 7 12 5
COSTS 7 6 14 19 3 17 11 6 11 12 5 9 4 6 2 9 17 1 11 8 15 14 16 13 13 15 9 7 8 7 12 5
COSTS 10 6 16 18 3 17 11 6 11 12 5 9 4 6 2 9 17 1 11 8 15 14 16 13 13 15 9 7 8 7 12 5
COSTS 10 6 14 18 3 17 11 6 11 12 5 9 4 6 2 9 17 1 11 8 15 14 16 13 13 15 9 7 8 7 12 5
COSTS 10 6 14 18 3 17 11 6 11 12 5 9 4 6 2 9 17 1 11 8 15 14 16 13 13 15 9 7 8 7 12 5
COSTS 10 8 14 18 3 17 11 6 11 12 5 9 4 6 2 9 17 1 11 8 15 14 16 13 13 15 9 7 8 7 12 5
COSTS 10 8 14 18 3 17 11 6 11 12 5 9 4 6 2 9 17 1 11 8 15 14 16 13 13 15 9 7 8 7 12 5
COSTS 10 6 16 18 3 17 11 2 12 16 8 12 3 5 3 9 13 3 13 8 13 11 18 11 14 16 6 9 5 7 10 3
COSTS 7 6 14 18 1 17 11 6 11 12 5 9 4 6 2 9 17 1 11 8 15 14 16 13 13 15 9 7 8 7 12 5
COSTS 10 8 14 18 3 17 11 6 11 12 5 9 4 6 2 9 17 1 11 8 15 14 16 13 13 15 9 7 8 7 12 5
COSTS 10 8 14 18 3 17 11 6 11 12 5 9 4 6 2 9 17 1 11 8 15 14 16 13 13 15 9 7 8 7 12 5
COSTS 10 8 14 18 3 17 11 6 11 12 5 9 4 6 2 9 17 1 11 8 15 14 16 13 13 15 9 7 8 7 12 5
COSTS 10 8 14 18 3 17 11 6 11 12 5 9 4 6 2 9 17 1 11 8 15 14 16 13 13 15 9 7 8 7 12 5
COSTS 7 6 14 18 3 17 10 6 11 12 5 9 4 6 2 9 17 1 11 8 15 14 16 13 13 15 9 7 8 7 12 5
COSTS 7 6 14 18 3 17 11 6 11 12 5 9 4 6 2 9 17 1 11 8 15 14 16 13 13 15 9 7 8 7 12 5
COSTS 10 6 14 18 3 17 11 6 11 12 5 9 4 5 2 9 13 3 13 8 15 14 16 13 13 15 9 7 8 7 12 5
COSTS 10 8 14 18 3 14 10 6 11 12 5 9 4 6 2 9 17 1 11 8 15 14 16 13 13 15 9 7 8 7 12 5
COSTS 7 6 14 18 3 17 11 6 11 12 5 9 4 6 2 9 17 1 11 8 15 14 16 13 13 15 9 7 8 7 12 5
COSTS 7 6 14 18 3 17 11 6 11 12 5 9 4 5 2 9 17 1 13 8 15 14 16 13 13 15 9 7 8 7 12 5
COSTS 7 6 14 19 1 17 11 6 11 12 5 9 4 6 2 9 17 1 11 8 15 14 16 13 13 15 9 7 8 7 12 5
COSTS 7 6 14 19 1 17 11 6 11 12 5 9 4 6 2 9 17 1 11 8 15 14 16 13 13 15 9 7 8 7 12 5
END
STATE be6d02c4e1d4e33475ea8f9665541cdd593600760adaa0d33347c0740381d6e3 6001 24 11
LABELS 4 0 2 4 2 1 3 0 2 2 2 0 0 0 2 2 2 2 2 1 4 2 4 4
MASSES 9 13 26 6 7 25 13 7 16 13 14 28 21 26 6 7 1 24 21 21 22 4 1 10
QUERY_IDS 0 1 2 4 5 6 7 8 9 10 11
RESPONSES 4 3 0 0 0 0 0 1 0 0 0
RESPONSES 5 2 0 0 0 0 0 1 0 0 0
RESPONSES 0 2 0 0 1 0 0 1 0 0 0
RESPONSES 0 3 0 0 1 0 0 1 0 0 0
RESPONSES 3 2 0 0 0 0 0 1 0 0 0
RESPONSES 3 2 0 0 0 0 0 1 0 0 0
RESPONSES 0 2 1 0 1 0 0 1 0 0 0
RESPONSES 5 1 0 0 0 0 0 1 0 0 0
RESPONSES 4 2 0 0 0 0 0 1 0 0 0
RESPONSES 4 1 0 0 1 0 0 1 0 0 0
RESPONSES 4 1 0 0 1 0 0 1 0 0 0
RESPONSES 5 2 0 0 0 0 0 0 0 0 0
RESPONSES 5 2 0 0 0 0 0 0 0 0 0
RESPONSES 5 2 0 0 0 0 0 0 0 0 0
RESPONSES 4 2 0 0 1 0 0 1 0 0 0
RESPONSES 2 0 0 1 1 0 0 1 0 1 0
RESPONSES 0 2 0 0 0 0 0 1 0 0 0
RESPONSES 0 1 0 0 1 0 0 1 0 0 0
RESPONSES 0 1 0 0 1 0 0 1 0 0 0
RESPONSES 0 1 0 0 1 0 0 1 0 0 0
RESPONSES 1 3 0 0 0 0 0 1 0 0 0
RESPONSES 1 1 1 1 1 0 0 1 0 0 0
RESPONSES 0 3 0 0 0 0 0 1 0 0 0
RESPONSES 0 3 0 0 1 0 0 1 0 1 1
COSTS 8 5 3 15 4 7 5 17 6 9 15
COSTS 8 6 3 15 4 7 5 17 6 9 15
COSTS 7 6 3 15 2 7 5 17 6 9 15
COSTS 7 5 3 15 2 7 5 17 6 9 15
COSTS 7 6 3 15 4 7 5 17 6 9 15
COSTS 7 6 3 15 4 7 5 17 6 9 15
COSTS 7 6 5 15 2 7 5 17 6 9 15
COSTS 8 7 3 15 4 7 5 17 6 9 15
COSTS 8 6 3 15 4 7 5 17 6 9 15
COSTS 8 7 3 15 2 7 5 17 6 9 15
COSTS 8 7 3 15 2 7 5 17 6 9 15
COSTS 8 6 3 15 4 7 5 19 6 9 15
COSTS 8 6 3 15 4 7 5 19 6 9 15
COSTS 8 6 3 15 4 7 5 19 6 9 15
COSTS 8 6 3 15 2 7 5 17 6 9 15
COSTS 4 7 3 18 2 7 5 17 6 12 15
COSTS 7 6 3 15 4 7 5 17 6 9 15
COSTS 7 7 3 15 2 7 5 17 6 9 15
COSTS 7 7 3 15 2 7 5 17 6 9 15
COSTS 7 7 3 15 2 7 5 17 6 9 15
COSTS 4 5 3 15 4 7 5 17 6 9 15
COSTS 4 7 5 18 2 7 5 17 6 9 15
COSTS 7 5 3 15 4 7 5 17 6 9 15
COSTS 7 5 3 15 2 7 5 17 6 12 14
END
STATE be7f66c7e075ef4946025d05749829f160740d1ed9b81396ef4bdefdd9a232b3 6002 24 28
LABELS 0 0 0 0 0 0 0 0 0 0 0 0 0 0 0 0 1 0 1 0 0 0 0 0
MASSES 22 27 6 27 21 20 16 2 17 21 22 3 21 17 30 13 28 2 9 28 14 30 9 22
QUERY_IDS 0 1 2 3 4 5 7 8 9 10 12 13 14 16 17 18 19 20 22 25 26 27 28 29 31 32 33 34
RESPONSES 0 0 1 1 1 1 1 1 1 1 1 1 1 1 1 1 1 1 1 1 1 1 1 1 1 1 1 1
RESPONSES 0 0 1 1 1 1 1 1 1 1 1 1 1 1 1 1 1 1 1 1 1 1 1 1 1 1 1 1
RESPONSES 1 1 1 1 1 1 1 1 1 1 1 1 1 1 1 1 1 1 1 0 1 1 1 1 1 1 1 1
RESPONSES 0 0 0 0 1 1 1 1 1 1 1 1 1 1 1 1 1 1 1 1 1 1 1 1 1 1 1 1
RESPONSES 0 0 0 0 0 0 1 1 1 1 1 1 1 0 1 1 1 1 1 0 1 1 1 1 1 1 1 1
RESPONSES 0 0 0 0 1 1 1 1 1 1 1 1 1 1 1 1 1 1 1 0 0 1 1 1 1 1 1 1
RESPONSES 1 1 1 1 1 1 1 1 1 1 1 1 1 1 1 1 1 1 1 0 0 1 1 1 1 1 1 1
RESPONSES 0 0 0 0 0 1 1 1 1 1 1 1 1 1 1 1 1 1 1 0 0 1 1 1 1 1 1 1
RESPONSES 0 0 1 1 1 1 0 1 1 1 1 1 1 1 1 1 1 1 1 0 1 1 1 1 1 1 1 1
RESPONSES 0 0 0 0 1 1 0 1 1 1 1 1 1 1 1 1 1 1 1 0 1 1 1 1 1 1 1 1
RESPONSES 0 0 0 0 1 1 1 1 1 1 1 1 1 1 1 1 1 1 1 0 1 1 1 1 1 1 1 1
RESPONSES 0 0 0 0 1 1 1 1 1 1 1 1 1 1 1 1 1 1 1 0 1 1 1 1 1 1 1 1
RESPONSES 0 0 0 0 1 1 1 1 1 1 1 1 1 0 1 1 0 1 1 0 0 1 1 1 1 1 1 1
RESPONSES 0 1 1 1 1 1 1 1 1 1 1 1 1 1 1 1 1 1 1 0 1 1 1 1 1 1 1 1
RESPONSES 0 1 1 1 1 1 1 1 1 1 1 1 1 1 1 1 1 1 1 0 1 1 1 1 1 1 1 1
RESPONSES 0 0 1 1 1 1 1 1 1 1 1 1 1 1 1 1 1 1 1 0 0 1 1 1 1 1 1 1
RESPONSES 0 0 0 0 0 0 0 0 0 0 0 0 0 0 0 0 0 0 0 0 0 0 0 0 0 0 0 0
RESPONSES 0 0 0 0 1 1 0 0 1 1 1 1 1 1 1 1 1 1 1 0 1 1 1 1 1 1 1 1
RESPONSES 0 0 0 1 1 1 0 0 0 1 0 1 1 0 0 1 0 0 0 0 0 0 0 0 0 1 1 1
RESPONSES 0 0 0 1 1 1 1 1 1 1 1 1 1 1 1 1 1 1 1 1 1 1 1 1 1 1 1 1
RESPONSES 0 0 0 0 1 1 0 0 1 1 0 0 1 1 1 1 1 1 1 1 1 1 1 1 1 1 1 1
RESPONSES 0 1 1 1 1 1 1 1 1 1 1 1 1 1 1 1 1 1 1 0 0 1 1 1 1 1 1 1
RESPONSES 0 1 1 1 1 1 1 1 1 1 1 1 1 1 1 1 1 1 1 0 0 1 1 1 1 1 1 1
RESPONSES 0 1 1 1 1 1 1 1 1 1 1 1 1 1 1 1 1 1 1 0 0 1 1 1 1 1 1 1
COSTS 12 10 10 9 9 9 13 11 8 14 3 4 9 9 16 5 17 5 4 15 11 18 11 16 1 5 12 9
COSTS 12 10 10 9 9 9 13 11 8 14 3 4 9 9 16 5 17 5 4 15 11 18 11 16 1 5 12 9
COSTS 14 11 10 9 9 9 13 11 8 14 3 4 9 9 16 5 17 5 4 16 11 18 11 16 1 5 12 9
COSTS 12 10 14 7 9 9 13 11 8 14 3 4 9 9 16 5 17 5 4 15 11 18 11 16 1 5 12 9
COSTS 12 10 14 7 9 11 13 11 8 14 3 4 9 8 16 5 17 5 4 16 11 18 11 16 1 5 12 9
COSTS 12 10 14 7 9 9 13 11 8 14 3 4 9 9 16 5 17 5 4 16 12 18 11 16 1 5 12 9
COSTS 14 11 10 9 9 9 13 11 8 14 3 4 9 9 16 5 17 5 4 16 12 18 11 16 1 5 12 9
COSTS 12 10 14 7 9 9 13 11 8 14 3 4 9 9 16 5 17 5 4 16 12 18 11 16 1 5 12 9
COSTS 12 10 10 9 9 9 11 11 8 14 3 4 9 9 16 5 17 5 4 16 11 18 11 16 1 5 12 9
COSTS 12 10 14 7 9 9 11 11 8 14 3 4 9 9 16 5 17 5 4 16 11 18 11 16 1 5 12 9
COSTS 12 10 14 7 9 9 13 11 8 14 3 4 9 9 16 5 17 5 4 16 11 18 11 16 1 5 12 9
COSTS 12 10 14 7 9 9 13 11 8 14 3 4 9 9 16 5 17 5 4 16 11 18 11 16 1 5 12 9
COSTS 12 10 14 7 9 9 13 11 8 14 3 4 9 8 16 5 14 5 4 16 12 18 11 16 1 5 12 9
COSTS 12 11 10 9 9 9 13 11 8 14 3 4 9 9 16 5 17 5 4 16 11 18 11 16 1 5 12 9
COSTS 12 11 10 9 9 9 13 11 8 14 3 4 9 9 16 5 17 5 4 16 11 18 11 16 1 5 12 9
COSTS 12 10 10 9 9 9 13 11 8 14 3 4 9 9 16 5 17 5 4 16 12 18 11 16 1 5 12 9
COSTS 12 10 14 7 9 11 11 11 8 15 3 7 8 8 13 8 14 7 1 16 12 17 9 14 2 2 10 10
COSTS 12 10 14 7 9 9 11 11 8 14 3 4 9 9 16 5 17 5 4 16 11 18 11 16 1 5 12 9
COSTS 12 10 14 9 9 9 11 11 8 14 3 4 9 8 13 5 14 7 1 16 12 17 9 14 2 5 12 9
COSTS 12 10 14 9 9 9 13 11 8 14 3 4 9 9 16 5 17 5 4 15 11 18 11 16 1 5 12 9
COSTS 12 10 14 7 9 9 11 11 8 14 3 7 9 9 16 5 17 5 4 15 11 18 11 16 1 5 12 9
COSTS 12 11 10 9 9 9 13 11 8 14 3 4 9 9 16 5 17 5 4 16 12 18 11 16 1 5 12 9
COSTS 12 11 10 9 9 9 13 11 8 14 3 4 9 9 16 5 17 5 4 16 12 18 11 16 1 5 12 9
COSTS 12 11 10 9 9 9 13 11 8 14 3 4 9 9 16 5 17 5 4 16 12 18 11 16 1 5 12 9
END
STATE c002f28981ea41678cd778e92abfff47ed94b170fa05c6e1b00a74bc1d26b803 6002 24 28
LABELS 1 0 0 0 1 0 0 0 0 0 0 0 0 0 0 1 0 0 0 1 0 0 0 0
MASSES 9 3 27 1 21 2 28 10 21 12 25 3 18 9 14 13 23 3 17 4 21 3 26 22
QUERY_IDS 1 2 3 4 6 7 8 9 10 11 12 13 14 15 16 17 19 22 23 24 27 28 29 30 31 32 33 34
RESPONSES 0 1 1 1 1 0 0 0 1 0 0 0 1 0 0 0 0 0 0 0 0 1 1 0 0 1 1 1
RESPONSES 1 1 1 1 1 1 1 1 1 1 1 1 1 1 1 1 1 1 1 1 1 1 1 1 1 1 1 1
RESPONSES 1 1 1 1 1 1 1 1 1 1 1 1 1 1 1 1 1 1 1 1 1 1 1 1 1 1 1 1
RESPONSES 1 1 1 1 1 1 1 1 1 1 1 1 1 1 1 1 1 1 1 1 1 1 1 1 1 1 1 1
RESPONSES 0 0 0 0 0 0 0 0 1 0 0 0 1 0 0 0 0 0 1 1 0 0 0 0 0 0 1 1
RESPONSES 0 0 1 1 1 1 1 1 1 1 1 1 1 1 1 1 1 1 1 1 1 1 1 1 1 1 1 1
RESPONSES 0 0 1 1 1 1 1 1 1 1 1 1 1 1 1 1 1 1 1 1 1 1 1 1 1 1 1 1
RESPONSES 0 0 1 1 1 1 1 1 1 1 1 1 1 1 1 1 1 1 1 1 1 1 1 1 1 1 1 1
RESPONSES 0 0 0 0 1 1 1 1 1 0 1 1 1 0 0 1 1 1 1 1 1 1 1 1 1 1 1 1
RESPONSES 0 0 0 1 1 1 1 1 1 1 1 1 1 1 1 1 1 1 1 1 1 1 1 1 1 1 1 1
RESPONSES 0 0 0 1 1 1 1 1 1 1 1 1 1 1 1 1 1 1 1 1 1 1 1 1 1 1 1 1
RESPONSES 1 1 1 1 1 1 1 1 1 1 1 1 1 1 1 1 1 1 1 1 1 1 1 1 1 1 1 1
RESPONSES 1 1 1 1 1 1 1 1 1 1 1 1 1 1 1 1 1 1 1 1 1 1 1 1 1 1 1 1
RESPONSES 1 1 1 1 1 1 1 1 1 0 1 1 1 1 1 1 1 0 0 0 1 1 1 1 1 1 1 1
RESPONSES 1 1 1 1 1 1 1 1 1 0 1 1 1 1 1 1 1 1 1 1 1 1 1 1 1 1 1 1
RESPONSES 0 0 0 0 1 0 0 0 0 0 0 0 0 0 0 0 0 0 1 1 0 0 1 0 1 1 0 0
RESPONSES 0 1 1 1 1 1 1 1 1 1 1 1 1 1 1 1 1 1 1 1 1 1 1 1 1 1 1 1
RESPONSES 0 1 1 1 1 1 1 1 1 1 1 1 1 1 1 1 1 1 1 1 1 1 1 1 1 1 1 1
RESPONSES 0 0 0 0 1 1 1 1 1 1 1 1 1 1 1 1 1 1 1 1 1 1 1 1 1 1 1 1
RESPONSES 0 0 0 0 0 1 1 1 1 1 1 1 1 1 1 1 1 0 1 1 0 1 1 0 0 1 1 1
RESPONSES 0 0 1 1 1 0 0 1 1 1 1 1 1 1 1 1 1 1 1 1 0 1 1 0 0 1 1 1
RESPONSES 1 1 1 1 1 1 1 1 1 1 1 1 1 1 1 1 1 1 1 1 1 1 1 1 1 1 1 1
RESPONSES 1 1 1 1 1 1 1 1 1 0 1 1 1 1 1 1 1 1 1 1 1 1 1 1 1 1 1 1
RESPONSES 1 1 1 1 1 1 1 1 1 1 1 1 1 1 1 1 1 1 1 1 1 1 1 1 1 1 1 1
COSTS 10 10 9 9 10 11 11 8 14 15 3 7 9 3 8 13 14 1 11 16 17 11 16 5 2 5 12 9
COSTS 11 10 9 9 10 13 11 8 14 14 3 4 9 4 9 16 17 4 7 16 18 11 16 4 1 5 12 9
COSTS 11 10 9 9 10 13 11 8 14 14 3 4 9 4 9 16 17 4 7 16 18 11 16 4 1 5 12 9
COSTS 11 10 9 9 10 13 11 8 14 14 3 4 9 4 9 16 17 4 7 16 18 11 16 4 1 5 12 9
COSTS 10 14 7 9 10 11 11 8 14 15 3 7 9 3 8 13 14 1 7 16 17 9 14 5 2 2 12 9
COSTS 10 14 9 9 10 13 11 8 14 14 3 4 9 4 9 16 17 4 7 16 18 11 16 4 1 5 12 9
COSTS 10 14 9 9 10 13 11 8 14 14 3 4 9 4 9 16 17 4 7 16 18 11 16 4 1 5 12 9
COSTS 10 14 9 9 10 13 11 8 14 14 3 4 9 4 9 16 17 4 7 16 18 11 16 4 1 5 12 9
COSTS 10 14 7 9 10 13 11 8 14 15 3 4 9 3 8 16 17 4 7 16 18 11 16 4 1 5 12 9
COSTS 10 14 7 9 10 13 11 8 14 14 3 4 9 4 9 16 17 4 7 16 18 11 16 4 1 5 12 9
COSTS 10 14 7 9 10 13 11 8 14 14 3 4 9 4 9 16 17 4 7 16 18 11 16 4 1 5 12 9
COSTS 11 10 9 9 10 13 11 8 14 14 3 4 9 4 9 16 17 4 7 16 18 11 16 4 1 5 12 9
COSTS 11 10 9 9 10 13 11 8 14 14 3 4 9 4 9 16 17 4 7 16 18 11 16 4 1 5 12 9
COSTS 11 10 9 9 10 13 11 8 14 15 3 4 9 4 9 16 17 1 11 16 18 11 16 4 1 5 12 9
COSTS 11 10 9 9 10 13 11 8 14 15 3 4 9 4 9 16 17 4 7 16 18 11 16 4 1 5 12 9
COSTS 10 14 7 9 10 11 11 8 15 15 3 7 8 3 8 13 14 1 7 16 17 9 16 5 1 5 10 10
COSTS 10 10 9 9 10 13 11 8 14 14 3 4 9 4 9 16 17 4 7 16 18 11 16 4 1 5 12 9
COSTS 10 10 9 9 10 13 11 8 14 14 3 4 9 4 9 16 17 4 7 16 18 11 16 4 1 5 12 9
COSTS 10 14 7 9 10 13 11 8 14 14 3 4 9 4 9 16 17 4 7 16 18 11 16 4 1 5 12 9
COSTS 10 14 7 9 10 13 11 8 14 14 3 4 9 4 9 16 17 1 7 16 17 11 16 5 2 5 12 9
COSTS 10 14 9 9 10 11 11 8 14 14 3 4 9 4 9 16 17 4 7 16 17 11 16 5 2 5 12 9
COSTS 11 10 9 9 10 13 11 8 14 14 3 4 9 4 9 16 17 4 7 16 18 11 16 4 1 5 12 9
COSTS 11 10 9 9 10 13 11 8 14 15 3 4 9 4 9 16 17 4 7 16 18 11 16 4 1 5 12 9
COSTS 11 10 9 9 10 13 11 8 14 14 3 4 9 4 9 16 17 4 7 16 18 11 16 4 1 5 12 9
END
STATE c1e920c2ee52a717afe210e61185803730a06956669fe58700f557dc9656e030 6002 24 24
LABELS 1 0 1 0 1 0 1 1 0 0 0 1 0 0 1 0 1 1 1 0 1 1 0 0
MASSES 12 30 22 28 31 25 10 5 3 20 12 31 20 10 9 7 7 11 21 1 23 12 6 23
QUERY_IDS 0 1 2 6 7 12 14 15 16 17 18 19 20 21 22 23 26 27 28 29 30 32 33 38
RESPONSES 1 1 1 0 0 1 0 0 0 0 0 0 0 0 0 1 0 0 0 0 1 0 0 0
RESPONSES 0 0 0 1 1 1 1 1 1 1 1 1 0 0 1 1 1 1 1 1 1 1 1 1
RESPONSES 0 0 0 0 0 1 0 0 0 0 0 0 1 1 1 1 1 1 1 1 1 1 1 0
RESPONSES 0 0 0 0 0 1 0 0 0 0 1 1 0 0 0 0 1 1 1 1 1 0 0 0
RESPONSES 0 0 0 0 0 1 0 0 0 0 1 1 1 1 1 1 1 1 1 1 1 0 1 1
RESPONSES 0 0 0 0 0 1 0 0 0 0 1 1 1 1 1 1 1 1 1 1 1 0 0 1
RESPONSES 0 0 0 0 0 1 0 0 0 1 1 1 1 1 1 1 1 1 1 1 1 0 0 0
RESPONSES 1 1 1 0 0 0 0 0 0 1 1 1 1 1 1 1 1 1 1 1 1 0 0 1
RESPONSES 0 0 0 0 0 1 0 0 1 1 1 1 0 0 0 0 0 0 0 0 0 1 1 1
RESPONSES 0 0 0 1 1 1 1 1 1 1 1 1 1 1 1 1 1 1 1 1 1 0 0 0
RESPONSES 0 0 0 0 0 1 0 0 0 0 0 0 0 0 1 1 1 1 1 1 1 1 1 0
RESPONSES 0 0 0 0 0 1 0 0 0 0 1 1 1 1 1 1 1 1 1 1 1 0 0 1
RESPONSES 0 0 0 0 0 1 0 0 0 1 1 1 0 0 0 0 1 1 1 1 1 0 0 1
RESPONSES 0 0 0 0 0 1 0 0 0 0 1 1 0 0 0 0 0 0 0 0 1 0 0 1
RESPONSES 0 0 0 0 0 0 0 0 1 1 1 1 0 0 0 0 0 0 0 0 1 1 1 1
RESPONSES 0 0 0 0 0 1 0 0 0 1 1 1 0 0 0 0 0 0 1 1 1 1 1 1
RESPONSES 0 0 0 0 0 1 0 0 1 1 1 1 0 0 0 1 1 1 1 1 1 0 1 1
RESPONSES 0 0 0 0 0 1 0 0 0 0 1 1 1 1 1 1 1 1 1 1 1 0 0 1
RESPONSES 0 0 0 0 0 0 1 1 1 1 1 1 0 0 0 0 1 1 1 1 1 0 0 0
RESPONSES 0 0 0 0 0 1 0 0 1 1 1 1 0 0 0 0 0 0 1 1 1 0 0 1
RESPONSES 0 0 0 0 0 1 0 0 0 0 1 1 0 0 0 0 0 0 0 0 0 0 0 0
RESPONSES 0 0 0 0 0 1 0 0 0 0 0 0 1 1 1 1 1 1 1 1 1 0 0 1
RESPONSES 1 1 1 1 1 1 0 0 0 0 1 1 1 1 1 1 1 1 1 1 1 0 0 0
RESPONSES 0 0 0 0 0 1 0 0 0 0 1 1 1 1 1 1 1 1 1 1 1 0 0 0
COSTS 17 4 11 14 18 12 3 13 14 8 5 8 7 7 14 3 8 6 11 7 12 18 18 3
COSTS 16 5 15 18 15 12 5 14 11 7 8 8 7 7 16 3 9 4 14 10 12 18 19 6
COSTS 16 5 15 14 18 12 3 13 14 8 5 8 11 5 16 3 9 4 14 10 12 18 19 3
COSTS 16 5 15 14 18 12 3 13 14 8 8 8 7 7 14 2 9 4 14 10 12 18 18 3
COSTS 16 5 15 14 18 12 3 13 14 8 8 8 11 5 16 3 9 4 14 10 12 18 19 6
COSTS 16 5 15 14 18 12 3 13 14 8 8 8 11 5 16 3 9 4 14 10 12 18 18 6
COSTS 16 5 15 14 18 12 3 13 14 7 8 8 11 5 16 3 9 4 14 10 12 18 18 3
COSTS 17 4 11 14 18 10 3 13 14 7 8 8 11 5 16 3 9 4 14 10 12 18 18 6
COSTS 16 5 15 14 18 12 3 13 11 7 8 8 7 7 14 2 8 6 11 7 10 18 19 6
COSTS 16 5 15 18 15 12 5 14 11 7 8 8 11 5 16 3 9 4 14 10 12 18 18 3
COSTS 16 5 15 14 18 12 3 13 14 8 5 8 7 7 16 3 9 4 14 10 12 18 19 3
COSTS 16 5 15 14 18 12 3 13 14 8 8 8 11 5 16 3 9 4 14 10 12 18 18 6
COSTS 16 5 15 14 18 12 3 13 14 7 8 8 7 7 14 2 9 4 14 10 12 18 18 6
COSTS 16 5 15 14 18 12 3 13 14 8 8 8 7 7 14 2 8 6 11 7 12 18 18 6
COSTS 16 5 15 14 18 10 3 13 11 7 8 8 7 7 14 2 8 6 11 7 12 18 19 6
COSTS 16 5 15 14 18 12 3 13 14 7 8 8 7 7 14 2 8 6 14 10 12 18 19 6
COSTS 16 5 15 14 18 12 3 13 11 7 8 8 7 7 14 3 9 4 14 10 12 18 19 6
COSTS 16 5 15 14 18 12 3 13 14 8 8 8 11 5 16 3 9 4 14 10 12 18 18 6
COSTS 16 5 15 14 18 10 5 14 11 7 8 8 7 7 14 2 9 4 14 10 12 18 18 3
COSTS 16 5 15 14 18 12 3 13 11 7 8 8 7 7 14 2 8 6 14 10 12 18 18 6
COSTS 16 5 15 14 18 12 3 13 14 8 8 8 7 7 14 2 8 6 11 7 10 18 18 3
COSTS 16 5 15 14 18 12 3 13 14 8 5 8 11 5 16 3 9 4 14 10 12 18 18 6
COSTS 17 4 11 18 15 12 3 13 14 8 8 8 11 5 16 3 9 4 14 10 12 18 18 3
COSTS 16 5 15 14 18 12 3 13 14 8 8 8 11 5 16 3 9 4 14 10 12 18 18 3
END
STATE c26a467de1cdfe7f6652cc211f0b3e29b55516a1f074e7c1f0db606f187661be 6002 24 34
LABELS 0 0 0 0 0 0 0 0 0 0 0 0 0 0 0 0 0 0 0 0 0 0 0 0
MASSES 19 20 16 30 21 23 4 5 26 30 5 1 30 16 27 31 11 12 3 2 11 19 14 21
QUERY_IDS 0 1 2 3 7 10 16 18 19 22 24 25 26 27 28 29 30 31 32 33 34 35 36 41 42 43 51 52 53 54 55 56 57 60
RESPONSES 0 1 1 1 0 0 0 0 0 0 0 0 0 0 0 0 0 0 0 0 0 0 0 0 0 0 0 0 0 0 0 0 0 1
RESPONSES 0 1 1 1 0 0 0 0 0 0 0 0 0 0 0 0 0 0 0 0 0 0 0 0 0 0 0 0 0 0 0 0 0 1
RESPONSES 0 1 1 1 0 0 0 0 0 0 0 0 0 0 0 0 0 0 0 0 0 0 0 0 0 0 0 0 0 0 0 0 0 1
RESPONSES 1 1 1 1 0 1 0 0 0 0 0 0 0 0 0 0 0 0 0 0 0 0 0 0 0 0 0 0 0 0 0 0 0 1
RESPONSES 0 1 1 1 1 0 0 0 0 0 0 0 0 0 0 0 0 0 0 0 0 0 0 0 0 0 0 0 0 0 0 0 0 1
RESPONSES 0 1 1 1 0 0 0 0 0 0 0 0 0 0 0 0 0 0 0 0 0 0 0 0 0 0 0 0 0 0 0 0 0 1
RESPONSES 0 0 0 0 0 0 0 0 0 0 0 0 0 0 0 1 0 0 0 0 1 1 0 0 0 0 0 0 0 0 0 0 0 1
RESPONSES 0 0 0 0 0 0 1 0 0 0 0 0 0 0 0 0 0 0 0 0 0 0 0 0 0 0 0 0 0 0 0 0 0 1
RESPONSES 0 0 0 0 0 0 1 0 0 0 0 0 0 0 0 0 0 0 0 0 0 0 0 0 0 0 0 0 0 0 0 0 0 1
RESPONSES 0 0 0 0 0 0 1 0 0 0 0 0 0 0 0 0 0 0 0 0 0 0 0 0 0 0 0 0 0 0 0 0 0 1
RESPONSES 0 0 1 1 0 0 0 0 0 0 0 0 0 0 0 0 0 0 0 0 0 0 0 0 0 0 0 0 0 0 0 0 0 1
RESPONSES 0 0 0 1 0 0 0 0 0 0 0 0 0 0 0 0 0 0 0 0 0 0 0 0 0 0 0 0 0 0 0 0 0 1
RESPONSES 0 0 0 1 0 0 0 0 0 0 0 0 0 0 0 0 0 0 0 0 0 0 0 0 0 0 0 0 0 0 0 0 0 1
RESPONSES 0 1 1 1 1 0 0 0 0 1 1 1 1 1 1 1 1 1 1 1 1 1 1 1 1 1 1 1 1 1 1 1 1 0
RESPONSES 0 0 0 1 1 0 0 0 0 0 0 0 0 0 0 0 0 0 0 0 0 0 0 0 0 0 0 0 0 0 0 0 0 1
RESPONSES 0 0 1 1 0 0 0 0 0 0 0 0 0 0 0 0 0 0 0 0 0 0 0 0 0 0 0 0 0 0 0 0 0 1
RESPONSES 0 0 1 1 0 0 0 0 0 0 0 0 0 0 0 0 0 0 0 0 0 0 0 0 0 0 0 0 0 0 0 0 0 1
RESPONSES 0 0 1 1 0 0 0 0 0 0 0 0 0 0 0 0 0 0 0 0 0 0 0 0 0 0 0 0 0 0 0 0 0 1
RESPONSES 1 1 1 1 0 0 0 0 1 0 0 0 0 0 0 0 0 0 0 0 0 0 0 0 0 0 0 0 0 0 0 0 0 1
RESPONSES 0 1 1 1 0 0 0 0 0 0 0 0 0 0 0 1 0 0 1 1 1 1 0 0 0 0 0 0 0 0 0 0 0 1
RESPONSES 0 0 1 1 0 0 0 1 1 0 0 0 0 0 0 0 0 0 0 0 0 0 0 0 0 0 0 0 0 0 0 0 0 1
RESPONSES 1 1 1 1 0 0 0 0 0 0 0 0 0 0 0 0 0 0 0 0 0 0 0 0 0 0 0 0 0 0 0 0 0 1
RESPONSES 1 1 1 1 0 0 0 0 0 0 0 0 0 0 0 1 0 0 0 0 1 1 0 0 0 0 0 0 0 0 0 0 0 1
RESPONSES 1 1 1 1 0 1 1 0 0 0 0 0 0 0 0 0 0 0 0 0 0 0 0 0 0 0 0 0 0 0 0 0 0 1
COSTS 10 6 7 6 14 18 3 17 11 6 11 12 5 9 4 6 2 9 17 1 11 8 15 14 16 13 13 15 9 7 8 7 12 5
COSTS 10 6 7 6 14 18 3 17 11 6 11 12 5 9 4 6 2 9 17 1 11 8 15 14 16 13 13 15 9 7 8 7 12 5
COSTS 10 6 7 6 14 18 3 17 11 6 11 12 5 9 4 6 2 9 17 1 11 8 15 14 16 13 13 15 9 7 8 7 12 5
COSTS 7 6 7 6 14 19 3 17 11 6 11 12 5 9 4 6 2 9 17 1 11 8 15 14 16 13 13 15 9 7 8 7 12 5
COSTS 10 6 7 6 16 18 3 17 11 6 11 12 5 9 4 6 2 9 17 1 11 8 15 14 16 13 13 15 9 7 8 7 12 5
COSTS 10 6 7 6 14 18 3 17 11 6 11 12 5 9 4 6 2 9 17 1 11 8 15 14 16 13 13 15 9 7 8 7 12 5
COSTS 10 8 8 5 14 18 3 17 11 6 11 12 5 9 4 5 2 9 17 1 13 8 15 14 16 13 13 15 9 7 8 7 12 5
COSTS 10 8 8 5 14 18 1 17 11 6 11 12 5 9 4 6 2 9 17 1 11 8 15 14 16 13 13 15 9 7 8 7 12 5
COSTS 10 8 8 5 14 18 1 17 11 6 11 12 5 9 4 6 2 9 17 1 11 8 15 14 16 13 13 15 9 7 8 7 12 5
COSTS 10 8 8 5 14 18 1 17 11 6 11 12 5 9 4 6 2 9 17 1 11 8 15 14 16 13 13 15 9 7 8 7 12 5
COSTS 10 8 7 6 14 18 3 17 11 6 11 12 5 9 4 6 2 9 17 1 11 8 15 14 16 13 13 15 9 7 8 7 12 5
COSTS 10 8 8 6 14 18 3 17 11 6 11 12 5 9 4 6 2 9 17 1 11 8 15 14 16 13 13 15 9 7 8 7 12 5
COSTS 10 8 8 6 14 18 3 17 11 6 11 12 5 9 4 6 2 9 17 1 11 8 15 14 16 13 13 15 9 7 8 7 12 5
COSTS 10 6 7 6 16 18 3 17 11 2 12 16 8 12 3 5 3 9 13 3 13 8 13 11 18 11 14 16 6 9 5 7 10 3
COSTS 10 8 8 6 16 18 3 17 11 6 11 12 5 9 4 6 2 9 17 1 11 8 15 14 16 13 13 15 9 7 8 7 12 5
COSTS 10 8 7 6 14 18 3 17 11 6 11 12 5 9 4 6 2 9 17 1 11 8 15 14 16 13 13 15 9 7 8 7 12 5
COSTS 10 8 7 6 14 18 3 17 11 6 11 12 5 9 4 6 2 9 17 1 11 8 15 14 16 13 13 15 9 7 8 7 12 5
COSTS 10 8 7 6 14 18 3 17 11 6 11 12 5 9 4 6 2 9 17 1 11 8 15 14 16 13 13 15 9 7 8 7 12 5
COSTS 7 6 7 6 14 18 3 17 10 6 11 12 5 9 4 6 2 9 17 1 11 8 15 14 16 13 13 15 9 7 8 7 12 5
COSTS 10 6 7 6 14 18 3 17 11 6 11 12 5 9 4 5 2 9 13 3 13 8 15 14 16 13 13 15 9 7 8 7 12 5
COSTS 10 8 7 6 14 18 3 14 10 6 11 12 5 9 4 6 2 9 17 1 11 8 15 14 16 13 13 15 9 7 8 7 12 5
COSTS 7 6 7 6 14 18 3 17 11 6 11 12 5 9 4 6 2 9 17 1 11 8 15 14 16 13 13 15 9 7 8 7 12 5
COSTS 7 6 7 6 14 18 3 17 11 6 11 12 5 9 4 5 2 9 17 1 13 8 15 14 16 13 13 15 9 7 8 7 12 5
COSTS 7 6 7 6 14 19 1 17 11 6 11 12 5 9 4 6 2 9 17 1 11 8 15 14 16 13 13 15 9 7 8 7 12 5
END
STATE c462effd76b2aaf867ed70ca6ad3dd1089193dbe0bc70acbc97e1d5a75db30d1 6003 24 28
LABELS 0 0 0 0 0 0 0 0 0 0 0 0 0 0 0 0 1 0 1 0 0 0 0 0
MASSES 27 17 29 18 16 13 17 15 25 13 28 7 26 4 8 7 18 10 23 31 15 15 11 25
QUERY_IDS 0 1 3 4 5 7 8 9 10 11 12 13 14 15 17 18 19 20 22 25 26 27 28 29 31 32 33 34
RESPONSES 0 0 1 1 1 1 1 1 1 1 1 1 1 1 1 1 1 1 1 1 1 1 1 1 1 1 1 1
RESPONSES 0 0 1 1 1 1 1 1 1 1 1 1 1 1 1 1 1 1 1 1 1 1 1 1 1 1 1 1
RESPONSES 1 1 1 1 1 1 1 1 1 1 1 1 1 1 1 1 1 1 1 0 1 1 1 1 1 1 1 1
RESPONSES 0 0 0 1 1 1 1 1 1 1 1 1 1 1 1 1 1 1 1 1 1 1 1 1 1 1 1 1
RESPONSES 0 0 0 0 0 1 1 1 1 0 1 1 1 0 1 1 1 1 1 0 1 1 1 1 1 1 1 1
RESPONSES 0 0 0 1 1 1 1 1 1 1 1 1 1 1 1 1 1 1 1 0 0 1 1 1 1 1 1 1
RESPONSES 1 1 1 1 1 1 1 1 1 1 1 1 1 1 1 1 1 1 1 0 0 1 1 1 1 1 1 1
RESPONSES 0 0 0 0 1 1 1 1 1 1 1 1 1 1 1 1 1 1 1 0 0 1 1 1 1 1 1 1
RESPONSES 0 0 1 1 1 0 1 1 1 1 1 1 1 1 1 1 1 1 1 0 1 1 1 1 1 1 1 1
RESPONSES 0 0 0 1 1 0 1 1 1 0 1 1 1 0 1 1 1 1 1 0 1 1 1 1 1 1 1 1
RESPONSES 0 0 0 1 1 1 1 1 1 1 1 1 1 1 1 1 1 1 1 0 1 1 1 1 1 1 1 1
RESPONSES 0 0 0 1 1 1 1 1 1 1 1 1 1 1 1 1 1 1 1 0 1 1 1 1 1 1 1 1
RESPONSES 0 0 0 1 1 1 1 1 1 1 1 1 1 0 1 1 0 1 1 0 0 1 1 1 1 1 1 1
RESPONSES 0 1 1 1 1 1 1 1 1 1 1 1 1 1 1 1 1 1 1 0 1 1 1 1 1 1 1 1
RESPONSES 0 1 1 1 1 1 1 1 1 1 1 1 1 1 1 1 1 1 1 0 1 1 1 1 1 1 1 1
RESPONSES 0 0 1 1 1 1 1 1 1 1 1 1 1 1 1 1 1 1 1 0 0 1 1 1 1 1 1 1
RESPONSES 0 0 0 0 0 0 0 0 0 0 0 0 0 0 0 0 0 0 0 0 0 0 0 0 0 0 0 0
RESPONSES 0 0 0 1 1 0 0 1 1 1 1 1 1 0 1 1 1 1 1 0 1 1 1 1 1 1 1 1
RESPONSES 0 0 1 1 1 0 0 0 1 0 0 1 1 0 0 1 0 0 0 0 0 0 0 0 0 1 1 1
RESPONSES 0 0 1 1 1 1 1 1 1 1 1 1 1 1 1 1 1 1 1 1 1 1 1 1 1 1 1 1
RESPONSES 0 0 0 1 1 0 0 1 1 0 0 0 1 1 1 1 1 1 1 1 1 1 1 1 1 1 1 1
RESPONSES 0 1 1 1 1 1 1 1 1 1 1 1 1 1 1 1 1 1 1 0 0 1 1 1 1 1 1 1
RESPONSES 0 1 1 1 1 1 1 1 1 1 1 1 1 1 1 1 1 1 1 0 0 1 1 1 1 1 1 1
RESPONSES 0 1 1 1 1 1 1 1 1 1 1 1 1 1 1 1 1 1 1 0 0 1 1 1 1 1 1 1
COSTS 13 17 4 11 13 7 12 15 11 5 6 5 12 9 8 15 4 9 17 19 11 10 12 16 8 9 13 4
COSTS 13 17 4 11 13 7 12 15 11 5 6 5 12 9 8 15 4 9 17 19 11 10 12 16 8 9 13 4
COSTS 14 17 4 11 13 7 12 15 11 5 6 5 12 9 8 15 4 9 17 19 11 10 12 16 8 9 13 4
COSTS 13 17 5 11 13 7 12 15 11 5 6 5 12 9 8 15 4 9 17 19 11 10 12 16 8 9 13 4
COSTS 13 17 5 14 11 7 12 15 11 4 6 5 12 12 8 15 4 9 17 19 11 10 12 16 8 9 13 4
COSTS 13 17 5 11 13 7 12 15 11 5 6 5 12 9 8 15 4 9 17 19 7 10 12 16 8 9 13 4
COSTS 14 17 4 11 13 7 12 15 11 5 6 5 12 9 8 15 4 9 17 19 7 10 12 16 8 9 13 4
COSTS 13 17 5 14 13 7 12 15 11 5 6 5 12 9 8 15 4 9 17 19 7 10 12 16 8 9 13 4
COSTS 13 17 4 11 13 7 12 15 11 5 6 5 12 9 8 15 4 9 17 19 11 10 12 16 8 9 13 4
COSTS 13 17 5 11 13 7 12 15 11 4 6 5 12 12 8 15 4 9 17 19 11 10 12 16 8 9 13 4
COSTS 13 17 5 11 13 7 12 15 11 5 6 5 12 9 8 15 4 9 17 19 11 10 12 16 8 9 13 4
COSTS 13 17 5 11 13 7 12 15 11 5 6 5 12 9 8 15 4 9 17 19 11 10 12 16 8 9 13 4
COSTS 13 17 5 11 13 7 12 15 11 5 6 5 12 12 8 15 5 9 17 19 7 10 12 16 8 9 13 4
COSTS 13 17 4 11 13 7 12 15 11 5 6 5 12 9 8 15 4 9 17 19 11 10 12 16 8 9 13 4
COSTS 13 17 4 11 13 7 12 15 11 5 6 5 12 9 8 15 4 9 17 19 11 10 12 16 8 9 13 4
COSTS 13 17 4 11 13 7 12 15 11 5 6 5 12 9 8 15 4 9 17 19 7 10 12 16 8 9 13 4
COSTS 13 17 5 14 11 7 11 15 10 4 8 7 11 12 8 17 5 9 16 19 7 13 13 17 10 8 16 1
COSTS 13 17 5 11 13 7 11 15 11 5 6 5 12 12 8 15 4 9 17 19 11 10 12 16 8 9 13 4
COSTS 13 17 4 11 13 7 11 15 11 4 8 5 12 12 8 15 5 9 16 19 7 13 13 17 10 9 13 4
COSTS 13 17 4 11 13 7 12 15 11 5 6 5 12 9 8 15 4 9 17 19 11 10 12 16 8 9 13 4
COSTS 13 17 5 11 13 7 11 15 11 4 8 7 12 9 8 15 4 9 17 19 11 10 12 16 8 9 13 4
COSTS 13 17 4 11 13 7 12 15 11 5 6 5 12 9 8 15 4 9 17 19 7 10 12 16 8 9 13 4
COSTS 13 17 4 11 13 7 12 15 11 5 6 5 12 9 8 15 4 9 17 19 7 10 12 16 8 9 13 4
COSTS 13 17 4 11 13 7 12 15 11 5 6 5 12 9 8 15 4 9 17 19 7 10 12 16 8 9 13 4
END
STATE c53617943d26206a717f8a73f2832b135ff485821edb64699d65ecc0b3157481 6003 24 28
LABELS 0 0 0 0 0 0 0 0 0 0 0 1 1 0 0 0 0 0 0 0 0 0 0 0
MASSES 29 16 30 23 24 18 3 10 11 27 22 23 4 6 2 26 4 8 11 1 31 5 11 24
QUERY_IDS 0 1 2 3 4 5 7 8 9 10 11 12 15 16 17 19 20 21 22 23 25 26 27 30 31 32 33 34
RESPONSES 0 0 0 0 1 1 0 0 1 1 0 1 0 0 0 1 1 1 1 1 1 1 1 1 1 1 1 1
RESPONSES 1 1 1 1 1 1 1 1 1 1 1 1 1 1 1 1 1 1 1 1 0 1 1 1 1 1 1 1
RESPONSES 1 1 1 1 1 1 1 1 1 1 1 1 1 1 1 1 1 1 1 1 0 1 1 1 1 1 1 1
RESPONSES 1 1 1 1 1 1 1 1 1 1 1 1 1 1 1 1 1 1 1 1 0 1 1 1 1 1 1 1
RESPONSES 1 1 1 1 1 1 1 1 1 1 1 1 1 1 1 1 1 1 1 1 0 1 1 1 1 1 1 1
RESPONSES 0 0 0 0 1 1 1 1 1 1 1 1 1 1 1 1 1 1 1 1 1 1 1 1 1 1 1 1
RESPONSES 0 0 0 1 1 1 1 1 1 1 1 1 1 1 1 1 1 1 1 1 0 0 1 1 1 1 1 1
RESPONSES 0 0 0 0 1 1 1 1 1 1 1 1 1 1 1 1 1 1 1 1 0 0 1 1 1 1 1 1
RESPONSES 0 0 0 0 1 1 1 1 1 1 1 1 1 1 1 1 1 1 1 1 0 0 1 1 1 1 1 1
RESPONSES 1 1 1 1 1 1 1 1 1 1 1 1 1 1 1 1 1 1 1 1 0 0 1 1 1 1 1 1
RESPONSES 1 1 1 1 1 1 1 1 1 1 1 1 0 1 1 1 1 1 1 1 0 0 1 1 1 1 1 1
RESPONSES 0 0 0 0 0 0 0 0 1 1 0 0 0 0 1 0 1 1 0 1 0 0 0 0 0 0 1 1
RESPONSES 0 0 0 0 0 0 0 0 0 0 0 0 0 0 1 0 0 0 0 0 0 0 0 0 0 0 0 0
RESPONSES 1 1 1 1 1 1 0 1 1 1 0 1 1 1 1 1 1 1 1 1 1 1 1 1 1 1 1 1
RESPONSES 0 0 1 1 1 1 1 1 1 1 1 1 1 1 1 1 1 1 0 0 0 0 0 1 1 1 1 1
RESPONSES 0 0 0 0 1 1 1 1 1 1 1 1 0 0 1 0 1 1 1 1 0 0 1 0 1 1 1 1
RESPONSES 0 1 1 1 1 1 1 1 1 1 1 1 1 1 1 1 1 1 1 1 0 1 1 1 1 1 1 1
RESPONSES 1 1 1 1 1 1 1 1 1 1 1 1 1 1 1 1 1 1 1 1 1 1 1 1 1 1 1 1
RESPONSES 0 0 0 1 1 1 1 1 1 1 1 1 1 1 1 1 1 1 1 1 1 1 1 1 1 1 1 1
RESPONSES 0 0 0 1 1 1 1 1 1 1 1 1 1 1 1 1 1 1 1 1 1 1 1 1 1 1 1 1
RESPONSES 0 0 0 1 1 1 1 1 1 1 1 1 1 1 1 1 1 1 1 1 1 1 1 1 1 1 1 1
RESPONSES 0 1 1 1 1 1 1 1 1 1 1 1 1 1 1 1 1 1 1 1 0 0 1 1 1 1 1 1
RESPONSES 0 1 1 1 1 1 1 1 1 1 1 1 1 1 1 1 1 1 1 1 0 0 1 1 1 1 1 1
RESPONSES 0 1 1 1 1 1 1 1 1 1 1 1 1 1 1 1 1 1 1 1 0 0 1 1 1 1 1 1
COSTS 13 17 12 5 11 13 7 11 15 11 4 6 12 13 8 4 9 13 17 19 19 11 10 11 8 9 13 4
COSTS 14 17 11 4 11 13 7 12 15 11 5 6 9 15 8 4 9 13 17 19 19 11 10 11 8 9 13 4
COSTS 14 17 11 4 11 13 7 12 15 11 5 6 9 15 8 4 9 13 17 19 19 11 10 11 8 9 13 4
COSTS 14 17 11 4 11 13 7 12 15 11 5 6 9 15 8 4 9 13 17 19 19 11 10 11 8 9 13 4
COSTS 14 17 11 4 11 13 7 12 15 11 5 6 9 15 8 4 9 13 17 19 19 11 10 11 8 9 13 4
COSTS 13 17 12 5 11 13 7 12 15 11 5 6 9 15 8 4 9 13 17 19 19 11 10 11 8 9 13 4
COSTS 13 17 12 4 11 13 7 12 15 11 5 6 9 15 8 4 9 13 17 19 19 7 10 11 8 9 13 4
COSTS 13 17 12 5 11 13 7 12 15 11 5 6 9 15 8 4 9 13 17 19 19 7 10 11 8 9 13 4
COSTS 13 17 12 5 11 13 7 12 15 11 5 6 9 15 8 4 9 13 17 19 19 7 10 11 8 9 13 4
COSTS 14 17 11 4 11 13 7 12 15 11 5 6 9 15 8 4 9 13 17 19 19 7 10 11 8 9 13 4
COSTS 14 17 11 4 11 13 7 12 15 11 5 6 12 15 8 4 9 13 17 19 19 7 10 11 8 9 13 4
COSTS 13 17 12 5 14 11 7 11 15 11 4 8 12 13 8 5 9 13 16 19 19 7 13 10 10 8 13 4
COSTS 13 17 12 5 14 11 7 11 15 10 4 8 12 13 8 5 9 17 16 16 19 7 13 10 10 8 16 1
COSTS 14 17 11 4 11 13 7 12 15 11 4 6 9 15 8 4 9 13 17 19 19 11 10 11 8 9 13 4
COSTS 13 17 11 4 11 13 7 12 15 11 5 6 9 15 8 4 9 13 16 16 19 7 13 11 8 9 13 4
COSTS 13 17 12 5 11 13 7 12 15 11 5 6 12 13 8 5 9 13 17 19 19 7 10 10 8 9 13 4
COSTS 13 17 11 4 11 13 7 12 15 11 5 6 9 15 8 4 9 13 17 19 19 11 10 11 8 9 13 4
COSTS 14 17 11 4 11 13 7 12 15 11 5 6 9 15 8 4 9 13 17 19 19 11 10 11 8 9 13 4
COSTS 13 17 12 4 11 13 7 12 15 11 5 6 9 15 8 4 9 13 17 19 19 11 10 11 8 9 13 4
COSTS 13 17 12 4 11 13 7 12 15 11 5 6 9 15 8 4 9 13 17 19 19 11 10 11 8 9 13 4
COSTS 13 17 12 4 11 13 7 12 15 11 5 6 9 15 8 4 9 13 17 19 19 11 10 11 8 9 13 4
COSTS 13 17 11 4 11 13 7 12 15 11 5 6 9 15 8 4 9 13 17 19 19 7 10 11 8 9 13 4
COSTS 13 17 11 4 11 13 7 12 15 11 5 6 9 15 8 4 9 13 17 19 19 7 10 11 8 9 13 4
COSTS 13 17 11 4 11 13 7 12 15 11 5 6 9 15 8 4 9 13 17 19 19 7 10 11 8 9 13 4
END
STATE c65e4f3c662c00bb465465a8e0360f1f8d0f65f6b0925f047eec48757ce44e32 6003 24 21
LABELS 2 1 3 0 0 0 0 0 0 0 0 0 0 0 0 0 2 0 1 1 0 0 1 0
MASSES 30 3 14 26 29 9 16 31 8 18 3 9 1 11 19 13 23 27 25 5 28 27 13 16
QUERY_IDS 0 1 2 4 5 6 8 12 20 21 24 25 27 28 29 31 34 36 37 38 39
RESPONSES 0 0 0 0 0 0 3 1 1 1 0 1 1 1 1 1 0 1 1 1 1
RESPONSES 0 1 1 1 1 1 0 1 0 1 0 0 1 1 1 1 0 1 1 1 1
RESPONSES 0 1 1 1 1 1 3 1 0 1 1 0 0 0 0 1 0 1 1 1 1
RESPONSES 0 1 1 1 1 1 3 1 0 1 1 0 0 0 0 0 1 1 1 1 0
RESPONSES 0 0 0 1 1 1 1 0 0 0 0 0 0 0 0 1 0 1 1 1 0
RESPONSES 0 0 0 0 0 1 2 0 0 0 0 0 1 1 1 1 1 1 1 1 0
RESPONSES 1 1 1 1 1 1 3 1 0 1 1 0 1 1 1 1 0 1 1 1 1
RESPONSES 0 1 1 1 1 1 2 0 1 1 1 0 0 0 1 1 1 1 1 1 0
RESPONSES 1 1 1 1 1 1 2 1 1 1 0 0 0 0 0 0 0 0 0 0 2
RESPONSES 0 0 0 0 0 1 2 0 1 1 1 0 0 0 0 1 1 1 1 1 0
RESPONSES 0 0 1 1 1 1 1 1 0 0 0 0 0 0 0 1 1 1 1 1 0
RESPONSES 0 1 1 1 1 1 2 1 0 1 0 0 1 1 1 1 1 1 1 1 0
RESPONSES 0 0 0 1 1 1 1 1 0 1 0 0 0 0 1 1 1 1 1 1 0
RESPONSES 0 0 1 1 1 1 3 0 0 1 1 0 0 0 0 0 1 1 1 1 0
RESPONSES 0 1 1 1 1 1 1 1 1 1 1 0 0 0 0 0 1 1 1 1 1
RESPONSES 0 0 0 0 0 1 3 0 0 0 1 0 0 0 1 1 0 1 1 1 1
RESPONSES 0 0 1 1 1 1 3 1 0 0 0 0 1 1 1 1 0 1 1 1 1
RESPONSES 0 0 0 1 1 1 2 1 1 1 1 0 0 0 1 1 0 1 1 1 1
RESPONSES 1 1 1 1 1 1 3 1 0 0 1 0 0 0 1 1 1 1 1 1 0
RESPONSES 0 0 0 1 1 1 3 0 1 1 0 0 1 1 1 1 1 1 1 1 1
RESPONSES 1 1 1 1 1 1 2 1 0 1 1 0 0 0 0 1 1 1 1 1 0
RESPONSES 1 1 1 1 1 1 1 1 0 0 0 0 0 0 0 1 1 1 1 1 0
RESPONSES 0 1 1 1 1 1 1 1 1 1 0 0 0 0 0 1 0 1 1 1 2
RESPONSES 0 0 0 1 1 1 2 1 0 0 0 0 0 0 0 1 1 1 1 1 0
COSTS 6 11 15 16 11 10 4 13 11 13 3 2 7 11 8 15 17 16 6 16 9
COSTS 6 7 17 17 13 7 5 13 15 13 3 5 7 11 8 15 17 16 6 16 9
COSTS 6 7 17 17 13 7 4 13 15 13 4 5 6 14 10 15 17 16 6 16 9
COSTS 6 7 17 17 13 7 4 13 15 13 4 5 6 14 10 16 15 16 6 16 13
COSTS 6 11 15 17 13 7 3 16 15 13 3 5 6 14 10 15 17 16 6 16 13
COSTS 6 11 15 16 11 7 4 16 15 13 3 5 7 11 8 15 15 16 6 16 13
COSTS 10 7 17 17 13 7 4 13 15 13 4 5 7 11 8 15 17 16 6 16 9
COSTS 6 7 17 17 13 7 4 16 11 13 4 5 6 14 8 15 15 16 6 16 13
COSTS 10 7 17 17 13 7 4 13 11 13 3 5 6 14 10 16 17 16 6 19 11
COSTS 6 11 15 16 11 7 4 16 11 13 4 5 6 14 10 15 15 16 6 16 13
COSTS 6 11 17 17 13 7 3 13 15 13 3 5 6 14 10 15 15 16 6 16 13
COSTS 6 7 17 17 13 7 4 13 15 13 3 5 7 11 8 15 15 16 6 16 13
COSTS 6 11 15 17 13 7 3 13 15 13 3 5 6 14 8 15 15 16 6 16 13
COSTS 6 11 17 17 13 7 4 16 15 13 4 5 6 14 10 16 15 16 6 16 13
COSTS 6 7 17 17 13 7 3 13 11 13 4 5 6 14 10 16 15 16 6 16 9
COSTS 6 11 15 16 11 7 4 16 15 13 4 5 6 14 8 15 17 16 6 16 9
COSTS 6 11 17 17 13 7 4 13 15 13 3 5 7 11 8 15 17 16 6 16 9
COSTS 6 11 15 17 13 7 4 13 11 13 4 5 6 14 8 15 17 16 6 16 9
COSTS 10 7 17 17 13 7 4 13 15 13 4 5 6 14 8 15 15 16 6 16 13
COSTS 6 11 15 17 13 7 4 16 11 13 3 5 7 11 8 15 15 16 6 16 9
COSTS 10 7 17 17 13 7 4 13 15 13 4 5 6 14 10 15 15 16 6 16 13
COSTS 10 7 17 17 13 7 3 13 15 13 3 5 6 14 10 15 15 16 6 16 13
COSTS 6 7 17 17 13 7 3 13 11 13 3 5 6 14 10 15 17 16 6 16 11
COSTS 6 11 15 17 13 7 4 13 15 13 3 5 6 14 10 15 15 16 6 16 13
END
STATE c7496da12b226edcb8b384f712fde8e750f5766d801d53547affb889c0987a2d 6002 24 28
LABELS 0 0 0 0 0 0 0 0 0 1 0 0 0 0 0 0 1 0 0 0 0 0 0 0
MASSES 6 27 21 28 9 28 1 29 25 23 6 15 18 31 25 15 3 27 24 17 25 10 10 27
QUERY_IDS 0 1 2 3 4 5 7 8 9 10 11 12 15 16 17 19 20 21 22 23 25 26 27 28 29 30 31 32
RESPONSES 0 0 1 1 1 1 1 1 1 1 1 1 1 1 1 1 1 1 1 1 1 1 1 1 1 1 1 1
RESPONSES 0 0 1 1 1 1 1 1 1 1 1 1 1 1 1 1 1 1 1 1 1 1 1 1 1 1 1 1
RESPONSES 0 0 1 1 1 1 0 1 1 1 0 1 0 1 1 1 1 1 1 1 0 0 1 1 1 0 1 1
RESPONSES 1 1 1 1 1 1 1 1 1 1 1 1 1 1 1 1 1 1 1 1 0 1 1 1 1 1 1 1
RESPONSES 0 0 0 0 1 1 0 0 1 1 1 1 1 1 1 1 1 1 1 1 1 1 1 1 1 1 1 1
RESPONSES 0 1 1 1 1 1 0 0 1 1 1 1 1 1 1 1 1 1 1 1 0 1 1 1 1 1 1 1
RESPONSES 0 0 0 0 1 1 1 1 1 1 1 1 1 1 1 1 1 1 1 1 1 1 1 1 1 1 1 1
RESPONSES 0 0 0 1 1 1 1 1 1 1 1 1 1 1 1 1 1 1 1 1 0 0 1 1 1 1 1 1
RESPONSES 0 0 0 1 1 1 0 1 1 1 1 1 1 1 1 1 1 1 1 1 1 1 1 1 1 1 1 1
RESPONSES 0 0 0 0 0 1 0 0 0 0 0 0 0 0 0 0 1 1 0 1 0 0 0 0 1 0 0 0
RESPONSES 0 0 1 1 1 1 1 1 1 1 1 1 1 1 1 1 1 1 1 1 0 1 1 1 1 0 1 1
RESPONSES 0 0 0 0 1 1 1 1 1 1 1 1 1 1 1 1 1 1 1 1 0 0 1 1 1 1 1 1
RESPONSES 1 1 1 1 1 1 1 1 1 1 1 1 1 1 1 1 1 1 1 1 0 0 1 1 1 1 1 1
RESPONSES 1 1 1 1 1 1 1 1 1 1 1 1 1 1 1 1 1 1 1 1 0 0 1 1 1 1 1 1
RESPONSES 0 0 0 1 1 1 1 1 1 1 0 1 1 1 1 1 1 1 1 1 0 1 1 1 1 1 1 1
RESPONSES 0 0 0 1 1 1 1 1 1 1 0 1 1 1 1 1 1 1 1 1 1 1 1 1 1 1 1 1
RESPONSES 0 0 0 0 0 0 0 0 0 0 0 0 0 0 0 0 0 0 0 1 0 0 0 0 0 0 1 1
RESPONSES 0 0 1 1 1 1 1 1 1 1 1 1 1 1 1 1 1 1 1 1 0 0 1 1 1 1 1 1
RESPONSES 0 0 1 1 1 1 1 1 1 1 1 1 1 1 1 1 1 1 1 1 0 0 1 1 1 1 1 1
RESPONSES 1 1 1 1 1 1 0 1 1 1 0 1 1 1 1 1 1 1 1 1 1 1 1 1 1 1 1 1
RESPONSES 0 0 1 1 1 1 1 1 1 1 1 1 1 1 1 1 1 1 0 0 0 0 0 0 1 1 1 1
RESPONSES 0 0 0 0 1 1 1 1 1 1 1 1 1 1 1 1 1 1 1 1 0 1 1 1 1 0 1 1
RESPONSES 0 0 0 1 1 1 1 1 1 1 1 1 1 1 1 1 1 1 1 1 1 1 1 1 1 1 1 1
RESPONSES 0 0 0 1 1 1 0 0 1 1 0 1 1 1 1 1 1 1 1 1 0 0 1 1 1 0 1 1
COSTS 12 10 10 9 9 9 13 11 8 14 14 3 4 9 16 17 5 14 4 7 15 11 18 11 16 4 1 5
COSTS 12 10 10 9 9 9 13 11 8 14 14 3 4 9 16 17 5 14 4 7 15 11 18 11 16 4 1 5
COSTS 12 10 10 9 9 9 11 11 8 14 15 3 3 9 16 17 5 14 4 7 16 12 18 11 16 5 1 5
COSTS 14 11 10 9 9 9 13 11 8 14 14 3 4 9 16 17 5 14 4 7 16 11 18 11 16 4 1 5
COSTS 12 10 14 7 9 9 11 11 8 14 14 3 4 9 16 17 5 14 4 7 15 11 18 11 16 4 1 5
COSTS 12 11 10 9 9 9 11 11 8 14 14 3 4 9 16 17 5 14 4 7 16 11 18 11 16 4 1 5
COSTS 12 10 14 7 9 9 13 11 8 14 14 3 4 9 16 17 5 14 4 7 15 11 18 11 16 4 1 5
COSTS 12 10 14 9 9 9 13 11 8 14 14 3 4 9 16 17 5 14 4 7 16 12 18 11 16 4 1 5
COSTS 12 10 14 9 9 9 11 11 8 14 14 3 4 9 16 17 5 14 4 7 15 11 18 11 16 4 1 5
COSTS 12 10 14 7 9 9 11 11 8 15 15 3 3 8 13 14 5 14 1 7 16 12 17 9 16 5 2 2
COSTS 12 10 10 9 9 9 13 11 8 14 14 3 4 9 16 17 5 14 4 7 16 11 18 11 16 5 1 5
COSTS 12 10 14 7 9 9 13 11 8 14 14 3 4 9 16 17 5 14 4 7 16 12 18 11 16 4 1 5
COSTS 14 11 10 9 9 9 13 11 8 14 14 3 4 9 16 17 5 14 4 7 16 12 18 11 16 4 1 5
COSTS 14 11 10 9 9 9 13 11 8 14 14 3 4 9 16 17 5 14 4 7 16 12 18 11 16 4 1 5
COSTS 12 10 14 9 9 9 13 11 8 14 15 3 4 9 16 17 5 14 4 7 16 11 18 11 16 4 1 5
COSTS 12 10 14 9 9 9 13 11 8 14 15 3 4 9 16 17 5 14 4 7 15 11 18 11 16 4 1 5
COSTS 12 10 14 7 9 11 11 11 8 15 15 3 3 8 13 14 7 14 1 7 16 12 17 9 14 5 1 5
COSTS 12 10 10 9 9 9 13 11 8 14 14 3 4 9 16 17 5 14 4 7 16 12 18 11 16 4 1 5
COSTS 12 10 10 9 9 9 13 11 8 14 14 3 4 9 16 17 5 14 4 7 16 12 18 11 16 4 1 5
COSTS 14 11 10 9 9 9 11 11 8 14 15 3 4 9 16 17 5 14 4 7 15 11 18 11 16 4 1 5
COSTS 12 10 10 9 9 9 13 11 8 14 14 3 4 9 16 17 5 14 1 11 16 12 17 9 16 4 1 5
COSTS 12 10 14 7 9 9 13 11 8 14 14 3 4 9 16 17 5 14 4 7 16 11 18 11 16 5 1 5
COSTS 12 10 14 9 9 9 13 11 8 14 14 3 4 9 16 17 5 14 4 7 15 11 18 11 16 4 1 5
COSTS 12 10 14 9 9 9 11 11 8 14 15 3 4 9 16 17 5 14 4 7 16 12 18 11 16 5 1 5
END
STATE c7fbf3a0132eaf07f084530c376d3808b53cfa068bd8a1b2cb177f2fc7bc12c4 6002 24 28
LABELS 1 0 0 0 0 0 0 0 0 0 0 0 0 0 0 0 0 1 0 0 0 0 0 0
MASSES 6 13 26 23 27 29 25 30 9 31 3 17 26 16 5 20 29 13 6 12 21 26 29 24
QUERY_IDS 0 1 2 3 7 8 9 10 11 12 13 14 15 16 19 20 21 22 23 24 25 26 27 30 31 32 33 34
RESPONSES 0 0 0 0 0 0 0 0 0 0 0 0 0 0 0 0 0 1 1 1 0 0 0 0 0 0 0 0
RESPONSES 0 0 1 1 1 1 1 1 1 1 1 1 1 1 1 1 1 1 1 1 1 1 1 1 1 1 1 1
RESPONSES 1 1 1 1 1 1 1 1 1 1 1 1 0 0 1 1 1 1 1 1 1 1 1 1 1 1 1 1
RESPONSES 1 1 1 1 1 1 1 1 0 1 1 1 0 1 1 1 1 1 1 1 0 0 1 1 1 1 1 1
RESPONSES 1 1 1 1 1 1 1 1 1 1 1 1 1 1 1 1 1 1 1 1 0 1 1 1 1 1 1 1
RESPONSES 0 0 1 1 1 1 1 1 0 1 1 1 1 1 1 1 1 0 0 0 0 1 1 1 1 1 1 1
RESPONSES 0 0 0 1 1 1 1 1 1 1 1 1 1 1 1 1 1 1 1 1 0 0 1 1 1 1 1 1
RESPONSES 0 1 1 1 1 1 1 1 1 1 1 1 1 1 1 1 1 1 1 1 1 1 1 1 1 1 1 1
RESPONSES 0 1 1 1 1 1 1 1 1 1 1 1 1 1 1 1 1 1 1 1 1 1 1 1 1 1 1 1
RESPONSES 0 1 1 1 1 1 1 1 1 1 1 1 1 1 1 1 1 1 1 1 1 1 1 1 1 1 1 1
RESPONSES 1 1 1 1 1 1 1 1 1 1 1 1 1 1 1 1 1 1 1 1 0 0 1 1 1 1 1 1
RESPONSES 1 1 1 1 1 1 1 1 1 1 1 1 1 1 1 1 1 1 1 1 0 0 1 1 1 1 1 1
RESPONSES 0 0 0 1 1 1 1 1 1 1 1 1 0 0 1 1 1 1 1 1 0 1 1 1 1 1 1 1
RESPONSES 0 1 1 1 1 1 1 1 1 1 1 1 1 1 0 1 1 1 1 1 0 1 1 1 1 1 1 1
RESPONSES 0 0 1 1 1 1 1 1 1 1 1 1 1 1 1 1 1 0 0 0 0 0 1 1 1 1 1 1
RESPONSES 0 0 0 1 1 1 1 1 1 1 1 1 1 1 1 1 1 1 1 1 1 1 1 0 1 1 1 1
RESPONSES 0 0 1 1 1 1 1 1 1 1 1 1 1 1 1 1 1 1 1 1 0 0 1 1 1 1 1 1
RESPONSES 0 0 0 0 0 0 0 1 0 0 1 1 0 1 0 0 1 0 1 1 0 0 0 0 1 1 1 1
RESPONSES 0 1 1 1 0 0 1 1 1 1 1 1 1 1 0 0 1 1 1 1 1 1 1 1 1 1 1 1
RESPONSES 0 0 0 0 1 1 1 1 1 1 1 1 1 1 1 1 1 1 1 1 0 1 1 1 1 1 1 1
RESPONSES 0 0 0 0 1 1 1 1 1 1 1 1 0 1 1 1 1 1 1 1 0 1 1 1 1 1 1 1
RESPONSES 1 1 1 1 1 1 1 1 0 1 1 1 1 1 1 1 1 1 1 1 0 1 1 1 1 1 1 1
RESPONSES 0 0 0 1 1 1 1 1 1 1 1 1 1 1 1 1 1 1 1 1 1 1 1 1 1 1 1 1
RESPONSES 0 1 1 1 1 1 1 1 1 1 1 1 1 1 1 1 1 1 1 1 0 0 1 1 1 1 1 1
COSTS 12 10 14 7 11 11 8 15 15 3 7 8 3 8 14 7 14 4 7 16 16 12 17 5 2 2 10 10
COSTS 12 10 10 9 13 11 8 14 14 3 4 9 4 9 17 5 14 4 7 16 15 11 18 4 1 5 12 9
COSTS 14 11 10 9 13 11 8 14 14 3 4 9 3 8 17 5 14 4 7 16 15 11 18 4 1 5 12 9
COSTS 14 11 10 9 13 11 8 14 15 3 4 9 3 9 17 5 14 4 7 16 16 12 18 4 1 5 12 9
COSTS 14 11 10 9 13 11 8 14 14 3 4 9 4 9 17 5 14 4 7 16 16 11 18 4 1 5 12 9
COSTS 12 10 10 9 13 11 8 14 15 3 4 9 4 9 17 5 14 1 11 16 16 11 18 4 1 5 12 9
COSTS 12 10 14 9 13 11 8 14 14 3 4 9 4 9 17 5 14 4 7 16 16 12 18 4 1 5 12 9
COSTS 12 11 10 9 13 11 8 14 14 3 4 9 4 9 17 5 14 4 7 16 15 11 18 4 1 5 12 9
COSTS 12 11 10 9 13 11 8 14 14 3 4 9 4 9 17 5 14 4 7 16 15 11 18 4 1 5 12 9
COSTS 12 11 10 9 13 11 8 14 14 3 4 9 4 9 17 5 14 4 7 16 15 11 18 4 1 5 12 9
COSTS 14 11 10 9 13 11 8 14 14 3 4 9 4 9 17 5 14 4 7 16 16 12 18 4 1 5 12 9
COSTS 14 11 10 9 13 11 8 14 14 3 4 9 4 9 17 5 14 4 7 16 16 12 18 4 1 5 12 9
COSTS 12 10 14 9 13 11 8 14 14 3 4 9 3 8 17 5 14 4 7 16 16 11 18 4 1 5 12 9
COSTS 12 11 10 9 13 11 8 14 14 3 4 9 4 9 14 5 14 4 7 16 16 11 18 4 1 5 12 9
COSTS 12 10 10 9 13 11 8 14 14 3 4 9 4 9 17 5 14 1 11 16 16 12 18 4 1 5 12 9
COSTS 12 10 14 9 13 11 8 14 14 3 4 9 4 9 17 5 14 4 7 16 15 11 18 5 1 5 12 9
COSTS 12 10 10 9 13 11 8 14 14 3 4 9 4 9 17 5 14 4 7 16 16 12 18 4 1 5 12 9
COSTS 12 10 14 7 11 11 8 14 15 3 4 9 3 9 14 7 14 1 7 16 16 12 17 5 1 5 12 9
COSTS 12 11 10 9 11 11 8 14 14 3 4 9 4 9 14 7 14 4 7 16 15 11 18 4 1 5 12 9
COSTS 12 10 14 7 13 11 8 14 14 3 4 9 4 9 17 5 14 4 7 16 16 11 18 4 1 5 12 9
COSTS 12 10 14 7 13 11 8 14 14 3 4 9 3 9 17 5 14 4 7 16 16 11 18 4 1 5 12 9
COSTS 14 11 10 9 13 11 8 14 15 3 4 9 4 9 17 5 14 4 7 16 16 11 18 4 1 5 12 9
COSTS 12 10 14 9 13 11 8 14 14 3 4 9 4 9 17 5 14 4 7 16 15 11 18 4 1 5 12 9
COSTS 12 11 10 9 13 11 8 14 14 3 4 9 4 9 17 5 14 4 7 16 16 12 18 4 1 5 12 9
END
STATE c82cb404a7402f02efc2584b51c1b1043e076a49acc3c011db021e7886a0e6b6 6003 24 24
LABELS 1 0 1 0 1 0 1 1 0 0 0 1 0 0 1 0 1 1 1 0 1 1 0 0
MASSES 26 8 11 5 21 19 20 26 30 19 15 31 10 8 21 17 16 9 19 22 23 10 8 17
QUERY_IDS 0 1 2 6 7 12 14 15 16 17 18 19 20 21 22 23 26 27 28 29 30 32 33 38
RESPONSES 1 1 1 0 0 1 0 0 0 0 0 0 0 0 0 1 0 0 0 0 1 0 0 0
RESPONSES 0 0 0 1 1 1 1 1 1 1 1 1 0 0 1 1 1 1 1 1 1 1 1 1
RESPONSES 0 0 0 0 0 1 0 0 0 0 0 0 1 1 1 1 1 1 1 1 1 1 1 0
RESPONSES 0 0 0 0 0 1 0 0 0 0 1 1 0 0 0 0 1 1 1 1 1 0 0 0
RESPONSES 0 0 0 0 0 1 0 0 0 0 1 1 1 1 1 1 1 1 1 1 1 0 1 1
RESPONSES 0 0 0 0 0 1 0 0 0 0 1 1 1 1 1 1 1 1 1 1 1 0 0 1
RESPONSES 0 0 0 0 0 1 0 0 0 1 1 1 1 1 1 1 1 1 1 1 1 0 0 0
RESPONSES 1 1 1 0 0 0 0 0 0 1 1 1 1 1 1 1 1 1 1 1 1 0 0 1
RESPONSES 0 0 0 0 0 1 0 0 1 1 1 1 0 0 0 0 0 0 0 0 0 1 1 1
RESPONSES 0 0 0 1 1 1 1 1 1 1 1 1 1 1 1 1 1 1 1 1 1 0 0 0
RESPONSES 0 0 0 0 0 1 0 0 0 0 0 0 0 0 1 1 1 1 1 1 1 1 1 0
RESPONSES 0 0 0 0 0 1 0 0 0 0 1 1 1 1 1 1 1 1 1 1 1 0 0 1
RESPONSES 0 0 0 0 0 1 0 0 0 1 1 1 0 0 0 0 1 1 1 1 1 0 0 1
RESPONSES 0 0 0 0 0 1 0 0 0 0 1 1 0 0 0 0 0 0 0 0 1 0 0 1
RESPONSES 0 0 0 0 0 0 0 0 1 1 1 1 0 0 0 0 0 0 0 0 1 1 1 1
RESPONSES 0 0 0 0 0 1 0 0 0 1 1 1 0 0 0 0 0 0 1 1 1 1 1 1
RESPONSES 0 0 0 0 0 1 0 0 1 1 1 1 0 0 0 1 1 1 1 1 1 0 1 1
RESPONSES 0 0 0 0 0 1 0 0 0 0 1 1 1 1 1 1 1 1 1 1 1 0 0 1
RESPONSES 0 0 0 0 0 0 1 1 1 1 1 1 0 0 0 0 1 1 1 1 1 0 0 0
RESPONSES 0 0 0 0 0 1 0 0 1 1 1 1 0 0 0 0 0 0 1 1 1 0 0 1
RESPONSES 0 0 0 0 0 1 0 0 0 0 1 1 0 0 0 0 0 0 0 0 0 0 0 0
RESPONSES 0 0 0 0 0 1 0 0 0 0 0 0 1 1 1 1 1 1 1 1 1 0 0 1
RESPONSES 1 1 1 1 1 1 0 0 0 0 1 1 1 1 1 1 1 1 1 1 1 0 0 0
RESPONSES 0 0 0 0 0 1 0 0 0 0 1 1 1 1 1 1 1 1 1 1 1 0 0 0
COSTS 13 7 14 15 10 8 7 5 6 12 14 14 18 5 16 8 16 14 2 8 12 9 13 6
COSTS 14 6 11 15 11 8 9 4 7 9 14 11 18 5 14 8 14 13 4 8 12 7 13 3
COSTS 14 6 11 15 10 8 7 5 6 12 14 14 18 4 14 8 14 13 4 8 12 7 13 6
COSTS 14 6 11 15 10 8 7 5 6 12 14 11 18 5 16 10 14 13 4 8 12 9 13 6
COSTS 14 6 11 15 10 8 7 5 6 12 14 11 18 4 14 8 14 13 4 8 12 9 13 3
COSTS 14 6 11 15 10 8 7 5 6 12 14 11 18 4 14 8 14 13 4 8 12 9 13 3
COSTS 14 6 11 15 10 8 7 5 6 9 14 11 18 4 14 8 14 13 4 8 12 9 13 6
COSTS 13 7 14 15 10 8 7 5 6 9 14 11 18 4 14 8 14 13 4 8 12 9 13 3
COSTS 14 6 11 15 10 8 7 5 7 9 14 11 18 5 16 10 16 14 2 8 11 7 13 3
COSTS 14 6 11 15 11 8 9 4 7 9 14 11 18 4 14 8 14 13 4 8 12 9 13 6
COSTS 14 6 11 15 10 8 7 5 6 12 14 14 18 5 14 8 14 13 4 8 12 7 13 6
COSTS 14 6 11 15 10 8 7 5 6 12 14 11 18 4 14 8 14 13 4 8 12 9 13 3
COSTS 14 6 11 15 10 8 7 5 6 9 14 11 18 5 16 10 14 13 4 8 12 9 13 3
COSTS 14 6 11 15 10 8 7 5 6 12 14 11 18 5 16 10 16 14 2 8 12 9 13 3
COSTS 14 6 11 15 10 8 7 5 7 9 14 11 18 5 16 10 16 14 2 8 12 7 13 3
COSTS 14 6 11 15 10 8 7 5 6 9 14 11 18 5 16 10 16 14 4 8 12 7 13 3
COSTS 14 6 11 15 10 8 7 5 7 9 14 11 18 5 16 8 14 13 4 8 12 9 13 3
COSTS 14 6 11 15 10 8 7 5 6 12 14 11 18 4 14 8 14 13 4 8 12 9 13 3
COSTS 14 6 11 15 10 8 9 4 7 9 14 11 18 5 16 10 14 13 4 8 12 9 13 6
COSTS 14 6 11 15 10 8 7 5 7 9 14 11 18 5 16 10 16 14 4 8 12 9 13 3
COSTS 14 6 11 15 10 8 7 5 6 12 14 11 18 5 16 10 16 14 2 8 11 9 13 6
COSTS 14 6 11 15 10 8 7 5 6 12 14 14 18 4 14 8 14 13 4 8 12 9 13 3
COSTS 13 7 14 15 11 8 7 5 6 12 14 11 18 4 14 8 14 13 4 8 12 9 13 6
COSTS 14 6 11 15 10 8 7 5 6 12 14 11 18 4 14 8 14 13 4 8 12 9 13 6
END
STATE c9a7215d970c9e86e399e2f7c041f99c87925d8f19960723d90736bc22b7af46 6002 24 32
LABELS 0 3 0 1 5 2 2 0 5 3 2 1 5 4 1 5 2 1 0 1 1 5 0 5
MASSES 19 11 19 23 15 10 28 20 27 9 23 1 13 17 8 21 13 8 16 5 7 23 24 12
QUERY_IDS 0 1 4 5 7 8 9 14 20 21 25 26 27 32 33 38 39 40 41 42 45 59 60 61 62 63 64 65 72 73 74 75
RESPONSES 0 0 0 0 1 0 0 1 1 1 0 0 0 0 0 0 0 0 1 1 1 1 1 1 1 1 1 0 0 0 0 0
RESPONSES 0 0 0 0 1 0 0 1 0 1 0 0 1 0 0 0 0 0 0 0 0 1 1 1 1 1 1 0 0 0 0 0
RESPONSES 1 0 0 0 1 0 0 1 1 1 0 0 0 0 0 0 0 0 0 0 1 1 1 1 1 1 1 0 0 0 0 0
RESPONSES 0 0 0 0 0 0 0 1 1 1 0 0 0 0 0 0 0 0 0 0 0 1 1 1 1 1 1 1 0 1 1 1
RESPONSES 0 0 0 0 0 0 0 1 1 1 0 0 0 0 0 0 0 0 0 0 0 1 1 1 1 1 1 0 0 0 0 0
RESPONSES 1 0 0 0 1 0 1 1 1 1 0 0 0 0 0 0 0 0 0 0 1 1 1 1 1 1 1 0 0 0 0 0
RESPONSES 1 0 0 0 1 0 1 1 1 1 0 0 0 0 0 0 0 0 0 0 1 1 1 1 1 1 1 0 0 0 0 0
RESPONSES 1 0 1 1 1 0 0 1 1 1 1 1 1 0 0 0 0 0 0 0 0 1 1 1 1 1 1 1 0 0 0 0
RESPONSES 0 0 0 0 0 0 0 1 1 1 0 0 0 0 0 0 0 0 0 0 0 1 1 1 1 1 1 1 0 0 0 0
RESPONSES 0 0 0 0 1 0 0 1 0 1 0 0 1 0 0 0 0 0 0 0 0 1 1 1 1 1 1 0 0 0 0 0
RESPONSES 0 0 0 0 1 0 0 1 1 1 0 0 0 0 0 0 0 0 0 0 1 1 1 1 1 1 1 0 0 0 0 0
RESPONSES 0 0 0 0 1 0 0 1 0 1 0 0 0 0 0 0 0 0 0 0 1 1 1 1 1 1 1 0 0 0 0 0
RESPONSES 1 0 1 1 1 0 0 1 1 1 0 0 0 0 0 0 0 0 0 0 0 1 1 1 1 1 1 0 0 0 0 0
RESPONSES 1 1 1 1 1 1 0 0 1 1 0 0 1 0 0 1 1 1 1 1 0 0 0 0 0 0 0 0 0 0 0 0
RESPONSES 0 0 0 0 1 0 1 1 0 0 0 0 0 1 1 0 0 1 1 1 0 0 0 0 0 0 0 0 1 1 1 1
RESPONSES 1 0 1 1 1 0 0 1 1 1 0 0 0 0 0 0 0 0 0 0 0 1 1 1 1 1 1 0 0 0 0 0
RESPONSES 1 0 0 0 1 0 1 1 1 1 0 0 0 0 0 0 0 0 0 0 1 1 1 1 1 1 1 0 0 0 0 0
RESPONSES 0 0 1 1 1 1 1 1 1 1 0 0 0 0 0 0 0 1 1 1 0 1 1 1 1 1 1 0 0 0 0 0
RESPONSES 1 0 0 0 1 0 1 1 1 1 0 0 0 0 0 0 0 0 0 0 1 1 1 1 1 1 1 0 0 0 0 0
RESPONSES 0 0 0 0 1 0 0 1 0 1 0 0 1 0 0 0 0 0 0 0 1 1 1 1 1 1 1 1 0 0 0 0
RESPONSES 0 0 1 1 1 1 1 1 1 1 0 0 0 0 0 0 0 1 1 1 0 1 1 1 1 1 1 0 0 0 0 0
RESPONSES 0 0 0 0 0 0 0 1 1 1 0 0 0 0 0 0 0 0 0 0 0 1 1 1 1 1 1 0 0 0 0 0
RESPONSES 1 0 1 1 1 0 0 1 1 1 0 0 0 0 0 0 0 0 0 0 1 1 1 1 1 1 1 0 0 0 0 0
RESPONSES 0 0 0 0 1 0 0 1 1 1 0 0 0 0 0 0 0 0 0 0 0 1 1 1 1 1 1 0 0 0 0 0
COSTS 18 19 3 14 3 5 8 5 5 13 11 15 10 8 9 16 13 11 3 13 11 4 3 17 6 7 11 9 10 5 17 2
COSTS 18 19 3 14 3 5 8 5 6 13 11 15 10 8 9 16 13 11 4 13 12 4 3 17 6 7 11 9 10 5 17 2
COSTS 16 19 3 14 3 5 8 5 5 13 11 15 10 8 9 16 13 11 4 13 11 4 3 17 6 7 11 9 10 5 17 2
COSTS 18 19 3 14 5 5 8 5 5 13 11 15 10 8 9 16 13 11 4 13 12 4 3 17 6 7 11 9 10 1 14 4
COSTS 18 19 3 14 5 5 8 5 5 13 11 15 10 8 9 16 13 11 4 13 12 4 3 17 6 7 11 9 10 5 17 2
COSTS 16 19 3 14 3 5 7 5 5 13 11 15 10 8 9 16 13 11 4 13 11 4 3 17 6 7 11 9 10 5 17 2
COSTS 16 19 3 14 3 5 7 5 5 13 11 15 10 8 9 16 13 11 4 13 11 4 3 17 6 7 11 9 10 5 17 2
COSTS 16 19 6 13 3 5 8 5 5 13 9 14 10 8 9 16 13 11 4 13 12 4 3 17 6 7 11 9 10 5 17 2
COSTS 18 19 3 14 5 5 8 5 5 13 11 15 10 8 9 16 13 11 4 13 12 4 3 17 6 7 11 9 10 5 17 2
COSTS 18 19 3 14 3 5 8 5 6 13 11 15 10 8 9 16 13 11 4 13 12 4 3 17 6 7 11 9 10 5 17 2
COSTS 18 19 3 14 3 5 8 5 5 13 11 15 10 8 9 16 13 11 4 13 11 4 3 17 6 7 11 9 10 5 17 2
COSTS 18 19 3 14 3 5 8 5 6 13 11 15 10 8 9 16 13 11 4 13 11 4 3 17 6 7 11 9 10 5 17 2
COSTS 16 19 6 13 3 5 8 5 5 13 11 15 10 8 9 16 13 11 4 13 12 4 3 17 6 7 11 9 10 5 17 2
COSTS 16 17 6 13 3 6 8 3 5 13 11 15 10 8 9 17 12 11 3 13 12 3 2 16 7 11 14 9 10 5 17 2
COSTS 18 19 3 14 3 5 7 5 6 14 11 15 10 10 11 16 13 11 3 13 12 3 2 16 7 11 14 9 10 1 14 4
COSTS 16 19 6 13 3 5 8 5 5 13 11 15 10 8 9 16 13 11 4 13 12 4 3 17 6 7 11 9 10 5 17 2
COSTS 16 19 3 14 3 5 7 5 5 13 11 15 10 8 9 16 13 11 4 13 11 4 3 17 6 7 11 9 10 5 17 2
COSTS 18 19 6 13 3 6 7 5 5 13 11 15 10 8 9 16 13 11 3 13 12 4 3 17 6 7 11 9 10 5 17 2
COSTS 16 19 3 14 3 5 7 5 5 13 11 15 10 8 9 16 13 11 4 13 11 4 3 17 6 7 11 9 10 5 17 2
COSTS 18 19 3 14 3 5 8 5 6 13 11 15 10 8 9 16 13 11 4 13 11 4 3 17 6 7 11 9 10 5 17 2
COSTS 18 19 6 13 3 6 7 5 5 13 11 15 10 8 9 16 13 11 3 13 12 4 3 17 6 7 11 9 10 5 17 2
COSTS 18 19 3 14 5 5 8 5 5 13 11 15 10 8 9 16 13 11 4 13 12 4 3 17 6 7 11 9 10 5 17 2
COSTS 16 19 6 13 3 5 8 5 5 13 11 15 10 8 9 16 13 11 4 13 11 4 3 17 6 7 11 9 10 5 17 2
COSTS 18 19 3 14 3 5 8 5 5 13 11 15 10 8 9 16 13 11 4 13 12 4 3 17 6 7 11 9 10 5 17 2
END
STATE cb649c05d587cfdd99abaa783cfa1c89b857e0d706d5796c44840e38fe568021 6001 24 24
LABELS 1 1 0 1 1 0 0 1 1 1 0 0 0 0 1 1 1 0 0 1 1 0 0 0
MASSES 24 7 28 4 27 8 19 17 10 22 13 27 31 26 18 16 4 31 12 5 4 4 11 20
QUERY_IDS 7 10 11 12 14 16 19 20 21 23 24 25 26 27 28 29 30 31 33 34 35 39 41 48
RESPONSES 0 1 1 1 0 0 1 0 0 0 0 1 0 0 0 1 1 0 1 1 1 0 0 0
RESPONSES 0 1 1 1 0 0 1 1 1 1 1 1 1 1 1 1 1 0 1 1 1 0 1 0
RESPONSES 0 1 1 1 0 0 1 1 1 1 1 1 1 1 1 1 1 0 1 1 1 0 0 0
RESPONSES 0 0 0 0 0 0 1 1 1 1 1 1 1 1 1 1 1 0 0 0 0 0 1 1
RESPONSES 0 0 0 0 0 1 1 1 1 1 1 1 1 1 1 1 1 0 0 1 1 0 1 0
RESPONSES 1 1 1 1 0 0 1 0 0 1 1 1 1 1 1 1 1 0 1 1 1 1 1 0
RESPONSES 0 1 1 1 0 0 0 1 1 1 1 1 1 1 1 1 1 0 1 1 1 1 1 0
RESPONSES 0 0 0 1 0 0 1 0 0 0 0 0 0 0 0 0 0 0 0 0 0 0 0 1
RESPONSES 0 0 0 0 0 1 1 1 1 1 1 1 1 1 1 1 1 1 1 1 1 0 0 0
RESPONSES 0 1 1 1 0 0 1 1 1 1 1 1 1 1 1 1 1 0 1 1 1 0 0 1
RESPONSES 1 1 1 1 1 1 1 1 1 1 1 1 1 1 1 1 1 0 0 1 1 0 0 0
RESPONSES 0 1 1 1 0 0 1 0 0 1 1 1 0 0 0 1 1 1 1 1 1 0 0 0
RESPONSES 0 1 1 1 1 1 1 0 0 1 1 1 1 1 1 1 1 0 1 1 1 1 1 1
RESPONSES 0 1 1 1 0 1 1 1 1 1 1 1 1 1 1 1 1 1 1 1 1 0 1 1
RESPONSES 0 1 1 1 0 0 0 1 1 1 1 1 1 1 1 1 1 0 0 0 0 1 1 1
RESPONSES 0 1 1 1 0 1 1 1 1 1 1 1 1 1 1 1 1 0 1 1 1 0 0 0
RESPONSES 1 1 1 1 0 0 1 0 0 1 1 1 1 1 1 1 1 0 1 1 1 0 0 0
RESPONSES 0 1 1 1 1 1 1 1 1 1 1 1 1 1 1 1 1 1 1 1 1 1 1 1
RESPONSES 1 1 1 1 0 0 1 1 1 1 1 1 1 1 1 1 1 1 1 1 1 1 1 0
RESPONSES 0 1 1 1 0 1 1 1 1 1 1 1 1 1 1 1 1 0 0 1 1 0 0 0
RESPONSES 0 1 1 1 1 1 1 0 0 1 1 1 1 1 1 1 1 0 1 1 1 0 1 1
RESPONSES 1 1 1 1 1 1 1 1 1 1 1 1 1 1 1 1 1 0 1 1 1 0 1 1
RESPONSES 1 1 1 1 1 1 1 0 0 1 1 1 0 0 0 1 1 0 0 0 0 0 0 0
RESPONSES 1 1 1 1 1 1 1 1 1 1 1 1 1 1 1 1 1 1 1 1 1 1 1 1
COSTS 7 15 4 17 4 12 18 9 10 13 10 14 4 10 11 8 11 19 16 10 5 6 9 17
COSTS 7 15 4 17 4 12 18 8 8 17 13 14 5 9 7 8 11 19 16 10 5 6 13 17
COSTS 7 15 4 17 4 12 18 8 8 17 13 14 5 9 7 8 11 19 16 10 5 6 9 17
COSTS 7 15 5 15 4 12 18 8 8 17 13 14 5 9 7 8 11 19 16 13 5 6 13 17
COSTS 7 15 5 15 4 11 18 8 8 17 13 14 5 9 7 8 11 19 16 10 5 6 13 17
COSTS 8 15 4 17 4 12 18 9 10 17 13 14 5 9 7 8 11 19 16 10 5 3 13 17
COSTS 7 15 4 17 4 12 15 8 8 17 13 14 5 9 7 8 11 19 16 10 5 3 13 17
COSTS 7 15 5 17 4 12 18 9 10 13 10 13 4 10 11 8 11 19 16 13 5 6 9 17
COSTS 7 15 5 15 4 11 18 8 8 17 13 14 5 9 7 8 11 15 16 10 5 6 9 17
COSTS 7 15 4 17 4 12 18 8 8 17 13 14 5 9 7 8 11 19 16 10 5 6 9 17
COSTS 8 15 4 17 4 11 18 8 8 17 13 14 5 9 7 8 11 19 16 10 5 6 9 17
COSTS 7 15 4 17 4 12 18 9 10 17 13 14 4 10 11 8 11 15 16 10 5 6 9 17
COSTS 7 15 4 17 4 11 18 9 10 17 13 14 5 9 7 8 11 19 16 10 5 3 13 17
COSTS 7 15 4 17 4 11 18 8 8 17 13 14 5 9 7 8 11 15 16 10 5 6 13 17
COSTS 7 15 4 17 4 12 15 8 8 17 13 14 5 9 7 8 11 19 16 13 5 3 13 17
COSTS 7 15 4 17 4 11 18 8 8 17 13 14 5 9 7 8 11 19 16 10 5 6 9 17
COSTS 8 15 4 17 4 12 18 9 10 17 13 14 5 9 7 8 11 19 16 10 5 6 9 17
COSTS 7 15 4 17 4 11 18 8 8 17 13 14 5 9 7 8 11 15 16 10 5 3 13 17
COSTS 8 15 4 17 4 12 18 8 8 17 13 14 5 9 7 8 11 15 16 10 5 3 13 17
COSTS 7 15 4 17 4 11 18 8 8 17 13 14 5 9 7 8 11 19 16 10 5 6 9 17
COSTS 7 15 4 17 4 11 18 9 10 17 13 14 5 9 7 8 11 19 16 10 5 6 13 17
COSTS 8 15 4 17 4 11 18 8 8 17 13 14 5 9 7 8 11 19 16 10 5 6 13 17
COSTS 8 15 4 17 4 11 18 9 10 17 13 14 4 10 11 8 11 19 16 13 5 6 9 17
COSTS 8 15 4 17 4 11 18 8 8 17 13 14 5 9 7 8 11 15 16 10 5 3 13 17
END
STATE cd1229da173b97e095e59e9e252703944742eb28c5f9912527b20750d487c5e9 6003 24 28
LABELS 0 0 0 0 0 0 0 0 0 0 0 1 1 0 0 0 0 0 0 0 0 0 0 0
MASSES 29 16 30 23 24 18 3 10 11 27 22 23 4 6 2 26 4 8 11 1 31 5 11 24
QUERY_IDS 0 1 2 3 4 5 7 8 9 10 11 12 15 17 19 20 21 22 23 25 26 27 28 30 31 32 33 34
RESPONSES 0 0 0 0 1 1 0 0 1 1 0 1 0 0 1 1 1 1 1 1 1 1 1 1 1 1 1 1
RESPONSES 1 1 1 1 1 1 1 1 1 1 1 1 1 1 1 1 1 1 1 0 1 1 1 1 1 1 1 1
RESPONSES 1 1 1 1 1 1 1 1 1 1 1 1 1 1 1 1 1 1 1 0 1 1 1 1 1 1 1 1
RESPONSES 1 1 1 1 1 1 1 1 1 1 1 1 1 1 1 1 1 1 1 0 1 1 1 1 1 1 1 1
RESPONSES 1 1 1 1 1 1 1 1 1 1 1 1 1 1 1 1 1 1 1 0 1 1 1 1 1 1 1 1
RESPONSES 0 0 0 0 1 1 1 1 1 1 1 1 1 1 1 1 1 1 1 1 1 1 1 1 1 1 1 1
RESPONSES 0 0 0 1 1 1 1 1 1 1 1 1 1 1 1 1 1 1 1 0 0 1 1 1 1 1 1 1
RESPONSES 0 0 0 0 1 1 1 1 1 1 1 1 1 1 1 1 1 1 1 0 0 1 1 1 1 1 1 1
RESPONSES 0 0 0 0 1 1 1 1 1 1 1 1 1 1 1 1 1 1 1 0 0 1 1 1 1 1 1 1
RESPONSES 1 1 1 1 1 1 1 1 1 1 1 1 1 1 1 1 1 1 1 0 0 1 1 1 1 1 1 1
RESPONSES 1 1 1 1 1 1 1 1 1 1 1 1 0 1 1 1 1 1 1 0 0 1 1 1 1 1 1 1
RESPONSES 0 0 0 0 0 0 0 0 1 1 0 0 0 1 0 1 1 0 1 0 0 0 0 0 0 0 1 1
RESPONSES 0 0 0 0 0 0 0 0 0 0 0 0 0 1 0 0 0 0 0 0 0 0 1 0 0 0 0 0
RESPONSES 1 1 1 1 1 1 0 1 1 1 0 1 1 1 1 1 1 1 1 1 1 1 1 1 1 1 1 1
RESPONSES 0 0 1 1 1 1 1 1 1 1 1 1 1 1 1 1 1 0 0 0 0 0 0 1 1 1 1 1
RESPONSES 0 0 0 0 1 1 1 1 1 1 1 1 0 1 0 1 1 1 1 0 0 1 1 0 1 1 1 1
RESPONSES 0 1 1 1 1 1 1 1 1 1 1 1 1 1 1 1 1 1 1 0 1 1 1 1 1 1 1 1
RESPONSES 1 1 1 1 1 1 1 1 1 1 1 1 1 1 1 1 1 1 1 1 1 1 1 1 1 1 1 1
RESPONSES 0 0 0 1 1 1 1 1 1 1 1 1 1 1 1 1 1 1 1 1 1 1 1 1 1 1 1 1
RESPONSES 0 0 0 1 1 1 1 1 1 1 1 1 1 1 1 1 1 1 1 1 1 1 1 1 1 1 1 1
RESPONSES 0 0 0 1 1 1 1 1 1 1 1 1 1 1 1 1 1 1 1 1 1 1 1 1 1 1 1 1
RESPONSES 0 1 1 1 1 1 1 1 1 1 1 1 1 1 1 1 1 1 1 0 0 1 1 1 1 1 1 1
RESPONSES 0 1 1 1 1 1 1 1 1 1 1 1 1 1 1 1 1 1 1 0 0 1 1 1 1 1 1 1
RESPONSES 0 1 1 1 1 1 1 1 1 1 1 1 1 1 1 1 1 1 1 0 0 1 1 1 1 1 1 1
COSTS 13 17 12 5 11 13 7 11 15 11 4 6 12 8 4 9 13 17 19 19 11 10 12 11 8 9 13 4
COSTS 14 17 11 4 11 13 7 12 15 11 5 6 9 8 4 9 13 17 19 19 11 10 12 11 8 9 13 4
COSTS 14 17 11 4 11 13 7 12 15 11 5 6 9 8 4 9 13 17 19 19 11 10 12 11 8 9 13 4
COSTS 14 17 11 4 11 13 7 12 15 11 5 6 9 8 4 9 13 17 19 19 11 10 12 11 8 9 13 4
COSTS 14 17 11 4 11 13 7 12 15 11 5 6 9 8 4 9 13 17 19 19 11 10 12 11 8 9 13 4
COSTS 13 17 12 5 11 13 7 12 15 11 5 6 9 8 4 9 13 17 19 19 11 10 12 11 8 9 13 4
COSTS 13 17 12 4 11 13 7 12 15 11 5 6 9 8 4 9 13 17 19 19 7 10 12 11 8 9 13 4
COSTS 13 17 12 5 11 13 7 12 15 11 5 6 9 8 4 9 13 17 19 19 7 10 12 11 8 9 13 4
COSTS 13 17 12 5 11 13 7 12 15 11 5 6 9 8 4 9 13 17 19 19 7 10 12 11 8 9 13 4
COSTS 14 17 11 4 11 13 7 12 15 11 5 6 9 8 4 9 13 17 19 19 7 10 12 11 8 9 13 4
COSTS 14 17 11 4 11 13 7 12 15 11 5 6 12 8 4 9 13 17 19 19 7 10 12 11 8 9 13 4
COSTS 13 17 12 5 14 11 7 11 15 11 4 8 12 8 5 9 13 16 19 19 7 13 13 10 10 8 13 4
COSTS 13 17 12 5 14 11 7 11 15 10 4 8 12 8 5 9 17 16 16 19 7 13 12 10 10 8 16 1
COSTS 14 17 11 4 11 13 7 12 15 11 4 6 9 8 4 9 13 17 19 19 11 10 12 11 8 9 13 4
COSTS 13 17 11 4 11 13 7 12 15 11 5 6 9 8 4 9 13 16 16 19 7 13 13 11 8 9 13 4
COSTS 13 17 12 5 11 13 7 12 15 11 5 6 12 8 5 9 13 17 19 19 7 10 12 10 8 9 13 4
COSTS 13 17 11 4 11 13 7 12 15 11 5 6 9 8 4 9 13 17 19 19 11 10 12 11 8 9 13 4
COSTS 14 17 11 4 11 13 7 12 15 11 5 6 9 8 4 9 13 17 19 19 11 10 12 11 8 9 13 4
COSTS 13 17 12 4 11 13 7 12 15 11 5 6 9 8 4 9 13 17 19 19 11 10 12 11 8 9 13 4
COSTS 13 17 12 4 11 13 7 12 15 11 5 6 9 8 4 9 13 17 19 19 11 10 12 11 8 9 13 4
COSTS 13 17 12 4 11 13 7 12 15 11 5 6 9 8 4 9 13 17 19 19 11 10 12 11 8 9 13 4
COSTS 13 17 11 4 11 13 7 12 15 11 5 6 9 8 4 9 13 17 19 19 7 10 12 11 8 9 13 4
COSTS 13 17 11 4 11 13 7 12 15 11 5 6 9 8 4 9 13 17 19 19 7 10 12 11 8 9 13 4
COSTS 13 17 11 4 11 13 7 12 15 11 5 6 9 8 4 9 13 17 19 19 7 10 12 11 8 9 13 4
END
STATE cd47f5c26aa95e0f1609d383d619e5b9bd0e9b600f150913d46194b17b6ef754 6003 24 21
LABELS 1 0 0 0 0 0 0 0 0 0 0 0 0 0 0 0 0 0 0 0 0 0 0 0
MASSES 24 24 19 18 28 25 20 28 19 6 1 7 24 3 29 11 29 10 17 27 22 26 22 13
QUERY_IDS 0 1 4 5 6 9 11 13 14 15 19 23 27 28 30 33 34 35 36 39 40
RESPONSES 0 0 1 1 1 0 0 1 1 1 1 0 0 0 0 1 1 1 1 1 1
RESPONSES 0 1 1 1 1 1 1 1 1 1 1 0 0 0 0 1 1 1 1 0 0
RESPONSES 0 0 1 1 1 0 1 1 1 1 0 0 0 0 1 0 0 0 1 0 0
RESPONSES 0 0 1 1 1 0 1 1 1 1 1 0 0 0 0 0 0 1 1 0 0
RESPONSES 0 0 1 1 1 0 0 1 1 1 1 1 0 0 0 1 1 1 1 0 0
RESPONSES 0 1 1 1 1 1 1 1 1 1 1 1 0 0 1 1 1 1 1 0 0
RESPONSES 0 0 1 1 1 0 1 1 1 1 1 0 1 1 1 0 0 1 1 1 3
RESPONSES 0 0 1 1 1 0 1 1 1 1 1 0 0 0 0 1 1 1 1 2 0
RESPONSES 0 0 1 1 1 0 0 1 1 1 0 0 0 0 1 0 0 0 0 1 0
RESPONSES 1 1 1 1 1 0 1 1 1 1 1 0 0 0 0 1 1 1 1 0 0
RESPONSES 1 1 1 1 1 1 1 1 1 1 1 0 0 0 0 1 1 1 1 0 1
RESPONSES 1 1 1 1 1 0 1 1 1 1 1 0 0 0 0 1 1 1 1 0 0
RESPONSES 0 0 1 1 1 0 0 1 1 1 1 0 0 0 1 0 0 1 1 0 1
RESPONSES 1 1 1 1 1 0 0 1 1 1 1 0 0 0 0 1 1 1 1 0 0
RESPONSES 0 0 0 0 1 0 0 0 1 1 1 0 0 0 0 1 1 1 1 0 2
RESPONSES 1 1 1 1 1 0 1 1 1 1 1 0 0 0 0 0 0 1 1 0 0
RESPONSES 1 1 1 1 1 0 0 1 1 1 1 0 0 0 0 0 0 0 0 0 0
RESPONSES 0 1 1 1 1 0 1 1 1 1 1 0 1 1 1 1 1 1 1 1 0
RESPONSES 0 0 1 1 1 0 0 1 1 1 1 0 0 0 1 1 1 1 1 0 0
RESPONSES 1 1 1 1 1 1 1 1 1 1 1 0 0 1 1 1 1 1 1 0 0
RESPONSES 0 1 1 1 1 0 0 1 1 1 1 0 0 0 0 1 1 1 1 0 0
RESPONSES 1 1 1 1 1 0 0 1 1 1 1 0 1 1 1 1 1 1 1 1 0
RESPONSES 0 0 0 0 0 0 0 0 0 0 0 0 1 1 1 1 1 1 1 0 0
RESPONSES 0 1 1 1 1 0 0 1 1 1 1 0 0 0 0 0 0 1 1 1 0
COSTS 6 11 17 13 7 4 12 10 6 7 5 6 6 14 11 6 15 11 16 9 16
COSTS 6 7 17 13 7 8 12 10 6 7 5 6 6 14 11 6 15 11 16 13 14
COSTS 6 11 17 13 7 4 12 10 6 7 5 6 6 14 9 9 17 12 16 13 14
COSTS 6 11 17 13 7 4 12 10 6 7 5 6 6 14 11 9 17 11 16 13 14
COSTS 6 11 17 13 7 4 12 10 6 7 5 5 6 14 11 6 15 11 16 13 14
COSTS 6 7 17 13 7 8 12 10 6 7 5 5 6 14 9 6 15 11 16 13 14
COSTS 6 11 17 13 7 4 12 10 6 7 5 6 7 11 9 9 17 11 16 9 17
COSTS 6 11 17 13 7 4 12 10 6 7 5 6 6 14 11 6 15 11 16 11 14
COSTS 6 11 17 13 7 4 12 10 6 7 5 6 6 14 9 9 17 12 16 9 14
COSTS 10 7 17 13 7 4 12 10 6 7 5 6 6 14 11 6 15 11 16 13 14
COSTS 10 7 17 13 7 8 12 10 6 7 5 6 6 14 11 6 15 11 16 13 16
COSTS 10 7 17 13 7 4 12 10 6 7 5 6 6 14 11 6 15 11 16 13 14
COSTS 6 11 17 13 7 4 12 10 6 7 5 6 6 14 9 9 17 11 16 13 16
COSTS 10 7 17 13 7 4 12 10 6 7 5 6 6 14 11 6 15 11 16 13 14
COSTS 6 11 16 11 7 4 12 9 6 7 5 6 6 14 11 6 15 11 16 13 13
COSTS 10 7 17 13 7 4 12 10 6 7 5 6 6 14 11 9 17 11 16 13 14
COSTS 10 7 17 13 7 4 12 10 6 7 5 6 6 14 11 9 17 12 16 13 14
COSTS 6 7 17 13 7 4 12 10 6 7 5 6 7 11 9 6 15 11 16 9 14
COSTS 6 11 17 13 7 4 12 10 6 7 5 6 6 14 9 6 15 11 16 13 14
COSTS 10 7 17 13 7 8 12 10 6 7 5 6 6 11 9 6 15 11 16 13 14
COSTS 6 7 17 13 7 4 12 10 6 7 5 6 6 14 11 6 15 11 16 13 14
COSTS 10 7 17 13 7 4 12 10 6 7 5 6 7 11 9 6 15 11 16 9 14
COSTS 6 11 16 11 10 4 12 9 7 6 5 6 7 11 9 6 15 11 16 13 14
COSTS 6 7 17 13 7 4 12 10 6 7 5 6 6 14 11 9 17 11 16 9 14
END
STATE cd58e52df522a229ab73f8d5a1ac26749779632c09b170f07ee67829279ebf8c 6001 16 14
LABELS 1 1 1 1 1 1 1 1 1 1 1 1 1 1 0 1
MASSES 26 22 14 5 11 16 21 24 24 26 19 15 12 24 10 6
QUERY_IDS 0 1 2 3 4 5 6 7 8 9 11 12 13 15
RESPONSES 0 1 0 1 1 1 0 0 0 1 1 1 1 2
RESPONSES 0 1 0 1 1 1 0 0 0 1 1 1 1 1
RESPONSES 0 0 0 1 1 1 0 0 0 0 1 1 1 1
RESPONSES 0 0 0 1 1 1 0 0 0 1 1 1 1 2
RESPONSES 0 1 0 1 1 1 1 1 1 1 1 1 1 2
RESPONSES 0 1 0 1 1 1 0 0 0 0 1 1 1 0
RESPONSES 0 2 0 1 1 1 0 0 0 0 1 1 1 2
RESPONSES 1 1 0 1 1 1 0 0 0 1 1 1 1 1
RESPONSES 1 2 0 1 1 1 1 0 0 0 1 1 1 2
RESPONSES 0 2 0 1 1 1 0 0 0 1 1 1 1 0
RESPONSES 0 1 1 1 1 1 1 0 0 0 1 1 1 2
RESPONSES 0 1 0 1 1 1 0 0 0 1 1 0 1 2
RESPONSES 0 1 0 1 1 1 0 0 0 1 1 0 1 2
RESPONSES 0 2 0 1 1 1 0 0 0 0 1 1 1 0
RESPONSES 1 2 1 0 0 0 1 1 1 0 0 0 0 2
RESPONSES 0 1 0 1 1 0 0 0 0 0 1 1 1 2
COSTS 6 16 9 14 14 5 15 12 14 15 9 9 15 12
COSTS 6 16 9 14 14 5 15 12 14 15 9 9 15 13
COSTS 6 15 9 14 14 5 15 12 14 17 9 9 15 13
COSTS 6 15 9 14 14 5 15 12 14 15 9 9 15 12
COSTS 6 16 9 14 14 5 19 14 12 15 9 9 15 12
COSTS 6 16 9 14 14 5 15 12 14 17 9 9 15 12
COSTS 6 18 9 14 14 5 15 12 14 17 9 9 15 12
COSTS 5 16 9 14 14 5 15 12 14 15 9 9 15 13
COSTS 5 18 9 14 14 5 19 12 14 17 9 9 15 12
COSTS 6 18 9 14 14 5 15 12 14 15 9 9 15 12
COSTS 6 16 7 14 14 5 19 12 14 17 9 9 15 12
COSTS 6 16 9 14 14 5 15 12 14 15 9 8 15 12
COSTS 6 16 9 14 14 5 15 12 14 15 9 8 15 12
COSTS 6 18 9 14 14 5 15 12 14 17 9 9 15 12
COSTS 5 18 7 15 16 7 19 14 12 17 9 8 14 12
COSTS 6 16 9 14 14 7 15 12 14 17 9 9 15 12
END
STATE cedcf4c7638f0b8ee44566a38bb76f5f200abc46251610452d65eed99dd4d710 6002 24 28
LABELS 0 0 0 0 0 0 0 0 0 0 0 0 0 0 0 0 1 0 1 0 0 0 0 0
MASSES 22 27 6 27 21 20 16 2 17 21 22 3 21 17 30 13 28 2 9 28 14 30 9 22
QUERY_IDS 0 1 3 4 5 7 8 9 10 11 12 13 14 15 17 18 19 20 22 25 26 27 28 29 31 32 33 34
RESPONSES 0 0 1 1 1 1 1 1 1 1 1 1 1 1 1 1 1 1 1 1 1 1 1 1 1 1 1 1
RESPONSES 0 0 1 1 1 1 1 1 1 1 1 1 1 1 1 1 1 1 1 1 1 1 1 1 1 1 1 1
RESPONSES 1 1 1 1 1 1 1 1 1 1 1 1 1 1 1 1 1 1 1 0 1 1 1 1 1 1 1 1
RESPONSES 0 0 0 1 1 1 1 1 1 1 1 1 1 1 1 1 1 1 1 1 1 1 1 1 1 1 1 1
RESPONSES 0 0 0 0 0 1 1 1 1 0 1 1 1 0 1 1 1 1 1 0 1 1 1 1 1 1 1 1
RESPONSES 0 0 0 1 1 1 1 1 1 1 1 1 1 1 1 1 1 1 1 0 0 1 1 1 1 1 1 1
RESPONSES 1 1 1 1 1 1 1 1 1 1 1 1 1 1 1 1 1 1 1 0 0 1 1 1 1 1 1 1
RESPONSES 0 0 0 0 1 1 1 1 1 1 1 1 1 1 1 1 1 1 1 0 0 1 1 1 1 1 1 1
RESPONSES 0 0 1 1 1 0 1 1 1 1 1 1 1 1 1 1 1 1 1 0 1 1 1 1 1 1 1 1
RESPONSES 0 0 0 1 1 0 1 1 1 0 1 1 1 0 1 1 1 1 1 0 1 1 1 1 1 1 1 1
RESPONSES 0 0 0 1 1 1 1 1 1 1 1 1 1 1 1 1 1 1 1 0 1 1 1 1 1 1 1 1
RESPONSES 0 0 0 1 1 1 1 1 1 1 1 1 1 1 1 1 1 1 1 0 1 1 1 1 1 1 1 1
RESPONSES 0 0 0 1 1 1 1 1 1 1 1 1 1 0 1 1 0 1 1 0 0 1 1 1 1 1 1 1
RESPONSES 0 1 1 1 1 1 1 1 1 1 1 1 1 1 1 1 1 1 1 0 1 1 1 1 1 1 1 1
RESPONSES 0 1 1 1 1 1 1 1 1 1 1 1 1 1 1 1 1 1 1 0 1 1 1 1 1 1 1 1
RESPONSES 0 0 1 1 1 1 1 1 1 1 1 1 1 1 1 1 1 1 1 0 0 1 1 1 1 1 1 1
RESPONSES 0 0 0 0 0 0 0 0 0 0 0 0 0 0 0 0 0 0 0 0 0 0 0 0 0 0 0 0
RESPONSES 0 0 0 1 1 0 0 1 1 1 1 1 1 0 1 1 1 1 1 0 1 1 1 1 1 1 1 1
RESPONSES 0 0 1 1 1 0 0 0 1 0 0 1 1 0 0 1 0 0 0 0 0 0 0 0 0 1 1 1
RESPONSES 0 0 1 1 1 1 1 1 1 1 1 1 1 1 1 1 1 1 1 1 1 1 1 1 1 1 1 1
RESPONSES 0 0 0 1 1 0 0 1 1 0 0 0 1 1 1 1 1 1 1 1 1 1 1 1 1 1 1 1
RESPONSES 0 1 1 1 1 1 1 1 1 1 1 1 1 1 1 1 1 1 1 0 0 1 1 1 1 1 1 1
RESPONSES 0 1 1 1 1 1 1 1 1 1 1 1 1 1 1 1 1 1 1 0 0 1 1 1 1 1 1 1
RESPONSES 0 1 1 1 1 1 1 1 1 1 1 1 1 1 1 1 1 1 1 0 0 1 1 1 1 1 1 1
COSTS 12 10 9 9 9 13 11 8 14 14 3 4 9 4 16 5 17 5 4 15 11 18 11 16 1 5 12 9
COSTS 12 10 9 9 9 13 11 8 14 14 3 4 9 4 16 5 17 5 4 15 11 18 11 16 1 5 12 9
COSTS 14 11 9 9 9 13 11 8 14 14 3 4 9 4 16 5 17 5 4 16 11 18 11 16 1 5 12 9
COSTS 12 10 7 9 9 13 11 8 14 14 3 4 9 4 16 5 17 5 4 15 11 18 11 16 1 5 12 9
COSTS 12 10 7 9 11 13 11 8 14 15 3 4 9 3 16 5 17 5 4 16 11 18 11 16 1 5 12 9
COSTS 12 10 7 9 9 13 11 8 14 14 3 4 9 4 16 5 17 5 4 16 12 18 11 16 1 5 12 9
COSTS 14 11 9 9 9 13 11 8 14 14 3 4 9 4 16 5 17 5 4 16 12 18 11 16 1 5 12 9
COSTS 12 10 7 9 9 13 11 8 14 14 3 4 9 4 16 5 17 5 4 16 12 18 11 16 1 5 12 9
COSTS 12 10 9 9 9 11 11 8 14 14 3 4 9 4 16 5 17 5 4 16 11 18 11 16 1 5 12 9
COSTS 12 10 7 9 9 11 11 8 14 15 3 4 9 3 16 5 17 5 4 16 11 18 11 16 1 5 12 9
COSTS 12 10 7 9 9 13 11 8 14 14 3 4 9 4 16 5 17 5 4 16 11 18 11 16 1 5 12 9
COSTS 12 10 7 9 9 13 11 8 14 14 3 4 9 4 16 5 17 5 4 16 11 18 11 16 1 5 12 9
COSTS 12 10 7 9 9 13 11 8 14 14 3 4 9 3 16 5 14 5 4 16 12 18 11 16 1 5 12 9
COSTS 12 11 9 9 9 13 11 8 14 14 3 4 9 4 16 5 17 5 4 16 11 18 11 16 1 5 12 9
COSTS 12 11 9 9 9 13 11 8 14 14 3 4 9 4 16 5 17 5 4 16 11 18 11 16 1 5 12 9
COSTS 12 10 9 9 9 13 11 8 14 14 3 4 9 4 16 5 17 5 4 16 12 18 11 16 1 5 12 9
COSTS 12 10 7 9 11 11 11 8 15 15 3 7 8 3 13 8 14 7 1 16 12 17 9 14 2 2 10 10
COSTS 12 10 7 9 9 11 11 8 14 14 3 4 9 3 16 5 17 5 4 16 11 18 11 16 1 5 12 9
COSTS 12 10 9 9 9 11 11 8 14 15 3 4 9 3 13 5 14 7 1 16 12 17 9 14 2 5 12 9
COSTS 12 10 9 9 9 13 11 8 14 14 3 4 9 4 16 5 17 5 4 15 11 18 11 16 1 5 12 9
COSTS 12 10 7 9 9 11 11 8 14 15 3 7 9 4 16 5 17 5 4 15 11 18 11 16 1 5 12 9
COSTS 12 11 9 9 9 13 11 8 14 14 3 4 9 4 16 5 17 5 4 16 12 18 11 16 1 5 12 9
COSTS 12 11 9 9 9 13 11 8 14 14 3 4 9 4 16 5 17 5 4 16 12 18 11 16 1 5 12 9
COSTS 12 11 9 9 9 13 11 8 14 14 3 4 9 4 16 5 17 5 4 16 12 18 11 16 1 5 12 9
END
STATE d030c8e47a970e0f56bffdb226f6fc2cd488b657720de0213e9ab6be39210dc5 6003 24 32
LABELS 0 0 0 0 0 0 0 0 0 0 0 0 0 0 0 0 0 0 0 0 0 0 0 0
MASSES 5 15 27 13 2 8 5 13 16 18 27 4 19 15 29 10 20 3 19 7 29 10 10 6
QUERY_IDS 0 1 7 10 16 18 19 22 24 25 26 27 28 29 30 31 32 33 34 35 36 41 42 43 51 52 53 54 55 56 57 60
RESPONSES 0 1 0 0 0 0 0 0 0 0 0 0 0 0 0 0 0 0 0 0 0 0 0 0 0 0 0 0 0 0 0 1
RESPONSES 0 1 0 0 0 0 0 0 0 0 0 0 0 0 0 0 0 0 0 0 0 0 0 0 0 0 0 0 0 0 0 1
RESPONSES 0 1 0 0 0 0 0 0 0 0 0 0 0 0 0 0 0 0 0 0 0 0 0 0 0 0 0 0 0 0 0 1
RESPONSES 0 1 0 0 0 0 0 0 0 0 0 0 0 0 0 0 0 0 0 0 0 0 0 0 0 0 0 0 0 0 0 1
RESPONSES 1 1 0 1 0 0 0 0 0 0 0 0 0 0 0 0 0 0 0 0 0 0 0 0 0 0 0 0 0 0 0 1
RESPONSES 0 1 1 0 0 0 0 0 0 0 0 0 0 0 0 0 0 0 0 0 0 0 0 0 0 0 0 0 0 0 0 1
RESPONSES 0 1 0 0 0 0 0 0 0 0 0 0 0 0 0 0 0 0 0 0 0 0 0 0 0 0 0 0 0 0 0 1
RESPONSES 0 1 0 0 0 0 0 0 0 0 0 0 0 0 0 0 0 0 0 0 0 0 0 0 0 0 0 0 0 0 0 1
RESPONSES 0 0 0 0 0 0 0 0 0 0 0 0 0 0 0 0 0 0 0 0 0 0 0 0 0 0 0 0 0 0 0 1
RESPONSES 0 0 0 0 0 0 0 0 0 0 0 0 0 0 0 0 0 0 0 0 0 0 0 0 0 0 0 0 0 0 0 1
RESPONSES 0 0 0 0 0 0 0 0 0 0 0 0 0 0 0 0 0 0 0 0 0 0 0 0 0 0 0 0 0 0 0 1
RESPONSES 0 1 1 0 0 0 0 1 1 1 1 1 1 1 1 1 1 1 1 1 1 1 1 1 1 1 1 1 1 1 1 0
RESPONSES 0 0 0 0 0 0 0 0 0 0 0 0 0 0 0 0 0 0 0 0 0 0 0 0 0 0 0 0 0 0 0 1
RESPONSES 0 0 0 0 0 0 0 0 0 0 0 0 0 0 0 0 0 0 0 0 0 0 0 0 0 0 0 0 0 0 0 1
RESPONSES 0 0 0 0 0 0 0 0 0 0 0 0 0 0 0 0 0 0 0 0 0 0 0 0 0 0 0 0 0 0 0 1
RESPONSES 0 0 0 0 0 0 0 0 0 0 0 0 0 0 0 0 0 0 0 0 0 0 0 0 0 0 0 0 0 0 0 1
RESPONSES 1 1 0 0 0 0 1 0 0 0 0 0 0 0 0 0 0 0 0 0 0 0 0 0 0 0 0 0 0 0 0 1
RESPONSES 1 1 0 0 0 0 0 0 0 0 0 0 0 0 0 0 0 0 0 0 0 0 0 0 0 0 0 0 0 0 0 1
RESPONSES 0 1 0 0 0 0 0 0 0 0 0 0 0 1 0 0 1 1 1 1 0 0 0 0 0 0 0 0 0 0 0 1
RESPONSES 0 0 0 0 0 1 1 0 0 0 0 0 0 0 0 0 0 0 0 0 0 0 0 0 0 0 0 0 0 0 0 1
RESPONSES 1 1 0 0 0 0 0 0 0 0 0 0 0 0 0 0 0 0 0 0 0 0 0 0 0 0 0 0 0 0 0 1
RESPONSES 1 1 0 0 0 0 0 0 0 0 0 0 0 1 0 0 0 0 1 1 0 0 0 0 0 0 0 0 0 0 0 1
RESPONSES 1 1 0 1 1 0 0 0 0 0 0 0 0 0 0 0 0 0 0 0 0 0 0 0 0 0 0 0 0 0 0 1
RESPONSES 1 1 0 1 1 0 0 0 0 0 0 0 0 0 0 0 0 0 0 0 0 0 0 0 0 0 0 0 0 0 0 1
COSTS 3 18 11 13 17 3 6 4 7 6 15 15 18 9 3 7 2 13 1 13 5 7 6 12 7 18 13 4 5 8 19 17
COSTS 3 18 11 13 17 3 6 4 7 6 15 15 18 9 3 7 2 13 1 13 5 7 6 12 7 18 13 4 5 8 19 17
COSTS 3 18 11 13 17 3 6 4 7 6 15 15 18 9 3 7 2 13 1 13 5 7 6 12 7 18 13 4 5 8 19 17
COSTS 3 18 11 13 17 3 6 4 7 6 15 15 18 9 3 7 2 13 1 13 5 7 6 12 7 18 13 4 5 8 19 17
COSTS 1 18 11 13 17 3 6 4 7 6 15 15 18 9 3 7 2 13 1 13 5 7 6 12 7 18 13 4 5 8 19 17
COSTS 3 18 11 13 17 3 6 4 7 6 15 15 18 9 3 7 2 13 1 13 5 7 6 12 7 18 13 4 5 8 19 17
COSTS 3 18 11 13 17 3 6 4 7 6 15 15 18 9 3 7 2 13 1 13 5 7 6 12 7 18 13 4 5 8 19 17
COSTS 3 18 11 13 17 3 6 4 7 6 15 15 18 9 3 7 2 13 1 13 5 7 6 12 7 18 13 4 5 8 19 17
COSTS 3 16 11 13 17 3 6 4 7 6 15 15 18 9 3 7 2 13 1 13 5 7 6 12 7 18 13 4 5 8 19 17
COSTS 3 16 11 13 17 3 6 4 7 6 15 15 18 9 3 7 2 13 1 13 5 7 6 12 7 18 13 4 5 8 19 17
COSTS 3 16 11 13 17 3 6 4 7 6 15 15 18 9 3 7 2 13 1 13 5 7 6 12 7 18 13 4 5 8 19 17
COSTS 3 18 11 13 17 3 6 3 4 8 17 13 17 9 6 7 4 10 5 15 8 4 6 12 6 15 15 4 9 8 15 14
COSTS 3 16 11 13 17 3 6 4 7 6 15 15 18 9 3 7 2 13 1 13 5 7 6 12 7 18 13 4 5 8 19 17
COSTS 3 16 11 13 17 3 6 4 7 6 15 15 18 9 3 7 2 13 1 13 5 7 6 12 7 18 13 4 5 8 19 17
COSTS 3 16 11 13 17 3 6 4 7 6 15 15 18 9 3 7 2 13 1 13 5 7 6 12 7 18 13 4 5 8 19 17
COSTS 3 16 11 13 17 3 6 4 7 6 15 15 18 9 3 7 2 13 1 13 5 7 6 12 7 18 13 4 5 8 19 17
COSTS 1 18 11 13 17 3 10 4 7 6 15 15 18 9 3 7 2 13 1 13 5 7 6 12 7 18 13 4 5 8 19 17
COSTS 1 18 11 13 17 3 6 4 7 6 15 15 18 9 3 7 2 13 1 13 5 7 6 12 7 18 13 4 5 8 19 17
COSTS 3 18 11 13 17 3 6 4 7 6 15 15 18 9 3 7 4 10 5 15 5 7 6 12 7 18 13 4 5 8 19 17
COSTS 3 16 11 13 17 5 10 4 7 6 15 15 18 9 3 7 2 13 1 13 5 7 6 12 7 18 13 4 5 8 19 17
COSTS 1 18 11 13 17 3 6 4 7 6 15 15 18 9 3 7 2 13 1 13 5 7 6 12 7 18 13 4 5 8 19 17
COSTS 1 18 11 13 17 3 6 4 7 6 15 15 18 9 3 7 2 13 5 15 5 7 6 12 7 18 13 4 5 8 19 17
COSTS 1 18 11 13 15 3 6 4 7 6 15 15 18 9 3 7 2 13 1 13 5 7 6 12 7 18 13 4 5 8 19 17
COSTS 1 18 11 13 15 3 6 4 7 6 15 15 18 9 3 7 2 13 1 13 5 7 6 12 7 18 13 4 5 8 19 17
END
STATE d28fb7941bcf8b9f0abe47f8fe2503efaca8cd0497f0740eedee303a71bff3dc 6002 16 14
LABELS 1 1 1 1 1 1 1 1 1 1 1 1 1 1 0 1
MASSES 19 29 5 29 20 28 3 14 23 1 5 6 26 27 28 10
QUERY_IDS 0 1 2 3 4 5 6 7 8 9 11 12 13 15
RESPONSES 0 1 0 1 1 1 0 0 0 1 1 1 1 2
RESPONSES 0 1 0 1 1 1 0 0 0 1 1 1 1 1
RESPONSES 0 0 0 1 1 1 0 0 0 0 1 1 1 1
RESPONSES 0 0 0 1 1 1 0 0 0 1 1 1 1 2
RESPONSES 0 1 0 1 1 1 1 1 1 1 1 1 1 2
RESPONSES 0 1 0 1 1 1 0 0 0 0 1 1 1 0
RESPONSES 0 2 0 1 1 1 0 0 0 0 1 1 1 2
RESPONSES 1 1 0 1 1 1 0 0 0 1 1 1 1 1
RESPONSES 1 2 0 1 1 1 1 0 0 0 1 1 1 2
RESPONSES 0 2 0 1 1 1 0 0 0 1 1 1 1 0
RESPONSES 0 1 1 1 1 1 1 0 0 0 1 1 1 2
RESPONSES 0 1 0 1 1 1 0 0 0 1 1 0 1 2
RESPONSES 0 1 0 1 1 1 0 0 0 1 1 0 1 2
RESPONSES 0 2 0 1 1 1 0 0 0 0 1 1 1 0
RESPONSES 1 2 1 0 0 0 1 1 1 0 0 0 0 2
RESPONSES 0 1 0 1 1 0 0 0 0 0 1 1 1 2
COSTS 14 6 6 14 7 2 6 2 13 10 4 10 15 5
COSTS 14 6 6 14 7 2 6 2 13 10 4 10 15 3
COSTS 14 5 6 14 7 2 6 2 13 14 4 10 15 3
COSTS 14 5 6 14 7 2 6 2 13 10 4 10 15 5
COSTS 14 6 6 14 7 2 8 3 11 10 4 10 15 5
COSTS 14 6 6 14 7 2 6 2 13 14 4 10 15 3
COSTS 14 5 6 14 7 2 6 2 13 14 4 10 15 5
COSTS 15 6 6 14 7 2 6 2 13 10 4 10 15 3
COSTS 15 5 6 14 7 2 8 2 13 14 4 10 15 5
COSTS 14 5 6 14 7 2 6 2 13 10 4 10 15 3
COSTS 14 6 8 14 7 2 8 2 13 14 4 10 15 5
COSTS 14 6 6 14 7 2 6 2 13 10 4 14 15 5
COSTS 14 6 6 14 7 2 6 2 13 10 4 14 15 5
COSTS 14 5 6 14 7 2 6 2 13 14 4 10 15 3
COSTS 15 5 8 14 4 4 8 3 11 14 5 14 19 5
COSTS 14 6 6 14 7 4 6 2 13 14 4 10 15 5
END
STATE d2976b27ef3b7703bf29f127c4d8c09a9b7fd55a0689a5afd49a3d6d425a031d 6001 24 32
LABELS 5 5 0 1 5 2 5 2 5 3 3 5 2 1 4 5 2 1 2 1 0 1 5 5
MASSES 1 17 21 6 4 3 10 3 24 23 17 22 27 22 18 9 9 10 5 18 23 10 13 15
QUERY_IDS 1 2 3 18 23 24 25 26 28 30 31 32 33 40 41 44 45 49 50 52 53 54 55 56 60 61 62 69 70 74 75 76
RESPONSES 0 0 0 1 0 0 0 0 1 0 0 0 0 0 0 0 0 0 0 0 0 0 0 0 1 1 1 1 1 1 1 1
RESPONSES 0 0 0 0 0 0 0 0 0 0 0 0 0 1 1 1 1 1 1 1 1 1 1 1 1 1 1 0 0 0 0 0
RESPONSES 0 0 0 1 0 0 0 0 0 0 0 0 0 0 0 1 1 1 1 1 1 1 1 1 1 1 1 1 1 0 0 0
RESPONSES 0 0 0 0 0 0 0 0 1 0 0 0 0 0 0 0 0 1 1 1 1 1 1 1 1 1 1 1 1 1 1 1
RESPONSES 0 0 0 1 0 0 0 0 0 0 0 0 0 0 0 0 0 1 1 1 1 1 1 1 1 1 1 1 1 0 0 0
RESPONSES 0 0 0 1 0 0 0 0 0 0 0 0 0 0 0 1 1 1 1 1 1 1 1 1 1 1 1 1 1 0 0 0
RESPONSES 0 0 0 1 0 0 0 0 1 0 0 0 0 0 0 0 0 0 0 0 0 0 0 0 1 1 1 1 1 1 1 1
RESPONSES 0 0 0 0 0 0 0 0 0 0 0 0 0 0 0 1 1 1 1 1 1 1 1 1 1 1 1 1 1 0 0 0
RESPONSES 1 1 1 1 0 0 0 0 0 0 0 0 1 0 0 0 0 0 0 0 0 0 0 0 1 1 1 1 1 1 1 1
RESPONSES 0 0 0 0 0 0 0 0 1 1 1 1 1 0 0 0 0 1 1 0 0 1 1 1 0 0 1 1 1 0 0 0
RESPONSES 0 0 0 0 0 0 0 0 0 0 0 0 1 1 1 0 0 1 1 1 1 1 1 1 0 0 0 0 0 0 0 0
RESPONSES 1 1 1 1 0 0 0 0 0 0 0 0 0 0 0 0 0 1 1 0 0 0 0 0 1 1 1 1 1 1 1 1
RESPONSES 0 0 0 0 0 0 0 0 0 0 0 0 0 0 0 1 1 1 1 1 1 1 1 1 1 1 1 1 1 0 0 0
RESPONSES 0 0 0 1 0 0 0 0 0 0 0 0 0 1 1 0 0 1 1 1 1 1 1 1 1 1 1 1 1 0 0 0
RESPONSES 0 0 0 0 1 1 1 1 1 0 0 0 0 0 0 0 0 1 1 0 0 0 0 0 1 1 1 1 1 0 0 0
RESPONSES 0 0 0 1 0 0 0 0 0 0 0 0 0 0 0 0 0 1 1 0 0 1 1 1 1 1 1 1 1 0 0 0
RESPONSES 0 0 0 0 0 0 0 0 0 0 0 0 0 0 0 1 1 1 1 1 1 1 1 1 1 1 1 1 1 0 0 0
RESPONSES 0 0 0 0 0 0 0 0 1 0 0 0 0 0 0 0 0 0 0 1 1 1 1 1 0 1 1 1 1 1 1 1
RESPONSES 0 0 0 0 0 0 0 0 0 0 0 0 0 0 0 1 1 1 1 1 1 1 1 1 1 1 1 1 1 0 0 0
RESPONSES 0 0 0 1 0 0 0 0 0 0 0 0 0 1 1 0 0 1 1 1 1 1 1 1 1 1 1 1 1 0 0 0
RESPONSES 0 0 0 1 0 0 0 0 0 0 0 0 0 0 0 1 1 1 1 1 1 1 1 1 1 1 1 1 1 0 0 0
RESPONSES 0 0 0 1 0 0 0 0 0 0 0 0 0 1 1 0 0 1 1 1 1 1 1 1 1 1 1 1 1 0 0 0
RESPONSES 0 0 0 1 0 0 0 0 1 0 0 0 0 0 0 0 0 0 0 0 0 0 0 0 1 1 1 1 1 1 1 1
RESPONSES 0 0 0 0 0 0 0 0 0 0 0 0 0 1 1 1 1 1 1 1 1 1 1 1 1 1 1 0 0 0 0 0
COSTS 12 16 17 14 16 18 16 4 13 14 5 10 3 8 10 3 11 11 15 15 7 9 5 7 5 10 15 16 4 1 6 6
COSTS 12 16 17 16 16 18 16 4 14 14 5 10 3 5 10 3 11 9 19 14 6 8 4 4 5 10 15 15 6 3 7 7
COSTS 12 16 17 14 16 18 16 4 14 14 5 10 3 8 10 3 11 9 19 14 6 8 4 4 5 10 15 16 4 3 7 7
COSTS 12 16 17 16 16 18 16 4 13 14 5 10 3 8 10 3 11 9 19 14 6 8 4 4 5 10 15 16 4 1 6 6
COSTS 12 16 17 14 16 18 16 4 14 14 5 10 3 8 10 3 11 9 19 14 6 8 4 4 5 10 15 16 4 3 7 7
COSTS 12 16 17 14 16 18 16 4 14 14 5 10 3 8 10 3 11 9 19 14 6 8 4 4 5 10 15 16 4 3 7 7
COSTS 12 16 17 14 16 18 16 4 13 14 5 10 3 8 10 3 11 11 15 15 7 9 5 7 5 10 15 16 4 1 6 6
COSTS 12 16 17 16 16 18 16 4 14 14 5 10 3 8 10 3 11 9 19 14 6 8 4 4 5 10 15 16 4 3 7 7
COSTS 12 13 16 14 16 18 16 4 14 14 5 10 4 8 10 3 11 11 15 15 7 9 5 7 5 10 15 16 4 1 6 6
COSTS 12 16 17 16 16 18 16 4 13 16 6 10 4 8 10 3 11 9 19 15 7 8 4 4 2 10 15 16 4 3 7 7
COSTS 12 16 17 16 16 18 16 4 14 14 5 10 4 5 10 3 11 9 19 14 6 8 4 4 2 10 16 15 6 3 7 7
COSTS 12 13 16 14 16 18 16 4 14 14 5 10 3 8 10 3 11 9 19 15 7 9 5 7 5 10 15 16 4 1 6 6
COSTS 12 16 17 16 16 18 16 4 14 14 5 10 3 8 10 3 11 9 19 14 6 8 4 4 5 10 15 16 4 3 7 7
COSTS 12 16 17 14 16 18 16 4 14 14 5 10 3 5 10 3 11 9 19 14 6 8 4 4 5 10 15 16 4 3 7 7
COSTS 12 16 17 16 15 18 14 8 13 14 5 10 3 8 10 3 11 9 19 15 7 9 5 7 5 10 15 16 4 3 7 7
COSTS 12 16 17 14 16 18 16 4 14 14 5 10 3 8 10 3 11 9 19 15 7 8 4 4 5 10 15 16 4 3 7 7
COSTS 12 16 17 16 16 18 16 4 14 14 5 10 3 8 10 3 11 9 19 14 6 8 4 4 5 10 15 16 4 3 7 7
COSTS 12 16 17 16 16 18 16 4 13 14 5 10 3 8 10 3 11 11 15 14 6 8 4 4 2 10 15 16 4 1 6 6
COSTS 12 16 17 16 16 18 16 4 14 14 5 10 3 8 10 3 11 9 19 14 6 8 4 4 5 10 15 16 4 3 7 7
COSTS 12 16 17 14 16 18 16 4 14 14 5 10 3 5 10 3 11 9 19 14 6 8 4 4 5 10 15 16 4 3 7 7
COSTS 12 16 17 14 16 18 16 4 14 14 5 10 3 8 10 3 11 9 19 14 6 8 4 4 5 10 15 16 4 3 7 7
COSTS 12 16 17 14 16 18 16 4 14 14 5 10 3 5 10 3 11 9 19 14 6 8 4 4 5 10 15 16 4 3 7 7
COSTS 12 16 17 14 16 18 16 4 13 14 5 10 3 8 10 3 11 11 15 15 7 9 5 7 5 10 15 16 4 1 6 6
COSTS 12 16 17 16 16 18 16 4 14 14 5 10 3 5 10 3 11 9 19 14 6 8 4 4 5 10 15 15 6 3 7 7
END
STATE d45331e2c3f3632126221af3570070a8830e134afb65107866a39955f51b2e26 6002 24 11
LABELS 1 4 4 3 2 1 0 2 2 1 2 1 4 4 1 2 2 4 2 1 2 1 1 1
MASSES 20 11 13 4 15 9 7 5 27 6 10 25 15 21 13 10 13 7 26 31 28 9 17 30
QUERY_IDS 0 1 2 3 4 5 6 7 9 10 11
RESPONSES 4 2 0 0 0 1 0 0 0 0 0
RESPONSES 4 3 0 0 0 1 0 0 0 0 0
RESPONSES 0 3 0 2 0 1 0 0 0 0 0
RESPONSES 2 0 0 2 0 1 0 0 0 1 0
RESPONSES 3 2 0 2 0 0 0 0 0 0 0
RESPONSES 3 2 0 2 0 0 0 0 0 0 0
RESPONSES 5 1 0 2 0 0 0 0 0 0 0
RESPONSES 0 2 0 2 0 0 0 0 1 0 1
RESPONSES 4 2 0 2 0 0 0 0 0 0 0
RESPONSES 4 2 0 2 0 0 0 0 0 0 0
RESPONSES 4 2 0 2 0 0 0 0 0 0 0
RESPONSES 2 2 0 1 1 1 0 0 0 0 0
RESPONSES 4 3 0 1 0 0 0 0 0 0 0
RESPONSES 4 3 0 1 0 1 0 0 0 0 0
RESPONSES 4 2 0 0 0 0 0 0 0 0 0
RESPONSES 0 2 0 2 0 0 0 0 0 0 0
RESPONSES 0 1 0 1 0 0 0 0 0 0 0
RESPONSES 1 3 0 2 0 0 0 0 0 0 0
RESPONSES 2 1 0 2 0 1 0 0 0 1 0
RESPONSES 1 1 0 2 0 0 0 0 0 0 0
RESPONSES 4 2 0 1 0 1 0 0 0 0 0
RESPONSES 4 2 0 2 0 0 0 0 0 1 0
RESPONSES 3 1 0 2 0 0 0 0 0 0 0
RESPONSES 1 2 0 1 0 1 0 0 0 0 0
COSTS 6 5 8 4 15 5 13 15 10 10 12
COSTS 6 8 8 4 15 5 13 15 10 10 12
COSTS 5 8 8 6 15 5 13 15 10 10 12
COSTS 8 7 8 6 15 5 13 15 10 9 12
COSTS 6 5 8 6 15 4 13 15 10 10 12
COSTS 6 5 8 6 15 4 13 15 10 10 12
COSTS 7 7 8 6 15 4 13 15 10 10 12
COSTS 5 5 8 6 15 4 13 15 10 10 13
COSTS 6 5 8 6 15 4 13 15 10 10 12
COSTS 6 5 8 6 15 4 13 15 10 10 12
COSTS 6 5 8 6 15 4 13 15 10 10 12
COSTS 8 5 8 3 15 5 13 15 10 10 12
COSTS 6 8 8 3 15 4 13 15 10 10 12
COSTS 6 8 8 3 15 5 13 15 10 10 12
COSTS 6 5 8 4 15 4 13 15 10 10 12
COSTS 5 5 8 6 15 4 13 15 10 10 12
COSTS 5 7 8 3 15 4 13 15 10 10 12
COSTS 7 8 8 6 15 4 13 15 10 10 12
COSTS 8 7 8 6 15 5 13 15 10 9 12
COSTS 7 7 8 6 15 4 13 15 10 10 12
COSTS 6 5 8 3 15 5 13 15 10 10 12
COSTS 6 5 8 6 15 4 13 15 10 9 12
COSTS 6 7 8 6 15 4 13 15 10 10 12
COSTS 7 5 8 3 15 5 13 15 10 10 12
END
STATE d5a9677363788ab4366f312f860c85c33cd9c2c4e592847426b77d52a2f4a30e 6001 24 28
LABELS 0 0 0 0 0 0 0 0 0 0 0 1 1 0 0 0 0 0 0 0 0 0 0 0
MASSES 31 9 22 31 15 28 30 28 25 5 17 19 21 18 17 10 19 11 7 8 6 17 16 31
QUERY_IDS 0 1 2 3 4 5 7 8 9 10 11 12 15 17 19 20 21 22 23 25 26 27 28 30 31 32 33 34
RESPONSES 0 0 0 0 1 1 0 0 1 1 0 1 0 0 1 1 1 1 1 1 1 1 1 1 1 1 1 1
RESPONSES 1 1 1 1 1 1 1 1 1 1 1 1 1 1 1 1 1 1 1 0 1 1 1 1 1 1 1 1
RESPONSES 1 1 1 1 1 1 1 1 1 1 1 1 1 1 1 1 1 1 1 0 1 1 1 1 1 1 1 1
RESPONSES 1 1 1 1 1 1 1 1 1 1 1 1 1 1 1 1 1 1 1 0 1 1 1 1 1 1 1 1
RESPONSES 1 1 1 1 1 1 1 1 1 1 1 1 1 1 1 1 1 1 1 0 1 1 1 1 1 1 1 1
RESPONSES 0 0 0 0 1 1 1 1 1 1 1 1 1 1 1 1 1 1 1 1 1 1 1 1 1 1 1 1
RESPONSES 0 0 0 1 1 1 1 1 1 1 1 1 1 1 1 1 1 1 1 0 0 1 1 1 1 1 1 1
RESPONSES 0 0 0 0 1 1 1 1 1 1 1 1 1 1 1 1 1 1 1 0 0 1 1 1 1 1 1 1
RESPONSES 0 0 0 0 1 1 1 1 1 1 1 1 1 1 1 1 1 1 1 0 0 1 1 1 1 1 1 1
RESPONSES 1 1 1 1 1 1 1 1 1 1 1 1 1 1 1 1 1 1 1 0 0 1 1 1 1 1 1 1
RESPONSES 1 1 1 1 1 1 1 1 1 1 1 1 0 1 1 1 1 1 1 0 0 1 1 1 1 1 1 1
RESPONSES 0 0 0 0 0 0 0 0 1 1 0 0 0 1 0 1 1 0 1 0 0 0 0 0 0 0 1 1
RESPONSES 0 0 0 0 0 0 0 0 0 0 0 0 0 1 0 0 0 0 0 0 0 0 1 0 0 0 0 0
RESPONSES 1 1 1 1 1 1 0 1 1 1 0 1 1 1 1 1 1 1 1 1 1 1 1 1 1 1 1 1
RESPONSES 0 0 1 1 1 1 1 1 1 1 1 1 1 1 1 1 1 0 0 0 0 0 0 1 1 1 1 1
RESPONSES 0 0 0 0 1 1 1 1 1 1 1 1 0 1 0 1 1 1 1 0 0 1 1 0 1 1 1 1
RESPONSES 0 1 1 1 1 1 1 1 1 1 1 1 1 1 1 1 1 1 1 0 1 1 1 1 1 1 1 1
RESPONSES 1 1 1 1 1 1 1 1 1 1 1 1 1 1 1 1 1 1 1 1 1 1 1 1 1 1 1 1
RESPONSES 0 0 0 1 1 1 1 1 1 1 1 1 1 1 1 1 1 1 1 1 1 1 1 1 1 1 1 1
RESPONSES 0 0 0 1 1 1 1 1 1 1 1 1 1 1 1 1 1 1 1 1 1 1 1 1 1 1 1 1
RESPONSES 0 0 0 1 1 1 1 1 1 1 1 1 1 1 1 1 1 1 1 1 1 1 1 1 1 1 1 1
RESPONSES 0 1 1 1 1 1 1 1 1 1 1 1 1 1 1 1 1 1 1 0 0 1 1 1 1 1 1 1
RESPONSES 0 1 1 1 1 1 1 1 1 1 1 1 1 1 1 1 1 1 1 0 0 1 1 1 1 1 1 1
RESPONSES 0 1 1 1 1 1 1 1 1 1 1 1 1 1 1 1 1 1 1 0 0 1 1 1 1 1 1 1
COSTS 14 8 7 5 11 5 6 13 17 4 8 8 14 3 13 9 7 14 10 6 14 8 10 9 14 14 14 6
COSTS 15 6 6 9 11 5 7 15 17 4 7 8 14 4 13 9 7 14 10 7 14 8 10 9 14 14 14 6
COSTS 15 6 6 9 11 5 7 15 17 4 7 8 14 4 13 9 7 14 10 7 14 8 10 9 14 14 14 6
COSTS 15 6 6 9 11 5 7 15 17 4 7 8 14 4 13 9 7 14 10 7 14 8 10 9 14 14 14 6
COSTS 15 6 6 9 11 5 7 15 17 4 7 8 14 4 13 9 7 14 10 7 14 8 10 9 14 14 14 6
COSTS 14 8 7 5 11 5 7 15 17 4 7 8 14 4 13 9 7 14 10 6 14 8 10 9 14 14 14 6
COSTS 14 8 7 9 11 5 7 15 17 4 7 8 14 4 13 9 7 14 10 7 12 8 10 9 14 14 14 6
COSTS 14 8 7 5 11 5 7 15 17 4 7 8 14 4 13 9 7 14 10 7 12 8 10 9 14 14 14 6
COSTS 14 8 7 5 11 5 7 15 17 4 7 8 14 4 13 9 7 14 10 7 12 8 10 9 14 14 14 6
COSTS 15 6 6 9 11 5 7 15 17 4 7 8 14 4 13 9 7 14 10 7 12 8 10 9 14 14 14 6
COSTS 15 6 6 9 11 5 7 15 17 4 7 8 14 4 13 9 7 14 10 7 12 8 10 9 14 14 14 6
COSTS 14 8 7 5 10 3 6 13 17 4 8 7 14 4 14 9 7 14 10 7 12 12 7 6 10 15 14 6
COSTS 14 8 7 5 10 3 6 13 15 6 8 7 14 4 14 11 8 14 13 7 12 12 10 6 10 15 14 9
COSTS 15 6 6 9 11 5 6 15 17 4 8 8 14 4 13 9 7 14 10 6 14 8 10 9 14 14 14 6
COSTS 14 8 6 9 11 5 7 15 17 4 7 8 14 4 13 9 7 14 13 7 12 12 7 9 14 14 14 6
COSTS 14 8 7 5 11 5 7 15 17 4 7 8 14 4 14 9 7 14 10 7 12 8 10 6 14 14 14 6
COSTS 14 6 6 9 11 5 7 15 17 4 7 8 14 4 13 9 7 14 10 7 14 8 10 9 14 14 14 6
COSTS 15 6 6 9 11 5 7 15 17 4 7 8 14 4 13 9 7 14 10 6 14 8 10 9 14 14 14 6
COSTS 14 8 7 9 11 5 7 15 17 4 7 8 14 4 13 9 7 14 10 6 14 8 10 9 14 14 14 6
COSTS 14 8 7 9 11 5 7 15 17 4 7 8 14 4 13 9 7 14 10 6 14 8 10 9 14 14 14 6
COSTS 14 8 7 9 11 5 7 15 17 4 7 8 14 4 13 9 7 14 10 6 14 8 10 9 14 14 14 6
COSTS 14 6 6 9 11 5 7 15 17 4 7 8 14 4 13 9 7 14 10 7 12 8 10 9 14 14 14 6
COSTS 14 6 6 9 11 5 7 15 17 4 7 8 14 4 13 9 7 14 10 7 12 8 10 9 14 14 14 6
COSTS 14 6 6 9 11 5 7 15 17 4 7 8 14 4 13 9 7 14 10 7 12 8 10 9 14 14 14 6
END
STATE d61a2dce1742b21f20ca123711652a788e2554014301385c4db684708074d283 6003 24 11
LABELS 1 4 4 3 2 1 0 2 2 1 2 1 4 4 1 2 2 4 2 1 2 1 1 1
MASSES 28 25 7 31 23 1 7 27 2 7 20 4 22 15 24 7 17 10 27 3 11 2 15 20
QUERY_IDS 0 1 2 3 4 5 6 7 9 10 11
RESPONSES 4 2 0 0 0 1 0 0 0 0 0
RESPONSES 4 3 0 0 0 1 0 0 0 0 0
RESPONSES 0 3 0 2 0 1 0 0 0 0 0
RESPONSES 2 0 0 2 0 1 0 0 0 1 0
RESPONSES 3 2 0 2 0 0 0 0 0 0 0
RESPONSES 3 2 0 2 0 0 0 0 0 0 0
RESPONSES 5 1 0 2 0 0 0 0 0 0 0
RESPONSES 0 2 0 2 0 0 0 0 1 0 1
RESPONSES 4 2 0 2 0 0 0 0 0 0 0
RESPONSES 4 2 0 2 0 0 0 0 0 0 0
RESPONSES 4 2 0 2 0 0 0 0 0 0 0
RESPONSES 2 2 0 1 1 1 0 0 0 0 0
RESPONSES 4 3 0 1 0 0 0 0 0 0 0
RESPONSES 4 3 0 1 0 1 0 0 0 0 0
RESPONSES 4 2 0 0 0 0 0 0 0 0 0
RESPONSES 0 2 0 2 0 0 0 0 0 0 0
RESPONSES 0 1 0 1 0 0 0 0 0 0 0
RESPONSES 1 3 0 2 0 0 0 0 0 0 0
RESPONSES 2 1 0 2 0 1 0 0 0 1 0
RESPONSES 1 1 0 2 0 0 0 0 0 0 0
RESPONSES 4 2 0 1 0 1 0 0 0 0 0
RESPONSES 4 2 0 2 0 0 0 0 0 1 0
RESPONSES 3 1 0 2 0 0 0 0 0 0 0
RESPONSES 1 2 0 1 0 1 0 0 0 0 0
COSTS 12 13 9 8 16 10 14 16 7 4 17
COSTS 12 16 9 8 16 10 14 16 7 4 17
COSTS 11 16 9 7 16 10 14 16 7 4 17
COSTS 8 16 9 7 16 10 14 16 7 8 17
COSTS 8 13 9 7 16 7 14 16 7 4 17
COSTS 8 13 9 7 16 7 14 16 7 4 17
COSTS 8 14 9 7 16 7 14 16 7 4 17
COSTS 11 13 9 7 16 7 14 16 11 4 17
COSTS 12 13 9 7 16 7 14 16 7 4 17
COSTS 12 13 9 7 16 7 14 16 7 4 17
COSTS 12 13 9 7 16 7 14 16 7 4 17
COSTS 8 13 9 5 15 10 14 16 7 4 17
COSTS 12 16 9 5 16 7 14 16 7 4 17
COSTS 12 16 9 5 16 10 14 16 7 4 17
COSTS 12 13 9 8 16 7 14 16 7 4 17
COSTS 11 13 9 7 16 7 14 16 7 4 17
COSTS 11 14 9 5 16 7 14 16 7 4 17
COSTS 12 16 9 7 16 7 14 16 7 4 17
COSTS 8 14 9 7 16 10 14 16 7 8 17
COSTS 12 14 9 7 16 7 14 16 7 4 17
COSTS 12 13 9 5 16 10 14 16 7 4 17
COSTS 12 13 9 7 16 7 14 16 7 8 17
COSTS 8 14 9 7 16 7 14 16 7 4 17
COSTS 12 13 9 5 16 10 14 16 7 4 17
END
STATE d627105b7b7b95b0267ff132ff5016e7c5c6500abe67c6d5269bd2596a1d656b 6002 24 32
LABELS 0 0 0 0 0 0 0 0 0 0 0 0 0 0 0 0 0 0 0 0 0 0 0 0
MASSES 19 18 16 30 21 23 30 26 5 12 16 30 31 11 21 12 3 23 2 11 19 14 21 6
QUERY_IDS 0 1 7 10 16 18 19 22 24 25 26 27 28 29 30 31 32 33 34 35 36 41 42 43 51 52 53 54 55 56 57 60
RESPONSES 0 1 0 0 0 0 0 0 0 0 0 0 0 0 0 0 0 0 0 0 0 0 0 0 0 0 0 0 0 0 0 1
RESPONSES 0 1 0 0 0 0 0 0 0 0 0 0 0 0 0 0 0 0 0 0 0 0 0 0 0 0 0 0 0 0 0 1
RESPONSES 0 1 0 0 0 0 0 0 0 0 0 0 0 0 0 0 0 0 0 0 0 0 0 0 0 0 0 0 0 0 0 1
RESPONSES 1 1 0 1 0 0 0 0 0 0 0 0 0 0 0 0 0 0 0 0 0 0 0 0 0 0 0 0 0 0 0 1
RESPONSES 0 1 1 0 0 0 0 0 0 0 0 0 0 0 0 0 0 0 0 0 0 0 0 0 0 0 0 0 0 0 0 1
RESPONSES 0 1 0 0 0 0 0 0 0 0 0 0 0 0 0 0 0 0 0 0 0 0 0 0 0 0 0 0 0 0 0 1
RESPONSES 0 1 0 0 0 0 0 0 0 0 0 0 0 0 0 0 0 0 0 0 0 0 0 0 0 0 0 0 0 0 0 1
RESPONSES 0 0 0 0 0 0 0 0 0 0 0 0 0 0 0 0 0 0 0 0 0 0 0 0 0 0 0 0 0 0 0 1
RESPONSES 0 0 0 0 0 0 0 0 0 0 0 0 0 0 0 0 0 0 0 0 0 0 0 0 0 0 0 0 0 0 0 1
RESPONSES 0 0 0 0 0 0 0 0 0 0 0 0 0 0 0 0 0 0 0 0 0 0 0 0 0 0 0 0 0 0 0 1
RESPONSES 0 1 1 0 0 0 0 1 1 1 1 1 1 1 1 1 1 1 1 1 1 1 1 1 1 1 1 1 1 1 1 0
RESPONSES 1 1 0 0 1 0 0 0 0 0 0 0 0 0 0 0 0 0 0 0 0 0 0 0 0 0 0 0 0 0 0 1
RESPONSES 0 0 0 0 0 0 0 0 0 0 0 0 0 0 0 0 0 0 0 0 0 0 0 0 0 0 0 0 0 0 0 1
RESPONSES 0 0 0 0 0 0 0 0 0 0 0 0 0 0 0 0 0 0 0 0 0 0 0 0 0 0 0 0 0 0 0 1
RESPONSES 0 0 0 0 0 0 0 0 0 0 0 0 0 0 0 0 0 0 0 0 0 0 0 0 0 0 0 0 0 0 0 1
RESPONSES 0 0 0 0 0 0 0 0 0 0 0 0 0 0 0 0 0 0 0 0 0 0 0 0 0 0 0 0 0 0 0 1
RESPONSES 1 1 0 0 0 0 1 0 0 0 0 0 0 0 0 0 0 0 0 0 0 0 0 0 0 0 0 0 0 0 0 1
RESPONSES 1 1 0 0 0 0 0 0 0 0 0 0 0 0 0 0 0 0 0 0 0 0 0 0 0 0 0 0 0 0 0 1
RESPONSES 0 1 0 0 0 0 0 0 0 0 0 0 0 1 0 0 1 1 1 1 0 0 0 0 0 0 0 0 0 0 0 1
RESPONSES 0 0 0 0 0 1 1 0 0 0 0 0 0 0 0 0 0 0 0 0 0 0 0 0 0 0 0 0 0 0 0 1
RESPONSES 1 1 0 0 0 0 0 0 0 0 0 0 0 0 0 0 0 0 0 0 0 0 0 0 0 0 0 0 0 0 0 1
RESPONSES 1 1 0 0 0 0 0 0 0 0 0 0 0 1 0 0 0 0 1 1 0 0 0 0 0 0 0 0 0 0 0 1
RESPONSES 1 1 0 1 1 0 0 0 0 0 0 0 0 0 0 0 0 0 0 0 0 0 0 0 0 0 0 0 0 0 0 1
RESPONSES 1 1 0 1 1 0 0 0 0 0 0 0 0 0 0 0 0 0 0 0 0 0 0 0 0 0 0 0 0 0 0 1
COSTS 10 6 14 18 3 17 11 6 11 12 5 9 4 6 2 9 17 1 11 8 15 14 16 13 13 15 9 7 8 7 12 5
COSTS 10 6 14 18 3 17 11 6 11 12 5 9 4 6 2 9 17 1 11 8 15 14 16 13 13 15 9 7 8 7 12 5
COSTS 10 6 14 18 3 17 11 6 11 12 5 9 4 6 2 9 17 1 11 8 15 14 16 13 13 15 9 7 8 7 12 5
COSTS 7 6 14 19 3 17 11 6 11 12 5 9 4 6 2 9 17 1 11 8 15 14 16 13 13 15 9 7 8 7 12 5
COSTS 10 6 16 18 3 17 11 6 11 12 5 9 4 6 2 9 17 1 11 8 15 14 16 13 13 15 9 7 8 7 12 5
COSTS 10 6 14 18 3 17 11 6 11 12 5 9 4 6 2 9 17 1 11 8 15 14 16 13 13 15 9 7 8 7 12 5
COSTS 10 6 14 18 3 17 11 6 11 12 5 9 4 6 2 9 17 1 11 8 15 14 16 13 13 15 9 7 8 7 12 5
COSTS 10 8 14 18 3 17 11 6 11 12 5 9 4 6 2 9 17 1 11 8 15 14 16 13 13 15 9 7 8 7 12 5
COSTS 10 8 14 18 3 17 11 6 11 12 5 9 4 6 2 9 17 1 11 8 15 14 16 13 13 15 9 7 8 7 12 5
COSTS 10 8 14 18 3 17 11 6 11 12 5 9 4 6 2 9 17 1 11 8 15 14 16 13 13 15 9 7 8 7 12 5
COSTS 10 6 16 18 3 17 11 2 12 16 8 12 3 5 3 9 13 3 13 8 13 11 18 11 14 16 6 9 5 7 10 3
COSTS 7 6 14 18 1 17 11 6 11 12 5 9 4 6 2 9 17 1 11 8 15 14 16 13 13 15 9 7 8 7 12 5
COSTS 10 8 14 18 3 17 11 6 11 12 5 9 4 6 2 9 17 1 11 8 15 14 16 13 13 15 9 7 8 7 12 5
COSTS 10 8 14 18 3 17 11 6 11 12 5 9 4 6 2 9 17 1 11 8 15 14 16 13 13 15 9 7 8 7 12 5
COSTS 10 8 14 18 3 17 11 6 11 12 5 9 4 6 2 9 17 1 11 8 15 14 16 13 13 15 9 7 8 7 12 5
COSTS 10 8 14 18 3 17 11 6 11 12 5 9 4 6 2 9 17 1 11 8 15 14 16 13 13 15 9 7 8 7 12 5
COSTS 7 6 14 18 3 17 10 6 11 12 5 9 4 6 2 9 17 1 11 8 15 14 16 13 13 15 9 7 8 7 12 5
COSTS 7 6 14 18 3 17 11 6 11 12 5 9 4 6 2 9 17 1 11 8 15 14 16 13 13 15 9 7 8 7 12 5
COSTS 10 6 14 18 3 17 11 6 11 12 5 9 4 5 2 9 13 3 13 8 15 14 16 13 13 15 9 7 8 7 12 5
COSTS 10 8 14 18 3 14 10 6 11 12 5 9 4 6 2 9 17 1 11 8 15 14 16 13 13 15 9 7 8 7 12 5
COSTS 7 6 14 18 3 17 11 6 11 12 5 9 4 6 2 9 17 1 11 8 15 14 16 13 13 15 9 7 8 7 12 5
COSTS 7 6 14 18 3 17 11 6 11 12 5 9 4 5 2 9 17 1 13 8 15 14 16 13 13 15 9 7 8 7 12 5
COSTS 7 6 14 19 1 17 11 6 11 12 5 9 4 6 2 9 17 1 11 8 15 14 16 13 13 15 9 7 8 7 12 5
COSTS 7 6 14 19 1 17 11 6 11 12 5 9 4 6 2 9 17 1 11 8 15 14 16 13 13 15 9 7 8 7 12 5
END
STATE d6ad1e490f6bad9923fc62557fc6a7374fab15cf3a66d4c81629d2a753561063 6002 24 36
LABELS 0 0 0 0 0 0 0 0 0 0 0 0 0 0 0 0 0 0 0 0 0 0 0 0
MASSES 19 18 16 30 21 23 26 12 4 16 30 31 21 12 17 3 23 8 2 11 19 14 21 6
QUERY_IDS 0 1 7 10 16 18 19 22 24 25 26 27 28 29 30 31 32 33 34 35 36 37 38 39 40 41 42 43 51 52 53 54 55 56 57 60
RESPONSES 0 1 0 0 0 0 0 0 0 0 0 0 0 0 0 0 0 0 0 0 0 0 0 0 0 0 0 0 0 0 0 0 0 0 0 1
RESPONSES 0 1 0 0 0 0 0 0 0 0 0 0 0 0 0 0 0 0 0 0 0 0 0 0 0 0 0 0 0 0 0 0 0 0 0 1
RESPONSES 0 1 0 0 0 0 0 0 0 0 0 0 0 0 0 0 0 0 0 0 0 0 0 0 0 0 0 0 0 0 0 0 0 0 0 1
RESPONSES 1 1 0 1 0 0 0 0 0 0 0 0 0 0 0 0 0 0 0 0 0 0 0 0 0 0 0 0 0 0 0 0 0 0 0 1
RESPONSES 0 1 1 0 0 0 0 0 0 0 0 0 0 0 0 0 0 0 0 0 0 0 0 0 0 0 0 0 0 0 0 0 0 0 0 1
RESPONSES 0 1 0 0 0 0 0 0 0 0 0 0 0 0 0 0 0 0 0 0 0 0 0 0 0 0 0 0 0 0 0 0 0 0 0 1
RESPONSES 0 0 0 0 0 0 0 0 0 0 0 0 0 0 0 0 0 0 0 0 0 0 0 0 0 0 0 0 0 0 0 0 0 0 0 1
RESPONSES 0 0 0 0 0 0 0 0 0 0 0 0 0 0 0 0 0 0 0 0 0 0 0 0 0 0 0 0 0 0 0 0 0 0 0 1
RESPONSES 1 1 0 0 0 0 0 1 0 0 0 0 1 1 0 0 0 0 0 1 1 0 0 1 1 1 1 1 0 0 0 0 0 0 0 1
RESPONSES 0 1 1 0 0 0 0 1 1 1 1 1 1 1 1 1 1 1 1 1 1 0 0 0 0 1 1 1 1 1 1 1 1 1 1 0
RESPONSES 1 1 0 0 1 0 0 0 0 0 0 0 0 0 0 0 0 0 0 0 0 0 0 0 0 0 0 0 0 0 0 0 0 0 0 1
RESPONSES 0 0 0 0 0 0 0 0 0 0 0 0 0 0 0 0 0 0 0 0 0 0 0 0 0 0 0 0 0 0 0 0 0 0 0 1
RESPONSES 0 0 0 0 0 0 0 0 0 0 0 0 0 0 0 0 0 0 0 0 0 0 0 0 0 0 0 0 0 0 0 0 0 0 0 1
RESPONSES 0 0 0 0 0 0 0 0 0 0 0 0 0 0 0 0 0 0 0 0 0 0 0 0 0 0 0 0 0 0 0 0 0 0 0 1
RESPONSES 1 1 0 1 0 0 0 1 0 0 0 1 1 1 0 0 0 0 0 1 1 1 1 1 1 1 1 1 0 0 0 0 0 0 0 1
RESPONSES 1 1 0 0 0 0 1 0 0 0 0 0 0 0 0 0 0 0 0 0 0 0 0 0 0 0 0 0 0 0 0 0 0 0 0 1
RESPONSES 1 1 0 0 0 0 0 0 0 0 0 0 0 0 0 0 0 0 0 0 0 0 0 0 0 0 0 0 0 0 0 0 0 0 0 1
RESPONSES 1 1 1 0 0 0 0 1 0 1 1 1 1 1 0 0 0 0 1 1 1 1 1 1 1 1 1 1 0 0 0 0 0 0 0 1
RESPONSES 0 1 0 0 0 0 0 0 0 0 0 0 0 1 0 0 1 1 1 1 0 0 0 0 0 0 0 0 0 0 0 0 0 0 0 1
RESPONSES 0 0 0 0 0 1 1 0 0 0 0 0 0 0 0 0 0 0 0 0 0 0 0 0 0 0 0 0 0 0 0 0 0 0 0 1
RESPONSES 1 1 0 0 0 0 0 0 0 0 0 0 0 0 0 0 0 0 0 0 0 0 0 0 0 0 0 0 0 0 0 0 0 0 0 1
RESPONSES 1 1 0 0 0 0 0 0 0 0 0 0 0 1 0 0 0 0 1 1 0 0 0 0 0 0 0 0 0 0 0 0 0 0 0 1
RESPONSES 1 1 0 1 1 0 0 0 0 0 0 0 0 0 0 0 0 0 0 0 0 0 0 0 0 0 0 0 0 0 0 0 0 0 0 1
RESPONSES 1 1 0 1 1 0 0 0 0 0 0 0 0 0 0 0 0 0 0 0 0 0 0 0 0 0 0 0 0 0 0 0 0 0 0 1
COSTS 10 6 14 18 3 17 11 6 11 12 5 9 4 6 2 9 17 1 11 8 15 9 13 13 15 14 16 13 13 15 9 7 8 7 12 5
COSTS 10 6 14 18 3 17 11 6 11 12 5 9 4 6 2 9 17 1 11 8 15 9 13 13 15 14 16 13 13 15 9 7 8 7 12 5
COSTS 10 6 14 18 3 17 11 6 11 12 5 9 4 6 2 9 17 1 11 8 15 9 13 13 15 14 16 13 13 15 9 7 8 7 12 5
COSTS 7 6 14 19 3 17 11 6 11 12 5 9 4 6 2 9 17 1 11 8 15 9 13 13 15 14 16 13 13 15 9 7 8 7 12 5
COSTS 10 6 16 18 3 17 11 6 11 12 5 9 4 6 2 9 17 1 11 8 15 9 13 13 15 14 16 13 13 15 9 7 8 7 12 5
COSTS 10 6 14 18 3 17 11 6 11 12 5 9 4 6 2 9 17 1 11 8 15 9 13 13 15 14 16 13 13 15 9 7 8 7 12 5
COSTS 10 8 14 18 3 17 11 6 11 12 5 9 4 6 2 9 17 1 11 8 15 9 13 13 15 14 16 13 13 15 9 7 8 7 12 5
COSTS 10 8 14 18 3 17 11 6 11 12 5 9 4 6 2 9 17 1 11 8 15 9 13 13 15 14 16 13 13 15 9 7 8 7 12 5
COSTS 7 6 14 18 3 17 11 2 11 12 5 9 3 5 2 9 17 1 11 8 13 9 13 13 12 11 18 11 13 15 9 7 8 7 12 5
COSTS 10 6 16 18 3 17 11 2 12 16 8 12 3 5 3 9 13 3 13 8 13 9 13 13 15 11 18 11 14 16 6 9 5 7 10 3
COSTS 7 6 14 18 1 17 11 6 11 12 5 9 4 6 2 9 17 1 11 8 15 9 13 13 15 14 16 13 13 15 9 7 8 7 12 5
COSTS 10 8 14 18 3 17 11 6 11 12 5 9 4 6 2 9 17 1 11 8 15 9 13 13 15 14 16 13 13 15 9 7 8 7 12 5
COSTS 10 8 14 18 3 17 11 6 11 12 5 9 4 6 2 9 17 1 11 8 15 9 13 13 15 14 16 13 13 15 9 7 8 7 12 5
COSTS 10 8 14 18 3 17 11 6 11 12 5 9 4 6 2 9 17 1 11 8 15 9 13 13 15 14 16 13 13 15 9 7 8 7 12 5
COSTS 7 6 14 19 3 17 11 2 11 12 5 12 3 5 2 9 17 1 11 8 13 10 12 13 12 11 18 11 13 15 9 7 8 7 12 5
COSTS 7 6 14 18 3 17 10 6 11 12 5 9 4 6 2 9 17 1 11 8 15 9 13 13 15 14 16 13 13 15 9 7 8 7 12 5
COSTS 7 6 14 18 3 17 11 6 11 12 5 9 4 6 2 9 17 1 11 8 15 9 13 13 15 14 16 13 13 15 9 7 8 7 12 5
COSTS 7 6 16 18 3 17 11 2 11 16 8 12 3 5 2 9 17 1 13 8 13 10 12 13 12 11 18 11 13 15 9 7 8 7 12 5
COSTS 10 6 14 18 3 17 11 6 11 12 5 9 4 5 2 9 13 3 13 8 15 9 13 13 15 14 16 13 13 15 9 7 8 7 12 5
COSTS 10 8 14 18 3 14 10 6 11 12 5 9 4 6 2 9 17 1 11 8 15 9 13 13 15 14 16 13 13 15 9 7 8 7 12 5
COSTS 7 6 14 18 3 17 11 6 11 12 5 9 4 6 2 9 17 1 11 8 15 9 13 13 15 14 16 13 13 15 9 7 8 7 12 5
COSTS 7 6 14 18 3 17 11 6 11 12 5 9 4 5 2 9 17 1 13 8 15 9 13 13 15 14 16 13 13 15 9 7 8 7 12 5
COSTS 7 6 14 19 1 17 11 6 11 12 5 9 4 6 2 9 17 1 11 8 15 9 13 13 15 14 16 13 13 15 9 7 8 7 12 5
COSTS 7 6 14 19 1 17 11 6 11 12 5 9 4 6 2 9 17 1 11 8 15 9 13 13 15 14 16 13 13 15 9 7 8 7 12 5
END
STATE d6d42a19bd47b2931edac0d4f7908d69c0d0dd5b97576607cfe76830617e2936 6002 24 34
LABELS 0 0 0 0 0 0 0 0 0 0 0 0 0 0 0 0 0 0 0 0 0 0 0 0
MASSES 19 18 16 21 23 30 4 5 26 26 12 1 30 16 30 27 21 12 3 23 27 14 21 6
QUERY_IDS 0 1 2 3 7 8 10 16 19 22 24 25 26 27 28 29 30 31 32 33 34 35 36 41 42 43 51 52 53 54 55 56 57 60
RESPONSES 0 1 1 1 0 0 0 0 0 0 0 0 0 0 0 0 0 0 0 0 0 0 0 0 0 0 0 0 0 0 0 0 0 1
RESPONSES 0 1 1 1 0 0 0 0 0 0 0 0 0 0 0 0 0 0 0 0 0 0 0 0 0 0 0 0 0 0 0 0 0 1
RESPONSES 0 1 1 1 0 0 0 0 0 0 0 0 0 0 0 0 0 0 0 0 0 0 0 0 0 0 0 0 0 0 0 0 0 1
RESPONSES 0 1 1 1 1 0 0 0 0 0 0 0 0 0 0 0 0 0 0 0 0 0 0 0 0 0 0 0 0 0 0 0 0 1
RESPONSES 0 1 1 1 0 0 0 0 0 0 0 0 0 0 0 0 0 0 0 0 0 0 0 0 0 0 0 0 0 0 0 0 0 1
RESPONSES 0 1 1 1 0 0 0 0 0 0 0 0 0 0 0 0 0 0 0 0 0 0 0 0 0 0 0 0 0 0 0 0 0 1
RESPONSES 0 0 0 0 0 0 0 0 0 0 0 0 0 0 0 1 0 0 0 0 1 1 0 0 0 0 0 0 0 0 0 0 0 1
RESPONSES 0 0 0 0 0 0 0 1 0 0 0 0 0 0 0 0 0 0 0 0 0 0 0 0 0 0 0 0 0 0 0 0 0 1
RESPONSES 0 0 0 0 0 0 0 1 0 0 0 0 0 0 0 0 0 0 0 0 0 0 0 0 0 0 0 0 0 0 0 0 0 1
RESPONSES 0 0 1 1 0 0 0 0 0 0 0 0 0 0 0 0 0 0 0 0 0 0 0 0 0 0 0 0 0 0 0 0 0 1
RESPONSES 0 0 1 1 0 0 0 0 0 0 0 0 0 0 0 0 0 0 0 0 0 0 0 0 0 0 0 0 0 0 0 0 0 1
RESPONSES 0 0 0 1 0 0 0 0 0 0 0 0 0 0 0 0 0 0 0 0 0 0 0 0 0 0 0 0 0 0 0 0 0 1
RESPONSES 0 0 0 1 0 0 0 0 0 0 0 0 0 0 0 0 0 0 0 0 0 0 0 0 0 0 0 0 0 0 0 0 0 1
RESPONSES 0 1 1 1 1 0 0 0 0 1 1 1 1 1 1 1 1 1 1 1 1 1 1 1 1 1 1 1 1 1 1 1 1 0
RESPONSES 1 1 1 1 0 0 0 1 0 0 0 0 0 0 0 0 0 0 0 0 0 0 0 0 0 0 0 0 0 0 0 0 0 1
RESPONSES 0 0 0 1 1 0 0 0 0 0 0 0 0 0 0 0 0 0 0 0 0 0 0 0 0 0 0 0 0 0 0 0 0 1
RESPONSES 0 0 1 1 0 0 0 0 0 0 0 0 0 0 0 0 0 0 0 0 0 0 0 0 0 0 0 0 0 0 0 0 0 1
RESPONSES 0 0 1 1 0 0 0 0 0 0 0 0 0 0 0 0 0 0 0 0 0 0 0 0 0 0 0 0 0 0 0 0 0 1
RESPONSES 1 1 1 1 0 0 0 0 1 0 0 0 0 0 0 0 0 0 0 0 0 0 0 0 0 0 0 0 0 0 0 0 0 1
RESPONSES 1 1 1 1 0 0 0 0 0 0 0 0 0 0 0 0 0 0 0 0 0 0 0 0 0 0 0 0 0 0 0 0 0 1
RESPONSES 0 0 0 0 1 1 0 1 0 1 0 0 0 0 0 1 1 1 1 1 1 1 1 1 1 1 0 0 0 0 0 0 0 1
RESPONSES 1 1 1 1 0 0 0 0 0 0 0 0 0 0 0 1 0 0 0 0 1 1 0 0 0 0 0 0 0 0 0 0 0 1
RESPONSES 1 1 1 1 0 0 1 1 0 0 0 0 0 0 0 0 0 0 0 0 0 0 0 0 0 0 0 0 0 0 0 0 0 1
RESPONSES 1 1 1 1 0 0 1 1 0 0 0 0 0 0 0 0 0 0 0 0 0 0 0 0 0 0 0 0 0 0 0 0 0 1
COSTS 10 6 7 6 14 6 18 3 11 6 11 12 5 9 4 6 2 9 17 1 11 8 15 14 16 13 13 15 9 7 8 7 12 5
COSTS 10 6 7 6 14 6 18 3 11 6 11 12 5 9 4 6 2 9 17 1 11 8 15 14 16 13 13 15 9 7 8 7 12 5
COSTS 10 6 7 6 14 6 18 3 11 6 11 12 5 9 4 6 2 9 17 1 11 8 15 14 16 13 13 15 9 7 8 7 12 5
COSTS 10 6 7 6 16 6 18 3 11 6 11 12 5 9 4 6 2 9 17 1 11 8 15 14 16 13 13 15 9 7 8 7 12 5
COSTS 10 6 7 6 14 6 18 3 11 6 11 12 5 9 4 6 2 9 17 1 11 8 15 14 16 13 13 15 9 7 8 7 12 5
COSTS 10 6 7 6 14 6 18 3 11 6 11 12 5 9 4 6 2 9 17 1 11 8 15 14 16 13 13 15 9 7 8 7 12 5
COSTS 10 8 8 5 14 6 18 3 11 6 11 12 5 9 4 5 2 9 17 1 13 8 15 14 16 13 13 15 9 7 8 7 12 5
COSTS 10 8 8 5 14 6 18 1 11 6 11 12 5 9 4 6 2 9 17 1 11 8 15 14 16 13 13 15 9 7 8 7 12 5
COSTS 10 8 8 5 14 6 18 1 11 6 11 12 5 9 4 6 2 9 17 1 11 8 15 14 16 13 13 15 9 7 8 7 12 5
COSTS 10 8 7 6 14 6 18 3 11 6 11 12 5 9 4 6 2 9 17 1 11 8 15 14 16 13 13 15 9 7 8 7 12 5
COSTS 10 8 7 6 14 6 18 3 11 6 11 12 5 9 4 6 2 9 17 1 11 8 15 14 16 13 13 15 9 7 8 7 12 5
COSTS 10 8 8 6 14 6 18 3 11 6 11 12 5 9 4 6 2 9 17 1 11 8 15 14 16 13 13 15 9 7 8 7 12 5
COSTS 10 8 8 6 14 6 18 3 11 6 11 12 5 9 4 6 2 9 17 1 11 8 15 14 16 13 13 15 9 7 8 7 12 5
COSTS 10 6 7 6 16 6 18 3 11 2 12 16 8 12 3 5 3 9 13 3 13 8 13 11 18 11 14 16 6 9 5 7 10 3
COSTS 7 6 7 6 14 6 18 1 11 6 11 12 5 9 4 6 2 9 17 1 11 8 15 14 16 13 13 15 9 7 8 7 12 5
COSTS 10 8 8 6 16 6 18 3 11 6 11 12 5 9 4 6 2 9 17 1 11 8 15 14 16 13 13 15 9 7 8 7 12 5
COSTS 10 8 7 6 14 6 18 3 11 6 11 12 5 9 4 6 2 9 17 1 11 8 15 14 16 13 13 15 9 7 8 7 12 5
COSTS 10 8 7 6 14 6 18 3 11 6 11 12 5 9 4 6 2 9 17 1 11 8 15 14 16 13 13 15 9 7 8 7 12 5
COSTS 7 6 7 6 14 6 18 3 10 6 11 12 5 9 4 6 2 9 17 1 11 8 15 14 16 13 13 15 9 7 8 7 12 5
COSTS 7 6 7 6 14 6 18 3 11 6 11 12 5 9 4 6 2 9 17 1 11 8 15 14 16 13 13 15 9 7 8 7 12 5
COSTS 10 8 8 5 16 5 18 1 11 2 11 12 5 9 4 5 3 9 13 3 13 8 13 11 18 11 13 15 9 7 8 7 12 5
COSTS 7 6 7 6 14 6 18 3 11 6 11 12 5 9 4 5 2 9 17 1 13 8 15 14 16 13 13 15 9 7 8 7 12 5
COSTS 7 6 7 6 14 6 19 1 11 6 11 12 5 9 4 6 2 9 17 1 11 8 15 14 16 13 13 15 9 7 8 7 12 5
COSTS 7 6 7 6 14 6 19 1 11 6 11 12 5 9 4 6 2 9 17 1 11 8 15 14 16 13 13 15 9 7 8 7 12 5
END
STATE d9a26590fe5473584783bc11265a696d12a27070214a4b97e6c4a563f9eb9664 6003 24 11
LABELS 1 1 4 0 2 4 1 4 1 0 1 3 1 2 2 2 4 1 3 4 4 4 4 0
MASSES 16 28 7 17 17 17 24 17 7 29 23 25 14 14 11 25 3 3 28 20 16 24 12 3
QUERY_IDS 0 1 2 3 4 5 6 7 9 10 11
RESPONSES 4 2 0 0 1 1 1 0 0 0 0
RESPONSES 4 2 0 0 0 1 1 0 0 0 0
RESPONSES 3 3 0 2 0 0 1 0 0 0 0
RESPONSES 5 2 0 2 0 0 1 0 0 0 0
RESPONSES 0 1 0 1 0 1 1 0 0 0 0
RESPONSES 4 3 1 1 1 0 1 0 0 0 0
RESPONSES 3 2 0 2 0 0 1 0 0 0 0
RESPONSES 4 3 1 1 0 0 1 0 0 0 0
RESPONSES 4 2 0 2 0 0 1 0 0 0 0
RESPONSES 5 1 1 2 0 0 1 0 1 0 0
RESPONSES 0 2 0 1 0 0 1 0 0 0 0
RESPONSES 0 2 0 1 0 0 1 0 0 0 0
RESPONSES 4 2 1 1 0 1 1 0 0 1 0
RESPONSES 2 0 0 1 0 0 1 0 0 0 0
RESPONSES 0 2 0 1 0 1 1 0 0 0 0
RESPONSES 0 1 0 1 0 0 1 0 0 0 0
RESPONSES 2 3 0 1 0 1 1 0 0 0 0
RESPONSES 1 1 0 2 0 0 1 0 0 0 0
RESPONSES 2 2 0 2 0 0 1 0 1 0 0
RESPONSES 4 3 0 2 0 1 1 0 0 0 0
RESPONSES 4 3 0 2 0 0 0 0 0 0 0
RESPONSES 3 3 0 1 0 0 0 0 0 0 0
RESPONSES 4 3 0 1 0 0 0 0 0 0 0
RESPONSES 5 2 0 1 1 1 1 0 0 0 0
COSTS 12 13 9 8 15 10 14 16 7 4 17
COSTS 12 13 9 8 16 10 14 16 7 4 17
COSTS 8 16 9 7 16 7 14 16 7 4 17
COSTS 8 13 9 7 16 7 14 16 7 4 17
COSTS 11 14 9 5 16 10 14 16 7 4 17
COSTS 12 16 9 5 15 7 14 16 7 4 17
COSTS 8 13 9 7 16 7 14 16 7 4 17
COSTS 12 16 9 5 16 7 14 16 7 4 17
COSTS 12 13 9 7 16 7 14 16 7 4 17
COSTS 8 14 9 7 16 7 14 16 11 4 17
COSTS 11 13 9 5 16 7 14 16 7 4 17
COSTS 11 13 9 5 16 7 14 16 7 4 17
COSTS 12 13 9 5 16 10 14 16 7 8 17
COSTS 8 16 9 5 16 7 14 16 7 4 17
COSTS 11 13 9 5 16 10 14 16 7 4 17
COSTS 11 14 9 5 16 7 14 16 7 4 17
COSTS 8 16 9 5 16 10 14 16 7 4 17
COSTS 12 14 9 7 16 7 14 16 7 4 17
COSTS 8 13 9 7 16 7 14 16 11 4 17
COSTS 12 16 9 7 16 10 14 16 7 4 17
COSTS 12 16 9 7 16 7 13 16 7 4 17
COSTS 8 16 9 5 16 7 13 16 7 4 17
COSTS 12 16 9 5 16 7 13 16 7 4 17
COSTS 8 13 9 5 15 10 14 16 7 4 17
END
STATE dae960f03a962ce274193987f987318a1475fd72b710ebd960bee99132a852b4 6003 16 11
LABELS 1 1 1 1 1 1 1 1 1 0 1 1 1 1 1 1
MASSES 1 29 4 3 9 28 31 26 24 25 9 15 25 1 12 13
QUERY_IDS 1 3 5 6 8 9 10 11 12 14 15
RESPONSES 2 1 1 0 0 1 1 1 1 0 1
RESPONSES 1 1 1 0 0 1 0 1 1 0 2
RESPONSES 1 1 1 0 0 1 0 1 1 0 2
RESPONSES 1 1 1 0 0 0 0 1 1 0 1
RESPONSES 0 1 1 0 0 0 0 1 1 0 1
RESPONSES 2 1 1 0 0 1 0 1 1 0 2
RESPONSES 0 1 1 0 0 1 0 1 1 0 2
RESPONSES 2 1 1 0 0 0 0 1 1 0 2
RESPONSES 2 1 1 0 0 1 0 1 1 0 0
RESPONSES 2 0 1 0 0 0 0 1 1 1 2
RESPONSES 1 1 0 1 1 1 0 0 0 0 2
RESPONSES 1 1 1 0 0 1 0 1 0 0 2
RESPONSES 1 1 1 0 0 0 0 1 1 0 2
RESPONSES 1 1 1 0 0 0 0 1 1 0 2
RESPONSES 0 1 1 0 0 1 0 1 1 0 1
RESPONSES 0 1 1 0 0 1 0 1 1 0 1
COSTS 3 15 12 18 14 13 6 11 8 4 15
COSTS 3 15 12 18 14 13 3 11 8 4 11
COSTS 3 15 12 18 14 13 3 11 8 4 11
COSTS 3 15 12 18 14 12 3 11 8 4 15
COSTS 3 15 12 18 14 12 3 11 8 4 15
COSTS 3 15 12 18 14 13 3 11 8 4 11
COSTS 3 15 12 18 14 13 3 11 8 4 11
COSTS 3 15 12 18 14 12 3 11 8 4 11
COSTS 3 15 12 18 14 13 3 11 8 4 14
COSTS 3 13 12 18 14 12 3 11 8 5 11
COSTS 3 15 14 17 16 13 3 9 6 4 11
COSTS 3 15 12 18 14 13 3 11 6 4 11
COSTS 3 15 12 18 14 12 3 11 8 4 11
COSTS 3 15 12 18 14 12 3 11 8 4 11
COSTS 3 15 12 18 14 13 3 11 8 4 15
COSTS 3 15 12 18 14 13 3 11 8 4 15
END
STATE dba5a6e3433d40c8c86ef9b94d79e614263cfe32afbf6b317603f071d2fbaf9b 6002 24 11
LABELS 4 0 2 4 2 1 3 0 2 2 2 0 0 0 2 2 2 2 2 1 4 2 4 4
MASSES 3 29 25 13 15 9 15 7 27 5 27 13 4 14 11 27 23 8 11 8 23 8 11 5
QUERY_IDS 0 1 2 4 5 6 7 8 9 10 11
RESPONSES 4 3 0 0 0 0 0 1 0 0 0
RESPONSES 5 2 0 0 0 0 0 1 0 0 0
RESPONSES 0 2 0 0 1 0 0 1 0 0 0
RESPONSES 0 3 0 0 1 0 0 1 0 0 0
RESPONSES 3 2 0 0 0 0 0 1 0 0 0
RESPONSES 3 2 0 0 0 0 0 1 0 0 0
RESPONSES 0 2 1 0 1 0 0 1 0 0 0
RESPONSES 5 1 0 0 0 0 0 1 0 0 0
RESPONSES 4 2 0 0 0 0 0 1 0 0 0
RESPONSES 4 1 0 0 1 0 0 1 0 0 0
RESPONSES 4 1 0 0 1 0 0 1 0 0 0
RESPONSES 5 2 0 0 0 0 0 0 0 0 0
RESPONSES 5 2 0 0 0 0 0 0 0 0 0
RESPONSES 5 2 0 0 0 0 0 0 0 0 0
RESPONSES 4 2 0 0 1 0 0 1 0 0 0
RESPONSES 2 0 0 1 1 0 0 1 0 1 0
RESPONSES 0 2 0 0 0 0 0 1 0 0 0
RESPONSES 0 1 0 0 1 0 0 1 0 0 0
RESPONSES 0 1 0 0 1 0 0 1 0 0 0
RESPONSES 0 1 0 0 1 0 0 1 0 0 0
RESPONSES 1 3 0 0 0 0 0 1 0 0 0
RESPONSES 1 1 1 1 1 0 0 1 0 0 0
RESPONSES 0 3 0 0 0 0 0 1 0 0 0
RESPONSES 0 3 0 0 1 0 0 1 0 1 1
COSTS 6 8 8 15 4 13 15 10 10 10 12
COSTS 7 5 8 15 4 13 15 10 10 10 12
COSTS 5 5 8 15 5 13 15 10 10 10 12
COSTS 5 8 8 15 5 13 15 10 10 10 12
COSTS 6 5 8 15 4 13 15 10 10 10 12
COSTS 6 5 8 15 4 13 15 10 10 10 12
COSTS 5 5 5 15 5 13 15 10 10 10 12
COSTS 7 7 8 15 4 13 15 10 10 10 12
COSTS 6 5 8 15 4 13 15 10 10 10 12
COSTS 6 7 8 15 5 13 15 10 10 10 12
COSTS 6 7 8 15 5 13 15 10 10 10 12
COSTS 7 5 8 15 4 13 15 13 10 10 12
COSTS 7 5 8 15 4 13 15 13 10 10 12
COSTS 7 5 8 15 4 13 15 13 10 10 12
COSTS 6 5 8 15 5 13 15 10 10 10 12
COSTS 8 7 8 15 5 13 15 10 10 9 12
COSTS 5 5 8 15 4 13 15 10 10 10 12
COSTS 5 7 8 15 5 13 15 10 10 10 12
COSTS 5 7 8 15 5 13 15 10 10 10 12
COSTS 5 7 8 15 5 13 15 10 10 10 12
COSTS 7 8 8 15 4 13 15 10 10 10 12
COSTS 7 7 5 15 5 13 15 10 10 10 12
COSTS 5 8 8 15 4 13 15 10 10 10 12
COSTS 5 8 8 15 5 13 15 10 10 9 13
END
STATE dbb172dba869fa0b3d19ec10d73188b35642be1bc7c141167d37a6c8aa704838 6003 24 32
LABELS 0 3 0 1 5 2 2 0 5 3 2 1 5 4 1 5 2 1 0 1 1 5 0 5
MASSES 12 16 27 15 29 3 5 17 7 3 19 17 1 3 31 3 25 13 13 17 9 26 31 22
QUERY_IDS 1 3 4 5 14 20 21 25 26 28 32 33 36 38 39 41 42 45 48 58 59 60 61 62 63 64 66 68 72 73 74 75
RESPONSES 0 0 0 0 1 1 1 0 0 1 0 0 1 0 0 1 1 1 1 0 1 1 1 1 1 1 0 0 0 0 0 0
RESPONSES 0 0 0 0 1 0 1 0 0 1 0 0 1 0 0 0 0 0 1 0 1 1 1 1 1 1 0 1 0 0 0 0
RESPONSES 0 0 0 0 1 1 1 0 0 0 0 0 1 0 0 0 0 1 1 0 1 1 1 1 1 1 0 0 0 0 0 0
RESPONSES 0 0 0 0 1 1 1 0 0 1 0 0 1 0 0 0 0 0 1 0 1 1 1 1 1 1 1 1 0 1 1 1
RESPONSES 0 0 0 0 1 1 1 0 0 0 0 0 1 0 0 0 0 0 1 1 1 1 1 1 1 1 0 1 0 0 0 0
RESPONSES 0 0 0 0 1 1 1 0 0 0 0 0 0 0 0 0 0 1 1 1 1 1 1 1 1 1 0 1 0 0 0 0
RESPONSES 0 0 0 0 1 1 1 0 0 0 0 0 1 0 0 0 0 1 1 0 1 1 1 1 1 1 0 1 0 0 0 0
RESPONSES 0 1 1 1 1 1 1 1 1 1 0 0 1 0 0 0 0 0 0 0 1 1 1 1 1 1 1 1 0 0 0 0
RESPONSES 0 0 0 0 1 1 1 0 0 0 0 0 0 0 0 0 0 0 1 1 1 1 1 1 1 1 1 1 0 0 0 0
RESPONSES 0 0 0 0 1 0 1 0 0 1 0 0 1 0 0 0 0 0 1 0 1 1 1 1 1 1 0 1 0 0 0 0
RESPONSES 0 0 0 0 1 1 1 0 0 0 0 0 1 0 0 0 0 1 1 1 1 1 1 1 1 1 1 1 0 0 0 0
RESPONSES 0 0 0 0 1 0 1 0 0 1 0 0 0 0 0 0 0 1 1 1 1 1 1 1 1 1 0 1 0 0 0 0
RESPONSES 0 1 1 1 1 1 1 0 0 0 0 0 1 0 0 0 0 0 0 1 1 1 1 1 1 1 1 1 0 0 0 0
RESPONSES 1 1 1 1 0 1 1 0 0 1 0 0 1 1 1 1 1 0 1 0 0 0 0 0 0 0 0 1 0 0 0 0
RESPONSES 0 0 0 0 1 0 0 0 0 0 1 1 1 0 0 1 1 0 1 0 0 0 0 0 0 0 0 1 1 1 1 1
RESPONSES 0 1 1 1 1 1 1 0 0 0 0 0 1 0 0 0 0 0 0 1 1 1 1 1 1 1 0 0 0 0 0 0
RESPONSES 0 0 0 0 1 1 1 0 0 0 0 0 1 0 0 0 0 1 1 0 1 1 1 1 1 1 0 1 0 0 0 0
RESPONSES 0 0 1 1 1 1 1 0 0 0 0 0 0 0 0 1 1 0 1 1 1 1 1 1 1 1 0 1 0 0 0 0
RESPONSES 0 0 0 0 1 1 1 0 0 0 0 0 1 0 0 0 0 1 1 0 1 1 1 1 1 1 0 1 0 0 0 0
RESPONSES 0 0 0 0 1 0 1 0 0 1 0 0 0 0 0 0 0 1 1 1 1 1 1 1 1 1 1 1 0 0 0 0
RESPONSES 0 0 1 1 1 1 1 0 0 0 0 0 0 0 0 1 1 0 1 1 1 1 1 1 1 1 0 1 0 0 0 0
RESPONSES 0 0 0 0 1 1 1 0 0 0 0 0 0 0 0 0 0 0 1 1 1 1 1 1 1 1 1 1 0 0 0 0
RESPONSES 0 1 1 1 1 1 1 0 0 0 0 0 1 0 0 0 0 1 1 0 1 1 1 1 1 1 0 0 0 0 0 0
RESPONSES 0 0 0 0 1 1 1 0 0 0 0 0 0 0 0 0 0 0 0 1 1 1 1 1 1 1 0 0 0 0 0 0
COSTS 12 13 15 14 11 2 7 10 2 3 12 14 12 11 5 17 13 13 10 11 17 13 13 7 5 15 5 18 14 17 13 4
COSTS 12 13 15 14 11 3 7 10 2 3 12 14 12 11 5 14 12 15 10 11 17 13 13 7 5 15 5 18 14 17 13 4
COSTS 12 13 15 14 11 2 7 10 2 3 12 14 12 11 5 14 12 13 10 11 17 13 13 7 5 15 5 18 14 17 13 4
COSTS 12 13 15 14 11 2 7 10 2 3 12 14 12 11 5 14 12 15 10 11 17 13 13 7 5 15 4 18 14 16 15 1
COSTS 12 13 15 14 11 2 7 10 2 3 12 14 12 11 5 14 12 15 10 11 17 13 13 7 5 15 5 18 14 17 13 4
COSTS 12 13 15 14 11 2 7 10 2 3 12 14 12 11 5 14 12 13 10 11 17 13 13 7 5 15 5 18 14 17 13 4
COSTS 12 13 15 14 11 2 7 10 2 3 12 14 12 11 5 14 12 13 10 11 17 13 13 7 5 15 5 18 14 17 13 4
COSTS 12 16 13 15 11 2 7 12 6 3 12 14 12 11 5 14 12 15 10 11 17 13 13 7 5 15 4 18 14 17 13 4
COSTS 12 13 15 14 11 2 7 10 2 3 12 14 12 11 5 14 12 15 10 11 17 13 13 7 5 15 4 18 14 17 13 4
COSTS 12 13 15 14 11 3 7 10 2 3 12 14 12 11 5 14 12 15 10 11 17 13 13 7 5 15 5 18 14 17 13 4
COSTS 12 13 15 14 11 2 7 10 2 3 12 14 12 11 5 14 12 13 10 11 17 13 13 7 5 15 4 18 14 17 13 4
COSTS 12 13 15 14 11 3 7 10 2 3 12 14 12 11 5 14 12 13 10 11 17 13 13 7 5 15 5 18 14 17 13 4
COSTS 12 16 13 15 11 2 7 10 2 3 12 14 12 11 5 14 12 15 10 11 17 13 13 7 5 15 4 18 14 17 13 4
COSTS 9 16 13 15 10 2 7 10 2 3 12 14 12 9 5 17 13 15 10 11 14 16 15 7 5 15 5 18 14 17 13 4
COSTS 12 13 15 14 11 3 5 10 2 3 16 11 12 11 5 17 13 15 10 11 14 16 15 7 5 15 5 18 13 16 15 1
COSTS 12 16 13 15 11 2 7 10 2 3 12 14 12 11 5 14 12 15 10 11 17 13 13 7 5 15 5 18 14 17 13 4
COSTS 12 13 15 14 11 2 7 10 2 3 12 14 12 11 5 14 12 13 10 11 17 13 13 7 5 15 5 18 14 17 13 4
COSTS 12 13 13 15 11 2 7 10 2 3 12 14 12 11 5 17 13 15 10 11 17 13 13 7 5 15 5 18 14 17 13 4
COSTS 12 13 15 14 11 2 7 10 2 3 12 14 12 11 5 14 12 13 10 11 17 13 13 7 5 15 5 18 14 17 13 4
COSTS 12 13 15 14 11 3 7 10 2 3 12 14 12 11 5 14 12 13 10 11 17 13 13 7 5 15 4 18 14 17 13 4
COSTS 12 13 13 15 11 2 7 10 2 3 12 14 12 11 5 17 13 15 10 11 17 13 13 7 5 15 5 18 14 17 13 4
COSTS 12 13 15 14 11 2 7 10 2 3 12 14 12 11 5 14 12 15 10 11 17 13 13 7 5 15 4 18 14 17 13 4
COSTS 12 16 13 15 11 2 7 10 2 3 12 14 12 11 5 14 12 13 10 11 17 13 13 7 5 15 5 18 14 17 13 4
COSTS 12 13 15 14 11 2 7 10 2 3 12 14 12 11 5 14 12 15 10 11 17 13 13 7 5 15 5 18 14 17 13 4
END
STATE dbd51779ede2493be232210141250a78c9e808a74835392c135a704e46bc8924 6001 24 24
LABELS 1 0 0 1 0 1 0 1 1 1 1 1 1 0 1 1 1 0 1 1 0 1 0 1
MASSES 20 8 12 10 28 22 2 16 4 18 9 8 29 25 11 10 12 14 23 7 26 19 2 7
QUERY_IDS 1 2 3 5 12 13 14 15 16 19 20 21 22 23 24 25 26 34 35 43 44 47 48 51
RESPONSES 1 1 1 1 1 1 1 1 1 1 1 1 1 1 1 1 1 0 0 1 1 0 1 1
RESPONSES 0 0 0 1 1 0 0 0 0 1 1 1 1 1 1 1 1 0 0 1 1 0 0 1
RESPONSES 1 1 1 1 1 1 1 1 1 1 1 1 1 1 1 1 1 1 1 1 1 0 1 1
RESPONSES 0 0 0 1 0 0 0 1 1 1 1 1 1 1 1 1 1 1 1 0 1 0 0 1
RESPONSES 0 0 0 1 1 0 0 0 0 0 1 1 1 1 1 1 1 0 0 1 1 0 0 0
RESPONSES 0 0 0 1 1 0 0 0 0 1 1 1 1 1 1 1 1 1 1 1 1 0 1 1
RESPONSES 1 1 1 1 1 0 0 0 0 1 1 1 1 1 1 1 1 1 1 1 1 0 1 1
RESPONSES 0 0 0 0 0 0 0 0 0 0 1 1 1 1 1 1 1 1 1 1 1 0 0 0
RESPONSES 1 1 1 1 0 0 0 1 1 1 0 0 0 0 0 1 1 0 0 0 0 1 1 1
RESPONSES 0 0 0 1 1 0 0 0 0 0 1 1 1 1 1 1 1 0 0 1 1 0 1 1
RESPONSES 1 1 1 1 0 0 0 0 0 1 0 0 0 0 0 0 0 0 0 0 0 1 1 1
RESPONSES 1 1 1 1 1 1 1 1 1 1 1 1 1 1 1 1 1 1 1 1 1 0 1 1
RESPONSES 0 0 0 1 0 0 0 0 0 1 0 0 0 0 0 1 1 0 0 1 1 0 0 1
RESPONSES 1 1 1 1 1 0 0 0 0 1 0 0 0 0 0 0 0 0 1 1 1 0 0 0
RESPONSES 0 0 0 1 1 0 0 0 0 1 0 0 0 0 0 1 1 0 1 1 1 0 0 0
RESPONSES 1 1 1 1 1 1 1 1 1 1 1 1 1 1 1 1 1 0 0 1 1 1 1 1
RESPONSES 0 0 0 1 1 0 0 0 0 1 1 1 1 1 1 1 1 0 0 1 1 0 0 1
RESPONSES 0 0 0 1 1 0 0 1 1 1 1 1 1 1 1 1 1 1 1 1 1 0 0 1
RESPONSES 0 0 0 0 1 0 0 0 0 1 1 1 1 1 1 1 1 0 1 1 1 0 0 1
RESPONSES 0 0 0 1 0 0 0 0 0 0 1 1 1 1 1 1 1 0 0 1 1 0 0 0
RESPONSES 0 0 0 0 1 0 0 0 0 1 1 1 1 1 1 1 1 1 1 0 0 0 0 0
RESPONSES 1 1 1 1 1 1 1 1 1 1 1 1 1 1 1 1 1 0 0 0 0 1 1 1
RESPONSES 0 0 0 1 1 0 0 0 0 1 1 1 1 1 1 1 1 1 1 0 1 0 0 0
RESPONSES 0 1 1 1 1 0 0 0 0 1 1 1 1 1 1 1 1 0 0 1 1 0 0 1
COSTS 7 11 15 2 17 10 4 6 11 18 8 8 4 17 13 14 5 13 5 6 1 4 17 18
COSTS 6 10 16 2 17 11 4 6 12 18 8 8 4 17 13 14 5 13 5 6 1 4 17 18
COSTS 7 11 15 2 17 10 4 6 11 18 8 8 4 17 13 14 5 10 5 6 1 4 17 18
COSTS 6 10 16 2 15 11 4 6 11 18 8 8 4 17 13 14 5 10 5 7 1 4 17 18
COSTS 6 10 16 2 17 11 4 6 12 15 8 8 4 17 13 14 5 13 5 6 1 4 17 17
COSTS 6 10 16 2 17 11 4 6 12 18 8 8 4 17 13 14 5 10 5 6 1 4 17 18
COSTS 7 11 15 2 17 11 4 6 12 18 8 8 4 17 13 14 5 10 5 6 1 4 17 18
COSTS 6 10 16 4 15 11 4 6 12 15 8 8 4 17 13 14 5 10 5 6 1 4 17 17
COSTS 7 11 15 2 15 11 4 6 11 18 9 10 5 13 10 14 5 13 5 7 2 5 17 18
COSTS 6 10 16 2 17 11 4 6 12 15 8 8 4 17 13 14 5 13 5 6 1 4 17 18
COSTS 7 11 15 2 15 11 4 6 12 18 9 10 5 13 10 13 4 13 5 7 2 5 17 18
COSTS 7 11 15 2 17 10 4 6 11 18 8 8 4 17 13 14 5 10 5 6 1 4 17 18
COSTS 6 10 16 2 15 11 4 6 12 18 9 10 5 13 10 14 5 13 5 6 1 4 17 18
COSTS 7 11 15 2 17 11 4 6 12 18 9 10 5 13 10 13 4 13 5 6 1 4 17 17
COSTS 6 10 16 2 17 11 4 6 12 18 9 10 5 13 10 14 5 13 5 6 1 4 17 17
COSTS 7 11 15 2 17 10 4 6 11 18 8 8 4 17 13 14 5 13 5 6 1 5 17 18
COSTS 6 10 16 2 17 11 4 6 12 18 8 8 4 17 13 14 5 13 5 6 1 4 17 18
COSTS 6 10 16 2 17 11 4 6 11 18 8 8 4 17 13 14 5 10 5 6 1 4 17 18
COSTS 6 10 16 4 17 11 4 6 12 18 8 8 4 17 13 14 5 13 5 6 1 4 17 18
COSTS 6 10 16 2 15 11 4 6 12 15 8 8 4 17 13 14 5 13 5 6 1 4 17 17
COSTS 6 10 16 4 17 11 4 6 12 18 8 8 4 17 13 14 5 10 5 7 2 4 17 17
COSTS 7 11 15 2 17 10 4 6 11 18 8 8 4 17 13 14 5 13 5 7 2 5 17 18
COSTS 6 10 16 2 17 11 4 6 12 18 8 8 4 17 13 14 5 10 5 7 1 4 17 17
COSTS 6 11 15 2 17 11 4 6 12 18 8 8 4 17 13 14 5 13 5 6 1 4 17 18
END
STATE df23154501200d8c294b5ca36b4dec4cf351cfb77f05a3be08dcfb28b578d6e2 6002 24 28
LABELS 1 0 0 0 1 0 0 0 0 0 0 0 0 0 0 1 0 0 0 1 0 0 0 0
MASSES 9 3 27 1 21 2 28 10 21 12 25 3 18 9 14 13 23 3 17 4 21 3 26 22
QUERY_IDS 0 1 3 4 6 7 8 9 10 11 12 13 14 15 16 17 19 22 23 24 27 28 29 30 31 32 33 34
RESPONSES 0 0 1 1 1 0 0 0 1 0 0 0 1 0 0 0 0 0 0 0 0 1 1 0 0 1 1 1
RESPONSES 1 1 1 1 1 1 1 1 1 1 1 1 1 1 1 1 1 1 1 1 1 1 1 1 1 1 1 1
RESPONSES 1 1 1 1 1 1 1 1 1 1 1 1 1 1 1 1 1 1 1 1 1 1 1 1 1 1 1 1
RESPONSES 1 1 1 1 1 1 1 1 1 1 1 1 1 1 1 1 1 1 1 1 1 1 1 1 1 1 1 1
RESPONSES 0 0 0 0 0 0 0 0 1 0 0 0 1 0 0 0 0 0 1 1 0 0 0 0 0 0 1 1
RESPONSES 0 0 1 1 1 1 1 1 1 1 1 1 1 1 1 1 1 1 1 1 1 1 1 1 1 1 1 1
RESPONSES 0 0 1 1 1 1 1 1 1 1 1 1 1 1 1 1 1 1 1 1 1 1 1 1 1 1 1 1
RESPONSES 0 0 1 1 1 1 1 1 1 1 1 1 1 1 1 1 1 1 1 1 1 1 1 1 1 1 1 1
RESPONSES 0 0 0 0 1 1 1 1 1 0 1 1 1 0 0 1 1 1 1 1 1 1 1 1 1 1 1 1
RESPONSES 0 0 0 1 1 1 1 1 1 1 1 1 1 1 1 1 1 1 1 1 1 1 1 1 1 1 1 1
RESPONSES 0 0 0 1 1 1 1 1 1 1 1 1 1 1 1 1 1 1 1 1 1 1 1 1 1 1 1 1
RESPONSES 1 1 1 1 1 1 1 1 1 1 1 1 1 1 1 1 1 1 1 1 1 1 1 1 1 1 1 1
RESPONSES 1 1 1 1 1 1 1 1 1 1 1 1 1 1 1 1 1 1 1 1 1 1 1 1 1 1 1 1
RESPONSES 1 1 1 1 1 1 1 1 1 0 1 1 1 1 1 1 1 0 0 0 1 1 1 1 1 1 1 1
RESPONSES 1 1 1 1 1 1 1 1 1 0 1 1 1 1 1 1 1 1 1 1 1 1 1 1 1 1 1 1
RESPONSES 0 0 0 0 1 0 0 0 0 0 0 0 0 0 0 0 0 0 1 1 0 0 1 0 1 1 0 0
RESPONSES 0 0 1 1 1 1 1 1 1 1 1 1 1 1 1 1 1 1 1 1 1 1 1 1 1 1 1 1
RESPONSES 0 0 1 1 1 1 1 1 1 1 1 1 1 1 1 1 1 1 1 1 1 1 1 1 1 1 1 1
RESPONSES 0 0 0 0 1 1 1 1 1 1 1 1 1 1 1 1 1 1 1 1 1 1 1 1 1 1 1 1
RESPONSES 0 0 0 0 0 1 1 1 1 1 1 1 1 1 1 1 1 0 1 1 0 1 1 0 0 1 1 1
RESPONSES 0 0 1 1 1 0 0 1 1 1 1 1 1 1 1 1 1 1 1 1 0 1 1 0 0 1 1 1
RESPONSES 0 1 1 1 1 1 1 1 1 1 1 1 1 1 1 1 1 1 1 1 1 1 1 1 1 1 1 1
RESPONSES 1 1 1 1 1 1 1 1 1 0 1 1 1 1 1 1 1 1 1 1 1 1 1 1 1 1 1 1
RESPONSES 0 1 1 1 1 1 1 1 1 1 1 1 1 1 1 1 1 1 1 1 1 1 1 1 1 1 1 1
COSTS 12 10 9 9 10 11 11 8 14 15 3 7 9 3 8 13 14 1 11 16 17 11 16 5 2 5 12 9
COSTS 14 11 9 9 10 13 11 8 14 14 3 4 9 4 9 16 17 4 7 16 18 11 16 4 1 5 12 9
COSTS 14 11 9 9 10 13 11 8 14 14 3 4 9 4 9 16 17 4 7 16 18 11 16 4 1 5 12 9
COSTS 14 11 9 9 10 13 11 8 14 14 3 4 9 4 9 16 17 4 7 16 18 11 16 4 1 5 12 9
COSTS 12 10 7 9 10 11 11 8 14 15 3 7 9 3 8 13 14 1 7 16 17 9 14 5 2 2 12 9
COSTS 12 10 9 9 10 13 11 8 14 14 3 4 9 4 9 16 17 4 7 16 18 11 16 4 1 5 12 9
COSTS 12 10 9 9 10 13 11 8 14 14 3 4 9 4 9 16 17 4 7 16 18 11 16 4 1 5 12 9
COSTS 12 10 9 9 10 13 11 8 14 14 3 4 9 4 9 16 17 4 7 16 18 11 16 4 1 5 12 9
COSTS 12 10 7 9 10 13 11 8 14 15 3 4 9 3 8 16 17 4 7 16 18 11 16 4 1 5 12 9
COSTS 12 10 7 9 10 13 11 8 14 14 3 4 9 4 9 16 17 4 7 16 18 11 16 4 1 5 12 9
COSTS 12 10 7 9 10 13 11 8 14 14 3 4 9 4 9 16 17 4 7 16 18 11 16 4 1 5 12 9
COSTS 14 11 9 9 10 13 11 8 14 14 3 4 9 4 9 16 17 4 7 16 18 11 16 4 1 5 12 9
COSTS 14 11 9 9 10 13 11 8 14 14 3 4 9 4 9 16 17 4 7 16 18 11 16 4 1 5 12 9
COSTS 14 11 9 9 10 13 11 8 14 15 3 4 9 4 9 16 17 1 11 16 18 11 16 4 1 5 12 9
COSTS 14 11 9 9 10 13 11 8 14 15 3 4 9 4 9 16 17 4 7 16 18 11 16 4 1 5 12 9
COSTS 12 10 7 9 10 11 11 8 15 15 3 7 8 3 8 13 14 1 7 16 17 9 16 5 1 5 10 10
COSTS 12 10 9 9 10 13 11 8 14 14 3 4 9 4 9 16 17 4 7 16 18 11 16 4 1 5 12 9
COSTS 12 10 9 9 10 13 11 8 14 14 3 4 9 4 9 16 17 4 7 16 18 11 16 4 1 5 12 9
COSTS 12 10 7 9 10 13 11 8 14 14 3 4 9 4 9 16 17 4 7 16 18 11 16 4 1 5 12 9
COSTS 12 10 7 9 10 13 11 8 14 14 3 4 9 4 9 16 17 1 7 16 17 11 16 5 2 5 12 9
COSTS 12 10 9 9 10 11 11 8 14 14 3 4 9 4 9 16 17 4 7 16 17 11 16 5 2 5 12 9
COSTS 12 11 9 9 10 13 11 8 14 14 3 4 9 4 9 16 17 4 7 16 18 11 16 4 1 5 12 9
COSTS 14 11 9 9 10 13 11 8 14 15 3 4 9 4 9 16 17 4 7 16 18 11 16 4 1 5 12 9
COSTS 12 11 9 9 10 13 11 8 14 14 3 4 9 4 9 16 17 4 7 16 18 11 16 4 1 5 12 9
END
STATE e0ca87b29ca2eb564f27f6eb21796158999db49a0e63a67b3a6cc84686ee7a3e 6001 24 37
LABELS 0 0 0 0 0 0 0 0 0 0 0 0 0 0 0 0 0 0 0 0 0 0 0 0
MASSES 27 25 8 13 15 17 31 9 5 5 16 16 11 6 29 5 21 22 2 13 25 7 9 20
QUERY_IDS 0 1 2 3 7 8 10 16 18 19 22 24 25 26 27 28 29 30 31 32 33 34 35 36 39 40 41 42 43 51 52 53 54 55 56 57 60
RESPONSES 0 1 1 1 1 0 0 0 0 0 0 0 0 0 0 0 0 0 0 0 0 0 0 0 0 0 0 0 0 0 0 0 0 0 0 0 1
RESPONSES 0 1 1 1 1 0 0 0 0 0 0 0 0 0 0 0 0 0 0 0 0 0 0 0 0 0 0 0 0 0 0 0 0 0 0 0 1
RESPONSES 1 1 1 1 1 0 1 0 0 0 0 0 0 0 0 0 0 0 0 0 0 0 0 0 0 0 0 0 0 0 0 0 0 0 0 0 1
RESPONSES 0 1 1 1 1 0 0 0 0 0 0 0 0 0 0 0 0 0 0 0 0 0 0 0 0 0 0 0 0 0 0 0 0 0 0 0 1
RESPONSES 0 0 0 0 1 0 0 0 0 0 0 0 0 0 0 0 1 0 0 0 0 1 1 0 0 0 0 0 0 0 0 0 0 0 0 0 1
RESPONSES 0 0 0 0 1 0 0 1 0 0 0 0 0 0 0 0 0 0 0 0 0 0 0 0 0 0 0 0 0 0 0 0 0 0 0 0 1
RESPONSES 0 0 0 0 1 0 0 1 0 0 0 0 0 0 0 0 0 0 0 0 0 0 0 0 0 0 0 0 0 0 0 0 0 0 0 0 1
RESPONSES 0 0 0 0 1 0 0 1 0 0 0 0 0 0 0 0 0 0 0 0 0 0 0 0 0 0 0 0 0 0 0 0 0 0 0 0 1
RESPONSES 0 0 1 1 1 0 0 0 0 0 0 0 0 0 0 0 0 0 0 0 0 0 0 0 0 0 0 0 0 0 0 0 0 0 0 0 1
RESPONSES 0 0 1 1 1 0 0 0 0 0 0 0 0 0 0 0 0 0 0 0 0 0 0 0 0 0 0 0 0 0 0 0 0 0 0 0 1
RESPONSES 0 0 1 1 1 0 0 0 0 0 0 0 0 0 0 0 0 0 0 0 0 0 0 0 0 0 0 0 0 0 0 0 0 0 0 0 1
RESPONSES 1 1 1 1 1 0 0 0 0 0 0 0 0 0 0 0 1 0 1 1 1 1 1 1 1 1 1 1 1 0 0 0 0 0 0 0 1
RESPONSES 0 0 0 1 1 0 0 0 0 0 0 0 0 0 0 0 0 0 0 0 0 0 0 0 0 0 0 0 0 0 0 0 0 0 0 0 1
RESPONSES 0 1 1 1 2 0 0 0 0 0 1 1 1 1 1 1 1 1 1 1 1 1 1 1 0 0 1 1 1 1 1 1 1 1 1 1 0
RESPONSES 0 0 0 1 2 0 0 0 0 0 0 0 0 0 0 0 0 0 0 0 0 0 0 0 0 0 0 0 0 0 0 0 0 0 0 0 1
RESPONSES 0 0 1 1 1 0 0 0 0 0 0 0 0 0 0 0 0 0 0 0 0 0 0 0 0 0 0 0 0 0 0 0 0 0 0 0 1
RESPONSES 0 0 1 1 1 0 0 0 0 0 0 0 0 0 0 0 0 0 0 0 0 0 0 0 0 0 0 0 0 0 0 0 0 0 0 0 1
RESPONSES 1 1 1 1 1 0 0 0 0 1 0 0 0 0 0 0 0 0 0 0 0 0 0 0 0 0 0 0 0 0 0 0 0 0 0 0 1
RESPONSES 0 0 0 0 0 0 0 0 0 0 0 0 0 0 0 0 0 0 0 0 0 0 0 0 0 0 0 0 0 0 0 0 0 0 0 0 1
RESPONSES 0 0 1 1 1 0 0 0 1 1 0 0 0 0 0 0 0 0 0 0 0 0 0 0 0 0 0 0 0 0 0 0 0 0 0 0 1
RESPONSES 1 1 1 1 1 0 0 0 0 0 0 0 0 0 0 0 0 0 0 0 0 0 0 0 0 0 0 0 0 0 0 0 0 0 0 0 1
RESPONSES 0 0 0 0 2 1 0 1 0 0 1 0 0 0 0 0 1 1 1 1 1 1 1 1 0 0 1 1 1 0 0 0 0 0 0 0 1
RESPONSES 1 1 1 1 1 0 1 1 0 0 0 0 0 0 0 0 0 0 0 0 0 0 0 0 0 0 0 0 0 0 0 0 0 0 0 0 1
RESPONSES 1 1 1 1 1 0 1 1 0 0 0 0 0 0 0 0 0 0 0 0 0 0 0 0 0 0 0 0 0 0 0 0 0 0 0 0 1
COSTS 9 11 7 15 12 12 15 8 6 8 10 13 14 11 14 16 16 4 17 14 3 12 5 7 9 16 12 15 10 5 7 12 11 11 13 2 6
COSTS 9 11 7 15 12 12 15 8 6 8 10 13 14 11 14 16 16 4 17 14 3 12 5 7 9 16 12 15 10 5 7 12 11 11 13 2 6
COSTS 6 11 7 15 12 12 14 8 6 8 10 13 14 11 14 16 16 4 17 14 3 12 5 7 9 16 12 15 10 5 7 12 11 11 13 2 6
COSTS 9 11 7 15 12 12 15 8 6 8 10 13 14 11 14 16 16 4 17 14 3 12 5 7 9 16 12 15 10 5 7 12 11 11 13 2 6
COSTS 9 10 10 14 12 12 15 8 6 8 10 13 14 11 14 16 14 4 17 14 3 10 5 7 9 16 12 15 10 5 7 12 11 11 13 2 6
COSTS 9 10 10 14 12 12 15 11 6 8 10 13 14 11 14 16 16 4 17 14 3 12 5 7 9 16 12 15 10 5 7 12 11 11 13 2 6
COSTS 9 10 10 14 12 12 15 11 6 8 10 13 14 11 14 16 16 4 17 14 3 12 5 7 9 16 12 15 10 5 7 12 11 11 13 2 6
COSTS 9 10 10 14 12 12 15 11 6 8 10 13 14 11 14 16 16 4 17 14 3 12 5 7 9 16 12 15 10 5 7 12 11 11 13 2 6
COSTS 9 10 7 15 12 12 15 8 6 8 10 13 14 11 14 16 16 4 17 14 3 12 5 7 9 16 12 15 10 5 7 12 11 11 13 2 6
COSTS 9 10 7 15 12 12 15 8 6 8 10 13 14 11 14 16 16 4 17 14 3 12 5 7 9 16 12 15 10 5 7 12 11 11 13 2 6
COSTS 9 10 7 15 12 12 15 8 6 8 10 13 14 11 14 16 16 4 17 14 3 12 5 7 9 16 12 15 10 5 7 12 11 11 13 2 6
COSTS 6 11 7 15 12 12 15 8 6 8 10 13 14 11 14 16 14 4 13 13 1 10 5 6 7 13 15 18 13 5 7 12 11 11 13 2 6
COSTS 9 10 10 15 12 12 15 8 6 8 10 13 14 11 14 16 16 4 17 14 3 12 5 7 9 16 12 15 10 5 7 12 11 11 13 2 6
COSTS 9 11 7 15 13 12 15 8 6 8 8 13 17 14 14 18 14 5 13 13 1 10 5 6 9 16 15 18 13 7 5 13 14 14 15 2 9
COSTS 9 10 10 15 13 12 15 8 6 8 10 13 14 11 14 16 16 4 17 14 3 12 5 7 9 16 12 15 10 5 7 12 11 11 13 2 6
COSTS 9 10 7 15 12 12 15 8 6 8 10 13 14 11 14 16 16 4 17 14 3 12 5 7 9 16 12 15 10 5 7 12 11 11 13 2 6
COSTS 9 10 7 15 12 12 15 8 6 8 10 13 14 11 14 16 16 4 17 14 3 12 5 7 9 16 12 15 10 5 7 12 11 11 13 2 6
COSTS 6 11 7 15 12 12 15 8 6 4 10 13 14 11 14 16 16 4 17 14 3 12 5 7 9 16 12 15 10 5 7 12 11 11 13 2 6
COSTS 9 10 10 14 14 12 15 8 6 8 10 13 14 11 14 16 16 4 17 14 3 12 5 7 9 16 12 15 10 5 7 12 11 11 13 2 6
COSTS 9 10 7 15 12 12 15 8 8 4 10 13 14 11 14 16 16 4 17 14 3 12 5 7 9 16 12 15 10 5 7 12 11 11 13 2 6
COSTS 6 11 7 15 12 12 15 8 6 8 10 13 14 11 14 16 16 4 17 14 3 12 5 7 9 16 12 15 10 5 7 12 11 11 13 2 6
COSTS 9 10 10 14 13 14 15 11 6 8 8 13 14 11 14 16 14 5 13 13 1 10 5 6 9 16 15 18 13 5 7 12 11 11 13 2 6
COSTS 6 11 7 15 12 12 14 11 6 8 10 13 14 11 14 16 16 4 17 14 3 12 5 7 9 16 12 15 10 5 7 12 11 11 13 2 6
COSTS 6 11 7 15 12 12 14 11 6 8 10 13 14 11 14 16 16 4 17 14 3 12 5 7 9 16 12 15 10 5 7 12 11 11 13 2 6
END
STATE e0e4a31c53c8b42df7ee08ae3dbf522149efdfce8355392c83fa543968485e8d 6002 24 24
LABELS 1 0 1 0 1 0 1 1 0 0 0 1 0 0 1 0 1 1 1 0 1 1 0 0
MASSES 12 30 22 28 31 25 10 5 3 20 12 31 20 10 9 7 7 11 21 1 23 12 6 23
QUERY_IDS 0 1 2 6 7 8 9 10 14 15 17 18 19 20 21 23 24 25 26 27 28 29 33 37
RESPONSES 1 1 1 0 0 0 0 0 0 0 0 0 0 0 0 1 1 1 0 0 0 0 0 1
RESPONSES 0 0 0 1 1 1 1 1 1 1 1 1 1 0 0 1 1 1 1 1 1 1 1 1
RESPONSES 0 0 0 0 0 0 0 1 0 0 0 0 0 1 1 1 1 1 1 1 1 1 1 1
RESPONSES 0 0 0 0 0 0 1 1 0 0 0 1 1 0 0 0 0 0 1 1 1 1 0 1
RESPONSES 0 0 0 0 0 0 0 0 0 0 0 1 1 1 1 1 1 1 1 1 1 1 1 1
RESPONSES 0 0 0 0 0 0 0 0 0 0 0 1 1 1 1 1 1 1 1 1 1 1 0 1
RESPONSES 0 0 0 0 0 0 0 1 0 0 1 1 1 1 1 1 1 1 1 1 1 1 0 1
RESPONSES 1 1 1 0 0 0 0 0 0 0 1 1 1 1 1 1 1 1 1 1 1 1 0 1
RESPONSES 0 0 0 0 0 0 0 1 0 0 1 1 1 0 0 0 0 1 0 0 0 0 1 1
RESPONSES 0 0 0 1 1 1 1 1 1 1 1 1 1 1 1 1 1 1 1 1 1 1 0 1
RESPONSES 0 0 0 0 0 1 1 1 0 0 0 0 0 0 0 1 1 1 1 1 1 1 1 1
RESPONSES 0 0 0 0 0 0 0 1 0 0 0 1 1 1 1 1 1 1 1 1 1 1 0 1
RESPONSES 0 0 0 0 0 1 1 1 0 0 1 1 1 0 0 0 0 0 1 1 1 1 0 1
RESPONSES 0 0 0 0 0 1 1 1 0 0 0 1 1 0 0 0 0 0 0 0 0 0 0 1
RESPONSES 0 0 0 0 0 0 0 0 0 0 1 1 1 0 0 0 0 1 0 0 0 0 1 1
RESPONSES 0 0 0 0 0 0 0 0 0 0 1 1 1 0 0 0 0 1 0 0 1 1 1 1
RESPONSES 0 0 0 0 0 0 1 1 0 0 1 1 1 0 0 1 1 1 1 1 1 1 1 1
RESPONSES 0 0 0 0 0 0 0 0 0 0 0 1 1 1 1 1 1 1 1 1 1 1 0 1
RESPONSES 0 0 0 0 0 0 0 0 1 1 1 1 1 0 0 0 1 1 1 1 1 1 0 1
RESPONSES 0 0 0 0 0 1 1 1 0 0 1 1 1 0 0 0 1 1 0 0 1 1 0 1
RESPONSES 0 0 0 0 0 0 0 0 0 0 0 1 1 0 0 0 0 1 0 0 0 0 0 0
RESPONSES 0 0 0 0 0 0 0 0 0 0 0 0 0 1 1 1 1 1 1 1 1 1 0 1
RESPONSES 1 1 1 1 1 1 1 1 0 0 0 1 1 1 1 1 1 1 1 1 1 1 0 0
RESPONSES 0 0 0 0 0 1 1 1 0 0 0 1 1 1 1 1 1 1 1 1 1 1 0 1
COSTS 17 4 11 14 18 13 12 9 3 13 8 5 8 7 7 3 5 19 8 6 11 7 18 14
COSTS 16 5 15 18 15 13 11 9 5 14 7 8 8 7 7 3 5 19 9 4 14 10 19 14
COSTS 16 5 15 14 18 13 12 9 3 13 8 5 8 11 5 3 5 19 9 4 14 10 19 14
COSTS 16 5 15 14 18 13 11 9 3 13 8 8 8 7 7 2 4 19 9 4 14 10 18 14
COSTS 16 5 15 14 18 13 12 9 3 13 8 8 8 11 5 3 5 19 9 4 14 10 19 14
COSTS 16 5 15 14 18 13 12 9 3 13 8 8 8 11 5 3 5 19 9 4 14 10 18 14
COSTS 16 5 15 14 18 13 12 9 3 13 7 8 8 11 5 3 5 19 9 4 14 10 18 14
COSTS 17 4 11 14 18 13 12 9 3 13 7 8 8 11 5 3 5 19 9 4 14 10 18 14
COSTS 16 5 15 14 18 13 12 9 3 13 7 8 8 7 7 2 4 19 8 6 11 7 19 14
COSTS 16 5 15 18 15 13 11 9 5 14 7 8 8 11 5 3 5 19 9 4 14 10 18 14
COSTS 16 5 15 14 18 13 11 9 3 13 8 5 8 7 7 3 5 19 9 4 14 10 19 14
COSTS 16 5 15 14 18 13 12 9 3 13 8 8 8 11 5 3 5 19 9 4 14 10 18 14
COSTS 16 5 15 14 18 13 11 9 3 13 7 8 8 7 7 2 4 19 9 4 14 10 18 14
COSTS 16 5 15 14 18 13 11 9 3 13 8 8 8 7 7 2 4 19 8 6 11 7 18 14
COSTS 16 5 15 14 18 13 12 9 3 13 7 8 8 7 7 2 4 19 8 6 11 7 19 14
COSTS 16 5 15 14 18 13 12 9 3 13 7 8 8 7 7 2 4 19 8 6 14 10 19 14
COSTS 16 5 15 14 18 13 11 9 3 13 7 8 8 7 7 3 5 19 9 4 14 10 19 14
COSTS 16 5 15 14 18 13 12 9 3 13 8 8 8 11 5 3 5 19 9 4 14 10 18 14
COSTS 16 5 15 14 18 13 12 9 5 14 7 8 8 7 7 2 5 19 9 4 14 10 18 14
COSTS 16 5 15 14 18 13 11 9 3 13 7 8 8 7 7 2 5 19 8 6 14 10 18 14
COSTS 16 5 15 14 18 13 12 9 3 13 8 8 8 7 7 2 4 19 8 6 11 7 18 16
COSTS 16 5 15 14 18 13 12 9 3 13 8 5 8 11 5 3 5 19 9 4 14 10 18 14
COSTS 17 4 11 18 15 13 11 9 3 13 8 8 8 11 5 3 5 19 9 4 14 10 18 16
COSTS 16 5 15 14 18 13 11 9 3 13 8 8 8 11 5 3 5 19 9 4 14 10 18 14
END
STATE e1055317292d89bf640829b14c6396b3778f58b70de372e050b18ec25bc0bbd1 6001 20 15
LABELS 1 1 1 1 1 1 0 1 1 1 1 0 1 1 0 1 1 1 1 1
MASSES 16 20 29 3 29 5 18 21 3 2 23 9 14 1 7 14 21 12 10 17
QUERY_IDS 0 1 2 3 4 5 7 8 9 10 11 12 13 14 15
RESPONSES 0 2 0 1 1 2 0 0 1 1 2 1 1 0 1
RESPONSES 0 2 0 1 1 2 0 0 1 1 2 1 1 0 1
RESPONSES 0 1 0 1 1 2 0 0 1 0 2 1 1 0 2
RESPONSES 0 1 0 1 1 2 0 0 1 0 2 1 1 0 1
RESPONSES 0 1 0 1 1 2 0 0 1 0 2 1 1 0 1
RESPONSES 0 0 0 1 1 2 0 0 1 0 2 1 1 0 2
RESPONSES 0 2 1 0 0 1 1 1 1 1 1 0 0 1 2
RESPONSES 1 2 0 1 1 2 0 0 1 0 2 1 1 0 2
RESPONSES 0 1 0 1 1 2 0 0 0 0 2 1 1 0 0
RESPONSES 1 2 0 1 1 2 0 0 1 0 2 1 1 0 1
RESPONSES 0 0 0 1 1 2 0 0 0 0 2 1 1 0 2
RESPONSES 1 1 0 0 1 2 0 0 0 1 2 0 1 0 2
RESPONSES 0 1 0 1 1 2 0 0 1 0 0 1 1 0 0
RESPONSES 1 1 0 1 1 2 0 0 1 0 0 1 1 0 1
RESPONSES 1 2 0 0 1 0 0 0 0 1 1 1 1 0 2
RESPONSES 0 2 1 1 1 2 0 0 1 0 2 1 1 0 2
RESPONSES 1 2 0 1 1 2 0 0 0 1 1 1 1 0 2
RESPONSES 0 2 0 1 1 2 0 0 0 0 0 1 1 0 1
RESPONSES 0 1 0 1 1 2 0 0 0 0 2 1 1 0 2
RESPONSES 0 1 0 1 1 2 0 0 0 0 2 1 1 0 2
COSTS 6 18 9 14 14 5 12 14 15 19 9 9 15 12 13
COSTS 6 18 9 14 14 5 12 14 15 19 9 9 15 12 13
COSTS 6 16 9 14 14 5 12 14 15 17 9 9 15 12 12
COSTS 6 16 9 14 14 5 12 14 15 17 9 9 15 12 13
COSTS 6 16 9 14 14 5 12 14 15 17 9 9 15 12 13
COSTS 6 15 9 14 14 5 12 14 15 17 9 9 15 12 12
COSTS 6 18 7 15 16 7 14 12 15 19 9 8 14 12 12
COSTS 5 18 9 14 14 5 12 14 15 17 9 9 15 12 12
COSTS 6 16 9 14 14 5 12 14 17 17 9 9 15 12 12
COSTS 5 18 9 14 14 5 12 14 15 17 9 9 15 12 13
COSTS 6 15 9 14 14 5 12 14 17 17 9 9 15 12 12
COSTS 5 16 9 15 14 5 12 14 17 19 9 8 15 12 12
COSTS 6 16 9 14 14 5 12 14 15 17 6 9 15 12 12
COSTS 5 16 9 14 14 5 12 14 15 17 6 9 15 12 13
COSTS 5 18 9 15 14 4 12 14 17 19 9 9 15 12 12
COSTS 6 18 7 14 14 5 12 14 15 17 9 9 15 12 12
COSTS 5 18 9 14 14 5 12 14 17 19 9 9 15 12 12
COSTS 6 18 9 14 14 5 12 14 17 17 6 9 15 12 13
COSTS 6 16 9 14 14 5 12 14 17 17 9 9 15 12 12
COSTS 6 16 9 14 14 5 12 14 17 17 9 9 15 12 12
END
STATE e22f60f0f0daed2f17a029c4a8c340986d4d49153dc06c965e2ff857960d7c54 6003 24 28
LABELS 0 0 0 0 0 0 0 0 0 1 0 0 0 0 0 0 1 0 0 0 0 0 0 0
MASSES 19 17 31 8 7 16 11 23 22 6 15 22 29 31 10 24 15 27 2 6 2 26 11 15
QUERY_IDS 0 1 2 3 4 5 7 8 9 10 11 12 15 16 17 19 20 21 22 23 25 26 27 28 29 30 31 32
RESPONSES 0 0 1 1 1 1 1 1 1 1 1 1 1 1 1 1 1 1 1 1 1 1 1 1 1 1 1 1
RESPONSES 0 0 1 1 1 1 1 1 1 1 1 1 1 1 1 1 1 1 1 1 1 1 1 1 1 1 1 1
RESPONSES 0 0 1 1 1 1 0 1 1 1 0 1 0 1 1 1 1 1 1 1 0 0 1 1 1 0 1 1
RESPONSES 1 1 1 1 1 1 1 1 1 1 1 1 1 1 1 1 1 1 1 1 0 1 1 1 1 1 1 1
RESPONSES 0 0 0 0 1 1 0 0 1 1 1 1 1 1 1 1 1 1 1 1 1 1 1 1 1 1 1 1
RESPONSES 0 1 1 1 1 1 0 0 1 1 1 1 1 1 1 1 1 1 1 1 0 1 1 1 1 1 1 1
RESPONSES 0 0 0 0 1 1 1 1 1 1 1 1 1 1 1 1 1 1 1 1 1 1 1 1 1 1 1 1
RESPONSES 0 0 0 1 1 1 1 1 1 1 1 1 1 1 1 1 1 1 1 1 0 0 1 1 1 1 1 1
RESPONSES 0 0 0 1 1 1 0 1 1 1 1 1 1 1 1 1 1 1 1 1 1 1 1 1 1 1 1 1
RESPONSES 0 0 0 0 0 1 0 0 0 0 0 0 0 0 0 0 1 1 0 1 0 0 0 0 1 0 0 0
RESPONSES 0 0 1 1 1 1 1 1 1 1 1 1 1 1 1 1 1 1 1 1 0 1 1 1 1 0 1 1
RESPONSES 0 0 0 0 1 1 1 1 1 1 1 1 1 1 1 1 1 1 1 1 0 0 1 1 1 1 1 1
RESPONSES 1 1 1 1 1 1 1 1 1 1 1 1 1 1 1 1 1 1 1 1 0 0 1 1 1 1 1 1
RESPONSES 1 1 1 1 1 1 1 1 1 1 1 1 1 1 1 1 1 1 1 1 0 0 1 1 1 1 1 1
RESPONSES 0 0 0 1 1 1 1 1 1 1 0 1 1 1 1 1 1 1 1 1 0 1 1 1 1 1 1 1
RESPONSES 0 0 0 1 1 1 1 1 1 1 0 1 1 1 1 1 1 1 1 1 1 1 1 1 1 1 1 1
RESPONSES 0 0 0 0 0 0 0 0 0 0 0 0 0 0 0 0 0 0 0 1 0 0 0 0 0 0 1 1
RESPONSES 0 0 1 1 1 1 1 1 1 1 1 1 1 1 1 1 1 1 1 1 0 0 1 1 1 1 1 1
RESPONSES 0 0 1 1 1 1 1 1 1 1 1 1 1 1 1 1 1 1 1 1 0 0 1 1 1 1 1 1
RESPONSES 1 1 1 1 1 1 0 1 1 1 0 1 1 1 1 1 1 1 1 1 1 1 1 1 1 1 1 1
RESPONSES 0 0 1 1 1 1 1 1 1 1 1 1 1 1 1 1 1 1 0 0 0 0 0 0 1 1 1 1
RESPONSES 0 0 0 0 1 1 1 1 1 1 1 1 1 1 1 1 1 1 1 1 0 1 1 1 1 0 1 1
RESPONSES 0 0 0 1 1 1 1 1 1 1 1 1 1 1 1 1 1 1 1 1 1 1 1 1 1 1 1 1
RESPONSES 0 0 0 1 1 1 0 0 1 1 0 1 1 1 1 1 1 1 1 1 0 0 1 1 1 0 1 1
COSTS 13 17 11 4 11 13 7 12 15 11 5 6 9 15 8 4 9 13 17 19 19 11 10 12 16 11 8 9
COSTS 13 17 11 4 11 13 7 12 15 11 5 6 9 15 8 4 9 13 17 19 19 11 10 12 16 11 8 9
COSTS 13 17 11 4 11 13 7 12 15 11 4 6 12 15 8 4 9 13 17 19 19 7 10 12 16 10 8 9
COSTS 14 17 11 4 11 13 7 12 15 11 5 6 9 15 8 4 9 13 17 19 19 11 10 12 16 11 8 9
COSTS 13 17 12 5 11 13 7 11 15 11 5 6 9 15 8 4 9 13 17 19 19 11 10 12 16 11 8 9
COSTS 13 17 11 4 11 13 7 11 15 11 5 6 9 15 8 4 9 13 17 19 19 11 10 12 16 11 8 9
COSTS 13 17 12 5 11 13 7 12 15 11 5 6 9 15 8 4 9 13 17 19 19 11 10 12 16 11 8 9
COSTS 13 17 12 4 11 13 7 12 15 11 5 6 9 15 8 4 9 13 17 19 19 7 10 12 16 11 8 9
COSTS 13 17 12 4 11 13 7 12 15 11 5 6 9 15 8 4 9 13 17 19 19 11 10 12 16 11 8 9
COSTS 13 17 12 5 14 13 7 11 15 10 4 8 12 13 8 5 9 13 16 19 19 7 13 13 16 10 10 8
COSTS 13 17 11 4 11 13 7 12 15 11 5 6 9 15 8 4 9 13 17 19 19 11 10 12 16 10 8 9
COSTS 13 17 12 5 11 13 7 12 15 11 5 6 9 15 8 4 9 13 17 19 19 7 10 12 16 11 8 9
COSTS 14 17 11 4 11 13 7 12 15 11 5 6 9 15 8 4 9 13 17 19 19 7 10 12 16 11 8 9
COSTS 14 17 11 4 11 13 7 12 15 11 5 6 9 15 8 4 9 13 17 19 19 7 10 12 16 11 8 9
COSTS 13 17 12 4 11 13 7 12 15 11 4 6 9 15 8 4 9 13 17 19 19 11 10 12 16 11 8 9
COSTS 13 17 12 4 11 13 7 12 15 11 4 6 9 15 8 4 9 13 17 19 19 11 10 12 16 11 8 9
COSTS 13 17 12 5 14 11 7 11 15 10 4 8 12 13 8 5 9 17 16 19 19 7 13 13 17 10 8 9
COSTS 13 17 11 4 11 13 7 12 15 11 5 6 9 15 8 4 9 13 17 19 19 7 10 12 16 11 8 9
COSTS 13 17 11 4 11 13 7 12 15 11 5 6 9 15 8 4 9 13 17 19 19 7 10 12 16 11 8 9
COSTS 14 17 11 4 11 13 7 12 15 11 4 6 9 15 8 4 9 13 17 19 19 11 10 12 16 11 8 9
COSTS 13 17 11 4 11 13 7 12 15 11 5 6 9 15 8 4 9 13 16 16 19 7 13 13 16 11 8 9
COSTS 13 17 12 5 11 13 7 12 15 11 5 6 9 15 8 4 9 13 17 19 19 11 10 12 16 10 8 9
COSTS 13 17 12 4 11 13 7 12 15 11 5 6 9 15 8 4 9 13 17 19 19 11 10 12 16 11 8 9
COSTS 13 17 12 4 11 13 7 11 15 11 4 6 9 15 8 4 9 13 17 19 19 7 10 12 16 10 8 9
END
STATE e4546d39672674f0783b44d5ee18b42d4993cbe881ddc2f512612be6048178b4 6001 24 32
LABELS 1 3 3 3 3 1 0 0 0 1 3 0 2 0 0 4 1 3 0 3 0 3 3 3
MASSES 11 1 17 10 15 25 1 15 2 11 17 10 29 18 10 24 28 27 17 25 10 12 13 1
QUERY_IDS 0 1 2 3 6 7 12 13 17 18 20 23 24 27 28 29 37 38 39 52 53 54 55 56 57 64 65 71 75 76 77 78
RESPONSES 1 0 0 1 1 1 1 1 1 1 1 0 0 1 1 1 0 0 0 0 0 0 1 1 1 1 1 1 1 1 1 1
RESPONSES 0 0 0 0 1 1 1 1 1 1 1 0 0 1 1 1 0 0 0 0 0 0 0 0 1 1 0 1 1 1 1 1
RESPONSES 0 0 0 0 1 1 1 1 1 1 1 0 0 1 1 1 0 0 0 0 0 0 0 1 1 1 0 1 1 1 1 1
RESPONSES 0 0 0 0 1 1 1 1 1 1 1 0 0 1 1 1 0 0 0 0 0 0 0 0 1 1 0 1 1 1 1 1
RESPONSES 0 0 0 0 0 0 1 1 1 1 1 0 0 0 0 0 0 0 0 1 1 1 1 1 1 1 1 1 0 0 0 0
RESPONSES 1 0 0 1 1 1 1 1 1 1 1 0 0 1 1 1 0 0 0 1 1 1 1 1 1 1 1 1 1 1 1 1
RESPONSES 1 1 1 1 1 1 1 1 0 0 1 1 1 1 1 1 0 0 0 0 1 1 1 1 1 1 0 1 1 1 1 1
RESPONSES 1 1 1 1 1 1 1 1 0 0 1 1 1 1 1 1 0 0 0 1 1 1 1 1 1 1 0 1 1 1 1 1
RESPONSES 1 1 1 1 1 1 1 1 0 0 1 1 1 1 1 1 0 0 0 1 1 1 1 1 1 1 0 1 1 1 1 1
RESPONSES 0 0 0 0 0 0 1 1 0 0 1 0 0 0 0 1 0 0 0 0 1 1 1 1 1 1 1 1 0 0 0 1
RESPONSES 1 1 1 1 1 1 1 1 1 1 1 0 0 1 1 1 0 0 0 1 1 1 1 1 1 1 0 1 1 1 1 1
RESPONSES 0 0 0 0 0 0 1 1 0 0 1 0 0 1 1 1 0 0 0 1 1 1 1 1 1 1 0 1 1 1 1 1
RESPONSES 1 1 1 1 1 1 1 1 0 0 1 0 0 1 1 1 1 1 1 0 1 1 1 1 1 1 0 0 1 1 1 1
RESPONSES 0 0 0 0 1 1 1 1 1 1 1 0 0 0 0 0 0 0 0 1 1 1 1 1 1 1 0 1 0 0 0 0
RESPONSES 1 1 1 1 1 1 1 1 0 0 1 1 1 1 1 1 0 0 0 1 1 1 1 1 1 1 0 1 1 1 1 1
RESPONSES 1 1 1 1 1 1 1 1 0 0 0 0 0 0 0 1 1 1 1 1 1 1 1 1 1 0 0 0 1 1 1 1
RESPONSES 1 0 0 1 1 1 1 1 1 1 1 0 0 1 1 1 0 0 0 0 0 0 1 1 1 1 1 1 1 1 1 1
RESPONSES 0 0 0 0 1 1 0 0 1 1 1 0 0 1 1 1 0 0 0 0 0 0 0 0 0 1 0 1 1 1 1 1
RESPONSES 1 1 1 1 1 1 1 1 0 0 1 1 1 1 1 1 0 0 0 0 1 1 1 1 1 1 0 1 1 1 1 1
RESPONSES 1 1 1 1 1 1 1 1 1 1 1 0 0 1 1 1 0 0 0 1 1 1 1 1 1 1 0 1 1 1 1 1
RESPONSES 0 0 0 0 1 1 1 1 1 1 1 0 0 0 0 0 0 0 0 1 1 1 1 1 1 1 0 1 0 0 0 0
RESPONSES 0 0 0 0 1 1 1 1 1 1 1 0 0 1 1 1 0 0 0 0 0 0 0 0 1 1 0 1 1 1 1 1
RESPONSES 0 0 0 0 1 1 1 1 1 1 1 0 0 1 1 1 0 0 0 0 0 0 0 0 1 1 0 1 1 1 1 1
RESPONSES 0 0 0 0 1 1 1 1 1 1 1 0 0 0 0 1 0 0 0 1 1 1 1 1 1 1 0 1 0 0 0 1
COSTS 4 12 16 16 19 8 12 8 7 14 13 16 18 12 13 17 11 5 7 15 7 9 4 4 7 9 14 19 6 6 3 3
COSTS 5 12 16 17 19 8 12 8 7 14 13 16 18 12 13 17 11 5 7 15 7 9 5 7 7 9 10 19 6 6 3 3
COSTS 5 12 16 17 19 8 12 8 7 14 13 16 18 12 13 17 11 5 7 15 7 9 5 4 7 9 10 19 6 6 3 3
COSTS 5 12 16 17 19 8 12 8 7 14 13 16 18 12 13 17 11 5 7 15 7 9 5 7 7 9 10 19 6 6 3 3
COSTS 5 12 16 17 18 9 12 8 7 14 13 16 18 9 14 13 11 5 7 14 6 8 4 4 7 9 14 19 7 7 5 3
COSTS 4 12 16 16 19 8 12 8 7 14 13 16 18 12 13 17 11 5 7 14 6 8 4 4 7 9 14 19 6 6 3 3
COSTS 4 12 13 16 19 8 12 8 10 16 13 15 18 12 13 17 11 5 7 15 6 8 4 4 7 9 10 19 6 6 3 3
COSTS 4 12 13 16 19 8 12 8 10 16 13 15 18 12 13 17 11 5 7 14 6 8 4 4 7 9 10 19 6 6 3 3
COSTS 4 12 13 16 19 8 12 8 10 16 13 15 18 12 13 17 11 5 7 14 6 8 4 4 7 9 10 19 6 6 3 3
COSTS 5 12 16 17 18 9 12 8 10 16 13 16 18 9 14 17 11 5 7 15 6 8 4 4 7 9 14 19 7 7 5 3
COSTS 4 12 13 16 19 8 12 8 7 14 13 16 18 12 13 17 11 5 7 14 6 8 4 4 7 9 10 19 6 6 3 3
COSTS 5 12 16 17 18 9 12 8 10 16 13 16 18 12 13 17 11 5 7 14 6 8 4 4 7 9 10 19 6 6 3 3
COSTS 4 12 13 16 19 8 12 8 10 16 13 16 18 12 13 17 8 4 4 15 6 8 4 4 7 9 10 17 6 6 3 3
COSTS 5 12 16 17 19 8 12 8 7 14 13 16 18 9 14 13 11 5 7 14 6 8 4 4 7 9 10 19 7 7 5 3
COSTS 4 12 13 16 19 8 12 8 10 16 13 15 18 12 13 17 11 5 7 14 6 8 4 4 7 9 10 19 6 6 3 3
COSTS 4 12 13 16 19 8 12 8 10 16 12 16 18 9 14 17 8 4 4 14 6 8 4 4 7 7 10 17 6 6 3 3
COSTS 4 12 16 16 19 8 12 8 7 14 13 16 18 12 13 17 11 5 7 15 7 9 4 4 7 9 14 19 6 6 3 3
COSTS 5 12 16 17 19 8 10 8 7 14 13 16 18 12 13 17 11 5 7 15 7 9 5 7 7 9 10 19 6 6 3 3
COSTS 4 12 13 16 19 8 12 8 10 16 13 15 18 12 13 17 11 5 7 15 6 8 4 4 7 9 10 19 6 6 3 3
COSTS 4 12 13 16 19 8 12 8 7 14 13 16 18 12 13 17 11 5 7 14 6 8 4 4 7 9 10 19 6 6 3 3
COSTS 5 12 16 17 19 8 12 8 7 14 13 16 18 9 14 13 11 5 7 14 6 8 4 4 7 9 10 19 7 7 5 3
COSTS 5 12 16 17 19 8 12 8 7 14 13 16 18 12 13 17 11 5 7 15 7 9 5 7 7 9 10 19 6 6 3 3
COSTS 5 12 16 17 19 8 12 8 7 14 13 16 18 12 13 17 11 5 7 15 7 9 5 7 7 9 10 19 6 6 3 3
COSTS 5 12 16 17 19 8 12 8 7 14 13 16 18 9 14 17 11 5 7 14 6 8 4 4 7 9 10 19 7 7 5 3
END
STATE e4bccea5b78b231a4d801f8833893df5ab3acdb81802e223b756825382870ea8 6003 24 28
LABELS 0 0 0 0 0 0 0 0 0 0 0 0 0 0 0 0 1 0 1 0 0 0 0 0
MASSES 27 17 29 18 16 13 17 15 25 13 28 7 26 4 8 7 18 10 23 31 15 15 11 25
QUERY_IDS 0 1 2 3 4 5 7 8 9 10 12 13 14 16 17 18 19 20 22 25 26 27 28 29 31 32 33 34
RESPONSES 0 0 1 1 1 1 1 1 1 1 1 1 1 1 1 1 1 1 1 1 1 1 1 1 1 1 1 1
RESPONSES 0 0 1 1 1 1 1 1 1 1 1 1 1 1 1 1 1 1 1 1 1 1 1 1 1 1 1 1
RESPONSES 1 1 1 1 1 1 1 1 1 1 1 1 1 1 1 1 1 1 1 0 1 1 1 1 1 1 1 1
RESPONSES 0 0 0 0 1 1 1 1 1 1 1 1 1 1 1 1 1 1 1 1 1 1 1 1 1 1 1 1
RESPONSES 0 0 0 0 0 0 1 1 1 1 1 1 1 0 1 1 1 1 1 0 1 1 1 1 1 1 1 1
RESPONSES 0 0 0 0 1 1 1 1 1 1 1 1 1 1 1 1 1 1 1 0 0 1 1 1 1 1 1 1
RESPONSES 1 1 1 1 1 1 1 1 1 1 1 1 1 1 1 1 1 1 1 0 0 1 1 1 1 1 1 1
RESPONSES 0 0 0 0 0 1 1 1 1 1 1 1 1 1 1 1 1 1 1 0 0 1 1 1 1 1 1 1
RESPONSES 0 0 1 1 1 1 0 1 1 1 1 1 1 1 1 1 1 1 1 0 1 1 1 1 1 1 1 1
RESPONSES 0 0 0 0 1 1 0 1 1 1 1 1 1 1 1 1 1 1 1 0 1 1 1 1 1 1 1 1
RESPONSES 0 0 0 0 1 1 1 1 1 1 1 1 1 1 1 1 1 1 1 0 1 1 1 1 1 1 1 1
RESPONSES 0 0 0 0 1 1 1 1 1 1 1 1 1 1 1 1 1 1 1 0 1 1 1 1 1 1 1 1
RESPONSES 0 0 0 0 1 1 1 1 1 1 1 1 1 0 1 1 0 1 1 0 0 1 1 1 1 1 1 1
RESPONSES 0 1 1 1 1 1 1 1 1 1 1 1 1 1 1 1 1 1 1 0 1 1 1 1 1 1 1 1
RESPONSES 0 1 1 1 1 1 1 1 1 1 1 1 1 1 1 1 1 1 1 0 1 1 1 1 1 1 1 1
RESPONSES 0 0 1 1 1 1 1 1 1 1 1 1 1 1 1 1 1 1 1 0 0 1 1 1 1 1 1 1
RESPONSES 0 0 0 0 0 0 0 0 0 0 0 0 0 0 0 0 0 0 0 0 0 0 0 0 0 0 0 0
RESPONSES 0 0 0 0 1 1 0 0 1 1 1 1 1 1 1 1 1 1 1 0 1 1 1 1 1 1 1 1
RESPONSES 0 0 0 1 1 1 0 0 0 1 0 1 1 0 0 1 0 0 0 0 0 0 0 0 0 1 1 1
RESPONSES 0 0 0 1 1 1 1 1 1 1 1 1 1 1 1 1 1 1 1 1 1 1 1 1 1 1 1 1
RESPONSES 0 0 0 0 1 1 0 0 1 1 0 0 1 1 1 1 1 1 1 1 1 1 1 1 1 1 1 1
RESPONSES 0 1 1 1 1 1 1 1 1 1 1 1 1 1 1 1 1 1 1 0 0 1 1 1 1 1 1 1
RESPONSES 0 1 1 1 1 1 1 1 1 1 1 1 1 1 1 1 1 1 1 0 0 1 1 1 1 1 1 1
RESPONSES 0 1 1 1 1 1 1 1 1 1 1 1 1 1 1 1 1 1 1 0 0 1 1 1 1 1 1 1
COSTS 13 17 11 4 11 13 7 12 15 11 6 5 12 15 8 15 4 9 17 19 11 10 12 16 8 9 13 4
COSTS 13 17 11 4 11 13 7 12 15 11 6 5 12 15 8 15 4 9 17 19 11 10 12 16 8 9 13 4
COSTS 14 17 11 4 11 13 7 12 15 11 6 5 12 15 8 15 4 9 17 19 11 10 12 16 8 9 13 4
COSTS 13 17 12 5 11 13 7 12 15 11 6 5 12 15 8 15 4 9 17 19 11 10 12 16 8 9 13 4
COSTS 13 17 12 5 14 11 7 12 15 11 6 5 12 13 8 15 4 9 17 19 11 10 12 16 8 9 13 4
COSTS 13 17 12 5 11 13 7 12 15 11 6 5 12 15 8 15 4 9 17 19 7 10 12 16 8 9 13 4
COSTS 14 17 11 4 11 13 7 12 15 11 6 5 12 15 8 15 4 9 17 19 7 10 12 16 8 9 13 4
COSTS 13 17 12 5 14 13 7 12 15 11 6 5 12 15 8 15 4 9 17 19 7 10 12 16 8 9 13 4
COSTS 13 17 11 4 11 13 7 12 15 11 6 5 12 15 8 15 4 9 17 19 11 10 12 16 8 9 13 4
COSTS 13 17 12 5 11 13 7 12 15 11 6 5 12 15 8 15 4 9 17 19 11 10 12 16 8 9 13 4
COSTS 13 17 12 5 11 13 7 12 15 11 6 5 12 15 8 15 4 9 17 19 11 10 12 16 8 9 13 4
COSTS 13 17 12 5 11 13 7 12 15 11 6 5 12 15 8 15 4 9 17 19 11 10 12 16 8 9 13 4
COSTS 13 17 12 5 11 13 7 12 15 11 6 5 12 13 8 15 5 9 17 19 7 10 12 16 8 9 13 4
COSTS 13 17 11 4 11 13 7 12 15 11 6 5 12 15 8 15 4 9 17 19 11 10 12 16 8 9 13 4
COSTS 13 17 11 4 11 13 7 12 15 11 6 5 12 15 8 15 4 9 17 19 11 10 12 16 8 9 13 4
COSTS 13 17 11 4 11 13 7 12 15 11 6 5 12 15 8 15 4 9 17 19 7 10 12 16 8 9 13 4
COSTS 13 17 12 5 14 11 7 11 15 10 8 7 11 13 8 17 5 9 16 19 7 13 13 17 10 8 16 1
COSTS 13 17 12 5 11 13 7 11 15 11 6 5 12 15 8 15 4 9 17 19 11 10 12 16 8 9 13 4
COSTS 13 17 12 4 11 13 7 11 15 11 8 5 12 13 8 15 5 9 16 19 7 13 13 17 10 9 13 4
COSTS 13 17 12 4 11 13 7 12 15 11 6 5 12 15 8 15 4 9 17 19 11 10 12 16 8 9 13 4
COSTS 13 17 12 5 11 13 7 11 15 11 8 7 12 15 8 15 4 9 17 19 11 10 12 16 8 9 13 4
COSTS 13 17 11 4 11 13 7 12 15 11 6 5 12 15 8 15 4 9 17 19 7 10 12 16 8 9 13 4
COSTS 13 17 11 4 11 13 7 12 15 11 6 5 12 15 8 15 4 9 17 19 7 10 12 16 8 9 13 4
COSTS 13 17 11 4 11 13 7 12 15 11 6 5 12 15 8 15 4 9 17 19 7 10 12 16 8 9 13 4
END
STATE e649725f099768b2c2d771e29680203ade9d459d81abfde3514f60e8f1b88a51 6003 24 24
LABELS 1 0 0 1 0 0 0 1 1 0 1 0 0 0 1 1 1 0 0 1 1 0 1 0
MASSES 11 20 24 17 7 20 29 15 31 15 7 12 5 29 9 4 29 27 19 10 6 2 31 22
QUERY_IDS 1 2 3 4 7 8 9 11 14 18 19 20 26 27 28 29 38 39 41 42 43 44 49 50
RESPONSES 0 0 0 0 0 0 0 1 0 0 0 1 1 1 1 1 0 1 1 1 1 1 0 0
RESPONSES 0 0 0 0 0 0 1 1 0 1 1 1 1 1 1 1 0 0 0 0 0 0 0 0
RESPONSES 0 0 0 0 0 0 1 1 0 1 1 1 1 1 1 1 0 0 0 0 0 0 1 1
RESPONSES 0 0 0 0 0 0 0 1 1 1 1 1 1 1 1 1 0 0 1 1 1 1 1 1
RESPONSES 1 1 1 1 0 0 0 1 1 1 1 1 1 1 1 1 0 0 0 0 0 0 0 0
RESPONSES 0 0 0 1 1 1 1 1 1 1 1 1 1 1 1 1 0 0 0 0 1 1 1 1
RESPONSES 0 1 1 1 1 1 1 1 0 1 1 1 1 1 1 1 0 0 1 1 1 1 0 1
RESPONSES 0 0 0 0 0 0 0 1 1 1 1 1 1 1 1 1 0 1 1 1 1 1 0 1
RESPONSES 0 0 0 1 0 0 0 1 0 1 1 1 1 1 1 1 1 1 1 1 1 1 0 0
RESPONSES 0 0 0 0 1 1 1 1 0 1 1 1 1 1 1 1 0 0 0 0 1 1 0 0
RESPONSES 0 0 0 0 0 0 0 0 0 1 1 1 1 1 1 1 0 0 1 1 1 1 0 0
RESPONSES 0 0 0 1 0 0 0 1 1 1 1 1 1 1 1 1 1 1 1 1 1 1 0 0
RESPONSES 0 0 0 0 0 0 0 0 0 1 1 1 1 1 1 1 0 0 1 1 1 1 0 1
RESPONSES 0 0 0 0 0 0 0 1 0 1 1 1 1 1 1 1 0 0 0 1 1 1 0 0
RESPONSES 0 0 0 0 0 0 0 0 0 1 1 1 1 1 1 1 1 1 1 1 1 1 0 0
RESPONSES 0 0 0 1 0 0 0 0 0 0 0 1 1 1 1 1 0 0 1 1 1 1 0 0
RESPONSES 0 0 0 0 0 0 1 1 0 1 1 1 1 1 1 1 0 0 1 1 1 1 0 0
RESPONSES 0 1 1 1 0 0 0 0 0 1 1 0 0 0 0 0 0 0 1 1 1 1 1 1
RESPONSES 0 0 0 0 0 0 0 0 0 1 1 1 1 1 1 1 0 1 1 1 1 1 0 1
RESPONSES 0 0 0 1 0 0 0 0 0 0 0 1 1 1 1 1 1 1 1 1 1 1 0 0
RESPONSES 0 0 0 0 0 0 0 1 1 1 1 1 1 1 1 1 0 0 0 0 0 0 1 1
RESPONSES 1 1 1 1 0 0 1 1 0 0 0 1 1 1 1 1 0 0 0 0 0 0 0 0
RESPONSES 0 0 0 0 0 0 1 1 0 1 1 1 1 1 1 1 0 0 1 1 1 1 0 0
RESPONSES 0 0 0 0 0 0 0 1 0 1 1 1 1 1 1 1 0 0 0 0 0 0 0 0
COSTS 6 11 13 9 10 14 6 10 7 14 14 18 14 13 4 8 6 14 7 14 6 11 14 7
COSTS 6 11 13 9 10 14 7 10 7 14 11 18 14 13 4 8 6 13 4 14 5 15 14 7
COSTS 6 11 13 9 10 14 7 10 7 14 11 18 14 13 4 8 6 13 4 14 5 15 17 8
COSTS 6 11 13 9 10 14 6 10 9 14 11 18 14 13 4 8 6 13 7 14 6 11 17 8
COSTS 7 14 12 7 10 14 6 10 9 14 11 18 14 13 4 8 6 13 4 14 5 15 14 7
COSTS 6 11 13 7 11 15 7 10 9 14 11 18 14 13 4 8 6 13 4 14 6 11 17 8
COSTS 6 14 12 7 11 15 7 10 7 14 11 18 14 13 4 8 6 13 7 14 6 11 14 8
COSTS 6 11 13 9 10 14 6 10 9 14 11 18 14 13 4 8 6 14 7 14 6 11 14 8
COSTS 6 11 13 7 10 14 6 10 7 14 11 18 14 13 4 8 3 14 7 14 6 11 14 7
COSTS 6 11 13 9 11 15 7 10 7 14 11 18 14 13 4 8 6 13 4 14 6 11 14 7
COSTS 6 11 13 9 10 14 6 10 7 14 11 18 14 13 4 8 6 13 7 14 6 11 14 7
COSTS 6 11 13 7 10 14 6 10 9 14 11 18 14 13 4 8 3 14 7 14 6 11 14 7
COSTS 6 11 13 9 10 14 6 10 7 14 11 18 14 13 4 8 6 13 7 14 6 11 14 8
COSTS 6 11 13 9 10 14 6 10 7 14 11 18 14 13 4 8 6 13 4 14 6 11 14 7
COSTS 6 11 13 9 10 14 6 10 7 14 11 18 14 13 4 8 3 14 7 14 6 11 14 7
COSTS 6 11 13 7 10 14 6 10 7 14 14 18 14 13 4 8 6 13 7 14 6 11 14 7
COSTS 6 11 13 9 10 14 7 10 7 14 11 18 14 13 4 8 6 13 7 14 6 11 14 7
COSTS 6 14 12 7 10 14 6 10 7 14 11 18 16 14 2 8 6 13 7 14 6 11 17 8
COSTS 6 11 13 9 10 14 6 10 7 14 11 18 14 13 4 8 6 14 7 14 6 11 14 8
COSTS 6 11 13 7 10 14 6 10 7 14 14 18 14 13 4 8 3 14 7 14 6 11 14 7
COSTS 6 11 13 9 10 14 6 10 9 14 11 18 14 13 4 8 6 13 4 14 5 15 17 8
COSTS 7 14 12 7 10 14 7 10 7 14 14 18 14 13 4 8 6 13 4 14 5 15 14 7
COSTS 6 11 13 9 10 14 7 10 7 14 11 18 14 13 4 8 6 13 7 14 6 11 14 7
COSTS 6 11 13 9 10 14 6 10 7 14 11 18 14 13 4 8 6 13 4 14 5 15 14 7
END
STATE e78d727d4bd824a808f50b765866f48bad34e02beac16d5402f1b7b3541bdde4 6003 24 25
LABELS 1 1 0 1 1 1 0 1 1 1 0 0 1 1 1 0 0 1 0 1 0 0 0 1
MASSES 1 6 9 17 21 10 27 11 18 27 31 15 31 23 22 29 28 20 11 29 16 4 4 17
QUERY_IDS 5 6 7 10 11 13 14 15 16 17 18 19 20 21 26 27 28 29 31 39 41 42 43 49 50
RESPONSES 1 0 0 0 0 0 0 0 0 0 1 1 0 0 0 0 0 0 0 0 0 0 1 0 1
RESPONSES 1 0 0 1 1 0 0 0 0 1 1 1 1 1 1 1 1 1 0 0 1 1 1 1 1
RESPONSES 1 0 0 1 1 0 0 0 0 0 0 0 1 1 1 1 1 1 0 0 1 1 1 1 1
RESPONSES 0 0 0 1 1 1 1 1 1 1 1 1 1 1 1 1 1 1 1 0 1 1 1 1 1
RESPONSES 1 0 0 0 0 0 0 0 0 0 1 1 1 1 1 1 1 1 0 1 1 1 1 0 0
RESPONSES 1 0 0 0 0 0 0 1 1 1 1 1 1 1 1 1 1 1 1 0 0 0 0 1 1
RESPONSES 1 1 1 1 1 0 0 0 0 0 1 1 1 1 1 1 1 1 0 0 0 1 1 0 1
RESPONSES 0 0 0 0 0 0 0 0 0 0 0 0 1 1 1 1 1 1 0 0 1 1 1 0 0
RESPONSES 1 0 0 0 0 0 0 0 0 1 1 1 0 0 0 0 0 0 0 0 0 0 1 0 0
RESPONSES 1 0 0 1 1 0 0 0 0 0 0 0 0 0 1 1 1 1 0 0 1 1 1 0 0
RESPONSES 1 0 0 1 1 0 0 1 1 1 1 1 1 1 1 1 1 1 1 0 1 1 1 1 1
RESPONSES 1 0 0 1 1 0 0 0 0 0 0 0 0 0 1 1 1 1 1 1 1 1 1 0 0
RESPONSES 1 0 0 1 1 0 0 0 0 0 1 1 1 1 1 1 1 1 0 1 1 1 1 0 0
RESPONSES 1 0 0 1 1 0 0 0 0 0 0 0 1 1 1 1 1 1 0 1 1 1 1 1 1
RESPONSES 1 0 0 1 1 0 0 1 1 1 1 1 1 1 1 1 1 1 0 0 0 0 0 1 1
RESPONSES 1 1 1 1 1 0 0 0 0 0 1 1 1 1 1 1 1 1 1 1 1 1 1 1 1
RESPONSES 1 0 0 1 1 0 0 0 0 0 1 1 0 0 1 1 1 1 0 0 0 0 1 0 0
RESPONSES 0 0 0 0 0 0 0 0 0 0 0 0 1 1 1 1 1 1 0 1 1 1 1 0 0
RESPONSES 0 0 0 1 1 1 1 1 1 1 1 1 1 1 1 1 1 1 0 0 0 1 1 0 0
RESPONSES 1 0 0 1 1 0 0 1 1 1 1 1 1 1 1 1 1 1 0 0 1 1 1 0 0
RESPONSES 0 0 0 1 1 0 0 0 0 0 1 1 1 1 1 1 1 1 1 1 1 1 1 0 0
RESPONSES 1 1 1 1 1 1 1 1 1 1 1 1 1 1 1 1 1 1 0 0 0 0 0 1 1
RESPONSES 1 0 0 1 1 0 0 0 0 1 1 1 0 0 0 0 0 0 0 1 1 1 1 1 1
RESPONSES 0 0 0 0 0 0 0 0 0 1 1 1 0 0 1 1 1 1 0 0 0 1 1 0 0
COSTS 16 15 10 16 10 12 7 5 6 12 14 11 18 5 16 14 2 8 12 13 4 14 6 14 8
COSTS 16 15 10 15 10 12 7 5 6 9 14 11 18 4 14 13 4 8 12 13 7 14 6 17 8
COSTS 16 15 10 15 10 12 7 5 6 12 14 14 18 4 14 13 4 8 12 13 7 14 6 17 8
COSTS 13 15 10 15 10 9 9 4 7 9 14 11 18 4 14 13 4 8 12 13 7 14 6 17 8
COSTS 16 15 10 16 10 12 7 5 6 12 14 11 18 4 14 13 4 8 12 14 7 14 6 14 7
COSTS 16 15 10 16 10 12 7 4 7 9 14 11 18 4 14 13 4 8 12 13 4 14 5 17 8
COSTS 16 15 11 15 10 12 7 5 6 12 14 11 18 4 14 13 4 8 12 13 4 14 6 14 8
COSTS 13 15 10 16 10 12 7 5 6 12 14 14 18 4 14 13 4 8 12 13 7 14 6 14 7
COSTS 16 15 10 16 10 12 7 5 6 9 14 11 18 5 16 14 2 8 12 13 4 14 6 14 7
COSTS 16 15 10 15 10 12 7 5 6 12 14 14 18 5 14 13 4 8 12 13 7 14 6 14 7
COSTS 16 15 10 15 10 12 7 4 7 9 14 11 18 4 14 13 4 8 12 13 7 14 6 17 8
COSTS 16 15 10 15 10 12 7 5 6 12 14 14 18 5 14 13 4 8 12 14 7 14 6 14 7
COSTS 16 15 10 15 10 12 7 5 6 12 14 11 18 4 14 13 4 8 12 14 7 14 6 14 7
COSTS 16 15 10 15 10 12 7 5 6 12 14 14 18 4 14 13 4 8 12 14 7 14 6 17 8
COSTS 16 15 10 15 10 12 7 4 7 9 14 11 18 4 14 13 4 8 12 13 4 14 5 17 8
COSTS 16 15 11 15 10 12 7 5 6 12 14 11 18 4 14 13 4 8 12 14 7 14 6 17 8
COSTS 16 15 10 15 10 12 7 5 6 12 14 11 18 5 14 13 4 8 12 13 4 14 6 14 7
COSTS 13 15 10 16 10 12 7 5 6 12 14 14 18 4 14 13 4 8 12 14 7 14 6 14 7
COSTS 13 15 10 15 10 9 9 4 7 9 14 11 18 4 14 13 4 8 12 13 4 14 6 14 7
COSTS 16 15 10 15 10 12 7 4 7 9 14 11 18 4 14 13 4 8 12 13 7 14 6 14 7
COSTS 13 15 10 15 10 12 7 5 6 12 14 11 18 4 14 13 4 8 12 14 7 14 6 14 7
COSTS 16 15 11 15 10 9 9 4 7 9 14 11 18 4 14 13 4 8 12 13 4 14 5 17 8
COSTS 16 15 10 15 10 12 7 5 6 9 14 11 18 5 16 14 2 8 12 14 7 14 6 17 8
COSTS 13 15 10 16 10 12 7 5 6 9 14 11 18 5 14 13 4 8 12 13 4 14 6 14 7
END
STATE e9b1dedb32e8d68491505c5485fc437a9f92da6544c98f820a45843f42494bec 6002 24 28
LABELS 0 0 0 0 0 0 0 0 0 0 0 1 1 0 0 0 0 0 0 0 0 0 0 0
MASSES 23 12 27 6 12 27 27 12 25 13 6 27 24 17 25 21 17 7 10 29 28 20 9 9
QUERY_IDS 0 1 2 3 4 5 7 8 9 10 11 12 15 17 19 20 21 22 23 25 26 27 28 30 31 32 33 34
RESPONSES 0 0 0 0 1 1 0 0 1 1 0 1 0 0 1 1 1 1 1 1 1 1 1 1 1 1 1 1
RESPONSES 1 1 1 1 1 1 1 1 1 1 1 1 1 1 1 1 1 1 1 0 1 1 1 1 1 1 1 1
RESPONSES 1 1 1 1 1 1 1 1 1 1 1 1 1 1 1 1 1 1 1 0 1 1 1 1 1 1 1 1
RESPONSES 1 1 1 1 1 1 1 1 1 1 1 1 1 1 1 1 1 1 1 0 1 1 1 1 1 1 1 1
RESPONSES 1 1 1 1 1 1 1 1 1 1 1 1 1 1 1 1 1 1 1 0 1 1 1 1 1 1 1 1
RESPONSES 0 0 0 0 1 1 1 1 1 1 1 1 1 1 1 1 1 1 1 1 1 1 1 1 1 1 1 1
RESPONSES 0 0 0 1 1 1 1 1 1 1 1 1 1 1 1 1 1 1 1 0 0 1 1 1 1 1 1 1
RESPONSES 0 0 0 0 1 1 1 1 1 1 1 1 1 1 1 1 1 1 1 0 0 1 1 1 1 1 1 1
RESPONSES 0 0 0 0 1 1 1 1 1 1 1 1 1 1 1 1 1 1 1 0 0 1 1 1 1 1 1 1
RESPONSES 1 1 1 1 1 1 1 1 1 1 1 1 1 1 1 1 1 1 1 0 0 1 1 1 1 1 1 1
RESPONSES 1 1 1 1 1 1 1 1 1 1 1 1 0 1 1 1 1 1 1 0 0 1 1 1 1 1 1 1
RESPONSES 0 0 0 0 0 0 0 0 1 1 0 0 0 1 0 1 1 0 1 0 0 0 0 0 0 0 1 1
RESPONSES 0 0 0 0 0 0 0 0 0 0 0 0 0 1 0 0 0 0 0 0 0 0 1 0 0 0 0 0
RESPONSES 1 1 1 1 1 1 0 1 1 1 0 1 1 1 1 1 1 1 1 1 1 1 1 1 1 1 1 1
RESPONSES 0 0 1 1 1 1 1 1 1 1 1 1 1 1 1 1 1 0 0 0 0 0 0 1 1 1 1 1
RESPONSES 0 0 0 0 1 1 1 1 1 1 1 1 0 1 0 1 1 1 1 0 0 1 1 0 1 1 1 1
RESPONSES 0 1 1 1 1 1 1 1 1 1 1 1 1 1 1 1 1 1 1 0 1 1 1 1 1 1 1 1
RESPONSES 1 1 1 1 1 1 1 1 1 1 1 1 1 1 1 1 1 1 1 1 1 1 1 1 1 1 1 1
RESPONSES 0 0 0 1 1 1 1 1 1 1 1 1 1 1 1 1 1 1 1 1 1 1 1 1 1 1 1 1
RESPONSES 0 0 0 1 1 1 1 1 1 1 1 1 1 1 1 1 1 1 1 1 1 1 1 1 1 1 1 1
RESPONSES 0 0 0 1 1 1 1 1 1 1 1 1 1 1 1 1 1 1 1 1 1 1 1 1 1 1 1 1
RESPONSES 0 1 1 1 1 1 1 1 1 1 1 1 1 1 1 1 1 1 1 0 0 1 1 1 1 1 1 1
RESPONSES 0 1 1 1 1 1 1 1 1 1 1 1 1 1 1 1 1 1 1 0 0 1 1 1 1 1 1 1
RESPONSES 0 1 1 1 1 1 1 1 1 1 1 1 1 1 1 1 1 1 1 0 0 1 1 1 1 1 1 1
COSTS 12 10 14 7 9 9 11 11 8 14 15 3 3 13 17 5 14 4 7 15 11 18 11 4 1 5 12 9
COSTS 14 11 10 9 9 9 13 11 8 14 14 3 4 16 17 5 14 4 7 16 11 18 11 4 1 5 12 9
COSTS 14 11 10 9 9 9 13 11 8 14 14 3 4 16 17 5 14 4 7 16 11 18 11 4 1 5 12 9
COSTS 14 11 10 9 9 9 13 11 8 14 14 3 4 16 17 5 14 4 7 16 11 18 11 4 1 5 12 9
COSTS 14 11 10 9 9 9 13 11 8 14 14 3 4 16 17 5 14 4 7 16 11 18 11 4 1 5 12 9
COSTS 12 10 14 7 9 9 13 11 8 14 14 3 4 16 17 5 14 4 7 15 11 18 11 4 1 5 12 9
COSTS 12 10 14 9 9 9 13 11 8 14 14 3 4 16 17 5 14 4 7 16 12 18 11 4 1 5 12 9
COSTS 12 10 14 7 9 9 13 11 8 14 14 3 4 16 17 5 14 4 7 16 12 18 11 4 1 5 12 9
COSTS 12 10 14 7 9 9 13 11 8 14 14 3 4 16 17 5 14 4 7 16 12 18 11 4 1 5 12 9
COSTS 14 11 10 9 9 9 13 11 8 14 14 3 4 16 17 5 14 4 7 16 12 18 11 4 1 5 12 9
COSTS 14 11 10 9 9 9 13 11 8 14 14 3 3 16 17 5 14 4 7 16 12 18 11 4 1 5 12 9
COSTS 12 10 14 7 9 11 11 11 8 14 15 3 3 16 14 5 14 1 7 16 12 17 9 5 2 2 12 9
COSTS 12 10 14 7 9 11 11 11 8 15 15 3 3 16 14 7 14 1 11 16 12 17 11 5 2 2 10 10
COSTS 14 11 10 9 9 9 11 11 8 14 15 3 4 16 17 5 14 4 7 15 11 18 11 4 1 5 12 9
COSTS 12 10 10 9 9 9 13 11 8 14 14 3 4 16 17 5 14 1 11 16 12 17 9 4 1 5 12 9
COSTS 12 10 14 7 9 9 13 11 8 14 14 3 3 16 14 5 14 4 7 16 12 18 11 5 1 5 12 9
COSTS 12 11 10 9 9 9 13 11 8 14 14 3 4 16 17 5 14 4 7 16 11 18 11 4 1 5 12 9
COSTS 14 11 10 9 9 9 13 11 8 14 14 3 4 16 17 5 14 4 7 15 11 18 11 4 1 5 12 9
COSTS 12 10 14 9 9 9 13 11 8 14 14 3 4 16 17 5 14 4 7 15 11 18 11 4 1 5 12 9
COSTS 12 10 14 9 9 9 13 11 8 14 14 3 4 16 17 5 14 4 7 15 11 18 11 4 1 5 12 9
COSTS 12 10 14 9 9 9 13 11 8 14 14 3 4 16 17 5 14 4 7 15 11 18 11 4 1 5 12 9
COSTS 12 11 10 9 9 9 13 11 8 14 14 3 4 16 17 5 14 4 7 16 12 18 11 4 1 5 12 9
COSTS 12 11 10 9 9 9 13 11 8 14 14 3 4 16 17 5 14 4 7 16 12 18 11 4 1 5 12 9
COSTS 12 11 10 9 9 9 13 11 8 14 14 3 4 16 17 5 14 4 7 16 12 18 11 4 1 5 12 9
END
STATE e9c4b9830b3dfa310e4c4ac4af05e860009fd7d9f6afbaaeddd9ed59c6a951b8 6001 24 32
LABELS 0 0 0 0 0 0 0 0 0 0 0 0 0 0 0 0 0 0 0 0 0 0 0 0
MASSES 28 27 25 23 8 14 13 27 5 5 6 29 9 5 21 13 22 10 15 13 25 24 9 20
QUERY_IDS 0 1 7 10 16 18 19 22 24 25 26 27 28 29 30 31 32 33 34 35 36 41 42 43 51 52 53 54 55 56 57 60
RESPONSES 0 1 0 0 0 0 0 0 0 0 0 0 0 0 0 0 0 0 0 0 0 0 0 0 0 0 0 0 0 0 0 1
RESPONSES 0 1 0 0 0 0 0 0 0 0 0 0 0 0 0 0 0 0 0 0 0 0 0 0 0 0 0 0 0 0 0 1
RESPONSES 0 1 0 0 0 0 0 0 0 0 0 0 0 0 0 0 0 0 0 0 0 0 0 0 0 0 0 0 0 0 0 1
RESPONSES 0 1 0 0 0 0 0 0 0 0 0 0 0 0 0 0 0 0 0 0 0 0 0 0 0 0 0 0 0 0 0 1
RESPONSES 1 1 0 1 0 0 0 0 0 0 0 0 0 0 0 0 0 0 0 0 0 0 0 0 0 0 0 0 0 0 0 1
RESPONSES 0 1 1 0 0 0 0 0 0 0 0 0 0 0 0 0 0 0 0 0 0 0 0 0 0 0 0 0 0 0 0 1
RESPONSES 0 1 0 0 0 0 0 0 0 0 0 0 0 0 0 0 0 0 0 0 0 0 0 0 0 0 0 0 0 0 0 1
RESPONSES 0 1 0 0 0 0 0 0 0 0 0 0 0 0 0 0 0 0 0 0 0 0 0 0 0 0 0 0 0 0 0 1
RESPONSES 0 0 0 0 0 0 0 0 0 0 0 0 0 0 0 0 0 0 0 0 0 0 0 0 0 0 0 0 0 0 0 1
RESPONSES 0 0 0 0 0 0 0 0 0 0 0 0 0 0 0 0 0 0 0 0 0 0 0 0 0 0 0 0 0 0 0 1
RESPONSES 0 1 1 0 0 0 0 1 1 1 1 1 1 1 1 1 1 1 1 1 1 1 1 1 1 1 1 1 1 1 1 0
RESPONSES 1 1 0 0 1 0 0 0 0 0 0 0 0 0 0 0 0 0 0 0 0 0 0 0 0 0 0 0 0 0 0 1
RESPONSES 0 0 0 0 0 0 0 0 0 0 0 0 0 0 0 0 0 0 0 0 0 0 0 0 0 0 0 0 0 0 0 1
RESPONSES 0 0 0 0 0 0 0 0 0 0 0 0 0 0 0 0 0 0 0 0 0 0 0 0 0 0 0 0 0 0 0 1
RESPONSES 0 0 0 0 0 0 0 0 0 0 0 0 0 0 0 0 0 0 0 0 0 0 0 0 0 0 0 0 0 0 0 1
RESPONSES 0 0 0 0 0 0 0 0 0 0 0 0 0 0 0 0 0 0 0 0 0 0 0 0 0 0 0 0 0 0 0 1
RESPONSES 1 1 0 0 0 0 1 0 0 0 0 0 0 0 0 0 0 0 0 0 0 0 0 0 0 0 0 0 0 0 0 1
RESPONSES 1 1 0 0 0 0 0 0 0 0 0 0 0 0 0 0 0 0 0 0 0 0 0 0 0 0 0 0 0 0 0 1
RESPONSES 0 1 0 0 0 0 0 0 0 0 0 0 0 1 0 0 1 1 1 1 0 0 0 0 0 0 0 0 0 0 0 1
RESPONSES 0 0 0 0 0 1 1 0 0 0 0 0 0 0 0 0 0 0 0 0 0 0 0 0 0 0 0 0 0 0 0 1
RESPONSES 1 1 0 0 0 0 0 0 0 0 0 0 0 0 0 0 0 0 0 0 0 0 0 0 0 0 0 0 0 0 0 1
RESPONSES 1 1 0 0 0 0 0 0 0 0 0 0 0 1 0 0 0 0 1 1 0 0 0 0 0 0 0 0 0 0 0 1
RESPONSES 1 1 0 1 1 0 0 0 0 0 0 0 0 0 0 0 0 0 0 0 0 0 0 0 0 0 0 0 0 0 0 1
RESPONSES 1 1 0 1 1 0 0 0 0 0 0 0 0 0 0 0 0 0 0 0 0 0 0 0 0 0 0 0 0 0 0 1
COSTS 9 11 12 15 8 6 8 10 13 14 11 14 16 16 4 17 14 3 12 5 7 12 15 10 5 7 12 11 11 13 2 6
COSTS 9 11 12 15 8 6 8 10 13 14 11 14 16 16 4 17 14 3 12 5 7 12 15 10 5 7 12 11 11 13 2 6
COSTS 9 11 12 15 8 6 8 10 13 14 11 14 16 16 4 17 14 3 12 5 7 12 15 10 5 7 12 11 11 13 2 6
COSTS 9 11 12 15 8 6 8 10 13 14 11 14 16 16 4 17 14 3 12 5 7 12 15 10 5 7 12 11 11 13 2 6
COSTS 6 11 12 14 8 6 8 10 13 14 11 14 16 16 4 17 14 3 12 5 7 12 15 10 5 7 12 11 11 13 2 6
COSTS 9 11 13 15 8 6 8 10 13 14 11 14 16 16 4 17 14 3 12 5 7 12 15 10 5 7 12 11 11 13 2 6
COSTS 9 11 12 15 8 6 8 10 13 14 11 14 16 16 4 17 14 3 12 5 7 12 15 10 5 7 12 11 11 13 2 6
COSTS 9 11 12 15 8 6 8 10 13 14 11 14 16 16 4 17 14 3 12 5 7 12 15 10 5 7 12 11 11 13 2 6
COSTS 9 10 12 15 8 6 8 10 13 14 11 14 16 16 4 17 14 3 12 5 7 12 15 10 5 7 12 11 11 13 2 6
COSTS 9 10 12 15 8 6 8 10 13 14 11 14 16 16 4 17 14 3 12 5 7 12 15 10 5 7 12 11 11 13 2 6
COSTS 9 11 13 15 8 6 8 8 13 17 14 14 18 14 5 13 13 1 10 5 6 15 18 13 7 5 13 14 14 15 2 9
COSTS 6 11 12 15 11 6 8 10 13 14 11 14 16 16 4 17 14 3 12 5 7 12 15 10 5 7 12 11 11 13 2 6
COSTS 9 10 12 15 8 6 8 10 13 14 11 14 16 16 4 17 14 3 12 5 7 12 15 10 5 7 12 11 11 13 2 6
COSTS 9 10 12 15 8 6 8 10 13 14 11 14 16 16 4 17 14 3 12 5 7 12 15 10 5 7 12 11 11 13 2 6
COSTS 9 10 12 15 8 6 8 10 13 14 11 14 16 16 4 17 14 3 12 5 7 12 15 10 5 7 12 11 11 13 2 6
COSTS 9 10 12 15 8 6 8 10 13 14 11 14 16 16 4 17 14 3 12 5 7 12 15 10 5 7 12 11 11 13 2 6
COSTS 6 11 12 15 8 6 4 10 13 14 11 14 16 16 4 17 14 3 12 5 7 12 15 10 5 7 12 11 11 13 2 6
COSTS 6 11 12 15 8 6 8 10 13 14 11 14 16 16 4 17 14 3 12 5 7 12 15 10 5 7 12 11 11 13 2 6
COSTS 9 11 12 15 8 6 8 10 13 14 11 14 16 14 4 17 13 1 10 5 7 12 15 10 5 7 12 11 11 13 2 6
COSTS 9 10 12 15 8 8 4 10 13 14 11 14 16 16 4 17 14 3 12 5 7 12 15 10 5 7 12 11 11 13 2 6
COSTS 6 11 12 15 8 6 8 10 13 14 11 14 16 16 4 17 14 3 12 5 7 12 15 10 5 7 12 11 11 13 2 6
COSTS 6 11 12 15 8 6 8 10 13 14 11 14 16 14 4 17 14 3 10 5 7 12 15 10 5 7 12 11 11 13 2 6
COSTS 6 11 12 14 11 6 8 10 13 14 11 14 16 16 4 17 14 3 12 5 7 12 15 10 5 7 12 11 11 13 2 6
COSTS 6 11 12 14 11 6 8 10 13 14 11 14 16 16 4 17 14 3 12 5 7 12 15 10 5 7 12 11 11 13 2 6
END
STATE eb59780bf7bc6a17c2144d2088dadf188ec86b6f38c2970a730b64f455bc6287 6003 24 24
LABELS 1 0 0 1 0 0 0 1 1 0 1 0 0 0 1 1 1 0 0 1 1 0 1 0
MASSES 11 20 24 17 7 20 29 15 31 15 7 12 5 29 9 4 29 27 19 10 6 2 31 22
QUERY_IDS 1 2 3 5 6 7 8 10 12 15 18 19 20 26 27 28 29 31 35 39 43 44 50 51
RESPONSES 0 0 0 1 0 0 0 1 1 0 0 0 1 1 1 1 1 1 1 1 1 1 0 0
RESPONSES 0 0 0 1 0 0 0 1 1 0 1 1 1 1 1 1 1 1 1 0 0 0 0 0
RESPONSES 0 0 0 1 0 0 0 1 1 0 1 1 1 1 1 1 1 0 1 0 0 0 1 1
RESPONSES 0 0 0 0 0 0 0 1 1 1 1 1 1 1 1 1 1 1 1 0 1 1 1 1
RESPONSES 1 1 1 1 0 0 0 1 1 1 1 1 1 1 1 1 1 1 1 0 0 0 0 0
RESPONSES 0 0 0 1 0 1 1 1 1 1 1 1 1 1 1 1 1 0 1 0 1 1 1 1
RESPONSES 0 1 1 1 1 1 1 1 1 0 1 1 1 1 1 1 1 0 1 0 1 1 1 1
RESPONSES 0 0 0 1 0 0 0 1 1 1 1 1 1 1 1 1 1 0 1 1 1 1 1 1
RESPONSES 0 0 0 1 0 0 0 1 1 0 1 1 1 1 1 1 1 0 1 1 1 1 0 0
RESPONSES 0 0 0 1 0 1 1 1 1 0 1 1 1 1 1 1 1 0 0 0 1 1 0 0
RESPONSES 0 0 0 1 0 0 0 0 1 0 1 1 1 1 1 1 1 0 0 0 1 1 0 1
RESPONSES 0 0 0 1 0 0 0 0 1 1 1 1 1 1 1 1 1 1 1 1 1 1 0 0
RESPONSES 0 0 0 1 0 0 0 0 1 1 1 1 1 1 1 1 1 0 1 0 1 1 1 1
RESPONSES 0 0 0 1 0 0 0 1 1 0 1 1 1 1 1 1 1 0 1 0 1 1 0 0
RESPONSES 0 0 0 0 0 0 0 0 1 0 1 1 1 1 1 1 1 0 1 1 1 1 0 1
RESPONSES 0 0 0 1 0 0 0 0 0 0 0 0 1 1 1 1 1 0 0 0 1 1 0 0
RESPONSES 0 0 0 1 0 0 0 1 1 1 1 1 1 1 1 1 1 0 1 0 1 1 0 1
RESPONSES 0 1 1 1 0 0 0 0 0 0 1 1 0 0 0 0 0 0 1 0 1 1 1 1
RESPONSES 0 0 0 0 0 0 0 0 0 0 1 1 1 1 1 1 1 0 0 1 1 1 1 1
RESPONSES 0 0 0 1 0 0 0 0 1 0 0 0 1 1 1 1 1 0 0 1 1 1 0 0
RESPONSES 0 0 0 0 0 0 0 1 1 1 1 1 1 1 1 1 1 0 1 0 0 0 1 1
RESPONSES 1 1 1 1 0 0 0 1 1 0 0 0 1 1 1 1 1 0 0 0 0 0 0 0
RESPONSES 0 0 0 0 0 0 0 1 1 1 1 1 1 1 1 1 1 0 1 0 1 1 0 1
RESPONSES 0 0 0 0 0 0 0 0 1 0 1 1 1 1 1 1 1 0 1 0 0 0 0 0
COSTS 6 11 13 16 15 10 14 15 8 5 14 14 18 14 13 4 8 12 15 14 6 11 7 7
COSTS 6 11 13 16 15 10 14 15 8 5 14 11 18 14 13 4 8 12 15 13 5 15 7 7
COSTS 6 11 13 16 15 10 14 15 8 5 14 11 18 14 13 4 8 12 15 13 5 15 8 7
COSTS 6 11 13 13 15 10 14 15 8 4 14 11 18 14 13 4 8 12 15 13 6 11 8 7
COSTS 7 14 12 16 15 10 14 15 8 4 14 11 18 14 13 4 8 12 15 13 5 15 7 7
COSTS 6 11 13 16 15 11 15 15 8 4 14 11 18 14 13 4 8 12 15 13 6 11 8 7
COSTS 6 14 12 16 15 11 15 15 8 5 14 11 18 14 13 4 8 12 15 13 6 11 8 7
COSTS 6 11 13 16 15 10 14 15 8 4 14 11 18 14 13 4 8 12 15 14 6 11 8 7
COSTS 6 11 13 16 15 10 14 15 8 5 14 11 18 14 13 4 8 12 15 14 6 11 7 7
COSTS 6 11 13 16 15 11 15 15 8 5 14 11 18 14 13 4 8 12 15 13 6 11 7 7
COSTS 6 11 13 16 15 10 14 16 8 5 14 11 18 14 13 4 8 12 15 13 6 11 7 7
COSTS 6 11 13 16 15 10 14 16 8 4 14 11 18 14 13 4 8 12 15 14 6 11 7 7
COSTS 6 11 13 16 15 10 14 16 8 4 14 11 18 14 13 4 8 12 15 13 6 11 8 7
COSTS 6 11 13 16 15 10 14 15 8 5 14 11 18 14 13 4 8 12 15 13 6 11 7 7
COSTS 6 11 13 13 15 10 14 16 8 5 14 11 18 14 13 4 8 12 15 14 6 11 7 7
COSTS 6 11 13 16 15 10 14 16 8 5 14 14 18 14 13 4 8 12 15 13 6 11 7 7
COSTS 6 11 13 16 15 10 14 15 8 4 14 11 18 14 13 4 8 12 15 13 6 11 7 7
COSTS 6 14 12 16 15 10 14 16 8 5 14 11 18 16 14 2 8 12 15 13 6 11 8 7
COSTS 6 11 13 13 15 10 14 16 8 5 14 11 18 14 13 4 8 12 15 14 6 11 8 7
COSTS 6 11 13 16 15 10 14 16 8 5 14 14 18 14 13 4 8 12 15 14 6 11 7 7
COSTS 6 11 13 13 15 10 14 15 8 4 14 11 18 14 13 4 8 12 15 13 5 15 8 7
COSTS 7 14 12 16 15 10 14 15 8 5 14 14 18 14 13 4 8 12 15 13 5 15 7 7
COSTS 6 11 13 13 15 10 14 15 8 4 14 11 18 14 13 4 8 12 15 13 6 11 7 7
COSTS 6 11 13 13 15 10 14 16 8 5 14 11 18 14 13 4 8 12 15 13 5 15 7 7
END
STATE ebcc84c05f5f9e30e8eb2463e456d2f8d23012994ef2f8120426e04e542c19f2 6002 24 28
LABELS 0 0 0 0 0 0 0 0 0 0 0 1 1 0 0 0 0 0 0 0 0 0 0 0
MASSES 23 12 27 6 12 27 27 12 25 13 6 27 24 17 25 21 17 7 10 29 28 20 9 9
QUERY_IDS 0 1 2 3 4 5 7 9 10 11 12 15 16 17 19 20 21 22 23 25 26 27 28 30 31 32 33 34
RESPONSES 0 0 0 0 1 1 0 1 1 0 1 0 0 0 1 1 1 1 1 1 1 1 1 1 1 1 1 1
RESPONSES 1 1 1 1 1 1 1 1 1 1 1 1 1 1 1 1 1 1 1 0 1 1 1 1 1 1 1 1
RESPONSES 1 1 1 1 1 1 1 1 1 1 1 1 1 1 1 1 1 1 1 0 1 1 1 1 1 1 1 1
RESPONSES 1 1 1 1 1 1 1 1 1 1 1 1 1 1 1 1 1 1 1 0 1 1 1 1 1 1 1 1
RESPONSES 1 1 1 1 1 1 1 1 1 1 1 1 1 1 1 1 1 1 1 0 1 1 1 1 1 1 1 1
RESPONSES 0 0 0 0 1 1 1 1 1 1 1 1 1 1 1 1 1 1 1 1 1 1 1 1 1 1 1 1
RESPONSES 0 0 0 1 1 1 1 1 1 1 1 1 1 1 1 1 1 1 1 0 0 1 1 1 1 1 1 1
RESPONSES 0 0 0 0 1 1 1 1 1 1 1 1 1 1 1 1 1 1 1 0 0 1 1 1 1 1 1 1
RESPONSES 0 0 0 0 1 1 1 1 1 1 1 1 1 1 1 1 1 1 1 0 0 1 1 1 1 1 1 1
RESPONSES 1 1 1 1 1 1 1 1 1 1 1 1 1 1 1 1 1 1 1 0 0 1 1 1 1 1 1 1
RESPONSES 1 1 1 1 1 1 1 1 1 1 1 0 1 1 1 1 1 1 1 0 0 1 1 1 1 1 1 1
RESPONSES 0 0 0 0 0 0 0 1 1 0 0 0 0 1 0 1 1 0 1 0 0 0 0 0 0 0 1 1
RESPONSES 0 0 0 0 0 0 0 0 0 0 0 0 0 1 0 0 0 0 0 0 0 0 1 0 0 0 0 0
RESPONSES 1 1 1 1 1 1 0 1 1 0 1 1 1 1 1 1 1 1 1 1 1 1 1 1 1 1 1 1
RESPONSES 0 0 1 1 1 1 1 1 1 1 1 1 1 1 1 1 1 0 0 0 0 0 0 1 1 1 1 1
RESPONSES 0 0 0 0 1 1 1 1 1 1 1 0 0 1 0 1 1 1 1 0 0 1 1 0 1 1 1 1
RESPONSES 0 1 1 1 1 1 1 1 1 1 1 1 1 1 1 1 1 1 1 0 1 1 1 1 1 1 1 1
RESPONSES 1 1 1 1 1 1 1 1 1 1 1 1 1 1 1 1 1 1 1 1 1 1 1 1 1 1 1 1
RESPONSES 0 0 0 1 1 1 1 1 1 1 1 1 1 1 1 1 1 1 1 1 1 1 1 1 1 1 1 1
RESPONSES 0 0 0 1 1 1 1 1 1 1 1 1 1 1 1 1 1 1 1 1 1 1 1 1 1 1 1 1
RESPONSES 0 0 0 1 1 1 1 1 1 1 1 1 1 1 1 1 1 1 1 1 1 1 1 1 1 1 1 1
RESPONSES 0 1 1 1 1 1 1 1 1 1 1 1 1 1 1 1 1 1 1 0 0 1 1 1 1 1 1 1
RESPONSES 0 1 1 1 1 1 1 1 1 1 1 1 1 1 1 1 1 1 1 0 0 1 1 1 1 1 1 1
RESPONSES 0 1 1 1 1 1 1 1 1 1 1 1 1 1 1 1 1 1 1 0 0 1 1 1 1 1 1 1
COSTS 12 10 14 7 9 9 11 8 14 15 3 3 8 13 17 5 14 4 7 15 11 18 11 4 1 5 12 9
COSTS 14 11 10 9 9 9 13 8 14 14 3 4 9 16 17 5 14 4 7 16 11 18 11 4 1 5 12 9
COSTS 14 11 10 9 9 9 13 8 14 14 3 4 9 16 17 5 14 4 7 16 11 18 11 4 1 5 12 9
COSTS 14 11 10 9 9 9 13 8 14 14 3 4 9 16 17 5 14 4 7 16 11 18 11 4 1 5 12 9
COSTS 14 11 10 9 9 9 13 8 14 14 3 4 9 16 17 5 14 4 7 16 11 18 11 4 1 5 12 9
COSTS 12 10 14 7 9 9 13 8 14 14 3 4 9 16 17 5 14 4 7 15 11 18 11 4 1 5 12 9
COSTS 12 10 14 9 9 9 13 8 14 14 3 4 9 16 17 5 14 4 7 16 12 18 11 4 1 5 12 9
COSTS 12 10 14 7 9 9 13 8 14 14 3 4 9 16 17 5 14 4 7 16 12 18 11 4 1 5 12 9
COSTS 12 10 14 7 9 9 13 8 14 14 3 4 9 16 17 5 14 4 7 16 12 18 11 4 1 5 12 9
COSTS 14 11 10 9 9 9 13 8 14 14 3 4 9 16 17 5 14 4 7 16 12 18 11 4 1 5 12 9
COSTS 14 11 10 9 9 9 13 8 14 14 3 3 9 16 17 5 14 4 7 16 12 18 11 4 1 5 12 9
COSTS 12 10 14 7 9 11 11 8 14 15 3 3 8 16 14 5 14 1 7 16 12 17 9 5 2 2 12 9
COSTS 12 10 14 7 9 11 11 8 15 15 3 3 8 16 14 7 14 1 11 16 12 17 11 5 2 2 10 10
COSTS 14 11 10 9 9 9 11 8 14 15 3 4 9 16 17 5 14 4 7 15 11 18 11 4 1 5 12 9
COSTS 12 10 10 9 9 9 13 8 14 14 3 4 9 16 17 5 14 1 11 16 12 17 9 4 1 5 12 9
COSTS 12 10 14 7 9 9 13 8 14 14 3 3 8 16 14 5 14 4 7 16 12 18 11 5 1 5 12 9
COSTS 12 11 10 9 9 9 13 8 14 14 3 4 9 16 17 5 14 4 7 16 11 18 11 4 1 5 12 9
COSTS 14 11 10 9 9 9 13 8 14 14 3 4 9 16 17 5 14 4 7 15 11 18 11 4 1 5 12 9
COSTS 12 10 14 9 9 9 13 8 14 14 3 4 9 16 17 5 14 4 7 15 11 18 11 4 1 5 12 9
COSTS 12 10 14 9 9 9 13 8 14 14 3 4 9 16 17 5 14 4 7 15 11 18 11 4 1 5 12 9
COSTS 12 10 14 9 9 9 13 8 14 14 3 4 9 16 17 5 14 4 7 15 11 18 11 4 1 5 12 9
COSTS 12 11 10 9 9 9 13 8 14 14 3 4 9 16 17 5 14 4 7 16 12 18 11 4 1 5 12 9
COSTS 12 11 10 9 9 9 13 8 14 14 3 4 9 16 17 5 14 4 7 16 12 18 11 4 1 5 12 9
COSTS 12 11 10 9 9 9 13 8 14 14 3 4 9 16 17 5 14 4 7 16 12 18 11 4 1 5 12 9
END
STATE ecc8ce87cac04ce1a90d8afcf70c3dc3756cad9045efa7547b09941778fd7520 6002 24 24
LABELS 1 1 0 1 1 0 0 1 1 1 0 0 0 0 1 1 1 0 0 1 1 0 0 0
MASSES 21 1 16 25 22 28 7 22 26 20 28 12 24 2 11 2 10 15 5 16 29 4 1 26
QUERY_IDS 7 10 11 12 14 16 19 20 21 23 24 25 26 27 28 29 30 31 33 34 35 39 41 48
RESPONSES 0 1 1 1 0 0 1 0 0 0 0 1 0 0 0 1 1 0 1 1 1 0 0 0
RESPONSES 0 1 1 1 0 0 1 1 1 1 1 1 1 1 1 1 1 0 1 1 1 0 1 0
RESPONSES 0 1 1 1 0 0 1 1 1 1 1 1 1 1 1 1 1 0 1 1 1 0 0 0
RESPONSES 0 0 0 0 0 0 1 1 1 1 1 1 1 1 1 1 1 0 0 0 0 0 1 1
RESPONSES 0 0 0 0 0 1 1 1 1 1 1 1 1 1 1 1 1 0 0 1 1 0 1 0
RESPONSES 1 1 1 1 0 0 1 0 0 1 1 1 1 1 1 1 1 0 1 1 1 1 1 0
RESPONSES 0 1 1 1 0 0 0 1 1 1 1 1 1 1 1 1 1 0 1 1 1 1 1 0
RESPONSES 0 0 0 1 0 0 1 0 0 0 0 0 0 0 0 0 0 0 0 0 0 0 0 1
RESPONSES 0 0 0 0 0 1 1 1 1 1 1 1 1 1 1 1 1 1 1 1 1 0 0 0
RESPONSES 0 1 1 1 0 0 1 1 1 1 1 1 1 1 1 1 1 0 1 1 1 0 0 1
RESPONSES 1 1 1 1 1 1 1 1 1 1 1 1 1 1 1 1 1 0 0 1 1 0 0 0
RESPONSES 0 1 1 1 0 0 1 0 0 1 1 1 0 0 0 1 1 1 1 1 1 0 0 0
RESPONSES 0 1 1 1 1 1 1 0 0 1 1 1 1 1 1 1 1 0 1 1 1 1 1 1
RESPONSES 0 1 1 1 0 1 1 1 1 1 1 1 1 1 1 1 1 1 1 1 1 0 1 1
RESPONSES 0 1 1 1 0 0 0 1 1 1 1 1 1 1 1 1 1 0 0 0 0 1 1 1
RESPONSES 0 1 1 1 0 1 1 1 1 1 1 1 1 1 1 1 1 0 1 1 1 0 0 0
RESPONSES 1 1 1 1 0 0 1 0 0 1 1 1 1 1 1 1 1 0 1 1 1 0 0 0
RESPONSES 0 1 1 1 1 1 1 1 1 1 1 1 1 1 1 1 1 1 1 1 1 1 1 1
RESPONSES 1 1 1 1 0 0 1 1 1 1 1 1 1 1 1 1 1 1 1 1 1 1 1 0
RESPONSES 0 1 1 1 0 1 1 1 1 1 1 1 1 1 1 1 1 0 0 1 1 0 0 0
RESPONSES 0 1 1 1 1 1 1 0 0 1 1 1 1 1 1 1 1 0 1 1 1 0 1 1
RESPONSES 1 1 1 1 1 1 1 1 1 1 1 1 1 1 1 1 1 0 1 1 1 0 1 1
RESPONSES 1 1 1 1 1 1 1 0 0 1 1 1 0 0 0 1 1 0 0 0 0 0 0 0
RESPONSES 1 1 1 1 1 1 1 1 1 1 1 1 1 1 1 1 1 1 1 1 1 1 1 1
COSTS 18 9 14 12 3 14 8 7 7 2 4 19 8 6 11 10 12 18 19 10 13 2 8 14
COSTS 18 9 14 12 3 14 8 11 5 3 5 19 9 4 14 10 12 18 19 10 13 2 10 14
COSTS 18 9 14 12 3 14 8 11 5 3 5 19 9 4 14 10 12 18 19 10 13 2 8 14
COSTS 18 9 11 10 3 14 8 11 5 3 5 19 9 4 14 10 12 18 18 10 14 2 10 18
COSTS 18 9 11 10 3 11 8 11 5 3 5 19 9 4 14 10 12 18 18 10 13 2 10 14
COSTS 15 9 14 12 3 14 8 7 7 3 5 19 9 4 14 10 12 18 19 10 13 2 10 14
COSTS 18 9 14 12 3 14 8 11 5 3 5 19 9 4 14 10 12 18 19 10 13 2 10 14
COSTS 18 9 11 12 3 14 8 7 7 2 4 19 8 6 11 7 10 18 18 10 14 2 8 18
COSTS 18 9 11 10 3 11 8 11 5 3 5 19 9 4 14 10 12 17 19 10 13 2 8 14
COSTS 18 9 14 12 3 14 8 11 5 3 5 19 9 4 14 10 12 18 19 10 13 2 8 18
COSTS 15 9 14 12 5 11 8 11 5 3 5 19 9 4 14 10 12 18 18 10 13 2 8 14
COSTS 18 9 14 12 3 14 8 7 7 3 5 19 8 6 11 10 12 17 19 10 13 2 8 14
COSTS 18 9 14 12 5 11 8 7 7 3 5 19 9 4 14 10 12 18 19 10 13 2 10 18
COSTS 18 9 14 12 3 11 8 11 5 3 5 19 9 4 14 10 12 17 19 10 13 2 10 18
COSTS 18 9 14 12 3 14 8 11 5 3 5 19 9 4 14 10 12 18 18 10 14 2 10 18
COSTS 18 9 14 12 3 11 8 11 5 3 5 19 9 4 14 10 12 18 19 10 13 2 8 14
COSTS 15 9 14 12 3 14 8 7 7 3 5 19 9 4 14 10 12 18 19 10 13 2 8 14
COSTS 18 9 14 12 5 11 8 11 5 3 5 19 9 4 14 10 12 17 19 10 13 2 10 18
COSTS 15 9 14 12 3 14 8 11 5 3 5 19 9 4 14 10 12 17 19 10 13 2 10 14
COSTS 18 9 14 12 3 11 8 11 5 3 5 19 9 4 14 10 12 18 18 10 13 2 8 14
COSTS 18 9 14 12 5 11 8 7 7 3 5 19 9 4 14 10 12 18 19 10 13 2 10 18
COSTS 15 9 14 12 5 11 8 11 5 3 5 19 9 4 14 10 12 18 19 10 13 2 10 18
COSTS 15 9 14 12 5 11 8 7 7 3 5 19 8 6 11 10 12 18 18 10 14 2 8 14
COSTS 15 9 14 12 5 11 8 11 5 3 5 19 9 4 14 10 12 17 19 10 13 2 10 18
END
STATE ecc97844c7bfd0a0e8ffcb3b154476bd550c4d13b4fd7546e2409608f185ce71 6001 24 21
LABELS 2 0 0 1 0 1 0 0 2 0 0 3 0 0 0 0 1 0 0 0 0 0 0 0
MASSES 1 20 28 27 3 6 22 31 29 7 29 30 25 27 7 29 31 25 17 25 19 13 26 29
QUERY_IDS 3 5 6 7 9 11 12 13 16 19 20 22 25 26 27 32 33 34 37 38 41
RESPONSES 0 0 0 1 0 1 1 1 0 1 1 1 1 1 1 0 0 0 1 1 0
RESPONSES 0 0 0 0 0 1 1 1 0 1 1 1 1 1 1 0 0 0 1 1 0
RESPONSES 1 1 1 1 0 1 1 1 0 1 1 1 0 0 0 0 0 0 1 1 1
RESPONSES 1 1 1 1 1 1 1 1 1 1 1 1 0 0 0 0 1 1 1 1 1
RESPONSES 0 0 0 1 0 1 1 1 0 0 0 1 0 0 0 0 0 0 1 1 0
RESPONSES 0 1 1 0 0 0 1 1 0 0 0 0 0 0 0 0 1 1 1 1 0
RESPONSES 1 1 1 0 1 1 1 1 0 1 1 1 0 0 0 0 1 1 1 1 0
RESPONSES 1 1 1 1 1 1 1 1 0 1 1 1 0 0 0 1 0 0 0 0 0
RESPONSES 1 1 1 1 0 0 1 1 0 0 0 1 1 1 1 1 0 0 1 1 1
RESPONSES 1 1 1 1 0 0 1 1 0 1 1 1 0 0 0 1 0 0 1 1 0
RESPONSES 1 1 1 1 0 1 1 1 1 1 1 1 0 0 0 0 1 1 1 1 0
RESPONSES 1 1 1 1 0 1 1 1 1 1 1 1 1 1 1 1 0 0 0 1 1
RESPONSES 1 1 1 0 0 1 1 1 0 1 1 1 0 0 0 0 0 0 1 1 0
RESPONSES 1 1 1 1 0 1 1 1 1 1 1 1 0 0 0 0 1 1 1 1 0
RESPONSES 1 1 1 1 0 1 1 1 1 1 1 1 0 0 0 0 0 0 0 1 1
RESPONSES 0 1 1 1 1 1 1 1 0 1 1 1 0 0 0 1 0 0 1 1 1
RESPONSES 1 1 1 1 0 0 0 0 0 0 0 1 0 0 0 1 0 0 1 1 1
RESPONSES 1 1 1 1 1 1 1 1 0 1 1 1 0 0 0 0 1 1 1 1 1
RESPONSES 1 1 1 1 1 1 1 1 0 1 1 1 0 0 0 0 1 1 1 1 0
RESPONSES 0 1 1 0 0 1 1 1 0 0 0 0 0 0 0 0 1 1 1 1 0
RESPONSES 1 1 1 1 0 1 1 1 0 0 0 1 0 0 0 0 0 0 1 1 1
RESPONSES 1 1 1 1 0 0 0 0 0 1 1 1 0 0 0 0 0 0 1 1 0
RESPONSES 1 1 1 0 0 0 0 0 0 1 1 1 0 0 0 1 0 1 1 1 0
RESPONSES 1 1 1 0 0 0 1 1 0 1 1 1 0 0 0 0 0 0 1 1 0
COSTS 16 8 8 11 12 16 6 11 3 9 14 10 15 4 17 16 18 17 6 4 7
COSTS 16 8 8 11 12 16 6 11 3 9 14 10 15 4 17 16 18 17 6 4 7
COSTS 17 7 10 11 12 16 6 11 3 9 14 10 15 8 15 16 18 17 6 4 10
COSTS 17 7 10 11 12 16 6 11 3 9 14 10 15 8 15 16 18 18 6 4 10
COSTS 16 8 8 11 12 16 6 11 3 8 10 10 15 8 15 16 18 17 6 4 7
COSTS 16 7 10 11 12 18 6 11 3 8 10 13 15 8 15 16 18 18 6 4 7
COSTS 17 7 10 11 12 16 6 11 3 9 14 10 15 8 15 16 18 18 6 4 7
COSTS 17 7 10 11 12 16 6 11 3 9 14 10 15 8 15 15 18 17 4 2 7
COSTS 17 7 10 11 12 18 6 11 3 8 10 10 15 4 17 15 18 17 6 4 10
COSTS 17 7 10 11 12 18 6 11 3 9 14 10 15 8 15 15 18 17 6 4 7
COSTS 17 7 10 11 12 16 6 11 3 9 14 10 15 8 15 16 18 18 6 4 7
COSTS 17 7 10 11 12 16 6 11 3 9 14 10 15 4 17 15 18 17 4 4 10
COSTS 17 7 10 11 12 16 6 11 3 9 14 10 15 8 15 16 18 17 6 4 7
COSTS 17 7 10 11 12 16 6 11 3 9 14 10 15 8 15 16 18 18 6 4 7
COSTS 17 7 10 11 12 16 6 11 3 9 14 10 15 8 15 16 18 17 4 4 10
COSTS 16 7 10 11 12 16 6 11 3 9 14 10 15 8 15 15 18 17 6 4 10
COSTS 17 7 10 11 12 18 4 11 3 8 10 10 15 8 15 15 18 17 6 4 10
COSTS 17 7 10 11 12 16 6 11 3 9 14 10 15 8 15 16 18 18 6 4 10
COSTS 17 7 10 11 12 16 6 11 3 9 14 10 15 8 15 16 18 18 6 4 7
COSTS 16 7 10 11 12 16 6 11 3 8 10 13 15 8 15 16 18 18 6 4 7
COSTS 17 7 10 11 12 16 6 11 3 8 10 10 15 8 15 16 18 17 6 4 10
COSTS 17 7 10 11 12 18 4 11 3 9 14 10 15 8 15 16 18 17 6 4 7
COSTS 17 7 10 11 12 18 4 11 3 9 14 10 15 8 15 15 18 18 6 4 7
COSTS 17 7 10 11 12 18 6 11 3 9 14 10 15 8 15 16 18 17 6 4 7
END
STATE ee33eb85534013d38940c69fcbb23e8cde4302f54293b2e50e1b635597a83b01 6003 24 32
LABELS 0 0 0 0 0 0 0 0 0 0 0 0 0 0 0 0 0 0 0 0 0 0 0 0
MASSES 5 15 27 13 2 8 5 13 16 18 4 10 19 15 29 10 20 3 19 7 29 10 10 6
QUERY_IDS 0 1 7 10 16 18 19 22 24 25 26 27 28 29 30 31 32 33 34 35 36 41 42 43 51 52 53 54 55 56 57 60
RESPONSES 0 1 0 0 0 0 0 0 0 0 0 0 0 0 0 0 0 0 0 0 0 0 0 0 0 0 0 0 0 0 0 1
RESPONSES 0 1 0 0 0 0 0 0 0 0 0 0 0 0 0 0 0 0 0 0 0 0 0 0 0 0 0 0 0 0 0 1
RESPONSES 0 1 0 0 0 0 0 0 0 0 0 0 0 0 0 0 0 0 0 0 0 0 0 0 0 0 0 0 0 0 0 1
RESPONSES 0 1 0 0 0 0 0 0 0 0 0 0 0 0 0 0 0 0 0 0 0 0 0 0 0 0 0 0 0 0 0 1
RESPONSES 1 1 0 1 0 0 0 0 0 0 0 0 0 0 0 0 0 0 0 0 0 0 0 0 0 0 0 0 0 0 0 1
RESPONSES 0 1 1 0 0 0 0 0 0 0 0 0 0 0 0 0 0 0 0 0 0 0 0 0 0 0 0 0 0 0 0 1
RESPONSES 0 1 0 0 0 0 0 0 0 0 0 0 0 0 0 0 0 0 0 0 0 0 0 0 0 0 0 0 0 0 0 1
RESPONSES 0 1 0 0 0 0 0 0 0 0 0 0 0 0 0 0 0 0 0 0 0 0 0 0 0 0 0 0 0 0 0 1
RESPONSES 0 0 0 0 0 0 0 0 0 0 0 0 0 0 0 0 0 0 0 0 0 0 0 0 0 0 0 0 0 0 0 1
RESPONSES 0 0 0 0 0 0 0 0 0 0 0 0 0 0 0 0 0 0 0 0 0 0 0 0 0 0 0 0 0 0 0 1
RESPONSES 0 1 1 0 0 0 0 1 1 1 1 1 1 1 1 1 1 1 1 1 1 1 1 1 1 1 1 1 1 1 1 0
RESPONSES 1 1 0 0 1 0 0 0 0 0 0 0 0 0 0 0 0 0 0 0 0 0 0 0 0 0 0 0 0 0 0 1
RESPONSES 0 0 0 0 0 0 0 0 0 0 0 0 0 0 0 0 0 0 0 0 0 0 0 0 0 0 0 0 0 0 0 1
RESPONSES 0 0 0 0 0 0 0 0 0 0 0 0 0 0 0 0 0 0 0 0 0 0 0 0 0 0 0 0 0 0 0 1
RESPONSES 0 0 0 0 0 0 0 0 0 0 0 0 0 0 0 0 0 0 0 0 0 0 0 0 0 0 0 0 0 0 0 1
RESPONSES 0 0 0 0 0 0 0 0 0 0 0 0 0 0 0 0 0 0 0 0 0 0 0 0 0 0 0 0 0 0 0 1
RESPONSES 1 1 0 0 0 0 1 0 0 0 0 0 0 0 0 0 0 0 0 0 0 0 0 0 0 0 0 0 0 0 0 1
RESPONSES 1 1 0 0 0 0 0 0 0 0 0 0 0 0 0 0 0 0 0 0 0 0 0 0 0 0 0 0 0 0 0 1
RESPONSES 0 1 0 0 0 0 0 0 0 0 0 0 0 1 0 0 1 1 1 1 0 0 0 0 0 0 0 0 0 0 0 1
RESPONSES 0 0 0 0 0 1 1 0 0 0 0 0 0 0 0 0 0 0 0 0 0 0 0 0 0 0 0 0 0 0 0 1
RESPONSES 1 1 0 0 0 0 0 0 0 0 0 0 0 0 0 0 0 0 0 0 0 0 0 0 0 0 0 0 0 0 0 1
RESPONSES 1 1 0 0 0 0 0 0 0 0 0 0 0 1 0 0 0 0 1 1 0 0 0 0 0 0 0 0 0 0 0 1
RESPONSES 1 1 0 1 1 0 0 0 0 0 0 0 0 0 0 0 0 0 0 0 0 0 0 0 0 0 0 0 0 0 0 1
RESPONSES 1 1 0 1 1 0 0 0 0 0 0 0 0 0 0 0 0 0 0 0 0 0 0 0 0 0 0 0 0 0 0 1
COSTS 3 18 11 13 17 3 6 4 7 6 15 15 18 9 3 7 2 13 1 13 5 7 6 12 7 18 13 4 5 8 19 17
COSTS 3 18 11 13 17 3 6 4 7 6 15 15 18 9 3 7 2 13 1 13 5 7 6 12 7 18 13 4 5 8 19 17
COSTS 3 18 11 13 17 3 6 4 7 6 15 15 18 9 3 7 2 13 1 13 5 7 6 12 7 18 13 4 5 8 19 17
COSTS 3 18 11 13 17 3 6 4 7 6 15 15 18 9 3 7 2 13 1 13 5 7 6 12 7 18 13 4 5 8 19 17
COSTS 1 18 11 13 17 3 6 4 7 6 15 15 18 9 3 7 2 13 1 13 5 7 6 12 7 18 13 4 5 8 19 17
COSTS 3 18 11 13 17 3 6 4 7 6 15 15 18 9 3 7 2 13 1 13 5 7 6 12 7 18 13 4 5 8 19 17
COSTS 3 18 11 13 17 3 6 4 7 6 15 15 18 9 3 7 2 13 1 13 5 7 6 12 7 18 13 4 5 8 19 17
COSTS 3 18 11 13 17 3 6 4 7 6 15 15 18 9 3 7 2 13 1 13 5 7 6 12 7 18 13 4 5 8 19 17
COSTS 3 16 11 13 17 3 6 4 7 6 15 15 18 9 3 7 2 13 1 13 5 7 6 12 7 18 13 4 5 8 19 17
COSTS 3 16 11 13 17 3 6 4 7 6 15 15 18 9 3 7 2 13 1 13 5 7 6 12 7 18 13 4 5 8 19 17
COSTS 3 18 11 13 17 3 6 3 4 8 17 13 17 9 6 7 4 10 5 15 8 4 6 12 6 15 15 4 9 8 15 14
COSTS 1 18 11 13 15 3 6 4 7 6 15 15 18 9 3 7 2 13 1 13 5 7 6 12 7 18 13 4 5 8 19 17
COSTS 3 16 11 13 17 3 6 4 7 6 15 15 18 9 3 7 2 13 1 13 5 7 6 12 7 18 13 4 5 8 19 17
COSTS 3 16 11 13 17 3 6 4 7 6 15 15 18 9 3 7 2 13 1 13 5 7 6 12 7 18 13 4 5 8 19 17
COSTS 3 16 11 13 17 3 6 4 7 6 15 15 18 9 3 7 2 13 1 13 5 7 6 12 7 18 13 4 5 8 19 17
COSTS 3 16 11 13 17 3 6 4 7 6 15 15 18 9 3 7 2 13 1 13 5 7 6 12 7 18 13 4 5 8 19 17
COSTS 1 18 11 13 17 3 10 4 7 6 15 15 18 9 3 7 2 13 1 13 5 7 6 12 7 18 13 4 5 8 19 17
COSTS 1 18 11 13 17 3 6 4 7 6 15 15 18 9 3 7 2 13 1 13 5 7 6 12 7 18 13 4 5 8 19 17
COSTS 3 18 11 13 17 3 6 4 7 6 15 15 18 9 3 7 4 10 5 15 5 7 6 12 7 18 13 4 5 8 19 17
COSTS 3 16 11 13 17 5 10 4 7 6 15 15 18 9 3 7 2 13 1 13 5 7 6 12 7 18 13 4 5 8 19 17
COSTS 1 18 11 13 17 3 6 4 7 6 15 15 18 9 3 7 2 13 1 13 5 7 6 12 7 18 13 4 5 8 19 17
COSTS 1 18 11 13 17 3 6 4 7 6 15 15 18 9 3 7 2 13 5 15 5 7 6 12 7 18 13 4 5 8 19 17
COSTS 1 18 11 13 15 3 6 4 7 6 15 15 18 9 3 7 2 13 1 13 5 7 6 12 7 18 13 4 5 8 19 17
COSTS 1 18 11 13 15 3 6 4 7 6 15 15 18 9 3 7 2 13 1 13 5 7 6 12 7 18 13 4 5 8 19 17
END
STATE eeb6411cb4bff3f614194c0c005cde28e7011a1860e42406611d18544212b5bd 6003 24 36
LABELS 0 0 0 0 0 0 0 0 0 0 0 0 0 0 0 0 0 0 0 0 0 0 0 0
MASSES 5 15 13 2 16 4 4 18 27 25 13 4 10 3 15 29 10 20 3 19 7 29 10 10
QUERY_IDS 0 1 2 3 7 10 16 18 19 22 24 25 26 27 28 29 30 31 32 33 34 35 36 39 40 41 42 43 51 52 53 54 55 56 57 60
RESPONSES 0 1 1 1 0 0 0 0 0 0 0 0 0 0 0 0 0 0 0 0 0 0 0 0 0 0 0 0 0 0 0 0 0 0 0 1
RESPONSES 0 1 1 1 0 0 0 0 0 0 0 0 0 0 0 0 0 0 0 0 0 0 0 0 0 0 0 0 0 0 0 0 0 0 0 1
RESPONSES 0 1 1 1 0 0 0 0 0 0 0 0 0 0 0 0 0 0 0 0 0 0 0 0 0 0 0 0 0 0 0 0 0 0 0 1
RESPONSES 1 1 1 1 0 1 0 0 0 0 0 0 0 0 0 0 0 0 0 0 0 0 0 0 0 0 0 0 0 0 0 0 0 0 0 1
RESPONSES 0 0 0 0 0 0 0 0 0 0 0 0 0 0 0 1 0 0 0 0 1 1 0 0 0 0 0 0 0 0 0 0 0 0 0 1
RESPONSES 0 0 0 0 0 0 1 0 0 0 0 0 0 0 0 0 0 0 0 0 0 0 0 0 0 0 0 0 0 0 0 0 0 0 0 1
RESPONSES 0 0 0 0 0 0 1 0 0 0 0 0 0 0 0 0 0 0 0 0 0 0 0 0 0 0 0 0 0 0 0 0 0 0 0 1
RESPONSES 0 0 1 1 0 0 0 0 0 0 0 0 0 0 0 0 0 0 0 0 0 0 0 0 0 0 0 0 0 0 0 0 0 0 0 1
RESPONSES 0 0 1 1 0 0 0 0 0 0 0 0 0 0 0 0 0 0 0 0 0 0 0 0 0 0 0 0 0 0 0 0 0 0 0 1
RESPONSES 1 1 1 1 0 0 0 0 0 0 0 0 0 0 0 1 0 1 1 1 1 1 1 1 1 1 1 1 0 0 0 0 0 0 0 1
RESPONSES 0 0 0 1 0 0 0 0 0 0 0 0 0 0 0 0 0 0 0 0 0 0 0 0 0 0 0 0 0 0 0 0 0 0 0 1
RESPONSES 0 1 1 1 1 0 0 0 0 1 1 1 1 1 1 1 1 1 1 1 1 1 1 0 0 1 1 1 1 1 1 1 1 1 1 0
RESPONSES 1 1 1 1 0 0 1 0 0 0 0 0 0 0 0 0 0 0 0 0 0 0 0 0 0 0 0 0 0 0 0 0 0 0 0 1
RESPONSES 0 0 0 1 1 0 0 0 0 0 0 0 0 0 0 0 0 0 0 0 0 0 0 0 0 0 0 0 0 0 0 0 0 0 0 1
RESPONSES 0 0 1 1 0 0 0 0 0 0 0 0 0 0 0 0 0 0 0 0 0 0 0 0 0 0 0 0 0 0 0 0 0 0 0 1
RESPONSES 0 0 1 1 0 0 0 0 0 0 0 0 0 0 0 0 0 0 0 0 0 0 0 0 0 0 0 0 0 0 0 0 0 0 0 1
RESPONSES 0 0 1 1 0 0 0 0 0 0 0 0 0 0 0 0 0 0 0 0 0 0 0 0 0 0 0 0 0 0 0 0 0 0 0 1
RESPONSES 1 1 1 1 0 0 0 0 1 0 0 0 0 0 0 0 0 0 0 0 0 0 0 0 0 0 0 0 0 0 0 0 0 0 0 1
RESPONSES 1 1 1 1 0 0 0 0 0 0 0 0 0 0 0 0 0 0 0 0 0 0 0 0 0 0 0 0 0 0 0 0 0 0 0 1
RESPONSES 0 1 1 1 0 0 0 0 0 0 0 0 0 0 0 1 0 0 1 1 1 1 0 0 0 0 0 0 0 0 0 0 0 0 0 1
RESPONSES 0 0 1 1 0 0 0 1 1 0 0 0 0 0 0 0 0 0 0 0 0 0 0 0 0 0 0 0 0 0 0 0 0 0 0 1
RESPONSES 1 1 1 1 0 0 0 0 0 0 0 0 0 0 0 0 0 0 0 0 0 0 0 0 0 0 0 0 0 0 0 0 0 0 0 1
RESPONSES 1 1 1 1 0 0 0 0 0 0 0 0 0 0 0 1 0 0 0 0 1 1 0 0 0 0 0 0 0 0 0 0 0 0 0 1
RESPONSES 1 1 1 1 0 1 1 0 0 0 0 0 0 0 0 0 0 0 0 0 0 0 0 0 0 0 0 0 0 0 0 0 0 0 0 1
COSTS 3 18 5 12 11 13 17 3 6 4 7 6 15 15 18 9 3 7 2 13 1 13 5 10 13 7 6 12 7 18 13 4 5 8 19 17
COSTS 3 18 5 12 11 13 17 3 6 4 7 6 15 15 18 9 3 7 2 13 1 13 5 10 13 7 6 12 7 18 13 4 5 8 19 17
COSTS 3 18 5 12 11 13 17 3 6 4 7 6 15 15 18 9 3 7 2 13 1 13 5 10 13 7 6 12 7 18 13 4 5 8 19 17
COSTS 1 18 5 12 11 13 17 3 6 4 7 6 15 15 18 9 3 7 2 13 1 13 5 10 13 7 6 12 7 18 13 4 5 8 19 17
COSTS 3 16 2 14 11 13 17 3 6 4 7 6 15 15 18 9 3 7 2 13 5 15 5 10 13 7 6 12 7 18 13 4 5 8 19 17
COSTS 3 16 2 14 11 13 15 3 6 4 7 6 15 15 18 9 3 7 2 13 1 13 5 10 13 7 6 12 7 18 13 4 5 8 19 17
COSTS 3 16 2 14 11 13 15 3 6 4 7 6 15 15 18 9 3 7 2 13 1 13 5 10 13 7 6 12 7 18 13 4 5 8 19 17
COSTS 3 16 5 12 11 13 17 3 6 4 7 6 15 15 18 9 3 7 2 13 1 13 5 10 13 7 6 12 7 18 13 4 5 8 19 17
COSTS 3 16 5 12 11 13 17 3 6 4 7 6 15 15 18 9 3 7 2 13 1 13 5 10 13 7 6 12 7 18 13 4 5 8 19 17
COSTS 1 18 5 12 11 13 17 3 6 4 7 6 15 15 18 9 3 7 4 10 5 15 8 9 15 4 6 12 7 18 13 4 5 8 19 17
COSTS 3 16 2 12 11 13 17 3 6 4 7 6 15 15 18 9 3 7 2 13 1 13 5 10 13 7 6 12 7 18 13 4 5 8 19 17
COSTS 3 18 5 12 11 13 17 3 6 3 4 8 17 13 17 9 6 7 4 10 5 15 8 10 13 4 6 12 6 15 15 4 9 8 15 14
COSTS 1 18 5 12 11 13 15 3 6 4 7 6 15 15 18 9 3 7 2 13 1 13 5 10 13 7 6 12 7 18 13 4 5 8 19 17
COSTS 3 16 2 12 11 13 17 3 6 4 7 6 15 15 18 9 3 7 2 13 1 13 5 10 13 7 6 12 7 18 13 4 5 8 19 17
COSTS 3 16 5 12 11 13 17 3 6 4 7 6 15 15 18 9 3 7 2 13 1 13 5 10 13 7 6 12 7 18 13 4 5 8 19 17
COSTS 3 16 5 12 11 13 17 3 6 4 7 6 15 15 18 9 3 7 2 13 1 13 5 10 13 7 6 12 7 18 13 4 5 8 19 17
COSTS 3 16 5 12 11 13 17 3 6 4 7 6 15 15 18 9 3 7 2 13 1 13 5 10 13 7 6 12 7 18 13 4 5 8 19 17
COSTS 1 18 5 12 11 13 17 3 10 4 7 6 15 15 18 9 3 7 2 13 1 13 5 10 13 7 6 12 7 18 13 4 5 8 19 17
COSTS 1 18 5 12 11 13 17 3 6 4 7 6 15 15 18 9 3 7 2 13 1 13 5 10 13 7 6 12 7 18 13 4 5 8 19 17
COSTS 3 18 5 12 11 13 17 3 6 4 7 6 15 15 18 9 3 7 4 10 5 15 5 10 13 7 6 12 7 18 13 4 5 8 19 17
COSTS 3 16 5 12 11 13 17 5 10 4 7 6 15 15 18 9 3 7 2 13 1 13 5 10 13 7 6 12 7 18 13 4 5 8 19 17
COSTS 1 18 5 12 11 13 17 3 6 4 7 6 15 15 18 9 3 7 2 13 1 13 5 10 13 7 6 12 7 18 13 4 5 8 19 17
COSTS 1 18 5 12 11 13 17 3 6 4 7 6 15 15 18 9 3 7 2 13 5 15 5 10 13 7 6 12 7 18 13 4 5 8 19 17
COSTS 1 18 5 12 11 13 15 3 6 4 7 6 15 15 18 9 3 7 2 13 1 13 5 10 13 7 6 12 7 18 13 4 5 8 19 17
END
STATE f070c2114d3c6640c08e99a2140716f8c614818dc12ff0803d57dcb68421a432 6001 24 21
LABELS 1 0 0 0 0 0 0 0 0 0 0 0 0 0 0 0 0 0 0 0 0 0 0 0
MASSES 6 3 13 15 11 6 22 1 20 29 8 27 27 12 25 22 1 22 17 17 3 28 22 29
QUERY_IDS 0 1 2 3 4 5 6 9 10 11 12 13 14 15 16 17 26 27 30 33 34
RESPONSES 0 0 0 0 1 1 1 0 0 0 1 1 1 1 0 0 0 0 0 1 1
RESPONSES 0 1 1 1 1 1 1 1 1 1 1 1 1 1 0 1 0 0 0 1 1
RESPONSES 0 0 1 1 1 1 1 0 1 1 1 1 1 1 0 0 0 0 1 0 0
RESPONSES 0 0 0 1 1 1 1 0 1 1 1 1 1 1 0 0 0 0 0 0 0
RESPONSES 0 0 1 1 1 1 1 0 0 0 1 1 1 1 0 1 0 0 0 1 1
RESPONSES 0 1 1 1 1 1 1 1 1 1 1 1 1 1 0 1 0 0 1 1 1
RESPONSES 0 0 0 0 1 1 1 0 0 1 1 1 1 1 0 0 0 1 1 0 0
RESPONSES 0 0 0 1 1 1 1 0 1 1 1 1 1 1 0 0 0 0 0 1 1
RESPONSES 0 0 0 1 1 1 1 0 0 0 0 1 1 1 0 0 0 0 1 0 0
RESPONSES 1 1 1 1 1 1 1 0 1 1 1 1 1 1 1 1 0 0 0 1 1
RESPONSES 1 1 1 1 1 1 1 1 1 1 1 1 1 1 0 1 0 0 0 1 1
RESPONSES 1 1 1 1 1 1 1 0 0 1 1 1 1 1 1 1 0 0 0 1 1
RESPONSES 0 0 1 1 1 1 1 0 0 0 0 1 1 1 0 1 0 0 1 0 0
RESPONSES 1 1 1 1 1 1 1 0 0 0 1 1 1 1 0 1 0 0 0 1 1
RESPONSES 0 0 0 0 0 0 1 0 0 0 0 0 1 1 1 1 0 0 0 1 1
RESPONSES 1 1 1 1 1 1 1 0 1 1 1 1 1 1 0 1 0 0 0 0 0
RESPONSES 1 1 1 1 1 1 1 0 0 0 1 1 1 1 0 1 0 0 0 0 0
RESPONSES 0 1 1 1 1 1 1 0 1 1 1 1 1 1 1 1 0 1 1 1 1
RESPONSES 0 0 0 1 1 1 1 0 0 0 1 1 1 1 0 0 0 0 1 1 1
RESPONSES 1 1 1 1 1 1 1 1 1 1 1 1 1 1 0 0 0 0 1 1 1
RESPONSES 0 1 1 1 1 1 1 0 0 0 1 1 1 1 0 0 0 0 0 1 1
RESPONSES 1 1 1 1 1 1 1 0 0 0 0 1 1 1 0 1 1 1 1 1 1
RESPONSES 0 0 0 0 0 0 0 0 0 0 0 0 0 0 0 0 0 1 1 1 1
RESPONSES 0 1 1 1 1 1 1 0 0 0 1 1 1 1 0 0 0 0 0 0 0
COSTS 15 3 15 16 16 7 10 12 13 18 6 11 10 8 3 8 8 15 10 18 18
COSTS 15 2 14 17 16 7 10 12 14 16 6 11 10 8 3 6 8 15 10 18 18
COSTS 15 3 14 17 16 7 10 12 14 16 6 11 10 8 3 8 8 15 12 18 17
COSTS 15 3 15 17 16 7 10 12 14 16 6 11 10 8 3 8 8 15 10 18 17
COSTS 15 3 14 17 16 7 10 12 13 18 6 11 10 8 3 6 8 15 10 18 18
COSTS 15 2 14 17 16 7 10 12 14 16 6 11 10 8 3 6 8 15 12 18 18
COSTS 15 3 15 16 16 7 10 12 13 16 6 11 10 8 3 8 8 17 12 18 17
COSTS 15 3 15 17 16 7 10 12 14 16 6 11 10 8 3 8 8 15 10 18 18
COSTS 15 3 15 17 16 7 10 12 13 18 4 11 10 8 3 8 8 15 12 18 17
COSTS 14 2 14 17 16 7 10 12 14 16 6 11 10 8 3 6 8 15 10 18 18
COSTS 14 2 14 17 16 7 10 12 14 16 6 11 10 8 3 6 8 15 10 18 18
COSTS 14 2 14 17 16 7 10 12 13 16 6 11 10 8 3 6 8 15 10 18 18
COSTS 15 3 14 17 16 7 10 12 13 18 4 11 10 8 3 6 8 15 12 18 17
COSTS 14 2 14 17 16 7 10 12 13 18 6 11 10 8 3 6 8 15 10 18 18
COSTS 15 3 15 16 16 8 10 12 13 18 4 11 10 8 3 6 8 15 10 18 18
COSTS 14 2 14 17 16 7 10 12 14 16 6 11 10 8 3 6 8 15 10 18 17
COSTS 14 2 14 17 16 7 10 12 13 18 6 11 10 8 3 6 8 15 10 18 17
COSTS 15 2 14 17 16 7 10 12 14 16 6 11 10 8 3 6 8 17 12 18 18
COSTS 15 3 15 17 16 7 10 12 13 18 6 11 10 8 3 8 8 15 12 18 18
COSTS 14 2 14 17 16 7 10 12 14 16 6 11 10 8 3 8 8 15 12 18 18
COSTS 15 2 14 17 16 7 10 12 13 18 6 11 10 8 3 8 8 15 10 18 18
COSTS 14 2 14 17 16 7 10 12 13 18 4 11 10 8 3 6 4 17 12 18 18
COSTS 15 3 15 16 16 8 8 12 13 18 4 11 14 9 3 8 8 17 12 18 18
COSTS 15 2 14 17 16 7 10 12 13 18 6 11 10 8 3 8 8 15 10 18 17
END
STATE f2367625d532c33275ec06f73d8cec8237dbc4f98f9dfd3f1f2155e20a7f017c 6001 24 11
LABELS 1 3 0 0 0 2 3 2 0 1 0 0 3 3 3 3 3 2 2 1 2 2 2 3
MASSES 12 9 11 12 13 17 17 26 30 6 7 22 7 11 21 28 23 16 1 22 21 1 8 30
QUERY_IDS 0 1 2 3 5 6 7 8 9 10 11
RESPONSES 3 1 0 0 1 1 0 1 0 0 0
RESPONSES 3 2 0 2 0 1 0 1 0 0 0
RESPONSES 4 1 0 1 0 1 0 0 0 0 0
RESPONSES 4 1 0 2 0 1 0 1 0 0 0
RESPONSES 4 1 0 2 0 1 0 1 0 0 0
RESPONSES 0 1 0 2 1 1 0 1 0 0 0
RESPONSES 0 2 0 2 1 1 0 1 0 0 0
RESPONSES 3 1 0 1 0 1 0 0 0 0 0
RESPONSES 4 0 0 2 0 1 0 0 0 0 0
RESPONSES 3 1 0 2 0 1 0 1 0 0 0
RESPONSES 4 1 0 2 0 1 0 0 0 0 0
RESPONSES 4 1 0 2 0 1 0 0 0 0 0
RESPONSES 2 2 0 1 0 1 0 1 0 0 0
RESPONSES 2 2 0 1 0 1 0 1 0 0 0
RESPONSES 2 2 0 1 0 1 0 1 0 0 0
RESPONSES 3 2 0 1 0 1 0 1 0 0 0
RESPONSES 3 2 0 1 0 1 0 1 0 0 0
RESPONSES 0 1 0 2 0 1 0 1 0 0 0
RESPONSES 0 1 0 2 0 1 0 1 0 0 0
RESPONSES 0 0 0 2 1 1 0 1 0 0 0
RESPONSES 0 0 0 2 1 1 0 1 0 0 0
RESPONSES 1 0 0 2 1 1 0 1 0 2 1
RESPONSES 3 0 0 1 1 1 0 0 0 1 0
RESPONSES 3 2 0 2 0 0 0 1 0 0 0
COSTS 8 6 3 19 2 7 5 17 6 9 15
COSTS 8 5 3 16 4 7 5 17 6 9 15
COSTS 8 6 3 15 4 7 5 19 6 9 15
COSTS 8 6 3 16 4 7 5 17 6 9 15
COSTS 8 6 3 16 4 7 5 17 6 9 15
COSTS 7 6 3 16 2 7 5 17 6 9 15
COSTS 7 5 3 16 2 7 5 17 6 9 15
COSTS 8 6 3 15 4 7 5 19 6 9 15
COSTS 8 7 3 16 4 7 5 19 6 9 15
COSTS 8 6 3 16 4 7 5 17 6 9 15
COSTS 8 6 3 16 4 7 5 19 6 9 15
COSTS 8 6 3 16 4 7 5 19 6 9 15
COSTS 7 5 3 15 4 7 5 17 6 9 15
COSTS 7 5 3 15 4 7 5 17 6 9 15
COSTS 7 5 3 15 4 7 5 17 6 9 15
COSTS 8 5 3 15 4 7 5 17 6 9 15
COSTS 8 5 3 15 4 7 5 17 6 9 15
COSTS 7 6 3 16 4 7 5 17 6 9 15
COSTS 7 6 3 16 4 7 5 17 6 9 15
COSTS 7 7 3 16 2 7 5 17 6 9 15
COSTS 7 7 3 16 2 7 5 17 6 9 15
COSTS 4 7 3 16 2 7 5 17 6 11 14
COSTS 8 7 3 15 2 7 5 19 6 12 15
COSTS 8 5 3 16 4 6 5 17 6 9 15
END
STATE f549abdf34d5cfdbeda89dbd18b5fdd535b33d857def8dcb75eae5968fb3f0d0 6003 24 28
LABELS 1 0 0 0 1 0 0 0 0 0 0 0 0 0 0 1 0 0 0 1 0 0 0 0
MASSES 16 11 30 21 15 6 16 24 16 10 11 23 29 28 29 7 9 17 12 14 30 14 13 25
QUERY_IDS 1 2 3 4 6 7 8 9 10 11 12 13 14 15 16 17 19 22 23 24 27 28 29 30 31 32 33 34
RESPONSES 0 1 1 1 1 0 0 0 1 0 0 0 1 0 0 0 0 0 0 0 0 1 1 0 0 1 1 1
RESPONSES 1 1 1 1 1 1 1 1 1 1 1 1 1 1 1 1 1 1 1 1 1 1 1 1 1 1 1 1
RESPONSES 1 1 1 1 1 1 1 1 1 1 1 1 1 1 1 1 1 1 1 1 1 1 1 1 1 1 1 1
RESPONSES 1 1 1 1 1 1 1 1 1 1 1 1 1 1 1 1 1 1 1 1 1 1 1 1 1 1 1 1
RESPONSES 0 0 0 0 0 0 0 0 1 0 0 0 1 0 0 0 0 0 1 1 0 0 0 0 0 0 1 1
RESPONSES 0 0 1 1 1 1 1 1 1 1 1 1 1 1 1 1 1 1 1 1 1 1 1 1 1 1 1 1
RESPONSES 0 0 1 1 1 1 1 1 1 1 1 1 1 1 1 1 1 1 1 1 1 1 1 1 1 1 1 1
RESPONSES 0 0 1 1 1 1 1 1 1 1 1 1 1 1 1 1 1 1 1 1 1 1 1 1 1 1 1 1
RESPONSES 0 0 0 0 1 1 1 1 1 0 1 1 1 0 0 1 1 1 1 1 1 1 1 1 1 1 1 1
RESPONSES 0 0 0 1 1 1 1 1 1 1 1 1 1 1 1 1 1 1 1 1 1 1 1 1 1 1 1 1
RESPONSES 0 0 0 1 1 1 1 1 1 1 1 1 1 1 1 1 1 1 1 1 1 1 1 1 1 1 1 1
RESPONSES 1 1 1 1 1 1 1 1 1 1 1 1 1 1 1 1 1 1 1 1 1 1 1 1 1 1 1 1
RESPONSES 1 1 1 1 1 1 1 1 1 1 1 1 1 1 1 1 1 1 1 1 1 1 1 1 1 1 1 1
RESPONSES 1 1 1 1 1 1 1 1 1 0 1 1 1 1 1 1 1 0 0 0 1 1 1 1 1 1 1 1
RESPONSES 1 1 1 1 1 1 1 1 1 0 1 1 1 1 1 1 1 1 1 1 1 1 1 1 1 1 1 1
RESPONSES 0 0 0 0 1 0 0 0 0 0 0 0 0 0 0 0 0 0 1 1 0 0 1 0 1 1 0 0
RESPONSES 0 1 1 1 1 1 1 1 1 1 1 1 1 1 1 1 1 1 1 1 1 1 1 1 1 1 1 1
RESPONSES 0 1 1 1 1 1 1 1 1 1 1 1 1 1 1 1 1 1 1 1 1 1 1 1 1 1 1 1
RESPONSES 0 0 0 0 1 1 1 1 1 1 1 1 1 1 1 1 1 1 1 1 1 1 1 1 1 1 1 1
RESPONSES 0 0 0 0 0 1 1 1 1 1 1 1 1 1 1 1 1 0 1 1 0 1 1 0 0 1 1 1
RESPONSES 0 0 1 1 1 0 0 1 1 1 1 1 1 1 1 1 1 1 1 1 0 1 1 0 0 1 1 1
RESPONSES 1 1 1 1 1 1 1 1 1 1 1 1 1 1 1 1 1 1 1 1 1 1 1 1 1 1 1 1
RESPONSES 1 1 1 1 1 1 1 1 1 0 1 1 1 1 1 1 1 1 1 1 1 1 1 1 1 1 1 1
RESPONSES 1 1 1 1 1 1 1 1 1 1 1 1 1 1 1 1 1 1 1 1 1 1 1 1 1 1 1 1
COSTS 17 11 4 11 13 7 11 15 11 4 8 7 12 12 13 8 5 16 16 9 13 12 16 10 10 9 13 4
COSTS 17 11 4 11 13 7 12 15 11 5 6 5 12 9 15 8 4 17 19 10 10 12 16 11 8 9 13 4
COSTS 17 11 4 11 13 7 12 15 11 5 6 5 12 9 15 8 4 17 19 10 10 12 16 11 8 9 13 4
COSTS 17 11 4 11 13 7 12 15 11 5 6 5 12 9 15 8 4 17 19 10 10 12 16 11 8 9 13 4
COSTS 17 12 5 14 14 7 11 15 11 4 8 7 12 12 13 8 5 16 19 10 13 13 17 10 10 8 13 4
COSTS 17 12 4 11 13 7 12 15 11 5 6 5 12 9 15 8 4 17 19 10 10 12 16 11 8 9 13 4
COSTS 17 12 4 11 13 7 12 15 11 5 6 5 12 9 15 8 4 17 19 10 10 12 16 11 8 9 13 4
COSTS 17 12 4 11 13 7 12 15 11 5 6 5 12 9 15 8 4 17 19 10 10 12 16 11 8 9 13 4
COSTS 17 12 5 14 13 7 12 15 11 4 6 5 12 12 13 8 4 17 19 10 10 12 16 11 8 9 13 4
COSTS 17 12 5 11 13 7 12 15 11 5 6 5 12 9 15 8 4 17 19 10 10 12 16 11 8 9 13 4
COSTS 17 12 5 11 13 7 12 15 11 5 6 5 12 9 15 8 4 17 19 10 10 12 16 11 8 9 13 4
COSTS 17 11 4 11 13 7 12 15 11 5 6 5 12 9 15 8 4 17 19 10 10 12 16 11 8 9 13 4
COSTS 17 11 4 11 13 7 12 15 11 5 6 5 12 9 15 8 4 17 19 10 10 12 16 11 8 9 13 4
COSTS 17 11 4 11 13 7 12 15 11 4 6 5 12 9 15 8 4 16 16 9 10 12 16 11 8 9 13 4
COSTS 17 11 4 11 13 7 12 15 11 4 6 5 12 9 15 8 4 17 19 10 10 12 16 11 8 9 13 4
COSTS 17 12 5 14 13 7 11 15 10 4 8 7 11 12 13 8 5 16 19 10 13 13 16 10 8 9 16 1
COSTS 17 11 4 11 13 7 12 15 11 5 6 5 12 9 15 8 4 17 19 10 10 12 16 11 8 9 13 4
COSTS 17 11 4 11 13 7 12 15 11 5 6 5 12 9 15 8 4 17 19 10 10 12 16 11 8 9 13 4
COSTS 17 12 5 14 13 7 12 15 11 5 6 5 12 9 15 8 4 17 19 10 10 12 16 11 8 9 13 4
COSTS 17 12 5 14 14 7 12 15 11 5 6 5 12 9 15 8 4 16 19 10 13 12 16 10 10 9 13 4
COSTS 17 12 4 11 13 7 11 15 11 5 6 5 12 9 15 8 4 17 19 10 13 12 16 10 10 9 13 4
COSTS 17 11 4 11 13 7 12 15 11 5 6 5 12 9 15 8 4 17 19 10 10 12 16 11 8 9 13 4
COSTS 17 11 4 11 13 7 12 15 11 4 6 5 12 9 15 8 4 17 19 10 10 12 16 11 8 9 13 4
COSTS 17 11 4 11 13 7 12 15 11 5 6 5 12 9 15 8 4 17 19 10 10 12 16 11 8 9 13 4
END
STATE f623354ab1684a7460801d27054021dee636937ae205aa5c95f08490b3db1af2 6001 24 32
LABELS 0 3 0 1 5 2 2 0 5 3 2 1 5 4 1 5 2 1 0 1 1 5 0 5
MASSES 26 7 21 6 4 3 14 9 15 11 27 27 4 8 26 4 5 18 23 6 10 3 14 1
QUERY_IDS 0 1 4 5 7 8 9 14 20 21 25 26 27 32 33 38 39 40 41 42 45 59 60 61 62 63 64 65 72 73 74 75
RESPONSES 0 0 0 0 1 0 0 1 1 1 0 0 0 0 0 0 0 0 1 1 1 1 1 1 1 1 1 0 0 0 0 0
RESPONSES 0 0 0 0 1 0 0 1 0 1 0 0 1 0 0 0 0 0 0 0 0 1 1 1 1 1 1 0 0 0 0 0
RESPONSES 1 0 0 0 1 0 0 1 1 1 0 0 0 0 0 0 0 0 0 0 1 1 1 1 1 1 1 0 0 0 0 0
RESPONSES 0 0 0 0 0 0 0 1 1 1 0 0 0 0 0 0 0 0 0 0 0 1 1 1 1 1 1 1 0 1 1 1
RESPONSES 0 0 0 0 0 0 0 1 1 1 0 0 0 0 0 0 0 0 0 0 0 1 1 1 1 1 1 0 0 0 0 0
RESPONSES 1 0 0 0 1 0 1 1 1 1 0 0 0 0 0 0 0 0 0 0 1 1 1 1 1 1 1 0 0 0 0 0
RESPONSES 1 0 0 0 1 0 1 1 1 1 0 0 0 0 0 0 0 0 0 0 1 1 1 1 1 1 1 0 0 0 0 0
RESPONSES 1 0 1 1 1 0 0 1 1 1 1 1 1 0 0 0 0 0 0 0 0 1 1 1 1 1 1 1 0 0 0 0
RESPONSES 0 0 0 0 0 0 0 1 1 1 0 0 0 0 0 0 0 0 0 0 0 1 1 1 1 1 1 1 0 0 0 0
RESPONSES 0 0 0 0 1 0 0 1 0 1 0 0 1 0 0 0 0 0 0 0 0 1 1 1 1 1 1 0 0 0 0 0
RESPONSES 0 0 0 0 1 0 0 1 1 1 0 0 0 0 0 0 0 0 0 0 1 1 1 1 1 1 1 0 0 0 0 0
RESPONSES 0 0 0 0 1 0 0 1 0 1 0 0 0 0 0 0 0 0 0 0 1 1 1 1 1 1 1 0 0 0 0 0
RESPONSES 1 0 1 1 1 0 0 1 1 1 0 0 0 0 0 0 0 0 0 0 0 1 1 1 1 1 1 0 0 0 0 0
RESPONSES 1 1 1 1 1 1 0 0 1 1 0 0 1 0 0 1 1 1 1 1 0 0 0 0 0 0 0 0 0 0 0 0
RESPONSES 0 0 0 0 1 0 1 1 0 0 0 0 0 1 1 0 0 1 1 1 0 0 0 0 0 0 0 0 1 1 1 1
RESPONSES 1 0 1 1 1 0 0 1 1 1 0 0 0 0 0 0 0 0 0 0 0 1 1 1 1 1 1 0 0 0 0 0
RESPONSES 1 0 0 0 1 0 1 1 1 1 0 0 0 0 0 0 0 0 0 0 1 1 1 1 1 1 1 0 0 0 0 0
RESPONSES 0 0 1 1 1 1 1 1 1 1 0 0 0 0 0 0 0 1 1 1 0 1 1 1 1 1 1 0 0 0 0 0
RESPONSES 1 0 0 0 1 0 1 1 1 1 0 0 0 0 0 0 0 0 0 0 1 1 1 1 1 1 1 0 0 0 0 0
RESPONSES 0 0 0 0 1 0 0 1 0 1 0 0 1 0 0 0 0 0 0 0 1 1 1 1 1 1 1 1 0 0 0 0
RESPONSES 0 0 1 1 1 1 1 1 1 1 0 0 0 0 0 0 0 1 1 1 0 1 1 1 1 1 1 0 0 0 0 0
RESPONSES 0 0 0 0 0 0 0 1 1 1 0 0 0 0 0 0 0 0 0 0 0 1 1 1 1 1 1 0 0 0 0 0
RESPONSES 1 0 1 1 1 0 0 1 1 1 0 0 0 0 0 0 0 0 0 0 1 1 1 1 1 1 1 0 0 0 0 0
RESPONSES 0 0 0 0 1 0 0 1 1 1 0 0 0 0 0 0 0 0 0 0 0 1 1 1 1 1 1 0 0 0 0 0
COSTS 5 12 7 12 8 5 8 17 13 12 16 4 9 10 3 5 7 8 10 10 11 14 5 10 15 5 9 10 7 13 3 7
COSTS 5 12 7 12 8 5 8 17 12 12 16 4 12 10 3 5 7 8 10 11 11 14 5 10 15 5 9 10 7 13 3 7
COSTS 4 12 7 12 8 5 8 17 13 12 16 4 9 10 3 5 7 8 10 11 11 14 5 10 15 5 9 10 7 13 3 7
COSTS 5 12 7 12 9 5 8 17 13 12 16 4 9 10 3 5 7 8 10 11 11 14 5 10 15 5 9 14 7 12 1 6
COSTS 5 12 7 12 9 5 8 17 13 12 16 4 9 10 3 5 7 8 10 11 11 14 5 10 15 5 9 10 7 13 3 7
COSTS 4 12 7 12 8 5 9 17 13 12 16 4 9 10 3 5 7 8 10 11 11 14 5 10 15 5 9 10 7 13 3 7
COSTS 4 12 7 12 8 5 9 17 13 12 16 4 9 10 3 5 7 8 10 11 11 14 5 10 15 5 9 10 7 13 3 7
COSTS 4 12 6 13 8 5 8 17 13 12 14 8 12 10 3 5 7 8 10 11 11 14 5 10 15 5 9 14 7 13 3 7
COSTS 5 12 7 12 9 5 8 17 13 12 16 4 9 10 3 5 7 8 10 11 11 14 5 10 15 5 9 14 7 13 3 7
COSTS 5 12 7 12 8 5 8 17 12 12 16 4 12 10 3 5 7 8 10 11 11 14 5 10 15 5 9 10 7 13 3 7
COSTS 5 12 7 12 8 5 8 17 13 12 16 4 9 10 3 5 7 8 10 11 11 14 5 10 15 5 9 10 7 13 3 7
COSTS 5 12 7 12 8 5 8 17 12 12 16 4 9 10 3 5 7 8 10 11 11 14 5 10 15 5 9 10 7 13 3 7
COSTS 4 12 6 13 8 5 8 17 13 12 16 4 9 10 3 5 7 8 10 11 11 14 5 10 15 5 9 10 7 13 3 7
COSTS 4 12 6 13 8 6 8 17 13 12 16 4 12 10 3 4 4 5 10 10 11 14 2 10 16 5 7 10 7 13 3 7
COSTS 5 12 7 12 8 5 9 17 12 11 16 4 9 10 4 5 7 5 10 10 11 14 2 10 16 5 7 10 5 12 1 6
COSTS 4 12 6 13 8 5 8 17 13 12 16 4 9 10 3 5 7 8 10 11 11 14 5 10 15 5 9 10 7 13 3 7
COSTS 4 12 7 12 8 5 9 17 13 12 16 4 9 10 3 5 7 8 10 11 11 14 5 10 15 5 9 10 7 13 3 7
COSTS 5 12 6 13 8 6 9 17 13 12 16 4 9 10 3 5 7 5 10 10 11 14 5 10 15 5 9 10 7 13 3 7
COSTS 4 12 7 12 8 5 9 17 13 12 16 4 9 10 3 5 7 8 10 11 11 14 5 10 15 5 9 10 7 13 3 7
COSTS 5 12 7 12 8 5 8 17 12 12 16 4 12 10 3 5 7 8 10 11 11 14 5 10 15 5 9 14 7 13 3 7
COSTS 5 12 6 13 8 6 9 17 13 12 16 4 9 10 3 5 7 5 10 10 11 14 5 10 15 5 9 10 7 13 3 7
COSTS 5 12 7 12 9 5 8 17 13 12 16 4 9 10 3 5 7 8 10 11 11 14 5 10 15 5 9 10 7 13 3 7
COSTS 4 12 6 13 8 5 8 17 13 12 16 4 9 10 3 5 7 8 10 11 11 14 5 10 15 5 9 10 7 13 3 7
COSTS 5 12 7 12 8 5 8 17 13 12 16 4 9 10 3 5 7 8 10 11 11 14 5 10 15 5 9 10 7 13 3 7
END
STATE f81381636977f94a57e9bea48dddb010cffedebe53e2ef6abba3d6a04b506d8b 6001 24 25
LABELS 1 1 0 1 1 1 0 1 1 1 0 0 1 1 1 0 0 1 0 1 0 0 0 1
MASSES 17 7 10 31 28 10 27 16 22 26 26 23 15 18 16 12 27 24 16 8 29 23 27 16
QUERY_IDS 5 6 7 10 11 13 14 15 16 18 19 20 21 24 26 27 28 29 30 33 35 42 47 50 51
RESPONSES 1 0 0 0 0 0 0 0 0 1 1 0 0 1 0 0 0 0 0 0 0 0 0 1 1
RESPONSES 1 0 0 1 1 0 0 0 0 1 1 1 1 1 1 1 1 1 1 1 1 1 0 1 1
RESPONSES 1 0 0 1 1 0 0 0 0 0 0 1 1 1 1 1 1 1 1 0 0 1 0 1 1
RESPONSES 0 0 0 1 1 1 1 1 1 1 1 1 1 1 1 1 1 1 1 1 1 1 0 1 1
RESPONSES 1 0 0 0 0 0 0 0 0 1 1 1 1 1 1 1 1 1 1 1 1 1 0 0 0
RESPONSES 1 0 0 0 0 0 0 1 1 1 1 1 1 1 1 1 1 1 1 1 1 0 0 1 1
RESPONSES 1 1 1 1 1 0 0 0 0 1 1 1 1 1 1 1 1 1 1 0 1 1 0 1 1
RESPONSES 0 0 0 0 0 0 0 0 0 0 0 1 1 1 1 1 1 1 1 0 1 1 0 0 0
RESPONSES 1 0 0 0 0 0 0 0 0 1 1 0 0 1 0 0 0 0 1 1 1 0 0 0 0
RESPONSES 1 0 0 1 1 0 0 0 0 0 0 0 0 0 1 1 1 1 1 0 0 1 0 0 1
RESPONSES 1 0 0 1 1 0 0 1 1 1 1 1 1 1 1 1 1 1 1 1 1 1 0 1 1
RESPONSES 1 0 0 1 1 0 0 0 0 0 0 0 0 1 1 1 1 1 1 1 1 1 0 0 1
RESPONSES 1 0 0 1 1 0 0 0 0 1 1 1 1 1 1 1 1 1 1 0 1 1 0 0 0
RESPONSES 1 0 0 1 1 0 0 0 0 0 0 1 1 1 1 1 1 1 1 0 0 1 0 1 1
RESPONSES 1 0 0 1 1 0 0 1 1 1 1 1 1 1 1 1 1 1 1 1 1 0 0 1 1
RESPONSES 1 1 1 1 1 0 0 0 0 1 1 1 1 1 1 1 1 1 1 1 1 1 0 1 1
RESPONSES 1 0 0 1 1 0 0 0 0 1 1 0 0 1 1 1 1 1 1 0 0 0 0 0 0
RESPONSES 0 0 0 0 0 0 0 0 0 0 0 1 1 1 1 1 1 1 1 1 1 1 0 0 0
RESPONSES 0 0 0 1 1 1 1 1 1 1 1 1 1 1 1 1 1 1 1 0 1 1 0 0 1
RESPONSES 1 0 0 1 1 0 0 1 1 1 1 1 1 1 1 1 1 1 1 0 1 1 0 0 1
RESPONSES 0 0 0 1 1 0 0 0 0 1 1 1 1 1 1 1 1 1 1 1 1 1 0 0 1
RESPONSES 1 1 1 1 1 1 1 1 1 1 1 1 1 1 1 1 1 1 1 0 1 0 1 1 1
RESPONSES 1 0 0 1 1 0 0 0 0 1 1 0 0 1 0 0 0 0 0 0 0 1 0 1 1
RESPONSES 0 0 0 0 0 0 0 0 0 1 1 0 0 1 1 1 1 1 1 0 0 1 0 0 1
COSTS 2 14 7 15 5 11 4 6 12 11 18 9 10 13 4 10 11 8 11 16 5 16 4 12 18
COSTS 2 14 7 15 4 11 4 6 12 11 18 8 8 13 5 9 7 8 11 16 5 18 4 12 18
COSTS 2 14 7 15 4 11 4 6 12 8 15 8 8 13 5 9 7 8 11 16 5 18 4 12 18
COSTS 4 14 7 15 4 10 4 6 11 11 18 8 8 13 5 9 7 8 11 16 5 18 4 12 18
COSTS 2 14 7 15 5 11 4 6 12 11 18 8 8 13 5 9 7 8 11 16 5 18 4 14 17
COSTS 2 14 7 15 5 11 4 6 11 11 18 8 8 13 5 9 7 8 11 16 5 16 4 12 18
COSTS 2 12 8 15 4 11 4 6 12 11 18 8 8 13 5 9 7 8 11 16 5 18 4 12 18
COSTS 4 14 7 15 5 11 4 6 12 8 15 8 8 13 5 9 7 8 11 16 5 18 4 14 17
COSTS 2 14 7 15 5 11 4 6 12 11 18 9 10 13 4 10 11 8 11 16 5 16 4 14 17
COSTS 2 14 7 15 4 11 4 6 12 8 15 9 10 10 5 9 7 8 11 16 5 18 4 14 18
COSTS 2 14 7 15 4 11 4 6 11 11 18 8 8 13 5 9 7 8 11 16 5 18 4 12 18
COSTS 2 14 7 15 4 11 4 6 12 8 15 9 10 13 5 9 7 8 11 16 5 18 4 14 18
COSTS 2 14 7 15 4 11 4 6 12 11 18 8 8 13 5 9 7 8 11 16 5 18 4 14 17
COSTS 2 14 7 15 4 11 4 6 12 8 15 8 8 13 5 9 7 8 11 16 5 18 4 12 18
COSTS 2 14 7 15 4 11 4 6 11 11 18 8 8 13 5 9 7 8 11 16 5 16 4 12 18
COSTS 2 12 8 15 4 11 4 6 12 11 18 8 8 13 5 9 7 8 11 16 5 18 4 12 18
COSTS 2 14 7 15 4 11 4 6 12 11 18 9 10 13 5 9 7 8 11 16 5 16 4 14 17
COSTS 4 14 7 15 5 11 4 6 12 8 15 8 8 13 5 9 7 8 11 16 5 18 4 14 17
COSTS 4 14 7 15 4 10 4 6 11 11 18 8 8 13 5 9 7 8 11 16 5 18 4 14 18
COSTS 2 14 7 15 4 11 4 6 11 11 18 8 8 13 5 9 7 8 11 16 5 18 4 14 18
COSTS 4 14 7 15 4 11 4 6 12 11 18 8 8 13 5 9 7 8 11 16 5 18 4 14 18
COSTS 2 12 8 15 4 10 4 6 11 11 18 8 8 13 5 9 7 8 11 16 5 16 5 12 18
COSTS 2 14 7 15 4 11 4 6 12 11 18 9 10 13 4 10 11 8 11 16 5 18 4 12 18
COSTS 4 14 7 15 5 11 4 6 12 11 18 9 10 13 5 9 7 8 11 16 5 18 4 14 18
END
STATE f95be7f294420179d705de533b69d2afbaf94a713f2f23e9cc6bbee99d4a81bc 6003 24 24
LABELS 1 0 0 1 0 0 0 1 1 0 1 0 0 0 1 1 1 0 0 1 1 0 1 0
MASSES 11 20 24 17 7 20 29 15 31 15 7 12 5 29 9 4 29 27 19 10 6 2 31 22
QUERY_IDS 1 2 3 7 8 16 17 18 19 20 26 27 28 29 32 33 35 38 39 43 44 49 50 51
RESPONSES 0 0 0 0 0 0 0 0 0 1 1 1 1 1 1 1 1 0 1 1 1 0 0 0
RESPONSES 0 0 0 0 0 0 1 1 1 1 1 1 1 1 1 1 1 0 0 0 0 0 0 0
RESPONSES 0 0 0 0 0 0 0 1 1 1 1 1 1 1 1 1 1 0 0 0 0 1 1 1
RESPONSES 0 0 0 0 0 1 1 1 1 1 1 1 1 1 1 1 1 0 0 1 1 1 1 1
RESPONSES 1 1 1 0 0 1 1 1 1 1 1 1 1 1 1 1 1 0 0 0 0 0 0 0
RESPONSES 0 0 0 1 1 1 1 1 1 1 1 1 1 1 0 0 1 0 0 1 1 1 1 1
RESPONSES 0 1 1 1 1 1 1 1 1 1 1 1 1 1 0 0 1 0 0 1 1 0 1 1
RESPONSES 0 0 0 0 0 1 1 1 1 1 1 1 1 1 0 0 1 0 1 1 1 0 1 1
RESPONSES 0 0 0 0 0 0 0 1 1 1 1 1 1 1 0 0 1 1 1 1 1 0 0 0
RESPONSES 0 0 0 1 1 0 1 1 1 1 1 1 1 1 0 0 0 0 0 1 1 0 0 0
RESPONSES 0 0 0 0 0 0 0 1 1 1 1 1 1 1 0 0 0 0 0 1 1 0 0 1
RESPONSES 0 0 0 0 0 1 1 1 1 1 1 1 1 1 1 1 1 1 1 1 1 0 0 0
RESPONSES 0 0 0 0 0 1 1 1 1 1 1 1 1 1 0 1 1 0 0 1 1 0 1 1
RESPONSES 0 0 0 0 0 0 0 1 1 1 1 1 1 1 1 1 1 0 0 1 1 0 0 0
RESPONSES 0 0 0 0 0 0 0 1 1 1 1 1 1 1 0 0 1 1 1 1 1 0 0 1
RESPONSES 0 0 0 0 0 0 0 0 0 1 1 1 1 1 0 0 0 0 0 1 1 0 0 0
RESPONSES 0 0 0 0 0 1 1 1 1 1 1 1 1 1 0 0 1 0 0 1 1 0 0 1
RESPONSES 0 1 1 0 0 1 1 1 1 0 0 0 0 0 0 0 1 0 0 1 1 1 1 1
RESPONSES 0 0 0 0 0 1 1 1 1 1 1 1 1 1 0 0 0 0 1 1 1 0 1 1
RESPONSES 0 0 0 0 0 0 0 0 0 1 1 1 1 1 0 0 0 1 1 1 1 0 0 0
RESPONSES 0 0 0 0 0 1 1 1 1 1 1 1 1 1 0 0 1 0 0 0 0 1 1 1
RESPONSES 1 1 1 0 0 0 0 0 0 1 1 1 1 1 0 0 0 0 0 0 0 0 0 0
RESPONSES 0 0 0 0 0 1 1 1 1 1 1 1 1 1 0 0 1 0 0 1 1 0 0 1
RESPONSES 0 0 0 0 0 0 0 1 1 1 1 1 1 1 0 1 1 0 0 0 0 0 0 0
COSTS 6 11 13 10 14 6 12 14 14 18 14 13 4 8 7 13 15 6 14 6 11 14 7 7
COSTS 6 11 13 10 14 6 9 14 11 18 14 13 4 8 7 13 15 6 13 5 15 14 7 7
COSTS 6 11 13 10 14 6 12 14 11 18 14 13 4 8 7 13 15 6 13 5 15 17 8 7
COSTS 6 11 13 10 14 7 9 14 11 18 14 13 4 8 7 13 15 6 13 6 11 17 8 7
COSTS 7 14 12 10 14 7 9 14 11 18 14 13 4 8 7 13 15 6 13 5 15 14 7 7
COSTS 6 11 13 11 15 7 9 14 11 18 14 13 4 8 9 13 15 6 13 6 11 17 8 7
COSTS 6 14 12 11 15 7 9 14 11 18 14 13 4 8 9 13 15 6 13 6 11 14 8 7
COSTS 6 11 13 10 14 7 9 14 11 18 14 13 4 8 9 13 15 6 14 6 11 14 8 7
COSTS 6 11 13 10 14 6 12 14 11 18 14 13 4 8 9 13 15 3 14 6 11 14 7 7
COSTS 6 11 13 11 15 6 9 14 11 18 14 13 4 8 9 13 15 6 13 6 11 14 7 7
COSTS 6 11 13 10 14 6 12 14 11 18 14 13 4 8 9 13 15 6 13 6 11 14 7 7
COSTS 6 11 13 10 14 7 9 14 11 18 14 13 4 8 7 13 15 3 14 6 11 14 7 7
COSTS 6 11 13 10 14 7 9 14 11 18 14 13 4 8 9 13 15 6 13 6 11 14 8 7
COSTS 6 11 13 10 14 6 12 14 11 18 14 13 4 8 7 13 15 6 13 6 11 14 7 7
COSTS 6 11 13 10 14 6 12 14 11 18 14 13 4 8 9 13 15 3 14 6 11 14 7 7
COSTS 6 11 13 10 14 6 12 14 14 18 14 13 4 8 9 13 15 6 13 6 11 14 7 7
COSTS 6 11 13 10 14 7 9 14 11 18 14 13 4 8 9 13 15 6 13 6 11 14 7 7
COSTS 6 14 12 10 14 7 9 14 11 18 16 14 2 8 9 13 15 6 13 6 11 17 8 7
COSTS 6 11 13 10 14 7 9 14 11 18 14 13 4 8 9 13 15 6 14 6 11 14 8 7
COSTS 6 11 13 10 14 6 12 14 14 18 14 13 4 8 9 13 15 3 14 6 11 14 7 7
COSTS 6 11 13 10 14 7 9 14 11 18 14 13 4 8 9 13 15 6 13 5 15 17 8 7
COSTS 7 14 12 10 14 6 12 14 14 18 14 13 4 8 9 13 15 6 13 5 15 14 7 7
COSTS 6 11 13 10 14 7 9 14 11 18 14 13 4 8 9 13 15 6 13 6 11 14 7 7
COSTS 6 11 13 10 14 6 12 14 11 18 14 13 4 8 9 13 15 6 13 5 15 14 7 7
END
STATE fa875181e540a7bac0aefb405506da7eb6c01a9429b0a2880545428a7a637342 6002 20 13
LABELS 0 0 1 0 0 1 1 1 0 1 0 1 0 0 0 0 0 1 1 0
MASSES 23 1 13 4 30 5 12 28 27 14 10 5 16 15 28 1 28 7 25 12
QUERY_IDS 0 1 2 3 4 5 6 7 8 11 12 13 14
RESPONSES 1 1 1 0 0 0 1 1 1 0 1 1 1
RESPONSES 1 1 1 0 0 0 1 1 1 0 1 1 1
RESPONSES 0 1 0 1 1 0 0 0 0 1 1 2 0
RESPONSES 1 0 1 0 0 0 1 1 1 0 2 1 2
RESPONSES 1 0 1 0 0 0 1 1 1 0 2 1 2
RESPONSES 0 2 0 1 1 1 0 0 0 1 2 2 1
RESPONSES 0 2 0 1 1 1 0 0 0 1 2 2 1
RESPONSES 0 2 0 1 1 1 0 0 0 0 2 2 0
RESPONSES 1 0 1 0 0 0 1 1 1 0 1 1 2
RESPONSES 0 0 0 1 1 1 0 0 0 1 2 2 1
RESPONSES 1 1 1 0 0 1 1 1 1 0 1 1 2
RESPONSES 0 1 1 1 1 1 1 0 0 1 2 2 1
RESPONSES 1 1 1 0 0 0 1 1 1 0 1 1 0
RESPONSES 1 2 1 0 0 0 1 1 1 0 0 0 2
RESPONSES 0 1 1 0 0 1 1 1 1 0 1 1 2
RESPONSES 0 2 0 1 1 1 0 0 0 0 0 2 2
RESPONSES 1 2 1 0 0 0 1 1 1 0 1 1 1
RESPONSES 0 1 0 1 1 1 0 0 0 1 2 2 1
RESPONSES 0 1 0 1 1 1 0 0 0 1 2 2 1
RESPONSES 1 2 1 0 0 0 1 1 1 0 1 1 2
COSTS 15 6 8 14 4 4 8 3 11 5 14 19 15
COSTS 15 6 8 14 4 4 8 3 11 5 14 19 15
COSTS 14 6 6 14 7 4 6 2 13 4 14 15 16
COSTS 15 5 8 14 4 4 8 3 11 5 10 19 19
COSTS 15 5 8 14 4 4 8 3 11 5 10 19 19
COSTS 14 5 6 14 7 2 6 2 13 4 10 15 15
COSTS 14 5 6 14 7 2 6 2 13 4 10 15 15
COSTS 14 5 6 14 7 2 6 2 13 5 10 15 16
COSTS 15 5 8 14 4 4 8 3 11 5 14 19 19
COSTS 14 5 6 14 7 2 6 2 13 4 10 15 15
COSTS 15 6 8 14 4 2 8 3 11 5 14 19 19
COSTS 14 6 8 14 7 2 8 2 13 4 10 15 15
COSTS 15 6 8 14 4 4 8 3 11 5 14 19 16
COSTS 15 5 8 14 4 4 8 3 11 5 12 16 19
COSTS 14 6 8 14 4 2 8 3 11 5 14 19 19
COSTS 14 5 6 14 7 2 6 2 13 5 12 15 19
COSTS 15 5 8 14 4 4 8 3 11 5 14 19 15
COSTS 14 6 6 14 7 2 6 2 13 4 10 15 15
COSTS 14 6 6 14 7 2 6 2 13 4 10 15 15
COSTS 15 5 8 14 4 4 8 3 11 5 14 19 19
END
STATE fabd930a5b0b10f9b58f2f66e6552e1f8927e88a2079c3d452cde513b46ee3bb 6002 24 28
LABELS 1 0 0 0 1 0 0 0 0 0 0 0 0 0 0 1 0 0 0 1 0 0 0 0
MASSES 9 3 27 1 21 2 28 10 21 12 25 3 18 9 14 13 23 3 17 4 21 3 26 22
QUERY_IDS 0 1 2 6 7 8 9 10 11 12 13 14 15 16 17 19 22 23 24 26 27 28 29 30 31 32 33 34
RESPONSES 0 0 1 1 0 0 0 1 0 0 0 1 0 0 0 0 0 0 0 0 0 1 1 0 0 1 1 1
RESPONSES 1 1 1 1 1 1 1 1 1 1 1 1 1 1 1 1 1 1 1 1 1 1 1 1 1 1 1 1
RESPONSES 1 1 1 1 1 1 1 1 1 1 1 1 1 1 1 1 1 1 1 1 1 1 1 1 1 1 1 1
RESPONSES 1 1 1 1 1 1 1 1 1 1 1 1 1 1 1 1 1 1 1 1 1 1 1 1 1 1 1 1
RESPONSES 0 0 0 0 0 0 0 1 0 0 0 1 0 0 0 0 0 1 1 0 0 0 0 0 0 0 1 1
RESPONSES 0 0 0 1 1 1 1 1 1 1 1 1 1 1 1 1 1 1 1 0 1 1 1 1 1 1 1 1
RESPONSES 0 0 0 1 1 1 1 1 1 1 1 1 1 1 1 1 1 1 1 0 1 1 1 1 1 1 1 1
RESPONSES 0 0 0 1 1 1 1 1 1 1 1 1 1 1 1 1 1 1 1 0 1 1 1 1 1 1 1 1
RESPONSES 0 0 0 1 1 1 1 1 0 1 1 1 0 0 1 1 1 1 1 1 1 1 1 1 1 1 1 1
RESPONSES 0 0 0 1 1 1 1 1 1 1 1 1 1 1 1 1 1 1 1 0 1 1 1 1 1 1 1 1
RESPONSES 0 0 0 1 1 1 1 1 1 1 1 1 1 1 1 1 1 1 1 0 1 1 1 1 1 1 1 1
RESPONSES 1 1 1 1 1 1 1 1 1 1 1 1 1 1 1 1 1 1 1 0 1 1 1 1 1 1 1 1
RESPONSES 1 1 1 1 1 1 1 1 1 1 1 1 1 1 1 1 1 1 1 0 1 1 1 1 1 1 1 1
RESPONSES 1 1 1 1 1 1 1 1 0 1 1 1 1 1 1 1 0 0 0 1 1 1 1 1 1 1 1 1
RESPONSES 1 1 1 1 1 1 1 1 0 1 1 1 1 1 1 1 1 1 1 1 1 1 1 1 1 1 1 1
RESPONSES 0 0 0 1 0 0 0 0 0 0 0 0 0 0 0 0 0 1 1 0 0 0 1 0 1 1 0 0
RESPONSES 0 0 1 1 1 1 1 1 1 1 1 1 1 1 1 1 1 1 1 0 1 1 1 1 1 1 1 1
RESPONSES 0 0 1 1 1 1 1 1 1 1 1 1 1 1 1 1 1 1 1 0 1 1 1 1 1 1 1 1
RESPONSES 0 0 0 1 1 1 1 1 1 1 1 1 1 1 1 1 1 1 1 1 1 1 1 1 1 1 1 1
RESPONSES 0 0 0 0 1 1 1 1 1 1 1 1 1 1 1 1 0 1 1 0 0 1 1 0 0 1 1 1
RESPONSES 0 0 0 1 0 0 1 1 1 1 1 1 1 1 1 1 1 1 1 0 0 1 1 0 0 1 1 1
RESPONSES 0 1 1 1 1 1 1 1 1 1 1 1 1 1 1 1 1 1 1 1 1 1 1 1 1 1 1 1
RESPONSES 1 1 1 1 1 1 1 1 0 1 1 1 1 1 1 1 1 1 1 1 1 1 1 1 1 1 1 1
RESPONSES 0 1 1 1 1 1 1 1 1 1 1 1 1 1 1 1 1 1 1 0 1 1 1 1 1 1 1 1
COSTS 12 10 10 10 11 11 8 14 15 3 7 9 3 8 13 14 1 11 16 12 17 11 16 5 2 5 12 9
COSTS 14 11 10 10 13 11 8 14 14 3 4 9 4 9 16 17 4 7 16 11 18 11 16 4 1 5 12 9
COSTS 14 11 10 10 13 11 8 14 14 3 4 9 4 9 16 17 4 7 16 11 18 11 16 4 1 5 12 9
COSTS 14 11 10 10 13 11 8 14 14 3 4 9 4 9 16 17 4 7 16 11 18 11 16 4 1 5 12 9
COSTS 12 10 14 10 11 11 8 14 15 3 7 9 3 8 13 14 1 7 16 12 17 9 14 5 2 2 12 9
COSTS 12 10 14 10 13 11 8 14 14 3 4 9 4 9 16 17 4 7 16 12 18 11 16 4 1 5 12 9
COSTS 12 10 14 10 13 11 8 14 14 3 4 9 4 9 16 17 4 7 16 12 18 11 16 4 1 5 12 9
COSTS 12 10 14 10 13 11 8 14 14 3 4 9 4 9 16 17 4 7 16 12 18 11 16 4 1 5 12 9
COSTS 12 10 14 10 13 11 8 14 15 3 4 9 3 8 16 17 4 7 16 11 18 11 16 4 1 5 12 9
COSTS 12 10 14 10 13 11 8 14 14 3 4 9 4 9 16 17 4 7 16 12 18 11 16 4 1 5 12 9
COSTS 12 10 14 10 13 11 8 14 14 3 4 9 4 9 16 17 4 7 16 12 18 11 16 4 1 5 12 9
COSTS 14 11 10 10 13 11 8 14 14 3 4 9 4 9 16 17 4 7 16 12 18 11 16 4 1 5 12 9
COSTS 14 11 10 10 13 11 8 14 14 3 4 9 4 9 16 17 4 7 16 12 18 11 16 4 1 5 12 9
COSTS 14 11 10 10 13 11 8 14 15 3 4 9 4 9 16 17 1 11 16 11 18 11 16 4 1 5 12 9
COSTS 14 11 10 10 13 11 8 14 15 3 4 9 4 9 16 17 4 7 16 11 18 11 16 4 1 5 12 9
COSTS 12 10 14 10 11 11 8 15 15 3 7 8 3 8 13 14 1 7 16 12 17 9 16 5 1 5 10 10
COSTS 12 10 10 10 13 11 8 14 14 3 4 9 4 9 16 17 4 7 16 12 18 11 16 4 1 5 12 9
COSTS 12 10 10 10 13 11 8 14 14 3 4 9 4 9 16 17 4 7 16 12 18 11 16 4 1 5 12 9
COSTS 12 10 14 10 13 11 8 14 14 3 4 9 4 9 16 17 4 7 16 11 18 11 16 4 1 5 12 9
COSTS 12 10 14 10 13 11 8 14 14 3 4 9 4 9 16 17 1 7 16 12 17 11 16 5 2 5 12 9
COSTS 12 10 14 10 11 11 8 14 14 3 4 9 4 9 16 17 4 7 16 12 17 11 16 5 2 5 12 9
COSTS 12 11 10 10 13 11 8 14 14 3 4 9 4 9 16 17 4 7 16 11 18 11 16 4 1 5 12 9
COSTS 14 11 10 10 13 11 8 14 15 3 4 9 4 9 16 17 4 7 16 11 18 11 16 4 1 5 12 9
COSTS 12 11 10 10 13 11 8 14 14 3 4 9 4 9 16 17 4 7 16 12 18 11 16 4 1 5 12 9
END
STATE faf3d0bd7de230140d6a253fbe3440de683df5e6192528512800c749dd5f185f 6002 16 11
LABELS 1 1 1 1 1 1 1 1 1 0 1 1 1 1 1 1
MASSES 30 3 26 2 7 16 8 5 1 31 4 28 20 25 4 26
QUERY_IDS 1 3 5 6 8 9 10 11 12 14 15
RESPONSES 2 1 1 0 0 1 1 1 1 0 1
RESPONSES 1 1 1 0 0 1 0 1 1 0 2
RESPONSES 1 1 1 0 0 1 0 1 1 0 2
RESPONSES 1 1 1 0 0 0 0 1 1 0 1
RESPONSES 0 1 1 0 0 0 0 1 1 0 1
RESPONSES 2 1 1 0 0 1 0 1 1 0 2
RESPONSES 0 1 1 0 0 1 0 1 1 0 2
RESPONSES 2 1 1 0 0 0 0 1 1 0 2
RESPONSES 2 1 1 0 0 1 0 1 1 0 0
RESPONSES 2 0 1 0 0 0 0 1 1 1 2
RESPONSES 1 1 0 1 1 1 0 0 0 0 2
RESPONSES 1 1 1 0 0 1 0 1 0 0 2
RESPONSES 1 1 1 0 0 0 0 1 1 0 2
RESPONSES 1 1 1 0 0 0 0 1 1 0 2
RESPONSES 0 1 1 0 0 1 0 1 1 0 1
RESPONSES 0 1 1 0 0 1 0 1 1 0 1
COSTS 5 14 2 6 13 10 9 4 10 15 3
COSTS 6 14 2 6 13 10 5 4 10 15 5
COSTS 6 14 2 6 13 10 5 4 10 15 5
COSTS 6 14 2 6 13 14 5 4 10 15 3
COSTS 5 14 2 6 13 14 5 4 10 15 3
COSTS 5 14 2 6 13 10 5 4 10 15 5
COSTS 5 14 2 6 13 10 5 4 10 15 5
COSTS 5 14 2 6 13 14 5 4 10 15 5
COSTS 5 14 2 6 13 10 5 4 10 15 3
COSTS 5 14 2 6 13 14 5 4 10 19 5
COSTS 6 14 4 8 11 10 5 5 14 15 5
COSTS 6 14 2 6 13 10 5 4 14 15 5
COSTS 6 14 2 6 13 14 5 4 10 15 5
COSTS 6 14 2 6 13 14 5 4 10 15 5
COSTS 5 14 2 6 13 10 5 4 10 15 3
COSTS 5 14 2 6 13 10 5 4 10 15 3
END
STATE fb231da84aa8a32a28653e3a55aa16b30abf2fa03bbadfedb7b5be1ac6eb78af 6001 24 28
LABELS 0 0 0 0 0 0 0 0 0 0 0 0 0 0 0 0 1 0 1 0 0 0 0 0
MASSES 27 27 22 28 24 3 2 29 21 11 23 29 10 19 3 21 19 18 26 6 15 1 16 3
QUERY_IDS 0 1 3 4 5 7 8 9 10 11 12 13 14 15 17 18 19 20 22 25 26 27 28 29 31 32 33 34
RESPONSES 0 0 1 1 1 1 1 1 1 1 1 1 1 1 1 1 1 1 1 1 1 1 1 1 1 1 1 1
RESPONSES 0 0 1 1 1 1 1 1 1 1 1 1 1 1 1 1 1 1 1 1 1 1 1 1 1 1 1 1
RESPONSES 1 1 1 1 1 1 1 1 1 1 1 1 1 1 1 1 1 1 1 0 1 1 1 1 1 1 1 1
RESPONSES 0 0 0 1 1 1 1 1 1 1 1 1 1 1 1 1 1 1 1 1 1 1 1 1 1 1 1 1
RESPONSES 0 0 0 0 0 1 1 1 1 0 1 1 1 0 1 1 1 1 1 0 1 1 1 1 1 1 1 1
RESPONSES 0 0 0 1 1 1 1 1 1 1 1 1 1 1 1 1 1 1 1 0 0 1 1 1 1 1 1 1
RESPONSES 1 1 1 1 1 1 1 1 1 1 1 1 1 1 1 1 1 1 1 0 0 1 1 1 1 1 1 1
RESPONSES 0 0 0 0 1 1 1 1 1 1 1 1 1 1 1 1 1 1 1 0 0 1 1 1 1 1 1 1
RESPONSES 0 0 1 1 1 0 1 1 1 1 1 1 1 1 1 1 1 1 1 0 1 1 1 1 1 1 1 1
RESPONSES 0 0 0 1 1 0 1 1 1 0 1 1 1 0 1 1 1 1 1 0 1 1 1 1 1 1 1 1
RESPONSES 0 0 0 1 1 1 1 1 1 1 1 1 1 1 1 1 1 1 1 0 1 1 1 1 1 1 1 1
RESPONSES 0 0 0 1 1 1 1 1 1 1 1 1 1 1 1 1 1 1 1 0 1 1 1 1 1 1 1 1
RESPONSES 0 0 0 1 1 1 1 1 1 1 1 1 1 0 1 1 0 1 1 0 0 1 1 1 1 1 1 1
RESPONSES 0 1 1 1 1 1 1 1 1 1 1 1 1 1 1 1 1 1 1 0 1 1 1 1 1 1 1 1
RESPONSES 0 1 1 1 1 1 1 1 1 1 1 1 1 1 1 1 1 1 1 0 1 1 1 1 1 1 1 1
RESPONSES 0 0 1 1 1 1 1 1 1 1 1 1 1 1 1 1 1 1 1 0 0 1 1 1 1 1 1 1
RESPONSES 0 0 0 0 0 0 0 0 0 0 0 0 0 0 0 0 0 0 0 0 0 0 0 0 0 0 0 0
RESPONSES 0 0 0 1 1 0 0 1 1 1 1 1 1 0 1 1 1 1 1 0 1 1 1 1 1 1 1 1
RESPONSES 0 0 1 1 1 0 0 0 1 0 0 1 1 0 0 1 0 0 0 0 0 0 0 0 0 1 1 1
RESPONSES 0 0 1 1 1 1 1 1 1 1 1 1 1 1 1 1 1 1 1 1 1 1 1 1 1 1 1 1
RESPONSES 0 0 0 1 1 0 0 1 1 0 0 0 1 1 1 1 1 1 1 1 1 1 1 1 1 1 1 1
RESPONSES 0 1 1 1 1 1 1 1 1 1 1 1 1 1 1 1 1 1 1 0 0 1 1 1 1 1 1 1
RESPONSES 0 1 1 1 1 1 1 1 1 1 1 1 1 1 1 1 1 1 1 0 0 1 1 1 1 1 1 1
RESPONSES 0 1 1 1 1 1 1 1 1 1 1 1 1 1 1 1 1 1 1 0 0 1 1 1 1 1 1 1
COSTS 14 8 9 11 5 7 15 17 4 7 8 2 18 14 4 11 13 9 14 6 14 8 10 12 14 14 14 6
COSTS 14 8 9 11 5 7 15 17 4 7 8 2 18 14 4 11 13 9 14 6 14 8 10 12 14 14 14 6
COSTS 15 6 9 11 5 7 15 17 4 7 8 2 18 14 4 11 13 9 14 7 14 8 10 12 14 14 14 6
COSTS 14 8 5 11 5 7 15 17 4 7 8 2 18 14 4 11 13 9 14 6 14 8 10 12 14 14 14 6
COSTS 14 8 5 10 3 7 15 17 4 8 8 2 18 14 4 11 13 9 14 7 14 8 10 12 14 14 14 6
COSTS 14 8 5 11 5 7 15 17 4 7 8 2 18 14 4 11 13 9 14 7 12 8 10 12 14 14 14 6
COSTS 15 6 9 11 5 7 15 17 4 7 8 2 18 14 4 11 13 9 14 7 12 8 10 12 14 14 14 6
COSTS 14 8 5 10 5 7 15 17 4 7 8 2 18 14 4 11 13 9 14 7 12 8 10 12 14 14 14 6
COSTS 14 8 9 11 5 6 15 17 4 7 8 2 18 14 4 11 13 9 14 7 14 8 10 12 14 14 14 6
COSTS 14 8 5 11 5 6 15 17 4 8 8 2 18 14 4 11 13 9 14 7 14 8 10 12 14 14 14 6
COSTS 14 8 5 11 5 7 15 17 4 7 8 2 18 14 4 11 13 9 14 7 14 8 10 12 14 14 14 6
COSTS 14 8 5 11 5 7 15 17 4 7 8 2 18 14 4 11 13 9 14 7 14 8 10 12 14 14 14 6
COSTS 14 8 5 11 5 7 15 17 4 7 8 2 18 14 4 11 14 9 14 7 12 8 10 12 14 14 14 6
COSTS 14 6 9 11 5 7 15 17 4 7 8 2 18 14 4 11 13 9 14 7 14 8 10 12 14 14 14 6
COSTS 14 6 9 11 5 7 15 17 4 7 8 2 18 14 4 11 13 9 14 7 14 8 10 12 14 14 14 6
COSTS 14 8 9 11 5 7 15 17 4 7 8 2 18 14 4 11 13 9 14 7 12 8 10 12 14 14 14 6
COSTS 14 8 5 10 3 6 13 15 6 8 7 2 19 14 3 11 14 11 14 7 12 12 7 12 10 15 14 9
COSTS 14 8 5 11 5 6 13 17 4 7 8 2 18 14 4 11 13 9 14 7 14 8 10 12 14 14 14 6
COSTS 14 8 9 11 5 6 13 15 4 8 7 2 18 14 3 11 14 11 14 7 12 12 7 12 10 14 14 6
COSTS 14 8 9 11 5 7 15 17 4 7 8 2 18 14 4 11 13 9 14 6 14 8 10 12 14 14 14 6
COSTS 14 8 5 11 5 6 13 17 4 8 7 2 18 14 4 11 13 9 14 6 14 8 10 12 14 14 14 6
COSTS 14 6 9 11 5 7 15 17 4 7 8 2 18 14 4 11 13 9 14 7 12 8 10 12 14 14 14 6
COSTS 14 6 9 11 5 7 15 17 4 7 8 2 18 14 4 11 13 9 14 7 12 8 10 12 14 14 14 6
COSTS 14 6 9 11 5 7 15 17 4 7 8 2 18 14 4 11 13 9 14 7 12 8 10 12 14 14 14 6
END
STATE fba28baa5fb85bdd2af714f6450b014cc236aaff3f655a85793d653bf8fe3245 6003 20 15
LABELS 1 1 1 1 1 1 1 1 1 1 1 0 1 0 0 1 0 0 1 1
MASSES 12 2 17 3 16 14 26 29 18 4 9 19 21 24 29 22 12 25 13 24
QUERY_IDS 0 1 2 3 4 5 6 7 8 9 10 11 12 13 14
RESPONSES 1 1 0 1 1 1 1 0 0 0 1 2 2 1 0
RESPONSES 0 2 0 1 1 1 1 0 0 1 1 2 2 1 0
RESPONSES 0 2 0 1 1 1 0 0 0 0 0 0 2 1 0
RESPONSES 0 1 0 1 1 1 1 0 0 1 0 2 2 1 0
RESPONSES 0 1 0 1 1 1 1 0 0 1 0 2 2 1 0
RESPONSES 0 1 0 1 1 1 1 0 0 0 0 2 2 1 0
RESPONSES 0 1 0 1 1 1 1 0 0 0 0 2 2 1 0
RESPONSES 0 1 0 1 1 1 1 0 0 0 0 2 2 1 0
RESPONSES 0 1 0 1 1 1 1 0 0 0 0 2 2 1 0
RESPONSES 0 0 0 1 1 1 1 0 0 0 0 2 2 1 0
RESPONSES 0 0 0 1 1 1 1 0 0 0 0 2 2 1 0
RESPONSES 0 1 0 1 1 1 1 0 0 0 1 2 2 1 0
RESPONSES 1 1 0 1 1 1 1 0 0 1 0 2 2 1 0
RESPONSES 1 2 0 0 0 0 1 1 1 0 1 1 1 0 1
RESPONSES 0 2 1 1 1 1 1 0 0 0 1 2 0 1 0
RESPONSES 1 1 0 1 1 1 1 0 0 1 0 0 2 1 0
RESPONSES 0 2 0 0 1 1 1 0 0 1 1 1 2 1 0
RESPONSES 0 2 1 1 1 1 1 0 0 1 1 1 2 1 0
RESPONSES 0 0 0 1 1 1 1 0 0 1 0 2 2 1 0
RESPONSES 1 2 0 1 1 1 2 0 0 0 0 2 2 1 0
COSTS 4 3 14 15 15 12 18 17 14 12 6 11 8 6 4
COSTS 4 3 14 15 15 12 18 17 14 13 6 11 8 6 4
COSTS 4 3 14 15 15 12 17 17 14 12 3 11 8 6 4
COSTS 4 3 14 15 15 12 18 17 14 13 3 11 8 6 4
COSTS 4 3 14 15 15 12 18 17 14 13 3 11 8 6 4
COSTS 4 3 14 15 15 12 18 17 14 12 3 11 8 6 4
COSTS 4 3 14 15 15 12 18 17 14 12 3 11 8 6 4
COSTS 4 3 14 15 15 12 18 17 14 12 3 11 8 6 4
COSTS 4 3 14 15 15 12 18 17 14 12 3 11 8 6 4
COSTS 4 3 14 15 15 12 18 17 14 12 3 11 8 6 4
COSTS 4 3 14 15 15 12 18 17 14 12 3 11 8 6 4
COSTS 4 3 14 15 15 12 18 17 14 12 6 11 8 6 4
COSTS 4 3 14 15 15 12 18 17 14 13 3 11 8 6 4
COSTS 4 3 14 13 12 14 18 17 16 12 6 9 6 6 5
COSTS 4 3 15 15 15 12 18 17 14 12 6 11 4 6 4
COSTS 4 3 14 15 15 12 18 17 14 13 3 11 8 6 4
COSTS 4 3 14 13 15 12 18 17 14 13 6 9 8 6 4
COSTS 4 3 15 15 15 12 18 17 14 13 6 9 8 6 4
COSTS 4 3 14 15 15 12 18 17 14 13 3 11 8 6 4
COSTS 4 3 14 15 15 12 17 17 14 12 3 11 8 6 4
END
